cancellation_id,customer_key,product_key,cancellation_date,reason,channel,retention_offered,retention_accepted
1,14,6,2025-06-04,Unzufriedenheit,Telefon,False,False
2,122,6,2024-11-22,Unzufriedenheit,Email,False,False
3,207,7,2024-02-29,Unzufriedenheit,Email,False,False
4,407,8,2023-11-13,Nicht mehr benötigt,Email,False,False
5,413,7,2024-05-29,Sonstiges,App,False,False
6,456,8,2023-02-10,Umzug,Brief,True,False
7,610,6,2024-05-15,Nicht mehr benötigt,App,True,False
8,739,6,2024-08-01,Unzufriedenheit,Telefon,True,True
9,767,7,2023-11-23,Unzufriedenheit,Email,True,False
10,909,7,2025-08-20,Umzug,Email,True,False
11,915,8,2024-07-31,Nicht mehr benötigt,Email,True,False
12,1010,6,2025-12-30,Umzug,App,True,False
13,1016,6,2023-09-03,Preiserhöhung,Email,True,True
14,1093,7,2023-07-01,Nicht mehr benötigt,Email,True,True
15,1099,7,2025-05-09,Nicht mehr benötigt,Email,True,False
16,1174,6,2023-01-06,Umzug,Brief,True,False
17,1212,8,2025-08-08,Nicht mehr benötigt,App,True,False
18,1296,7,2023-07-31,Preiserhöhung,App,True,False
19,1430,8,2024-04-07,Unzufriedenheit,App,True,False
20,1471,8,2023-07-21,Umzug,Email,True,False
21,1504,8,2023-11-29,Preiserhöhung,App,True,False
22,1749,7,2025-04-24,Umzug,App,False,False
23,1904,6,2025-05-08,Umzug,Telefon,False,False
24,1943,6,2025-06-15,Umzug,Telefon,True,False
25,2099,8,2023-11-17,Umzug,Brief,True,True
26,2113,7,2025-07-02,Umzug,App,True,False
27,2162,6,2023-08-09,Umzug,App,True,False
28,2443,7,2023-01-08,Umzug,Email,True,False
29,2474,7,2025-04-24,Umzug,App,False,False
30,2641,7,2025-09-15,Nicht mehr benötigt,Telefon,True,False
31,2685,8,2023-03-27,Nicht mehr benötigt,Telefon,True,False
32,2710,6,2023-04-02,Unzufriedenheit,Email,True,False
33,2882,8,2023-04-08,Nicht mehr benötigt,Email,False,False
34,2907,8,2023-06-24,Nicht mehr benötigt,App,False,False
35,3020,7,2025-10-13,Unzufriedenheit,Telefon,True,False
36,3285,7,2025-08-03,Unzufriedenheit,Telefon,True,False
37,3544,7,2025-04-07,Nicht mehr benötigt,Telefon,True,False
38,3642,8,2024-09-16,Umzug,App,False,False
39,3699,7,2025-08-19,Umzug,Email,False,False
40,3817,7,2023-06-22,Nicht mehr benötigt,Email,True,False
41,4108,6,2024-11-15,Umzug,Telefon,True,False
42,4159,6,2023-08-30,Umzug,Email,False,False
43,4160,7,2025-06-20,Nicht mehr benötigt,Email,False,False
44,4213,8,2025-07-21,Sonstiges,Brief,True,False
45,4232,6,2025-06-11,Umzug,Telefon,True,False
46,4262,6,2024-11-18,Unzufriedenheit,Email,True,False
47,4292,7,2024-08-10,Nicht mehr benötigt,App,False,False
48,4304,7,2023-06-15,Unzufriedenheit,Email,True,False
49,4520,8,2023-07-31,Nicht mehr benötigt,App,False,False
50,4646,8,2025-12-16,Sonstiges,Email,True,False
51,4824,8,2025-04-14,Nicht mehr benötigt,Brief,False,False
52,4839,7,2025-04-01,Nicht mehr benötigt,Email,True,False
53,5215,7,2025-04-17,Unzufriedenheit,Telefon,True,True
54,5261,6,2023-05-26,Wettbewerber,Telefon,True,False
55,5314,8,2023-12-25,Umzug,Email,True,False
56,5395,8,2024-06-29,Nicht mehr benötigt,Email,True,False
57,5435,8,2023-01-15,Nicht mehr benötigt,Email,False,False
58,5822,6,2023-07-23,Nicht mehr benötigt,Telefon,True,False
59,5837,6,2023-06-20,Umzug,App,True,False
60,5990,8,2025-10-15,Umzug,Telefon,True,False
61,6184,6,2023-05-15,Umzug,Email,True,False
62,6186,8,2023-06-12,Unzufriedenheit,App,True,False
63,6654,7,2023-02-15,Sonstiges,Brief,False,False
64,6681,7,2024-08-29,Sonstiges,Email,True,False
65,6704,6,2025-08-31,Preiserhöhung,App,True,True
66,6774,8,2024-05-13,Umzug,Email,True,False
67,6969,6,2023-10-03,Wettbewerber,Email,False,False
68,7123,6,2024-04-02,Nicht mehr benötigt,Telefon,True,False
69,7149,8,2024-06-22,Unzufriedenheit,App,False,False
70,7204,6,2024-05-16,Umzug,Email,True,False
71,7339,7,2025-07-16,Sonstiges,Email,True,False
72,7354,6,2024-01-18,Nicht mehr benötigt,Email,True,False
73,7363,8,2025-11-21,Umzug,Email,True,False
74,7371,6,2024-10-03,Nicht mehr benötigt,Email,False,False
75,7448,6,2024-08-31,Preiserhöhung,Telefon,True,False
76,7507,7,2024-10-17,Umzug,Email,True,False
77,7545,7,2023-06-10,Sonstiges,Email,True,True
78,7583,7,2024-10-03,Umzug,App,True,False
79,7669,6,2025-10-01,Nicht mehr benötigt,Email,True,True
80,7725,7,2025-04-28,Umzug,App,False,False
81,7730,7,2023-09-30,Sonstiges,App,False,False
82,7883,6,2025-04-03,Umzug,App,False,False
83,7976,7,2023-03-25,Nicht mehr benötigt,Email,True,False
84,8140,6,2023-04-11,Umzug,Email,True,False
85,8371,7,2024-05-09,Umzug,Email,True,False
86,8450,8,2025-05-25,Unzufriedenheit,Email,False,False
87,8451,7,2023-04-10,Umzug,Email,False,False
88,8484,8,2024-08-17,Umzug,Email,True,False
89,8582,8,2023-04-18,Unzufriedenheit,Telefon,True,False
90,8736,8,2025-02-04,Nicht mehr benötigt,Telefon,False,False
91,8854,7,2025-11-09,Unzufriedenheit,Email,False,False
92,9119,8,2025-11-03,Wettbewerber,Telefon,True,False
93,9130,6,2023-07-28,Nicht mehr benötigt,Brief,False,False
94,9243,7,2023-03-04,Preiserhöhung,Telefon,True,False
95,9274,6,2025-11-20,Umzug,Email,True,False
96,9275,7,2024-11-24,Umzug,Telefon,False,False
97,9378,7,2023-02-23,Unzufriedenheit,Brief,False,False
98,9428,8,2023-09-25,Unzufriedenheit,App,True,True
99,9493,7,2023-06-26,Nicht mehr benötigt,App,True,True
100,9569,7,2023-11-03,Nicht mehr benötigt,App,True,True
101,9587,7,2025-05-28,Nicht mehr benötigt,App,False,False
102,9766,6,2024-01-16,Unzufriedenheit,Telefon,False,False
103,9839,6,2025-01-01,Sonstiges,Brief,False,False
104,9866,8,2023-11-20,Wettbewerber,App,False,False
105,9903,6,2025-09-29,Wettbewerber,Email,True,False
106,9958,7,2024-11-27,Nicht mehr benötigt,App,False,False
107,9962,7,2024-12-09,Umzug,App,False,False
108,10099,8,2023-02-26,Nicht mehr benötigt,Brief,True,True
109,10451,8,2024-07-24,Umzug,Telefon,True,False
110,10473,8,2024-10-11,Preiserhöhung,Email,False,False
111,10645,7,2024-08-20,Nicht mehr benötigt,App,True,False
112,10747,6,2024-09-19,Sonstiges,Email,False,False
113,10833,8,2025-01-05,Nicht mehr benötigt,Telefon,False,False
114,10910,7,2023-04-12,Sonstiges,Email,True,False
115,10994,8,2024-02-17,Umzug,Telefon,True,False
116,11071,7,2025-08-13,Wettbewerber,Brief,False,False
117,11096,7,2023-02-26,Unzufriedenheit,Email,True,True
118,11097,7,2024-12-18,Nicht mehr benötigt,Telefon,True,False
119,11116,8,2023-04-17,Preiserhöhung,Email,False,False
120,11176,7,2025-06-09,Umzug,Brief,True,False
121,11523,6,2024-12-31,Nicht mehr benötigt,Telefon,True,False
122,11840,7,2024-09-20,Nicht mehr benötigt,Email,True,False
123,11999,6,2024-07-07,Umzug,Email,False,False
124,12106,6,2023-03-22,Umzug,Email,True,False
125,12137,6,2024-06-30,Umzug,Email,True,False
126,12337,8,2023-06-02,Preiserhöhung,Email,True,False
127,12476,7,2024-12-18,Unzufriedenheit,Brief,True,False
128,12670,8,2023-12-13,Unzufriedenheit,App,False,False
129,12854,8,2023-11-02,Nicht mehr benötigt,App,True,True
130,12863,6,2023-01-21,Unzufriedenheit,App,False,False
131,13015,7,2024-03-10,Preiserhöhung,Email,True,False
132,13163,6,2025-11-17,Umzug,Email,False,False
133,13188,7,2024-03-18,Preiserhöhung,Telefon,False,False
134,13361,7,2025-09-13,Umzug,Brief,True,False
135,13406,7,2024-04-23,Unzufriedenheit,Email,True,False
136,13500,7,2025-09-24,Unzufriedenheit,App,False,False
137,13501,8,2023-07-31,Umzug,Telefon,True,True
138,13798,6,2023-02-23,Nicht mehr benötigt,Telefon,True,False
139,13895,7,2024-09-19,Sonstiges,Telefon,True,False
140,14103,6,2025-11-23,Nicht mehr benötigt,Brief,False,False
141,14269,6,2023-04-18,Nicht mehr benötigt,App,True,False
142,14273,6,2023-06-01,Preiserhöhung,Brief,False,False
143,14316,7,2024-12-11,Nicht mehr benötigt,Email,True,True
144,14354,6,2023-07-10,Unzufriedenheit,App,True,False
145,14420,7,2024-01-30,Umzug,Brief,True,False
146,14519,7,2025-04-17,Unzufriedenheit,Email,True,False
147,14660,7,2025-12-26,Umzug,Email,True,True
148,14718,8,2024-09-05,Unzufriedenheit,Brief,True,False
149,14727,8,2025-07-25,Nicht mehr benötigt,Email,True,True
150,14784,6,2023-09-05,Wettbewerber,App,True,False
151,14921,8,2025-04-11,Nicht mehr benötigt,Telefon,True,False
152,14953,8,2023-12-25,Unzufriedenheit,Brief,False,False
153,14959,6,2024-06-15,Unzufriedenheit,Email,True,False
154,14991,8,2025-05-18,Preiserhöhung,Email,True,False
155,15110,7,2024-01-05,Nicht mehr benötigt,Telefon,True,False
156,15111,6,2025-09-24,Unzufriedenheit,App,True,True
157,15119,6,2024-11-25,Nicht mehr benötigt,Email,False,False
158,15128,6,2023-10-18,Nicht mehr benötigt,Telefon,False,False
159,15201,7,2025-12-03,Umzug,Email,False,False
160,15307,6,2025-12-04,Sonstiges,App,True,False
161,15320,6,2024-08-09,Nicht mehr benötigt,Email,False,False
162,15643,8,2025-06-10,Umzug,Email,True,False
163,15647,6,2023-04-11,Umzug,App,True,True
164,15648,6,2023-11-05,Umzug,Email,False,False
165,15656,6,2024-02-27,Wettbewerber,Brief,False,False
166,15661,7,2024-01-16,Nicht mehr benötigt,App,True,False
167,15709,6,2023-07-12,Preiserhöhung,Email,True,False
168,15735,6,2025-09-25,Unzufriedenheit,Email,True,True
169,15887,6,2023-09-19,Nicht mehr benötigt,Email,True,False
170,15985,6,2024-07-16,Umzug,Telefon,True,False
171,16018,8,2025-03-21,Sonstiges,Email,False,False
172,16094,7,2023-08-26,Umzug,Telefon,False,False
173,16139,7,2024-02-09,Umzug,Telefon,True,False
174,16169,8,2023-12-07,Unzufriedenheit,Email,True,False
175,16289,8,2024-04-02,Umzug,Brief,False,False
176,16404,6,2024-02-09,Sonstiges,Telefon,True,True
177,16457,8,2024-10-29,Nicht mehr benötigt,Email,True,True
178,16590,7,2024-06-11,Nicht mehr benötigt,Telefon,True,True
179,16710,6,2023-10-25,Nicht mehr benötigt,Brief,True,False
180,16861,8,2024-09-06,Umzug,Telefon,True,False
181,16947,8,2023-10-21,Umzug,Telefon,True,True
182,16977,7,2024-03-09,Unzufriedenheit,Telefon,False,False
183,17191,6,2023-06-18,Unzufriedenheit,Email,True,False
184,17196,8,2023-04-11,Nicht mehr benötigt,Telefon,False,False
185,17256,8,2023-02-17,Unzufriedenheit,Telefon,False,False
186,17330,7,2024-10-21,Unzufriedenheit,Telefon,False,False
187,17338,6,2025-12-09,Umzug,Telefon,True,False
188,17416,6,2024-11-29,Preiserhöhung,App,True,False
189,17488,8,2025-01-25,Umzug,App,False,False
190,17640,7,2023-07-15,Umzug,Telefon,True,True
191,17742,7,2023-02-21,Umzug,App,True,True
192,17813,8,2025-06-09,Nicht mehr benötigt,Email,False,False
193,17935,7,2023-06-30,Sonstiges,App,True,False
194,18068,6,2023-11-18,Umzug,Telefon,False,False
195,18084,6,2023-04-11,Unzufriedenheit,Telefon,True,False
196,18213,7,2025-03-24,Nicht mehr benötigt,App,True,False
197,18298,6,2025-08-06,Umzug,Email,False,False
198,18302,6,2024-09-10,Nicht mehr benötigt,Email,False,False
199,18444,8,2023-12-10,Nicht mehr benötigt,Email,True,False
200,18584,8,2025-12-27,Umzug,App,False,False
201,18628,8,2023-11-04,Nicht mehr benötigt,Email,False,False
202,18652,8,2023-08-16,Sonstiges,App,True,True
203,18923,7,2024-04-21,Umzug,App,False,False
204,18980,8,2023-04-09,Unzufriedenheit,Telefon,True,False
205,19036,6,2024-11-23,Umzug,App,False,False
206,19095,6,2025-10-09,Umzug,Email,False,False
207,19113,8,2023-11-25,Preiserhöhung,Email,False,False
208,19152,8,2024-03-16,Wettbewerber,Email,True,False
209,19250,6,2025-05-08,Nicht mehr benötigt,Email,True,False
210,19260,8,2023-08-03,Nicht mehr benötigt,App,True,True
211,19436,6,2023-09-24,Nicht mehr benötigt,Email,False,False
212,19448,7,2023-01-24,Preiserhöhung,Email,True,False
213,19517,7,2024-09-26,Umzug,Email,True,False
214,19535,6,2023-09-21,Nicht mehr benötigt,Telefon,True,False
215,19590,8,2023-09-28,Umzug,Telefon,True,False
216,19601,7,2025-11-06,Umzug,App,True,False
217,19725,7,2023-09-14,Wettbewerber,Email,True,False
218,19730,8,2024-07-04,Nicht mehr benötigt,Brief,True,False
219,19983,7,2023-09-11,Umzug,Telefon,True,False
220,1,10,2023-02-07,Umzug,Telefon,True,True
221,75,10,2023-06-21,Umzug,Brief,True,True
222,121,10,2025-08-04,Umzug,App,True,True
223,273,9,2023-10-28,Nicht mehr benötigt,Email,True,False
224,408,10,2023-04-30,Umzug,Email,True,True
225,776,10,2024-06-09,Unzufriedenheit,Telefon,True,False
226,918,9,2025-03-17,Nicht mehr benötigt,Brief,True,False
227,992,10,2024-06-30,Wettbewerber,Telefon,False,False
228,1185,9,2025-06-12,Nicht mehr benötigt,App,True,True
229,1257,10,2023-09-03,Umzug,Email,True,True
230,1276,10,2025-07-16,Unzufriedenheit,Email,True,False
231,1384,10,2023-12-06,Sonstiges,Email,True,False
232,1454,9,2023-08-17,Nicht mehr benötigt,Brief,True,False
233,1857,10,2025-03-05,Preiserhöhung,Telefon,True,False
234,2055,9,2023-12-22,Nicht mehr benötigt,App,True,False
235,2198,9,2025-08-08,Umzug,Telefon,False,False
236,2296,10,2023-09-02,Nicht mehr benötigt,Telefon,True,False
237,2348,10,2025-10-28,Umzug,Email,False,False
238,2474,9,2023-03-08,Nicht mehr benötigt,Email,True,False
239,2504,9,2023-03-11,Unzufriedenheit,Email,True,True
240,2653,10,2024-06-08,Nicht mehr benötigt,Telefon,True,False
241,2730,9,2023-07-25,Umzug,App,True,True
242,3029,9,2025-09-22,Preiserhöhung,Email,False,False
243,3119,9,2023-03-18,Umzug,Email,False,False
244,3125,9,2023-04-07,Umzug,Telefon,False,False
245,3205,9,2024-07-05,Unzufriedenheit,Email,True,False
246,3399,10,2024-11-14,Nicht mehr benötigt,Telefon,True,False
247,3439,10,2024-07-11,Wettbewerber,App,True,True
248,3889,9,2025-11-15,Umzug,Email,True,False
249,4244,10,2025-10-26,Umzug,Brief,False,False
250,4318,10,2025-08-11,Preiserhöhung,Telefon,True,True
251,4488,10,2025-09-24,Unzufriedenheit,Email,True,False
252,4506,9,2023-04-22,Nicht mehr benötigt,Brief,True,False
253,4785,9,2023-06-15,Umzug,App,False,False
254,4858,10,2025-06-21,Nicht mehr benötigt,App,True,False
255,5094,10,2023-03-06,Wettbewerber,Telefon,True,False
256,5321,10,2025-08-06,Umzug,Email,True,False
257,5341,10,2024-07-28,Umzug,App,True,True
258,5377,9,2025-11-02,Unzufriedenheit,Email,True,False
259,5381,10,2025-01-13,Umzug,App,False,False
260,5520,9,2023-07-14,Umzug,Telefon,True,False
261,5528,10,2023-09-17,Unzufriedenheit,Email,True,False
262,5533,9,2023-10-05,Unzufriedenheit,Email,True,True
263,5762,9,2025-09-03,Umzug,Email,False,False
264,5779,10,2023-07-24,Unzufriedenheit,Email,False,False
265,5837,10,2024-07-08,Umzug,Telefon,False,False
266,5849,10,2025-02-21,Nicht mehr benötigt,App,False,False
267,5954,10,2025-11-14,Unzufriedenheit,Telefon,True,False
268,6329,10,2023-08-22,Umzug,Brief,True,False
269,6478,10,2024-10-04,Nicht mehr benötigt,Telefon,False,False
270,6492,10,2024-09-01,Umzug,Email,True,False
271,6595,10,2025-01-21,Unzufriedenheit,Telefon,False,False
272,6746,10,2024-09-02,Unzufriedenheit,Email,False,False
273,6756,9,2024-06-13,Sonstiges,Email,True,False
274,7278,9,2023-01-26,Wettbewerber,App,True,False
275,7334,10,2024-08-13,Sonstiges,Telefon,True,False
276,7464,9,2025-11-10,Wettbewerber,Email,True,False
277,7484,10,2024-08-17,Nicht mehr benötigt,Email,False,False
278,7551,9,2024-09-26,Umzug,App,True,False
279,7945,9,2024-03-07,Umzug,Telefon,False,False
280,7959,9,2025-05-16,Unzufriedenheit,Telefon,False,False
281,8036,9,2023-08-24,Unzufriedenheit,Brief,True,False
282,8210,10,2023-06-21,Umzug,Email,True,False
283,8312,10,2023-02-22,Umzug,Email,True,False
284,8421,9,2023-09-20,Sonstiges,Email,True,False
285,8525,9,2023-04-21,Unzufriedenheit,App,False,False
286,8631,9,2024-12-15,Preiserhöhung,Telefon,True,False
287,8636,10,2025-09-07,Nicht mehr benötigt,Email,False,False
288,8671,10,2024-07-17,Unzufriedenheit,Email,False,False
289,8732,10,2025-11-20,Umzug,Email,False,False
290,9123,10,2025-11-21,Nicht mehr benötigt,Telefon,False,False
291,9140,10,2025-02-25,Nicht mehr benötigt,App,False,False
292,9243,10,2023-07-26,Unzufriedenheit,Email,True,False
293,9312,9,2024-05-13,Umzug,Telefon,False,False
294,9342,9,2025-12-16,Umzug,Telefon,True,False
295,9550,9,2023-06-29,Umzug,App,True,False
296,9616,10,2025-02-25,Unzufriedenheit,Telefon,True,False
297,9696,9,2024-06-22,Umzug,App,True,False
298,9720,10,2024-07-09,Umzug,Email,True,False
299,9834,10,2025-06-29,Umzug,Email,True,False
300,10128,9,2025-04-19,Umzug,Email,False,False
301,10496,10,2023-11-11,Unzufriedenheit,Email,True,False
302,10518,10,2025-02-17,Unzufriedenheit,App,True,False
303,10631,10,2023-09-30,Unzufriedenheit,Email,False,False
304,10700,10,2023-09-03,Nicht mehr benötigt,Email,True,False
305,10806,10,2024-05-15,Unzufriedenheit,App,True,False
306,11051,9,2024-08-14,Umzug,Email,True,True
307,11159,9,2024-04-01,Umzug,Email,False,False
308,11225,9,2025-11-05,Nicht mehr benötigt,Telefon,True,False
309,11568,10,2024-07-01,Sonstiges,Telefon,True,True
310,11573,10,2024-10-31,Unzufriedenheit,Email,False,False
311,11678,9,2024-02-15,Umzug,Brief,False,False
312,11707,9,2025-07-15,Umzug,Email,True,False
313,11749,10,2024-01-17,Unzufriedenheit,Brief,True,False
314,11860,9,2024-02-12,Nicht mehr benötigt,App,False,False
315,12147,9,2023-06-20,Unzufriedenheit,Email,False,False
316,12337,9,2025-02-17,Sonstiges,Telefon,True,False
317,12375,9,2024-10-27,Nicht mehr benötigt,Email,True,False
318,12381,9,2025-07-11,Nicht mehr benötigt,Email,False,False
319,12482,10,2023-11-07,Umzug,Email,False,False
320,12537,10,2025-08-27,Unzufriedenheit,App,False,False
321,12758,9,2024-12-17,Nicht mehr benötigt,Telefon,False,False
322,13071,10,2024-12-20,Unzufriedenheit,App,True,False
323,13214,9,2025-08-31,Umzug,App,True,False
324,13237,10,2024-11-23,Nicht mehr benötigt,Telefon,True,False
325,13350,9,2025-05-11,Unzufriedenheit,App,True,False
326,13381,9,2025-07-03,Wettbewerber,Telefon,False,False
327,13407,10,2024-01-13,Umzug,App,False,False
328,13452,10,2025-04-21,Nicht mehr benötigt,Email,True,False
329,13454,9,2025-03-27,Sonstiges,Telefon,False,False
330,13461,10,2023-10-25,Unzufriedenheit,Email,False,False
331,13566,9,2025-07-21,Umzug,Telefon,True,False
332,13620,10,2023-05-04,Umzug,Telefon,False,False
333,13642,10,2025-06-02,Umzug,App,True,False
334,13668,9,2024-09-17,Nicht mehr benötigt,App,True,False
335,13881,9,2024-08-23,Unzufriedenheit,Telefon,False,False
336,13966,9,2025-10-30,Nicht mehr benötigt,Telefon,True,False
337,14230,9,2024-05-16,Umzug,App,True,False
338,14374,10,2024-09-26,Umzug,Email,True,False
339,14420,10,2024-04-09,Nicht mehr benötigt,App,True,True
340,14527,10,2024-04-22,Nicht mehr benötigt,App,True,False
341,14626,9,2025-05-18,Umzug,Email,False,False
342,14737,10,2023-06-13,Umzug,Email,False,False
343,14800,9,2025-08-02,Umzug,Email,False,False
344,14885,9,2025-10-25,Nicht mehr benötigt,App,True,False
345,14937,9,2025-12-27,Nicht mehr benötigt,Brief,True,False
346,14987,10,2023-06-01,Unzufriedenheit,Telefon,True,False
347,15123,10,2024-01-05,Wettbewerber,App,False,False
348,15149,10,2025-02-25,Unzufriedenheit,Telefon,False,False
349,15168,10,2024-06-29,Umzug,Brief,True,False
350,15178,10,2025-10-24,Umzug,Email,False,False
351,15279,9,2024-08-28,Umzug,Email,True,False
352,15430,9,2023-10-03,Umzug,Email,True,False
353,15531,10,2024-08-05,Umzug,Email,True,True
354,15759,10,2023-05-19,Nicht mehr benötigt,App,True,False
355,15810,9,2023-08-05,Sonstiges,App,True,False
356,15970,9,2025-11-14,Nicht mehr benötigt,Telefon,True,False
357,16085,9,2023-11-18,Umzug,Email,True,False
358,16259,9,2025-07-26,Nicht mehr benötigt,Email,False,False
359,16313,9,2023-06-07,Unzufriedenheit,Telefon,True,False
360,16728,9,2025-05-18,Umzug,Telefon,True,False
361,16845,9,2025-01-03,Umzug,Telefon,False,False
362,16985,9,2024-06-26,Nicht mehr benötigt,Email,False,False
363,17157,9,2025-02-15,Umzug,Telefon,False,False
364,17187,10,2023-09-04,Nicht mehr benötigt,Telefon,False,False
365,17497,9,2024-02-04,Umzug,Email,False,False
366,17644,9,2025-11-20,Sonstiges,Email,True,False
367,17667,9,2023-07-17,Umzug,Email,False,False
368,17715,9,2024-04-13,Wettbewerber,Telefon,True,True
369,17794,9,2024-02-11,Unzufriedenheit,Email,True,False
370,17822,10,2024-11-03,Unzufriedenheit,Email,True,False
371,17949,10,2024-07-13,Unzufriedenheit,Email,False,False
372,18011,9,2025-02-17,Umzug,Telefon,True,False
373,18064,9,2023-04-30,Preiserhöhung,Telefon,True,False
374,18253,10,2024-08-05,Unzufriedenheit,Telefon,True,False
375,18345,9,2024-07-07,Unzufriedenheit,Telefon,False,False
376,18588,10,2025-01-22,Umzug,Telefon,False,False
377,18687,9,2023-05-08,Umzug,App,True,False
378,18769,9,2025-10-21,Nicht mehr benötigt,Telefon,True,False
379,18820,9,2025-06-28,Wettbewerber,Email,True,False
380,18822,10,2024-11-17,Unzufriedenheit,App,False,False
381,18904,10,2024-08-04,Umzug,Email,False,False
382,18987,10,2023-12-21,Nicht mehr benötigt,Telefon,False,False
383,19303,10,2023-09-02,Nicht mehr benötigt,Email,True,True
384,19432,9,2025-05-02,Nicht mehr benötigt,Telefon,True,False
385,19584,9,2023-06-07,Nicht mehr benötigt,Telefon,False,False
386,19600,10,2025-05-14,Unzufriedenheit,Email,False,False
387,19725,10,2024-01-16,Umzug,App,True,False
388,19985,9,2024-06-29,Umzug,App,False,False
389,281,5,2024-02-18,Wettbewerber,Telefon,True,False
390,292,5,2025-07-24,Nicht mehr benötigt,Email,True,False
391,318,5,2024-01-24,Unzufriedenheit,Email,True,False
392,358,5,2023-04-18,Umzug,Telefon,True,False
393,436,4,2023-07-29,Preiserhöhung,Telefon,False,False
394,536,4,2024-07-27,Unzufriedenheit,Telefon,True,False
395,613,5,2024-06-11,Umzug,App,False,False
396,629,4,2023-03-27,Unzufriedenheit,Email,False,False
397,653,5,2025-04-20,Unzufriedenheit,Brief,True,False
398,749,4,2025-12-21,Unzufriedenheit,Telefon,False,False
399,800,5,2023-07-24,Umzug,Telefon,False,False
400,822,5,2025-11-12,Wettbewerber,Email,True,False
401,1004,5,2025-02-21,Umzug,Brief,True,False
402,1008,4,2025-11-14,Sonstiges,Telefon,True,False
403,1130,4,2024-07-03,Unzufriedenheit,App,False,False
404,1191,4,2023-08-07,Wettbewerber,App,True,False
405,1216,5,2023-12-05,Umzug,Email,True,False
406,1220,5,2024-10-07,Wettbewerber,Email,True,False
407,1269,5,2024-07-14,Umzug,Telefon,True,False
408,1365,5,2024-06-14,Sonstiges,App,False,False
409,1520,4,2023-09-22,Nicht mehr benötigt,Brief,True,True
410,1551,5,2024-12-03,Umzug,Brief,False,False
411,1556,4,2025-03-20,Sonstiges,Email,False,False
412,1571,4,2024-04-02,Unzufriedenheit,Telefon,True,False
413,1600,5,2024-06-25,Umzug,App,False,False
414,1602,4,2025-10-14,Umzug,Brief,False,False
415,1625,5,2024-03-26,Sonstiges,App,True,True
416,1682,5,2024-08-25,Umzug,Telefon,False,False
417,1751,4,2025-07-18,Nicht mehr benötigt,App,False,False
418,1763,5,2023-11-09,Preiserhöhung,App,True,False
419,1813,4,2023-05-29,Nicht mehr benötigt,App,True,False
420,1882,4,2023-08-13,Sonstiges,Email,True,False
421,1928,4,2023-10-08,Preiserhöhung,Email,True,False
422,1951,5,2025-04-22,Umzug,App,True,True
423,1964,5,2025-03-07,Wettbewerber,Telefon,True,False
424,2013,4,2023-02-10,Preiserhöhung,Telefon,False,False
425,2062,4,2023-01-30,Umzug,Email,True,True
426,2072,5,2024-08-02,Unzufriedenheit,App,True,False
427,2233,5,2023-09-03,Umzug,App,True,False
428,2442,4,2024-10-04,Preiserhöhung,Telefon,False,False
429,2603,5,2024-04-21,Umzug,Email,False,False
430,2657,5,2024-11-11,Umzug,App,False,False
431,2715,4,2025-01-22,Umzug,Telefon,True,False
432,2732,5,2024-03-01,Sonstiges,Email,True,False
433,2742,4,2024-08-20,Wettbewerber,App,True,True
434,2770,5,2023-07-29,Sonstiges,Email,False,False
435,2841,4,2023-03-31,Wettbewerber,App,True,False
436,2956,4,2023-05-06,Preiserhöhung,App,True,True
437,3011,4,2024-03-27,Umzug,Telefon,True,False
438,3062,5,2023-08-30,Preiserhöhung,Email,True,False
439,3148,4,2025-06-16,Preiserhöhung,Telefon,True,False
440,3164,5,2023-09-07,Wettbewerber,Telefon,False,False
441,3266,5,2024-11-06,Nicht mehr benötigt,Email,True,True
442,3305,4,2023-10-18,Wettbewerber,Brief,True,False
443,3328,4,2024-08-26,Unzufriedenheit,Email,True,False
444,3360,5,2025-04-02,Unzufriedenheit,Brief,True,False
445,3476,4,2025-03-04,Umzug,Telefon,False,False
446,3582,4,2024-08-31,Umzug,Email,False,False
447,3773,5,2025-02-18,Wettbewerber,Telefon,False,False
448,3807,5,2024-08-04,Wettbewerber,Telefon,True,True
449,3839,5,2024-11-18,Preiserhöhung,Telefon,True,True
450,3921,4,2023-11-19,Unzufriedenheit,Telefon,True,True
451,3947,4,2025-11-02,Umzug,Telefon,False,False
452,3991,4,2023-04-29,Umzug,Telefon,True,False
453,3993,5,2024-05-30,Preiserhöhung,Telefon,False,False
454,4026,5,2023-07-26,Umzug,Telefon,True,False
455,4140,4,2023-04-20,Preiserhöhung,Telefon,True,False
456,4450,5,2024-02-26,Preiserhöhung,Email,True,False
457,4465,4,2023-09-21,Nicht mehr benötigt,App,True,True
458,4473,5,2024-05-26,Preiserhöhung,Telefon,False,False
459,4493,5,2023-09-02,Preiserhöhung,App,True,False
460,4637,4,2023-07-29,Umzug,Email,True,False
461,4681,4,2023-10-21,Unzufriedenheit,Email,True,False
462,4748,4,2025-10-04,Wettbewerber,App,True,False
463,4767,4,2024-11-29,Preiserhöhung,Telefon,True,True
464,4954,5,2023-08-20,Unzufriedenheit,Telefon,True,True
465,4985,4,2023-07-19,Umzug,Telefon,False,False
466,5010,4,2025-04-20,Nicht mehr benötigt,Email,True,False
467,5040,4,2023-05-08,Nicht mehr benötigt,Telefon,True,False
468,5173,4,2025-09-16,Umzug,App,False,False
469,5221,5,2023-05-19,Nicht mehr benötigt,Telefon,True,False
470,5235,5,2025-11-05,Preiserhöhung,Telefon,True,False
471,5333,5,2024-08-23,Umzug,Brief,True,False
472,5360,5,2023-08-18,Umzug,Telefon,False,False
473,5434,5,2024-04-18,Preiserhöhung,Telefon,True,True
474,5451,4,2023-05-10,Preiserhöhung,App,True,False
475,5454,4,2024-10-25,Wettbewerber,Email,False,False
476,5601,5,2024-09-17,Umzug,Telefon,True,False
477,5638,4,2023-07-15,Umzug,App,False,False
478,5706,4,2024-04-25,Sonstiges,Telefon,False,False
479,5739,4,2025-12-04,Preiserhöhung,Email,True,True
480,5757,5,2024-08-02,Wettbewerber,Email,False,False
481,5945,4,2025-05-19,Wettbewerber,App,False,False
482,5963,4,2024-07-06,Preiserhöhung,Brief,False,False
483,5985,4,2025-03-02,Nicht mehr benötigt,App,True,False
484,6153,5,2023-11-20,Unzufriedenheit,Email,True,False
485,6154,5,2024-02-08,Umzug,Email,True,False
486,6296,4,2024-09-27,Umzug,Email,False,False
487,6324,4,2023-08-17,Preiserhöhung,App,False,False
488,6339,5,2024-02-22,Preiserhöhung,Brief,False,False
489,6348,4,2025-05-18,Unzufriedenheit,Email,True,False
490,6490,5,2024-07-01,Sonstiges,Email,True,False
491,6495,5,2023-10-07,Preiserhöhung,Email,True,True
492,6570,4,2023-10-18,Umzug,Email,False,False
493,6638,5,2025-11-20,Nicht mehr benötigt,Telefon,False,False
494,6671,4,2025-06-23,Preiserhöhung,Email,True,False
495,6700,5,2025-03-01,Unzufriedenheit,Email,False,False
496,6702,5,2025-08-04,Unzufriedenheit,Email,False,False
497,6798,4,2023-11-17,Umzug,Brief,False,False
498,6806,5,2024-05-27,Unzufriedenheit,Telefon,True,False
499,6845,5,2025-11-20,Umzug,Email,False,False
500,6914,4,2025-07-03,Unzufriedenheit,Email,True,False
501,6924,4,2025-04-19,Wettbewerber,Email,False,False
502,7040,4,2024-06-06,Umzug,Telefon,False,False
503,7158,4,2024-07-16,Wettbewerber,App,True,False
504,7183,5,2023-01-09,Umzug,Telefon,False,False
505,7279,5,2024-08-27,Preiserhöhung,App,True,True
506,7360,5,2025-08-21,Preiserhöhung,Email,False,False
507,7505,4,2023-01-06,Preiserhöhung,Brief,False,False
508,7866,5,2023-11-01,Wettbewerber,Telefon,True,False
509,8065,5,2023-12-06,Umzug,Email,False,False
510,8073,5,2024-09-11,Preiserhöhung,Email,True,False
511,8198,4,2023-10-28,Umzug,Telefon,False,False
512,8271,4,2025-03-23,Umzug,Telefon,False,False
513,8330,4,2024-05-31,Umzug,Telefon,True,False
514,8339,4,2024-09-30,Wettbewerber,App,True,False
515,8526,5,2024-04-30,Umzug,Email,False,False
516,8848,5,2023-02-28,Nicht mehr benötigt,Email,True,True
517,8850,5,2024-02-07,Preiserhöhung,Telefon,True,False
518,8857,4,2025-01-11,Umzug,Telefon,True,False
519,8862,5,2023-03-21,Unzufriedenheit,App,True,True
520,8965,4,2023-11-18,Wettbewerber,Brief,False,False
521,9001,4,2023-08-16,Wettbewerber,Telefon,True,False
522,9047,4,2025-10-26,Unzufriedenheit,App,False,False
523,9131,5,2023-09-22,Umzug,Email,True,False
524,9167,4,2025-07-05,Unzufriedenheit,Email,False,False
525,9190,4,2024-07-22,Wettbewerber,Email,False,False
526,9282,5,2025-06-28,Wettbewerber,Email,True,False
527,9397,5,2024-05-12,Nicht mehr benötigt,Telefon,True,False
528,9514,5,2023-06-12,Nicht mehr benötigt,Email,True,False
529,9554,5,2023-01-04,Unzufriedenheit,Brief,False,False
530,9614,4,2024-01-17,Umzug,Email,False,False
531,9721,5,2025-04-23,Unzufriedenheit,Email,True,False
532,9857,5,2025-04-27,Umzug,Telefon,True,False
533,9982,4,2024-11-18,Unzufriedenheit,Email,True,False
534,9987,4,2025-05-07,Sonstiges,Email,True,False
535,10073,4,2023-11-22,Preiserhöhung,App,False,False
536,10177,4,2023-10-29,Preiserhöhung,Telefon,False,False
537,10184,5,2025-04-16,Umzug,App,True,False
538,10334,5,2023-03-16,Unzufriedenheit,Brief,False,False
539,10368,5,2025-09-14,Nicht mehr benötigt,Telefon,False,False
540,10413,5,2023-07-17,Sonstiges,Email,False,False
541,10440,5,2023-10-29,Umzug,Email,True,False
542,10479,4,2024-09-19,Umzug,App,True,False
543,10544,4,2023-09-20,Preiserhöhung,Email,True,True
544,10594,5,2023-04-04,Umzug,Telefon,False,False
545,10666,5,2024-02-06,Preiserhöhung,Email,False,False
546,10725,5,2025-01-10,Unzufriedenheit,App,False,False
547,10828,5,2025-06-13,Umzug,Email,True,True
548,10840,5,2025-11-28,Preiserhöhung,Brief,True,False
549,10882,4,2025-02-22,Preiserhöhung,Telefon,True,True
550,10889,5,2025-04-10,Wettbewerber,Telefon,False,False
551,11065,4,2025-10-26,Sonstiges,Email,True,False
552,11075,5,2025-09-26,Umzug,Brief,False,False
553,11324,4,2024-10-15,Preiserhöhung,Telefon,False,False
554,11402,4,2023-07-11,Umzug,Email,False,False
555,11433,5,2024-11-06,Wettbewerber,Brief,True,False
556,11669,5,2023-11-23,Umzug,Email,False,False
557,11687,5,2023-11-18,Wettbewerber,Email,False,False
558,11730,5,2024-12-09,Umzug,Telefon,False,False
559,11953,4,2024-11-08,Preiserhöhung,Telefon,True,False
560,11982,4,2025-03-08,Umzug,Telefon,False,False
561,12020,5,2023-09-17,Wettbewerber,App,True,False
562,12037,4,2024-06-13,Umzug,Telefon,True,True
563,12048,4,2023-12-09,Sonstiges,Email,False,False
564,12084,4,2025-07-28,Sonstiges,Email,True,True
565,12130,5,2024-06-07,Umzug,Brief,True,False
566,12212,5,2023-06-11,Preiserhöhung,Email,False,False
567,12288,5,2023-01-14,Nicht mehr benötigt,Telefon,True,True
568,12345,4,2024-06-16,Wettbewerber,Telefon,False,False
569,12539,4,2024-06-10,Wettbewerber,Telefon,True,False
570,12587,4,2024-09-19,Umzug,App,True,False
571,12642,4,2024-02-26,Nicht mehr benötigt,Email,True,False
572,12673,5,2025-07-30,Sonstiges,Telefon,True,False
573,12737,4,2023-11-26,Preiserhöhung,Email,True,False
574,12879,5,2025-12-05,Unzufriedenheit,App,True,False
575,12883,4,2024-01-02,Umzug,Email,True,False
576,13170,4,2024-07-24,Umzug,Brief,False,False
577,13208,5,2025-03-16,Umzug,Email,False,False
578,13209,4,2023-10-07,Sonstiges,App,False,False
579,13263,4,2024-07-30,Wettbewerber,Brief,True,False
580,13268,5,2025-09-01,Unzufriedenheit,Telefon,False,False
581,13269,4,2023-05-03,Unzufriedenheit,Email,False,False
582,13297,5,2025-07-03,Unzufriedenheit,Telefon,True,False
583,13419,4,2025-07-14,Umzug,App,False,False
584,13444,4,2025-11-09,Umzug,App,False,False
585,13478,4,2024-09-28,Unzufriedenheit,Email,True,False
586,13662,4,2024-04-17,Wettbewerber,Email,False,False
587,13927,4,2024-10-17,Wettbewerber,App,True,False
588,13970,4,2025-06-02,Nicht mehr benötigt,App,True,False
589,14014,4,2025-04-11,Preiserhöhung,Email,True,False
590,14122,4,2023-05-09,Unzufriedenheit,Telefon,False,False
591,14132,4,2023-08-26,Nicht mehr benötigt,Brief,True,False
592,14238,5,2024-05-18,Umzug,App,True,False
593,14300,5,2023-06-24,Umzug,Email,True,False
594,14309,4,2025-04-05,Wettbewerber,Telefon,False,False
595,14359,5,2023-02-24,Nicht mehr benötigt,Telefon,True,False
596,14394,5,2024-06-10,Wettbewerber,Email,True,True
597,14503,5,2024-06-20,Sonstiges,App,True,True
598,14553,4,2023-04-22,Umzug,Telefon,True,False
599,14697,5,2024-09-28,Unzufriedenheit,Brief,True,False
600,14860,4,2025-04-26,Preiserhöhung,Telefon,True,False
601,14864,5,2025-01-08,Preiserhöhung,Email,False,False
602,14868,5,2024-05-23,Sonstiges,Email,True,False
603,14869,5,2023-07-20,Nicht mehr benötigt,Brief,True,True
604,14872,4,2023-01-14,Preiserhöhung,App,False,False
605,14922,5,2023-05-12,Umzug,Brief,True,False
606,14933,4,2025-06-25,Umzug,Email,False,False
607,14970,5,2025-08-21,Preiserhöhung,Email,False,False
608,15005,5,2025-03-16,Umzug,App,False,False
609,15181,4,2025-12-11,Wettbewerber,Brief,True,False
610,15245,4,2025-12-31,Unzufriedenheit,Email,False,False
611,15361,4,2025-12-31,Preiserhöhung,App,True,False
612,15496,4,2024-01-21,Umzug,Email,True,False
613,15504,5,2024-09-17,Unzufriedenheit,App,False,False
614,15644,4,2025-11-14,Preiserhöhung,Brief,False,False
615,15674,4,2025-02-27,Unzufriedenheit,Email,True,False
616,15703,5,2024-03-12,Wettbewerber,Telefon,True,False
617,15745,4,2023-07-16,Wettbewerber,Email,True,False
618,15789,4,2025-07-31,Umzug,Telefon,True,True
619,15853,4,2023-12-17,Umzug,App,True,True
620,15938,5,2025-04-05,Wettbewerber,Email,True,False
621,15977,4,2024-07-19,Preiserhöhung,Telefon,False,False
622,16020,5,2023-06-21,Umzug,App,True,False
623,16039,5,2024-10-28,Unzufriedenheit,App,False,False
624,16073,5,2023-03-28,Wettbewerber,Email,True,True
625,16291,5,2023-10-12,Nicht mehr benötigt,Telefon,True,True
626,16303,4,2025-01-01,Nicht mehr benötigt,Email,True,False
627,16324,5,2023-07-07,Umzug,App,False,False
628,16325,4,2023-03-30,Wettbewerber,Email,True,False
629,16350,5,2024-10-09,Nicht mehr benötigt,Email,True,False
630,16449,4,2024-03-16,Unzufriedenheit,Telefon,False,False
631,16699,4,2025-12-16,Umzug,Email,True,True
632,16718,4,2024-03-17,Umzug,App,False,False
633,16749,4,2025-12-25,Unzufriedenheit,Email,True,False
634,16758,4,2023-03-10,Unzufriedenheit,Email,False,False
635,16774,4,2025-05-20,Wettbewerber,Email,True,True
636,16791,4,2023-08-05,Unzufriedenheit,App,True,True
637,16800,4,2024-06-29,Unzufriedenheit,App,True,False
638,16832,5,2025-07-22,Wettbewerber,Email,False,False
639,17000,4,2024-04-16,Umzug,App,False,False
640,17017,5,2024-01-02,Sonstiges,Telefon,True,False
641,17094,4,2024-04-28,Wettbewerber,Email,True,False
642,17099,4,2025-06-01,Unzufriedenheit,App,True,True
643,17300,5,2025-09-27,Sonstiges,App,False,False
644,17313,4,2024-08-02,Umzug,Brief,False,False
645,17489,4,2025-07-13,Wettbewerber,Brief,False,False
646,17602,5,2023-09-19,Umzug,Email,False,False
647,17764,5,2024-07-04,Umzug,Telefon,False,False
648,17928,5,2025-04-09,Unzufriedenheit,Email,False,False
649,17929,5,2025-02-11,Preiserhöhung,Telefon,True,False
650,17958,5,2023-07-29,Preiserhöhung,Telefon,True,True
651,17976,4,2024-10-02,Wettbewerber,App,True,False
652,18024,5,2024-10-04,Preiserhöhung,Telefon,True,True
653,18088,5,2025-03-07,Sonstiges,Email,False,False
654,18241,4,2023-04-16,Preiserhöhung,App,False,False
655,18307,5,2023-09-05,Unzufriedenheit,Email,True,False
656,18375,5,2025-12-15,Preiserhöhung,Email,True,False
657,18380,4,2023-07-07,Umzug,Email,False,False
658,18405,4,2025-03-23,Wettbewerber,Email,False,False
659,18498,4,2024-02-25,Preiserhöhung,Telefon,True,False
660,18523,5,2023-08-24,Umzug,Brief,True,False
661,18541,5,2025-08-03,Umzug,Email,False,False
662,18560,4,2024-07-06,Umzug,Brief,False,False
663,18568,5,2024-10-22,Wettbewerber,Email,False,False
664,18659,5,2025-04-30,Wettbewerber,App,False,False
665,18895,4,2023-06-04,Wettbewerber,App,True,False
666,18960,4,2024-04-20,Preiserhöhung,Brief,False,False
667,19031,4,2025-09-02,Unzufriedenheit,Telefon,True,False
668,19201,4,2024-11-25,Unzufriedenheit,Telefon,True,False
669,19312,5,2025-07-24,Preiserhöhung,App,True,False
670,19384,5,2024-02-06,Wettbewerber,Email,True,False
671,19400,5,2024-08-27,Preiserhöhung,Telefon,True,True
672,19411,5,2023-09-19,Nicht mehr benötigt,Email,False,False
673,19421,5,2024-11-10,Umzug,App,True,False
674,19457,5,2024-09-08,Preiserhöhung,Email,True,False
675,19495,5,2025-07-19,Preiserhöhung,Email,True,True
676,19566,5,2023-12-26,Wettbewerber,Telefon,False,False
677,19570,4,2024-04-28,Umzug,App,True,True
678,19572,4,2023-07-17,Nicht mehr benötigt,Email,False,False
679,19597,5,2023-09-22,Unzufriedenheit,App,True,False
680,19649,5,2024-09-30,Wettbewerber,Telefon,True,False
681,19657,4,2023-05-01,Unzufriedenheit,Email,True,False
682,19849,5,2025-10-24,Nicht mehr benötigt,Email,True,True
683,19956,4,2023-11-08,Wettbewerber,Brief,True,False
684,17371,12,2025-08-22,Preiserhöhung,Telefon,False,False
685,14307,2,2025-09-11,Nicht mehr benötigt,Brief,True,True
686,17961,3,2023-08-25,Nicht mehr benötigt,App,True,False
687,5003,3,2023-07-26,Sonstiges,Brief,True,True
688,6792,2,2025-09-26,Umzug,App,False,False
689,3073,2,2025-08-02,Nicht mehr benötigt,App,False,False
690,4800,2,2025-05-04,Nicht mehr benötigt,Brief,False,False
691,4539,1,2023-11-15,Umzug,Telefon,False,False
692,19312,3,2024-09-18,Preiserhöhung,App,False,False
693,17242,5,2025-06-30,Wettbewerber,Telefon,True,True
694,5397,2,2025-09-03,Wettbewerber,Telefon,False,False
695,11877,12,2023-03-10,Umzug,Brief,False,False
696,5737,3,2025-10-08,Sonstiges,App,False,False
697,4488,1,2025-10-20,Umzug,Telefon,True,False
698,6026,3,2025-04-27,Preiserhöhung,Telefon,True,False
699,1464,1,2024-01-16,Preiserhöhung,Email,True,False
700,11056,2,2025-11-13,Preiserhöhung,App,False,False
701,10903,12,2024-07-01,Wettbewerber,Telefon,True,False
702,15582,3,2025-05-16,Preiserhöhung,Email,True,False
703,16135,3,2025-10-10,Preiserhöhung,Email,True,False
704,4588,2,2025-11-27,Preiserhöhung,App,False,False
705,8866,1,2025-07-23,Wettbewerber,Brief,False,False
706,4691,12,2025-06-07,Umzug,App,True,False
707,4733,15,2023-05-07,Wettbewerber,Email,False,False
708,11458,2,2023-10-15,Umzug,Telefon,True,True
709,7661,3,2025-03-18,Umzug,Email,False,False
710,5328,5,2025-11-12,Nicht mehr benötigt,Email,True,True
711,12970,2,2025-07-16,Umzug,Email,False,False
712,14313,1,2025-09-25,Preiserhöhung,Email,True,False
713,348,3,2023-03-12,Sonstiges,Brief,True,False
714,4851,3,2024-04-29,Unzufriedenheit,Email,False,False
715,335,14,2025-08-20,Nicht mehr benötigt,App,False,False
716,3999,3,2023-06-01,Wettbewerber,Telefon,False,False
717,16866,1,2023-05-18,Sonstiges,Email,True,True
718,11309,2,2023-01-05,Wettbewerber,Brief,True,False
719,2395,13,2024-12-04,Preiserhöhung,Email,True,False
720,150,11,2023-02-17,Preiserhöhung,Brief,False,False
721,215,2,2024-05-23,Sonstiges,Email,False,False
722,1475,2,2025-09-22,Unzufriedenheit,Telefon,False,False
723,1519,1,2024-05-19,Unzufriedenheit,Brief,False,False
724,8920,11,2024-07-01,Unzufriedenheit,Email,True,True
725,8411,3,2024-08-21,Umzug,Telefon,False,False
726,2027,1,2024-11-25,Umzug,Email,False,False
727,19123,4,2025-12-16,Wettbewerber,Brief,True,False
728,19011,1,2025-11-06,Unzufriedenheit,App,False,False
729,12241,2,2025-10-25,Preiserhöhung,Telefon,True,False
730,10193,12,2025-02-25,Preiserhöhung,Email,False,False
731,16392,1,2023-10-26,Umzug,App,False,False
732,9413,1,2025-06-05,Wettbewerber,Telefon,False,False
733,6923,1,2024-11-30,Umzug,Email,False,False
734,11206,3,2023-03-08,Nicht mehr benötigt,Email,False,False
735,16503,1,2023-01-05,Umzug,Telefon,False,False
736,15316,12,2024-02-03,Wettbewerber,Telefon,True,False
737,14812,1,2024-07-01,Umzug,Telefon,True,True
738,5862,1,2025-11-18,Sonstiges,App,False,False
739,2734,11,2024-07-26,Umzug,Brief,True,False
740,8675,3,2025-09-11,Sonstiges,Telefon,True,False
741,9626,1,2023-10-15,Umzug,Telefon,True,True
742,8703,3,2023-11-21,Preiserhöhung,Telefon,True,True
743,5015,3,2025-05-26,Sonstiges,Telefon,False,False
744,9978,14,2024-08-30,Sonstiges,App,True,False
745,18278,12,2024-07-08,Umzug,Email,True,False
746,15750,1,2023-10-04,Nicht mehr benötigt,Telefon,False,False
747,7202,12,2025-05-11,Nicht mehr benötigt,Telefon,True,True
748,6502,2,2025-10-16,Preiserhöhung,Email,False,False
749,8379,11,2024-06-11,Umzug,Email,False,False
750,14829,2,2023-01-24,Nicht mehr benötigt,Email,True,False
751,5939,2,2023-09-06,Sonstiges,App,False,False
752,11502,3,2024-05-25,Preiserhöhung,Brief,False,False
753,1869,3,2023-10-29,Preiserhöhung,Telefon,True,False
754,11800,1,2024-01-10,Umzug,Email,False,False
755,8549,2,2023-07-04,Sonstiges,App,True,False
756,14911,1,2024-05-29,Unzufriedenheit,Email,False,False
757,9640,3,2023-10-30,Umzug,Telefon,True,True
758,4673,2,2023-08-28,Preiserhöhung,Telefon,True,False
759,4787,1,2025-08-27,Nicht mehr benötigt,App,True,True
760,5383,2,2023-02-17,Wettbewerber,App,True,True
761,13182,3,2025-06-28,Umzug,Telefon,True,False
762,6634,4,2023-07-25,Umzug,Email,False,False
763,18848,12,2025-06-13,Preiserhöhung,Telefon,True,False
764,6964,1,2025-07-26,Wettbewerber,Telefon,False,False
765,3630,2,2023-04-24,Sonstiges,App,True,False
766,17942,4,2024-11-17,Nicht mehr benötigt,App,True,False
767,4551,1,2025-03-11,Nicht mehr benötigt,Email,True,False
768,132,2,2024-03-28,Umzug,Telefon,False,False
769,2859,1,2023-09-02,Preiserhöhung,Telefon,True,False
770,17647,3,2025-09-26,Umzug,Brief,True,False
771,9781,1,2023-08-31,Wettbewerber,Telefon,True,False
772,7885,3,2025-11-05,Umzug,Email,True,True
773,6478,1,2023-07-28,Umzug,Email,True,True
774,8235,2,2023-02-01,Umzug,Telefon,False,False
775,10578,1,2023-09-03,Preiserhöhung,App,True,False
776,14064,1,2024-07-05,Umzug,Email,True,True
777,2519,2,2025-10-09,Preiserhöhung,Email,False,False
778,9630,11,2025-11-13,Umzug,Telefon,True,False
779,6431,1,2024-08-04,Unzufriedenheit,Email,True,False
780,11784,1,2024-08-15,Umzug,Telefon,True,False
781,16516,2,2025-03-12,Nicht mehr benötigt,Email,False,False
782,1228,3,2025-12-28,Nicht mehr benötigt,App,False,False
783,5552,3,2023-10-03,Wettbewerber,App,False,False
784,12339,2,2025-02-28,Umzug,Telefon,False,False
785,604,2,2024-05-23,Unzufriedenheit,App,False,False
786,14877,5,2025-06-30,Nicht mehr benötigt,Email,True,False
787,19224,12,2023-10-06,Preiserhöhung,App,True,False
788,4871,1,2025-01-12,Umzug,App,False,False
789,17366,3,2024-10-19,Unzufriedenheit,App,True,False
790,4314,1,2024-11-28,Sonstiges,Telefon,False,False
791,11005,12,2023-02-24,Preiserhöhung,Telefon,True,False
792,14575,2,2024-06-25,Wettbewerber,App,False,False
793,12982,1,2024-06-18,Wettbewerber,Brief,False,False
794,9459,1,2024-11-28,Umzug,Email,True,False
795,10718,1,2025-11-14,Preiserhöhung,Telefon,False,False
796,8429,3,2025-06-16,Preiserhöhung,Email,False,False
797,4423,3,2024-11-30,Umzug,Email,False,False
798,917,1,2025-01-14,Umzug,Email,False,False
799,17458,1,2023-03-11,Preiserhöhung,Email,False,False
800,14683,2,2023-09-21,Sonstiges,Telefon,False,False
801,9326,3,2024-04-29,Umzug,Email,False,False
802,14640,14,2024-06-11,Umzug,App,True,False
803,14153,2,2023-09-05,Umzug,App,False,False
804,8521,5,2024-07-28,Umzug,Email,False,False
805,19163,3,2025-07-20,Preiserhöhung,App,True,False
806,15724,2,2024-04-05,Umzug,Telefon,False,False
807,2465,3,2024-11-03,Sonstiges,App,False,False
808,19565,12,2025-12-19,Wettbewerber,App,True,True
809,5744,3,2025-05-31,Preiserhöhung,App,True,False
810,13767,3,2025-04-21,Nicht mehr benötigt,Email,True,True
811,4495,3,2024-03-05,Umzug,Telefon,True,False
812,398,1,2024-05-30,Nicht mehr benötigt,App,True,True
813,10546,3,2024-08-19,Umzug,Email,True,False
814,7262,2,2023-06-12,Wettbewerber,App,False,False
815,12469,3,2023-10-10,Preiserhöhung,App,True,False
816,17097,3,2025-02-12,Preiserhöhung,App,True,False
817,14726,12,2024-01-28,Preiserhöhung,App,True,False
818,3648,2,2023-10-24,Nicht mehr benötigt,Brief,True,True
819,13545,3,2024-10-26,Umzug,Telefon,True,False
820,122,11,2024-03-05,Sonstiges,Telefon,True,False
821,14143,2,2023-08-09,Preiserhöhung,App,True,True
822,15164,2,2025-06-15,Wettbewerber,App,True,False
823,16792,1,2025-09-12,Sonstiges,Brief,True,False
824,15753,1,2025-02-12,Umzug,Telefon,True,False
825,10228,1,2023-06-09,Nicht mehr benötigt,Email,True,False
826,11802,1,2023-11-28,Umzug,Telefon,True,False
827,4863,3,2024-11-19,Unzufriedenheit,Telefon,False,False
828,10916,2,2025-09-16,Nicht mehr benötigt,Telefon,False,False
829,7772,1,2025-10-09,Nicht mehr benötigt,App,True,True
830,6923,2,2024-01-28,Preiserhöhung,Telefon,False,False
831,15,3,2025-10-08,Nicht mehr benötigt,Email,False,False
832,3989,3,2024-08-14,Umzug,App,True,True
833,11078,2,2025-01-16,Unzufriedenheit,Telefon,False,False
834,7423,3,2024-05-26,Preiserhöhung,App,True,False
835,18656,2,2025-07-03,Preiserhöhung,Telefon,False,False
836,15335,3,2025-05-06,Umzug,Email,False,False
837,16149,13,2023-08-12,Preiserhöhung,App,True,False
838,4327,2,2025-10-26,Preiserhöhung,Email,True,False
839,14455,1,2023-06-22,Umzug,Email,True,True
840,9550,2,2025-11-02,Preiserhöhung,Email,True,True
841,13795,3,2024-01-10,Umzug,Telefon,False,False
842,16107,2,2025-01-24,Umzug,Telefon,False,False
843,12493,1,2023-10-04,Umzug,App,True,False
844,18935,3,2023-10-19,Wettbewerber,App,True,False
845,17916,2,2024-06-30,Unzufriedenheit,Brief,True,False
846,7077,2,2024-11-02,Umzug,Telefon,False,False
847,10703,2,2023-10-03,Preiserhöhung,Email,False,False
848,18861,3,2025-09-28,Sonstiges,App,True,False
849,13431,2,2024-04-25,Sonstiges,Email,False,False
850,5579,2,2025-06-25,Preiserhöhung,Email,False,False
851,17936,1,2024-12-23,Umzug,Telefon,True,False
852,12715,1,2025-10-13,Unzufriedenheit,Email,True,False
853,5608,1,2024-07-04,Umzug,Brief,False,False
854,7830,3,2023-10-14,Preiserhöhung,App,True,False
855,10184,3,2023-07-23,Unzufriedenheit,Brief,True,True
856,4852,2,2024-11-29,Umzug,Brief,True,False
857,3763,3,2024-11-30,Preiserhöhung,Telefon,False,False
858,6374,1,2025-02-21,Wettbewerber,Telefon,False,False
859,5023,3,2025-06-06,Unzufriedenheit,Brief,True,False
860,6874,1,2025-08-06,Nicht mehr benötigt,Telefon,True,False
861,18622,1,2024-11-09,Preiserhöhung,Email,False,False
862,9263,3,2025-08-26,Umzug,Brief,False,False
863,11814,1,2025-06-16,Umzug,App,True,False
864,11712,2,2025-06-14,Wettbewerber,Telefon,False,False
865,6068,2,2023-10-16,Umzug,App,False,False
866,17399,3,2025-07-18,Nicht mehr benötigt,Email,True,False
867,16684,2,2025-09-04,Preiserhöhung,Brief,False,False
868,19768,2,2024-08-07,Preiserhöhung,App,True,True
869,17848,2,2025-06-29,Umzug,Email,True,False
870,14040,12,2025-03-18,Umzug,Email,False,False
871,9790,3,2024-06-24,Wettbewerber,App,True,False
872,535,1,2024-07-09,Umzug,Email,True,True
873,14889,12,2025-06-02,Preiserhöhung,Telefon,False,False
874,3989,2,2023-11-08,Preiserhöhung,Telefon,False,False
875,3453,12,2023-06-09,Sonstiges,App,True,False
876,18684,11,2024-04-10,Preiserhöhung,Telefon,True,False
877,4217,12,2025-10-30,Sonstiges,App,False,False
878,13259,2,2023-07-15,Nicht mehr benötigt,Brief,True,True
879,12378,13,2023-12-06,Wettbewerber,Email,True,False
880,1086,1,2024-08-14,Unzufriedenheit,App,False,False
881,19871,2,2025-04-03,Preiserhöhung,Telefon,True,False
882,2979,1,2023-05-04,Umzug,Email,False,False
883,12456,1,2025-11-19,Unzufriedenheit,Email,True,False
884,7413,2,2025-06-13,Umzug,Telefon,True,True
885,12096,4,2025-10-24,Umzug,App,False,False
886,14572,3,2024-05-13,Umzug,Email,True,False
887,7996,3,2025-05-12,Wettbewerber,Email,True,False
888,9009,15,2025-06-21,Preiserhöhung,Email,True,False
889,10037,3,2025-04-14,Unzufriedenheit,Email,False,False
890,18807,11,2023-04-21,Preiserhöhung,Email,True,False
891,19468,2,2023-08-30,Wettbewerber,App,True,True
892,18580,1,2023-09-08,Preiserhöhung,Telefon,True,False
893,6063,12,2024-07-28,Unzufriedenheit,Email,False,False
894,10802,2,2023-07-07,Nicht mehr benötigt,App,True,False
895,1717,12,2023-04-28,Nicht mehr benötigt,App,True,True
896,14885,1,2025-01-13,Nicht mehr benötigt,Telefon,True,True
897,3708,3,2024-10-01,Umzug,Telefon,True,False
898,12527,15,2024-08-09,Wettbewerber,App,True,True
899,11537,12,2025-05-23,Wettbewerber,Telefon,False,False
900,4971,1,2023-03-03,Preiserhöhung,Email,True,True
901,13200,1,2024-09-05,Umzug,App,True,True
902,17887,1,2023-10-06,Preiserhöhung,Email,True,False
903,15467,3,2025-08-16,Umzug,Email,False,False
904,1498,11,2025-05-10,Wettbewerber,Brief,False,False
905,1514,2,2023-04-29,Preiserhöhung,Email,True,False
906,17984,3,2025-06-27,Umzug,Email,False,False
907,12683,1,2024-12-09,Unzufriedenheit,Email,True,False
908,18950,3,2025-03-19,Umzug,App,True,False
909,12412,2,2023-06-30,Wettbewerber,Email,False,False
910,1825,2,2023-12-04,Nicht mehr benötigt,Telefon,False,False
911,4120,11,2025-06-18,Umzug,Telefon,True,False
912,18997,3,2023-12-23,Unzufriedenheit,Email,True,False
913,9860,3,2024-04-19,Nicht mehr benötigt,Email,False,False
914,853,2,2023-11-03,Sonstiges,Email,False,False
915,16093,11,2024-08-13,Unzufriedenheit,Telefon,False,False
916,17024,2,2025-06-23,Wettbewerber,Telefon,True,False
917,4514,2,2024-09-30,Preiserhöhung,App,False,False
918,14929,3,2024-05-08,Wettbewerber,Email,True,False
919,7337,14,2025-03-28,Wettbewerber,Email,True,True
920,14291,5,2024-10-20,Preiserhöhung,Email,False,False
921,2218,3,2025-09-20,Preiserhöhung,Email,True,False
922,6027,1,2025-06-06,Umzug,Telefon,False,False
923,11432,2,2025-01-04,Wettbewerber,App,True,False
924,11037,2,2024-10-08,Wettbewerber,App,True,True
925,10163,1,2024-12-25,Umzug,App,True,True
926,12079,2,2024-09-14,Sonstiges,App,False,False
927,8922,14,2025-08-30,Nicht mehr benötigt,Telefon,False,False
928,2695,3,2023-03-11,Umzug,Telefon,True,False
929,10795,12,2023-05-04,Nicht mehr benötigt,App,True,True
930,13991,1,2025-04-20,Sonstiges,Email,True,False
931,994,5,2025-06-26,Wettbewerber,App,False,False
932,14765,3,2025-11-09,Nicht mehr benötigt,Telefon,True,False
933,4703,3,2024-07-10,Nicht mehr benötigt,App,False,False
934,13857,3,2024-03-06,Wettbewerber,Email,False,False
935,16520,14,2023-05-28,Unzufriedenheit,Email,True,False
936,11397,2,2023-04-26,Preiserhöhung,Telefon,True,False
937,7095,1,2024-06-10,Nicht mehr benötigt,App,False,False
938,15070,3,2024-06-22,Sonstiges,App,True,False
939,6433,3,2023-07-25,Sonstiges,Telefon,True,False
940,10511,11,2023-08-17,Nicht mehr benötigt,Email,True,False
941,11489,2,2023-11-16,Umzug,Email,False,False
942,8041,1,2024-11-06,Wettbewerber,Email,True,True
943,10392,1,2023-04-27,Umzug,Email,False,False
944,2145,11,2023-11-09,Umzug,Telefon,True,False
945,4815,1,2025-05-05,Preiserhöhung,Email,False,False
946,5513,14,2025-06-01,Umzug,Telefon,False,False
947,16670,4,2023-05-28,Preiserhöhung,App,False,False
948,15833,1,2025-07-16,Preiserhöhung,App,True,False
949,10502,2,2023-09-13,Umzug,Brief,True,True
950,9170,2,2025-10-08,Wettbewerber,App,True,False
951,19159,3,2024-08-23,Wettbewerber,Email,False,False
952,14999,1,2024-12-26,Unzufriedenheit,Telefon,True,False
953,8397,2,2025-10-30,Preiserhöhung,App,False,False
954,7994,1,2025-03-01,Preiserhöhung,Email,True,False
955,4910,3,2024-07-18,Umzug,App,True,True
956,5528,1,2024-05-16,Nicht mehr benötigt,Brief,False,False
957,12550,13,2023-04-27,Sonstiges,App,True,False
958,6709,12,2025-05-08,Umzug,Telefon,False,False
959,3397,3,2025-03-04,Wettbewerber,Email,True,False
960,13452,1,2023-06-12,Preiserhöhung,Telefon,False,False
961,2227,14,2024-11-28,Umzug,Email,False,False
962,19485,5,2025-11-04,Sonstiges,App,True,False
963,974,1,2024-05-12,Umzug,App,False,False
964,19232,11,2025-10-11,Preiserhöhung,Email,False,False
965,15525,15,2025-04-08,Preiserhöhung,Email,True,False
966,7928,3,2024-09-22,Preiserhöhung,Brief,True,False
967,2160,2,2025-07-27,Sonstiges,App,False,False
968,19715,3,2024-09-03,Sonstiges,Telefon,True,True
969,15743,1,2023-08-24,Unzufriedenheit,Telefon,True,False
970,17369,11,2025-07-06,Wettbewerber,Telefon,True,True
971,12884,2,2023-08-18,Wettbewerber,Email,False,False
972,18674,1,2023-05-31,Wettbewerber,Telefon,False,False
973,1823,3,2024-06-19,Sonstiges,Telefon,True,False
974,7204,2,2024-07-15,Preiserhöhung,Telefon,True,False
975,14564,3,2025-05-22,Umzug,Email,True,True
976,5266,1,2023-08-06,Preiserhöhung,Telefon,True,False
977,18854,2,2025-10-19,Umzug,Email,True,False
978,9300,2,2024-04-28,Unzufriedenheit,App,True,False
979,7816,2,2023-08-22,Wettbewerber,Email,True,False
980,18259,11,2023-09-13,Nicht mehr benötigt,Email,True,False
981,13371,3,2024-01-18,Sonstiges,Email,True,False
982,936,12,2023-10-09,Umzug,Email,False,False
983,10916,11,2023-06-11,Umzug,App,False,False
984,14106,1,2025-04-29,Unzufriedenheit,App,True,True
985,2801,14,2025-10-18,Sonstiges,Telefon,False,False
986,5414,1,2025-08-06,Preiserhöhung,Email,False,False
987,1242,1,2024-12-02,Unzufriedenheit,Email,False,False
988,13301,2,2025-02-25,Wettbewerber,App,True,False
989,12443,2,2025-01-04,Unzufriedenheit,Email,True,False
990,10741,1,2024-06-05,Preiserhöhung,Email,True,False
991,4643,2,2025-08-18,Umzug,App,True,False
992,1371,3,2025-08-20,Umzug,Telefon,False,False
993,9936,12,2024-12-17,Wettbewerber,Telefon,True,True
994,5698,3,2023-04-23,Umzug,Telefon,True,True
995,13020,1,2024-10-23,Preiserhöhung,Telefon,False,False
996,9382,12,2023-10-12,Wettbewerber,Telefon,False,False
997,19273,15,2025-09-22,Umzug,Brief,True,False
998,7757,1,2024-09-16,Unzufriedenheit,Email,True,False
999,5628,2,2023-01-09,Umzug,App,False,False
1000,5931,3,2024-11-23,Umzug,Telefon,True,False
1001,10011,3,2025-08-11,Wettbewerber,Email,True,False
1002,1399,3,2025-10-31,Wettbewerber,App,False,False
1003,14909,2,2023-06-17,Preiserhöhung,Email,True,False
1004,17587,2,2024-01-07,Preiserhöhung,Telefon,True,False
1005,6547,11,2025-04-17,Unzufriedenheit,App,True,True
1006,18331,3,2023-08-20,Unzufriedenheit,Email,True,False
1007,12925,3,2025-09-11,Wettbewerber,App,True,False
1008,3919,11,2023-01-06,Preiserhöhung,Telefon,True,False
1009,7657,4,2025-09-11,Umzug,App,True,False
1010,14224,3,2025-03-03,Wettbewerber,Email,True,False
1011,3580,3,2025-07-03,Unzufriedenheit,Telefon,True,False
1012,19717,4,2024-01-15,Preiserhöhung,Email,False,False
1013,5828,3,2023-09-11,Preiserhöhung,App,False,False
1014,11922,1,2025-12-08,Nicht mehr benötigt,Email,False,False
1015,175,1,2023-10-17,Preiserhöhung,Telefon,True,False
1016,13301,3,2024-06-21,Nicht mehr benötigt,Brief,True,False
1017,9646,3,2023-06-13,Umzug,Email,True,True
1018,17865,3,2023-10-10,Wettbewerber,Email,True,False
1019,4207,14,2024-11-17,Wettbewerber,Email,True,True
1020,12727,1,2023-10-27,Umzug,App,True,True
1021,5869,3,2024-09-11,Wettbewerber,Telefon,True,False
1022,6805,1,2024-06-22,Umzug,Email,False,False
1023,2530,2,2023-01-05,Umzug,Brief,True,False
1024,4809,1,2024-02-15,Umzug,Email,True,False
1025,12379,3,2023-09-17,Umzug,Telefon,True,False
1026,5563,12,2025-01-15,Preiserhöhung,App,False,False
1027,10062,2,2023-03-31,Sonstiges,Email,True,False
1028,3269,2,2023-07-05,Nicht mehr benötigt,Telefon,False,False
1029,12942,2,2025-05-23,Wettbewerber,Telefon,False,False
1030,5750,2,2023-12-02,Umzug,Email,True,True
1031,18004,1,2024-12-20,Unzufriedenheit,Telefon,True,False
1032,10192,1,2024-05-27,Sonstiges,Telefon,False,False
1033,9071,3,2025-02-07,Umzug,Email,False,False
1034,7622,3,2025-04-09,Wettbewerber,Telefon,True,False
1035,12565,1,2023-10-01,Preiserhöhung,App,True,True
1036,9119,3,2024-08-11,Wettbewerber,Email,True,True
1037,16591,3,2025-06-17,Wettbewerber,Telefon,True,False
1038,6747,1,2024-07-27,Umzug,Telefon,True,False
1039,5244,3,2023-07-26,Preiserhöhung,App,True,False
1040,9255,3,2023-07-18,Preiserhöhung,Brief,True,True
1041,9026,2,2024-02-03,Unzufriedenheit,Email,True,True
1042,6327,1,2025-01-25,Preiserhöhung,Email,True,False
1043,11274,12,2025-04-05,Nicht mehr benötigt,Telefon,True,False
1044,1365,3,2025-04-11,Unzufriedenheit,Telefon,False,False
1045,1564,2,2024-07-11,Preiserhöhung,Brief,True,False
1046,10285,1,2025-07-07,Umzug,Email,False,False
1047,4595,2,2025-03-26,Preiserhöhung,Brief,True,False
1048,3324,3,2024-04-06,Umzug,Email,False,False
1049,6651,2,2024-05-06,Wettbewerber,Email,False,False
1050,230,2,2023-04-01,Nicht mehr benötigt,Email,True,True
1051,3245,4,2025-08-02,Sonstiges,Telefon,True,False
1052,9837,3,2023-04-30,Wettbewerber,App,True,False
1053,12339,1,2025-03-04,Preiserhöhung,Email,False,False
1054,12032,1,2023-07-05,Wettbewerber,App,False,False
1055,148,1,2025-06-04,Preiserhöhung,Brief,True,True
1056,15010,1,2025-07-13,Nicht mehr benötigt,Email,True,False
1057,14300,3,2024-08-06,Umzug,Email,True,False
1058,16445,12,2025-08-09,Umzug,App,False,False
1059,2607,3,2024-08-06,Umzug,Email,False,False
1060,3240,1,2023-07-01,Umzug,Email,False,False
1061,8670,3,2025-05-19,Preiserhöhung,Telefon,True,False
1062,6457,3,2025-12-15,Preiserhöhung,Email,True,True
1063,4109,1,2023-05-18,Umzug,Telefon,True,False
1064,16019,1,2025-12-11,Umzug,App,True,False
1065,17428,1,2025-04-20,Wettbewerber,Telefon,True,True
1066,8872,4,2025-04-19,Umzug,Email,True,False
1067,19730,1,2024-11-24,Preiserhöhung,Telefon,False,False
1068,2115,2,2025-05-03,Unzufriedenheit,Telefon,False,False
1069,10283,1,2023-08-21,Umzug,Telefon,True,False
1070,5734,3,2024-04-02,Preiserhöhung,Brief,False,False
1071,6563,3,2023-12-26,Sonstiges,Telefon,True,False
1072,4584,12,2023-10-03,Nicht mehr benötigt,Email,True,True
1073,16161,2,2024-11-11,Umzug,App,False,False
1074,948,2,2025-02-09,Preiserhöhung,App,True,True
1075,9152,1,2024-12-28,Wettbewerber,Brief,True,False
1076,4023,1,2023-05-07,Wettbewerber,Email,True,False
1077,11978,1,2024-09-08,Unzufriedenheit,App,False,False
1078,9698,2,2023-09-03,Preiserhöhung,App,True,False
1079,16376,2,2025-02-18,Preiserhöhung,Email,True,True
1080,1366,2,2023-05-27,Sonstiges,Telefon,False,False
1081,9274,3,2023-07-08,Umzug,Email,True,False
1082,14307,3,2024-07-29,Preiserhöhung,Email,False,False
1083,1742,2,2023-02-11,Wettbewerber,Telefon,True,False
1084,18744,2,2023-09-20,Umzug,Email,False,False
1085,4281,2,2025-06-30,Umzug,Email,True,False
1086,1841,2,2024-09-13,Umzug,App,False,False
1087,134,3,2024-08-04,Sonstiges,App,True,True
1088,29,3,2023-12-15,Umzug,Email,True,False
1089,5619,2,2024-04-14,Nicht mehr benötigt,Brief,True,False
1090,15117,12,2025-06-27,Preiserhöhung,Brief,False,False
1091,12403,1,2024-08-14,Umzug,Email,True,True
1092,16383,1,2025-03-23,Wettbewerber,Email,False,False
1093,15258,12,2023-10-23,Unzufriedenheit,App,True,False
1094,10128,12,2025-05-23,Unzufriedenheit,Telefon,True,False
1095,3956,1,2025-11-15,Sonstiges,Telefon,False,False
1096,17473,1,2024-09-21,Umzug,Brief,True,True
1097,12837,2,2023-05-13,Nicht mehr benötigt,Email,True,False
1098,19767,11,2024-06-08,Umzug,Email,False,False
1099,13617,3,2023-01-05,Wettbewerber,Brief,False,False
1100,3748,14,2023-05-13,Preiserhöhung,Telefon,True,False
1101,19998,3,2023-08-18,Preiserhöhung,Email,False,False
1102,2061,4,2024-12-19,Preiserhöhung,Brief,False,False
1103,13796,3,2025-07-01,Umzug,Email,True,False
1104,12443,14,2023-07-01,Preiserhöhung,Email,True,False
1105,13313,11,2023-12-24,Umzug,App,False,False
1106,13282,1,2023-08-26,Nicht mehr benötigt,Brief,True,True
1107,16611,12,2025-03-30,Wettbewerber,Email,True,True
1108,8335,3,2024-07-21,Sonstiges,Brief,False,False
1109,18495,1,2025-02-03,Umzug,Email,False,False
1110,7629,2,2023-10-04,Wettbewerber,Brief,False,False
1111,1294,1,2025-10-03,Sonstiges,App,True,False
1112,15762,3,2024-05-21,Wettbewerber,App,True,False
1113,19998,2,2023-06-19,Unzufriedenheit,Brief,False,False
1114,12901,13,2025-10-26,Wettbewerber,Email,True,False
1115,13889,2,2025-09-08,Umzug,Email,True,False
1116,1628,5,2025-12-27,Unzufriedenheit,App,True,False
1117,13593,3,2025-01-26,Umzug,Telefon,False,False
1118,15891,1,2024-07-23,Preiserhöhung,App,False,False
1119,16685,14,2024-09-06,Umzug,Telefon,True,False
1120,10832,12,2023-12-14,Wettbewerber,Telefon,False,False
1121,15988,12,2023-05-10,Wettbewerber,Telefon,True,True
1122,5006,3,2023-10-03,Wettbewerber,Telefon,True,False
1123,13150,3,2023-05-03,Preiserhöhung,Email,True,False
1124,17013,1,2023-12-07,Preiserhöhung,Telefon,True,True
1125,2994,1,2023-05-08,Wettbewerber,App,False,False
1126,8575,3,2025-07-03,Umzug,Brief,True,False
1127,17728,11,2023-10-27,Unzufriedenheit,Telefon,False,False
1128,13904,1,2025-07-30,Preiserhöhung,Brief,False,False
1129,15179,15,2024-04-01,Preiserhöhung,Email,True,False
1130,5137,1,2025-09-20,Wettbewerber,Email,False,False
1131,4189,1,2025-01-08,Preiserhöhung,Brief,False,False
1132,10343,4,2023-11-25,Umzug,Telefon,False,False
1133,7593,2,2024-04-20,Wettbewerber,Email,False,False
1134,16161,3,2024-01-29,Umzug,Brief,False,False
1135,10620,1,2023-07-09,Umzug,Email,True,False
1136,10619,3,2024-05-14,Wettbewerber,Telefon,False,False
1137,18524,2,2025-05-31,Preiserhöhung,Email,True,True
1138,3784,2,2024-06-23,Preiserhöhung,Telefon,False,False
1139,12743,1,2024-01-10,Nicht mehr benötigt,Email,True,False
1140,9307,3,2024-01-23,Wettbewerber,Telefon,True,True
1141,8649,2,2024-10-30,Umzug,Email,True,False
1142,1503,3,2025-03-20,Wettbewerber,Email,False,False
1143,6534,1,2025-02-25,Wettbewerber,App,True,False
1144,6994,3,2025-08-18,Preiserhöhung,App,True,False
1145,4710,11,2024-05-09,Wettbewerber,App,True,False
1146,13348,1,2024-05-05,Nicht mehr benötigt,Brief,True,False
1147,4601,1,2024-06-08,Nicht mehr benötigt,App,False,False
1148,14755,5,2025-10-08,Wettbewerber,Brief,True,False
1149,5095,1,2025-12-21,Umzug,Telefon,True,False
1150,4402,3,2023-10-14,Unzufriedenheit,Telefon,False,False
1151,268,2,2024-12-22,Umzug,Telefon,False,False
1152,71,3,2024-11-27,Unzufriedenheit,Brief,True,False
1153,2360,2,2025-06-13,Unzufriedenheit,App,True,False
1154,7120,1,2025-03-26,Wettbewerber,Email,True,True
1155,15879,1,2023-06-04,Umzug,Email,False,False
1156,3360,3,2024-05-24,Umzug,App,False,False
1157,1948,1,2024-05-29,Sonstiges,Email,True,True
1158,6265,1,2025-05-03,Umzug,Telefon,True,False
1159,5364,11,2025-11-24,Umzug,Brief,False,False
1160,8564,1,2023-04-25,Umzug,App,True,False
1161,18500,13,2023-03-05,Nicht mehr benötigt,Telefon,False,False
1162,10786,1,2025-03-07,Nicht mehr benötigt,Telefon,False,False
1163,16389,2,2025-11-18,Preiserhöhung,Brief,True,False
1164,19629,3,2024-06-30,Preiserhöhung,Telefon,True,True
1165,11081,3,2025-02-22,Umzug,Email,True,False
1166,8535,1,2025-12-14,Unzufriedenheit,Telefon,True,False
1167,5249,15,2024-04-14,Unzufriedenheit,Brief,True,True
1168,7536,1,2025-09-18,Wettbewerber,Email,False,False
1169,18655,3,2024-06-16,Unzufriedenheit,Telefon,False,False
1170,524,13,2025-01-20,Umzug,Email,True,True
1171,11026,3,2023-05-23,Umzug,Telefon,False,False
1172,8216,2,2023-06-08,Preiserhöhung,Email,True,False
1173,893,3,2023-11-05,Wettbewerber,App,True,False
1174,5423,1,2024-11-25,Unzufriedenheit,App,False,False
1175,4637,5,2025-08-08,Wettbewerber,Brief,False,False
1176,7127,1,2023-10-14,Nicht mehr benötigt,Telefon,True,False
1177,14892,5,2025-06-22,Wettbewerber,Telefon,True,False
1178,5623,2,2023-04-18,Preiserhöhung,App,True,True
1179,19035,2,2025-09-25,Umzug,Brief,False,False
1180,19816,3,2023-07-22,Unzufriedenheit,Email,False,False
1181,1981,1,2023-10-13,Wettbewerber,Telefon,True,False
1182,9322,11,2023-10-05,Preiserhöhung,Email,True,True
1183,16131,11,2024-03-15,Umzug,Email,True,False
1184,8498,11,2024-09-23,Preiserhöhung,Email,False,False
1185,7258,1,2025-05-31,Nicht mehr benötigt,Email,True,False
1186,340,1,2023-08-08,Unzufriedenheit,Brief,True,True
1187,3883,1,2024-07-17,Preiserhöhung,Telefon,True,False
1188,16233,2,2024-07-09,Preiserhöhung,App,False,False
1189,19620,2,2024-02-07,Preiserhöhung,Email,False,False
1190,2731,3,2024-04-05,Preiserhöhung,Telefon,True,True
1191,13904,3,2024-08-19,Preiserhöhung,Email,False,False
1192,1757,11,2024-08-31,Unzufriedenheit,Email,True,False
1193,12653,1,2023-11-22,Unzufriedenheit,Telefon,True,True
1194,1813,5,2023-03-02,Wettbewerber,App,True,False
1195,2425,3,2023-12-14,Nicht mehr benötigt,App,False,False
1196,18737,3,2023-11-10,Umzug,Telefon,True,True
1197,19222,2,2024-06-18,Umzug,App,True,False
1198,3139,1,2025-12-06,Wettbewerber,Email,False,False
1199,14642,3,2023-10-23,Umzug,Telefon,False,False
1200,10716,3,2025-06-09,Preiserhöhung,Email,True,False
1201,1419,4,2023-11-06,Preiserhöhung,Telefon,False,False
1202,15200,2,2025-06-22,Nicht mehr benötigt,App,True,False
1203,11231,1,2025-07-29,Preiserhöhung,App,False,False
1204,15929,2,2023-07-03,Preiserhöhung,App,False,False
1205,1351,2,2024-05-29,Unzufriedenheit,Email,True,False
1206,1990,2,2024-06-05,Sonstiges,App,False,False
1207,2466,3,2024-08-30,Sonstiges,Email,False,False
1208,15653,3,2025-11-05,Preiserhöhung,Email,True,False
1209,10284,2,2025-06-05,Nicht mehr benötigt,Email,False,False
1210,10252,2,2025-12-03,Preiserhöhung,App,True,False
1211,18403,3,2024-08-28,Umzug,Email,False,False
1212,10113,4,2024-12-20,Preiserhöhung,App,True,False
1213,11287,11,2024-03-09,Nicht mehr benötigt,Email,True,True
1214,17158,3,2023-06-14,Umzug,App,False,False
1215,6359,13,2025-10-20,Preiserhöhung,Telefon,True,False
1216,1601,13,2024-11-15,Wettbewerber,Telefon,True,True
1217,4739,1,2024-01-28,Umzug,App,True,True
1218,10251,13,2023-05-12,Umzug,Telefon,True,False
1219,18697,3,2024-10-28,Umzug,Email,False,False
1220,1824,1,2023-03-22,Preiserhöhung,Telefon,False,False
1221,7377,3,2023-06-15,Umzug,Email,True,False
1222,12398,2,2025-06-07,Wettbewerber,Telefon,True,False
1223,17881,3,2024-02-09,Unzufriedenheit,App,False,False
1224,13211,2,2023-07-23,Preiserhöhung,App,True,False
1225,16065,3,2023-08-09,Wettbewerber,Telefon,True,False
1226,7658,2,2025-08-21,Preiserhöhung,Telefon,True,False
1227,18810,2,2023-12-06,Umzug,Email,True,False
1228,4998,1,2025-10-15,Wettbewerber,Telefon,True,False
1229,9359,2,2024-09-26,Unzufriedenheit,App,True,False
1230,16357,14,2023-10-12,Unzufriedenheit,App,False,False
1231,16064,2,2024-05-21,Wettbewerber,Email,True,True
1232,15177,13,2023-01-31,Preiserhöhung,Email,True,False
1233,9341,2,2023-06-19,Sonstiges,Email,True,True
1234,939,1,2024-01-28,Umzug,Telefon,False,False
1235,5718,1,2024-09-02,Nicht mehr benötigt,Brief,False,False
1236,2595,3,2024-11-25,Unzufriedenheit,App,True,False
1237,1491,12,2024-07-26,Preiserhöhung,Telefon,False,False
1238,8396,5,2024-04-05,Umzug,Telefon,False,False
1239,10690,1,2025-02-20,Umzug,Telefon,True,False
1240,6033,2,2023-06-23,Preiserhöhung,Email,True,False
1241,16976,3,2024-09-14,Preiserhöhung,Email,False,False
1242,3962,12,2025-09-25,Wettbewerber,App,True,False
1243,1656,15,2023-02-16,Umzug,Email,False,False
1244,15996,1,2024-05-14,Umzug,Telefon,False,False
1245,18939,3,2024-09-24,Umzug,Telefon,False,False
1246,17941,3,2025-10-14,Sonstiges,Email,True,False
1247,19136,3,2024-10-13,Umzug,App,True,False
1248,9295,3,2025-08-26,Umzug,Email,True,False
1249,7656,3,2023-02-14,Wettbewerber,Email,True,False
1250,18691,2,2024-10-10,Wettbewerber,Telefon,True,False
1251,11509,1,2023-04-13,Nicht mehr benötigt,Email,False,False
1252,14350,12,2025-06-01,Umzug,Email,False,False
1253,19498,1,2025-06-04,Wettbewerber,App,True,False
1254,11763,2,2025-10-10,Umzug,Telefon,False,False
1255,6540,2,2025-11-22,Unzufriedenheit,App,False,False
1256,4239,3,2025-07-17,Preiserhöhung,Telefon,False,False
1257,16300,2,2023-06-12,Preiserhöhung,Email,True,False
1258,17796,2,2024-07-31,Preiserhöhung,Email,True,True
1259,1958,3,2024-04-30,Umzug,Telefon,True,False
1260,6593,2,2025-02-23,Unzufriedenheit,Email,False,False
1261,16743,2,2023-01-04,Nicht mehr benötigt,Telefon,True,False
1262,13602,4,2025-11-21,Umzug,Brief,True,False
1263,456,1,2023-10-17,Umzug,Email,True,False
1264,11987,1,2024-07-15,Umzug,App,False,False
1265,7867,13,2024-01-12,Preiserhöhung,Email,False,False
1266,6183,2,2025-07-07,Preiserhöhung,Email,True,False
1267,15080,3,2025-08-02,Unzufriedenheit,Telefon,False,False
1268,11655,1,2024-05-22,Umzug,Email,False,False
1269,18978,13,2025-06-18,Umzug,App,False,False
1270,1494,3,2025-07-25,Sonstiges,Email,False,False
1271,5404,2,2025-09-27,Nicht mehr benötigt,Email,True,False
1272,19939,13,2023-08-07,Umzug,App,True,True
1273,1697,2,2024-07-20,Wettbewerber,App,True,False
1274,6433,1,2023-05-21,Umzug,Telefon,False,False
1275,16011,3,2023-10-13,Preiserhöhung,Brief,False,False
1276,4092,2,2023-05-01,Umzug,Email,False,False
1277,4609,3,2023-11-15,Wettbewerber,Telefon,False,False
1278,5832,1,2025-08-12,Nicht mehr benötigt,Email,True,False
1279,6211,3,2024-12-29,Sonstiges,App,False,False
1280,10104,15,2025-08-19,Unzufriedenheit,App,False,False
1281,9580,1,2023-05-30,Wettbewerber,Telefon,True,False
1282,15153,1,2025-09-16,Nicht mehr benötigt,Telefon,False,False
1283,18048,11,2024-04-21,Preiserhöhung,Brief,True,False
1284,8021,1,2025-11-10,Wettbewerber,Telefon,True,False
1285,6258,3,2025-12-11,Unzufriedenheit,Brief,True,False
1286,16461,1,2024-06-03,Wettbewerber,Telefon,False,False
1287,4979,3,2025-09-04,Wettbewerber,Email,True,True
1288,13757,3,2025-09-20,Nicht mehr benötigt,Email,True,False
1289,16360,2,2023-02-20,Unzufriedenheit,App,True,False
1290,9211,15,2023-07-18,Unzufriedenheit,Email,False,False
1291,11525,3,2023-07-11,Nicht mehr benötigt,Email,False,False
1292,11795,3,2024-03-18,Wettbewerber,Telefon,True,False
1293,14277,11,2024-10-04,Nicht mehr benötigt,Email,True,False
1294,9851,4,2025-01-29,Umzug,Email,True,True
1295,11972,2,2024-10-11,Sonstiges,Telefon,False,False
1296,5817,1,2025-06-13,Umzug,Telefon,True,False
1297,18222,1,2024-02-26,Umzug,Email,False,False
1298,3426,12,2023-10-05,Umzug,App,True,False
1299,13207,3,2025-10-20,Preiserhöhung,Brief,False,False
1300,3401,1,2023-07-31,Preiserhöhung,Email,True,True
1301,12091,3,2024-09-27,Umzug,Telefon,False,False
1302,7260,3,2024-02-05,Preiserhöhung,Telefon,False,False
1303,14545,2,2024-09-16,Umzug,Email,True,True
1304,6195,2,2023-09-18,Preiserhöhung,Email,False,False
1305,4244,1,2024-03-13,Unzufriedenheit,App,False,False
1306,9194,2,2023-09-19,Sonstiges,Brief,True,False
1307,2641,3,2024-07-19,Wettbewerber,App,True,False
1308,3697,2,2023-04-07,Umzug,App,True,False
1309,9621,2,2024-06-18,Preiserhöhung,Email,True,True
1310,2156,15,2025-08-16,Preiserhöhung,Telefon,True,True
1311,17288,2,2024-03-23,Nicht mehr benötigt,Email,True,False
1312,108,2,2023-08-03,Sonstiges,Email,True,True
1313,18594,1,2024-03-07,Preiserhöhung,Email,True,False
1314,2053,4,2024-09-02,Sonstiges,Email,True,False
1315,1309,2,2025-06-01,Preiserhöhung,App,False,False
1316,19652,2,2023-02-26,Wettbewerber,App,True,False
1317,10255,2,2025-05-03,Umzug,Email,True,False
1318,7767,11,2025-06-02,Wettbewerber,Email,True,False
1319,19780,1,2024-07-27,Preiserhöhung,Telefon,False,False
1320,17809,15,2025-05-14,Preiserhöhung,Email,False,False
1321,2522,1,2025-11-11,Unzufriedenheit,App,True,True
1322,16952,1,2024-12-17,Umzug,Telefon,False,False
1323,2222,3,2023-11-27,Umzug,App,True,False
1324,13299,3,2023-07-15,Preiserhöhung,Brief,False,False
1325,14834,1,2024-08-07,Wettbewerber,Brief,True,True
1326,3005,1,2024-01-24,Unzufriedenheit,Email,False,False
1327,8882,1,2023-11-01,Preiserhöhung,Email,False,False
1328,13090,3,2025-04-21,Sonstiges,Email,False,False
1329,16826,11,2025-02-10,Umzug,App,True,True
1330,19419,1,2025-01-25,Nicht mehr benötigt,App,True,False
1331,14333,1,2025-06-25,Nicht mehr benötigt,Email,True,False
1332,2140,1,2024-07-20,Unzufriedenheit,Email,True,False
1333,4898,2,2024-05-08,Unzufriedenheit,Email,False,False
1334,14921,2,2023-09-20,Unzufriedenheit,Telefon,True,False
1335,4753,3,2023-07-04,Umzug,Telefon,True,False
1336,19938,1,2023-07-28,Umzug,Email,False,False
1337,16660,1,2025-12-16,Sonstiges,App,True,False
1338,16006,14,2025-03-26,Nicht mehr benötigt,Email,True,False
1339,12761,1,2024-09-05,Umzug,Email,False,False
1340,10888,13,2023-10-13,Umzug,Telefon,True,True
1341,17488,2,2024-09-27,Nicht mehr benötigt,Brief,True,False
1342,7286,12,2025-10-24,Nicht mehr benötigt,App,True,True
1343,17556,2,2024-06-24,Umzug,Email,True,False
1344,6046,1,2025-04-13,Umzug,Email,True,False
1345,9690,2,2024-11-13,Preiserhöhung,Email,False,False
1346,11005,3,2024-12-06,Unzufriedenheit,App,False,False
1347,6907,11,2025-09-08,Wettbewerber,App,False,False
1348,9070,3,2023-09-21,Sonstiges,Telefon,False,False
1349,19662,4,2024-02-06,Preiserhöhung,Email,False,False
1350,18391,3,2023-04-17,Sonstiges,App,True,False
1351,7995,1,2024-11-10,Preiserhöhung,Email,True,True
1352,1780,1,2025-01-18,Wettbewerber,Email,False,False
1353,12041,1,2025-11-17,Preiserhöhung,App,False,False
1354,18976,4,2025-09-22,Unzufriedenheit,Email,True,True
1355,14607,2,2023-03-10,Preiserhöhung,Email,False,False
1356,6501,3,2023-02-26,Unzufriedenheit,Telefon,True,True
1357,9283,2,2023-07-22,Umzug,Brief,False,False
1358,14392,3,2023-02-04,Nicht mehr benötigt,Brief,False,False
1359,4889,3,2024-05-12,Preiserhöhung,Telefon,True,False
1360,13437,1,2023-05-25,Nicht mehr benötigt,Brief,True,False
1361,5429,1,2025-03-18,Umzug,Telefon,True,True
1362,8937,1,2023-11-15,Wettbewerber,Email,True,False
1363,10031,12,2025-06-07,Unzufriedenheit,App,False,False
1364,5988,1,2023-08-25,Umzug,Email,True,True
1365,730,3,2024-09-16,Wettbewerber,App,False,False
1366,3147,1,2025-02-23,Nicht mehr benötigt,App,True,False
1367,15331,1,2025-07-10,Unzufriedenheit,Brief,True,False
1368,4345,3,2024-02-20,Unzufriedenheit,Telefon,False,False
1369,17394,2,2023-05-24,Preiserhöhung,Email,True,True
1370,19232,3,2025-06-18,Preiserhöhung,Email,False,False
1371,16942,1,2024-05-31,Unzufriedenheit,Telefon,False,False
1372,7724,3,2024-08-03,Wettbewerber,Email,True,False
1373,14457,14,2025-03-30,Unzufriedenheit,App,False,False
1374,13971,11,2025-08-25,Preiserhöhung,Telefon,True,True
1375,8898,3,2024-05-04,Sonstiges,App,True,True
1376,6245,5,2023-08-19,Preiserhöhung,Telefon,True,False
1377,19446,3,2024-11-03,Umzug,Email,False,False
1378,9531,2,2024-05-20,Preiserhöhung,Telefon,True,True
1379,12463,1,2023-10-13,Wettbewerber,Brief,True,False
1380,6496,3,2023-05-11,Nicht mehr benötigt,Email,False,False
1381,12069,3,2024-01-26,Preiserhöhung,Telefon,False,False
1382,16081,11,2025-12-05,Umzug,Email,True,False
1383,19757,1,2024-06-14,Preiserhöhung,Email,False,False
1384,8888,1,2024-10-31,Umzug,Email,True,False
1385,5674,3,2024-09-28,Nicht mehr benötigt,Email,True,False
1386,3767,12,2024-05-14,Nicht mehr benötigt,Email,False,False
1387,11690,14,2024-09-23,Wettbewerber,Telefon,True,False
1388,10578,3,2023-02-05,Nicht mehr benötigt,Telefon,True,False
1389,8837,3,2023-08-08,Wettbewerber,Email,True,False
1390,19306,11,2023-12-12,Unzufriedenheit,Email,True,False
1391,18069,12,2025-09-21,Sonstiges,App,False,False
1392,7925,13,2025-09-16,Umzug,Telefon,True,False
1393,1784,3,2025-11-28,Umzug,App,False,False
1394,8792,2,2023-05-15,Unzufriedenheit,Email,False,False
1395,17459,2,2025-02-25,Sonstiges,Telefon,False,False
1396,15285,2,2024-10-21,Umzug,App,False,False
1397,2229,1,2025-10-30,Preiserhöhung,Email,True,False
1398,5672,2,2023-07-06,Umzug,App,True,False
1399,9257,3,2025-05-30,Umzug,App,False,False
1400,9985,3,2023-01-09,Wettbewerber,Email,False,False
1401,310,1,2024-10-18,Unzufriedenheit,Telefon,False,False
1402,13258,3,2024-08-30,Preiserhöhung,App,False,False
1403,16542,1,2025-06-11,Wettbewerber,Brief,True,False
1404,18536,3,2023-12-11,Preiserhöhung,App,False,False
1405,6623,1,2025-05-08,Umzug,App,True,False
1406,14922,2,2024-03-03,Umzug,Email,True,False
1407,19693,2,2023-06-21,Preiserhöhung,Email,True,False
1408,3486,12,2024-09-07,Preiserhöhung,App,True,True
1409,17816,2,2025-06-17,Nicht mehr benötigt,App,True,True
1410,19325,11,2025-06-05,Nicht mehr benötigt,Brief,True,False
1411,16818,11,2025-04-05,Sonstiges,Email,True,False
1412,8449,3,2025-09-11,Nicht mehr benötigt,Email,True,False
1413,10709,2,2024-04-07,Umzug,Email,False,False
1414,12048,3,2023-09-17,Umzug,Email,False,False
1415,10437,13,2024-10-27,Wettbewerber,App,True,False
1416,18871,3,2024-11-04,Preiserhöhung,Email,False,False
1417,177,1,2025-05-07,Umzug,Telefon,True,False
1418,13832,1,2024-04-18,Wettbewerber,Telefon,True,False
1419,13991,5,2023-10-23,Preiserhöhung,Telefon,False,False
1420,19880,1,2024-01-01,Umzug,Telefon,True,False
1421,10299,2,2023-07-09,Unzufriedenheit,Email,True,False
1422,13072,1,2025-07-24,Preiserhöhung,App,False,False
1423,10978,1,2025-04-02,Sonstiges,Telefon,True,False
1424,7491,1,2025-10-12,Wettbewerber,Email,True,False
1425,15941,2,2023-02-14,Umzug,Telefon,False,False
1426,17162,15,2025-01-26,Umzug,App,True,False
1427,19684,2,2023-08-01,Wettbewerber,App,True,False
1428,9456,1,2025-01-21,Umzug,Email,False,False
1429,12641,2,2024-09-27,Wettbewerber,Email,True,True
1430,579,1,2025-05-07,Preiserhöhung,Brief,False,False
1431,18562,2,2023-01-02,Umzug,Telefon,True,False
1432,19559,13,2025-05-29,Nicht mehr benötigt,Telefon,False,False
1433,3457,3,2023-07-21,Nicht mehr benötigt,App,True,False
1434,2495,1,2023-04-02,Wettbewerber,Telefon,True,False
1435,10730,2,2024-01-26,Umzug,Brief,True,False
1436,2671,3,2024-05-29,Wettbewerber,Email,False,False
1437,11896,11,2023-11-21,Wettbewerber,Telefon,False,False
1438,16717,1,2024-09-18,Wettbewerber,Email,False,False
1439,12393,3,2024-08-15,Wettbewerber,Email,True,False
1440,10967,1,2024-02-29,Nicht mehr benötigt,App,False,False
1441,4234,3,2023-04-11,Preiserhöhung,App,False,False
1442,15011,3,2025-06-21,Nicht mehr benötigt,Telefon,True,True
1443,5931,2,2025-05-11,Sonstiges,Telefon,False,False
1444,738,3,2023-05-06,Wettbewerber,Telefon,True,False
1445,18352,3,2023-03-26,Unzufriedenheit,Telefon,True,False
1446,15871,3,2025-09-12,Umzug,Brief,True,False
1447,11982,5,2025-01-15,Unzufriedenheit,App,True,True
1448,11444,1,2023-07-02,Preiserhöhung,Email,True,False
1449,13603,2,2024-07-21,Umzug,App,False,False
1450,7670,1,2023-03-27,Preiserhöhung,Telefon,False,False
1451,2972,2,2024-04-12,Sonstiges,Email,True,False
1452,18515,11,2024-04-06,Preiserhöhung,Telefon,True,False
1453,10092,2,2023-04-14,Nicht mehr benötigt,Telefon,True,False
1454,3299,2,2023-05-21,Umzug,Email,True,False
1455,4773,2,2025-07-09,Preiserhöhung,Email,True,False
1456,19320,1,2024-09-15,Nicht mehr benötigt,App,True,False
1457,15891,2,2025-10-12,Umzug,Email,True,True
1458,3543,12,2023-04-21,Unzufriedenheit,App,True,False
1459,12190,11,2024-02-18,Sonstiges,Brief,True,True
1460,9208,2,2024-07-25,Wettbewerber,Brief,False,False
1461,19455,4,2025-04-28,Sonstiges,Telefon,False,False
1462,5054,15,2024-06-15,Sonstiges,App,True,False
1463,3877,5,2025-09-20,Nicht mehr benötigt,App,False,False
1464,7412,2,2025-05-13,Unzufriedenheit,App,True,False
1465,18160,1,2025-04-19,Preiserhöhung,Email,False,False
1466,15366,13,2025-04-01,Wettbewerber,Brief,True,False
1467,1631,1,2025-03-07,Preiserhöhung,Telefon,False,False
1468,2113,2,2025-10-27,Umzug,Email,True,False
1469,6053,1,2024-01-21,Wettbewerber,Email,False,False
1470,2398,2,2023-02-23,Umzug,Email,False,False
1471,4513,12,2023-05-23,Preiserhöhung,Email,True,False
1472,4737,1,2024-08-13,Wettbewerber,App,True,False
1473,15835,13,2024-10-01,Sonstiges,Email,True,False
1474,9618,2,2023-02-05,Wettbewerber,App,False,False
1475,6796,1,2024-09-22,Preiserhöhung,App,False,False
1476,2969,3,2023-05-29,Umzug,App,False,False
1477,2183,3,2023-10-24,Unzufriedenheit,App,True,True
1478,16737,3,2025-07-15,Wettbewerber,Email,True,False
1479,7971,2,2025-05-09,Umzug,Telefon,True,False
1480,7181,1,2025-09-20,Umzug,Email,False,False
1481,14598,2,2024-03-31,Umzug,Email,False,False
1482,12571,11,2023-10-14,Preiserhöhung,Telefon,False,False
1483,12621,3,2023-11-23,Umzug,App,True,False
1484,3930,4,2025-12-24,Preiserhöhung,Telefon,True,False
1485,15165,3,2024-04-23,Umzug,Brief,True,True
1486,5332,3,2024-03-15,Wettbewerber,Telefon,False,False
1487,4631,2,2024-06-18,Nicht mehr benötigt,Telefon,True,False
1488,6396,2,2023-06-23,Umzug,Telefon,False,False
1489,4209,1,2023-10-04,Umzug,Telefon,True,True
1490,7937,1,2023-09-14,Umzug,Email,True,False
1491,9643,1,2023-04-13,Nicht mehr benötigt,App,False,False
1492,14342,2,2025-08-04,Preiserhöhung,Email,True,False
1493,3096,2,2023-07-09,Unzufriedenheit,Email,True,False
1494,11934,2,2023-12-15,Umzug,Telefon,False,False
1495,16578,3,2025-07-31,Sonstiges,Email,True,False
1496,728,3,2023-02-28,Preiserhöhung,App,True,False
1497,14780,3,2023-06-14,Nicht mehr benötigt,Telefon,False,False
1498,2540,3,2023-03-06,Unzufriedenheit,Email,True,True
1499,6673,1,2025-10-18,Preiserhöhung,App,True,False
1500,2503,15,2025-02-12,Wettbewerber,App,True,False
1501,19211,2,2023-06-14,Unzufriedenheit,Email,False,False
1502,13765,3,2023-06-12,Umzug,Email,True,False
1503,17693,1,2024-06-17,Preiserhöhung,Brief,False,False
1504,8370,12,2023-12-22,Preiserhöhung,Brief,False,False
1505,13546,2,2024-08-19,Nicht mehr benötigt,Email,True,False
1506,10062,1,2023-08-25,Umzug,Email,False,False
1507,1174,1,2024-06-10,Umzug,Email,False,False
1508,2827,2,2023-06-25,Nicht mehr benötigt,Email,False,False
1509,6323,11,2025-12-15,Wettbewerber,Telefon,False,False
1510,5140,12,2024-06-19,Umzug,App,True,False
1511,19088,3,2024-08-28,Umzug,Email,True,False
1512,18078,12,2025-12-14,Sonstiges,Email,False,False
1513,1221,3,2023-09-26,Preiserhöhung,Telefon,False,False
1514,16267,1,2023-12-22,Umzug,App,False,False
1515,19128,1,2024-01-24,Preiserhöhung,Brief,True,False
1516,2088,2,2023-11-04,Wettbewerber,Brief,False,False
1517,13877,3,2024-11-26,Sonstiges,Email,False,False
1518,19808,2,2024-05-21,Unzufriedenheit,Brief,False,False
1519,5639,1,2025-04-16,Preiserhöhung,Email,True,True
1520,4393,11,2024-04-12,Unzufriedenheit,Email,True,False
1521,1632,5,2024-03-17,Preiserhöhung,App,True,False
1522,5777,3,2024-04-12,Preiserhöhung,Email,True,False
1523,7895,15,2023-06-19,Preiserhöhung,Email,True,False
1524,895,1,2024-07-14,Preiserhöhung,App,True,False
1525,4752,1,2023-01-03,Nicht mehr benötigt,Telefon,True,False
1526,19998,12,2024-06-06,Umzug,Brief,True,False
1527,10371,2,2025-03-25,Preiserhöhung,Email,True,True
1528,9277,3,2023-10-05,Preiserhöhung,App,True,False
1529,6160,1,2025-03-19,Umzug,Telefon,False,False
1530,6307,1,2024-08-04,Wettbewerber,Email,False,False
1531,17029,3,2024-02-15,Preiserhöhung,Brief,False,False
1532,13126,2,2024-08-08,Preiserhöhung,Email,False,False
1533,17376,2,2023-08-17,Umzug,Email,True,False
1534,1385,1,2024-01-01,Wettbewerber,Email,False,False
1535,9059,3,2023-04-15,Umzug,Email,False,False
1536,4030,11,2023-01-27,Unzufriedenheit,Email,True,False
1537,5590,2,2023-08-13,Umzug,Telefon,True,False
1538,11122,1,2025-10-06,Unzufriedenheit,App,False,False
1539,9938,3,2025-03-20,Wettbewerber,Email,False,False
1540,6497,2,2023-05-24,Umzug,App,False,False
1541,10374,2,2023-08-15,Preiserhöhung,App,False,False
1542,2830,2,2025-01-12,Preiserhöhung,Telefon,False,False
1543,16196,3,2024-09-10,Preiserhöhung,App,False,False
1544,14237,11,2024-06-26,Umzug,Brief,True,False
1545,18374,2,2024-12-11,Nicht mehr benötigt,Email,False,False
1546,7030,2,2025-05-10,Nicht mehr benötigt,Telefon,False,False
1547,2179,2,2025-05-27,Umzug,Email,True,False
1548,4569,1,2023-06-20,Preiserhöhung,Telefon,False,False
1549,8724,14,2023-02-08,Preiserhöhung,Telefon,True,False
1550,15362,2,2023-08-11,Umzug,Telefon,True,False
1551,18389,3,2023-04-27,Umzug,Email,True,True
1552,14759,2,2024-10-20,Nicht mehr benötigt,App,False,False
1553,19498,14,2023-02-23,Umzug,App,False,False
1554,6909,11,2025-04-06,Wettbewerber,Email,False,False
1555,14118,1,2023-04-11,Preiserhöhung,App,True,True
1556,575,11,2023-05-31,Wettbewerber,Email,True,False
1557,15150,1,2023-08-01,Umzug,App,True,False
1558,19149,1,2025-06-03,Nicht mehr benötigt,Email,True,False
1559,4820,2,2023-11-30,Umzug,Email,True,False
1560,7969,1,2023-12-03,Nicht mehr benötigt,App,False,False
1561,619,3,2023-08-12,Umzug,Telefon,True,False
1562,9587,2,2023-10-13,Preiserhöhung,Telefon,True,False
1563,12173,14,2024-06-23,Preiserhöhung,Email,True,False
1564,18377,1,2023-07-01,Nicht mehr benötigt,Brief,False,False
1565,6937,2,2025-10-14,Umzug,Telefon,True,False
1566,928,1,2024-05-21,Umzug,Email,True,False
1567,16300,12,2023-05-09,Sonstiges,Telefon,False,False
1568,19342,3,2025-03-30,Wettbewerber,App,False,False
1569,16414,2,2025-11-18,Umzug,Telefon,False,False
1570,10093,1,2025-03-24,Wettbewerber,Email,True,False
1571,3627,3,2024-01-29,Nicht mehr benötigt,Brief,True,True
1572,2378,14,2025-06-29,Umzug,Email,False,False
1573,10282,3,2023-12-22,Unzufriedenheit,Telefon,True,False
1574,5896,1,2025-11-22,Unzufriedenheit,Email,False,False
1575,16923,1,2024-08-19,Umzug,Email,True,False
1576,2219,1,2025-10-23,Umzug,App,True,True
1577,18788,1,2023-07-22,Preiserhöhung,Telefon,False,False
1578,12551,15,2023-05-24,Preiserhöhung,Telefon,True,False
1579,15553,1,2025-06-10,Umzug,Email,False,False
1580,14157,3,2023-05-05,Preiserhöhung,App,True,False
1581,3775,13,2024-06-27,Umzug,Telefon,False,False
1582,8725,3,2023-03-01,Preiserhöhung,Telefon,True,False
1583,2775,2,2024-09-22,Preiserhöhung,Brief,False,False
1584,10546,12,2025-06-02,Umzug,Telefon,True,False
1585,5704,3,2025-04-02,Preiserhöhung,Brief,True,False
1586,8928,3,2025-06-01,Umzug,App,True,True
1587,390,3,2024-10-23,Umzug,App,False,False
1588,9934,2,2023-09-21,Umzug,Email,False,False
1589,17374,5,2025-01-30,Preiserhöhung,Email,True,False
1590,19912,1,2024-09-01,Wettbewerber,Email,False,False
1591,15677,1,2023-01-02,Wettbewerber,Brief,True,True
1592,3205,15,2025-12-23,Unzufriedenheit,App,True,False
1593,9118,2,2025-08-01,Wettbewerber,Telefon,True,True
1594,2711,3,2024-06-24,Preiserhöhung,Email,True,False
1595,1378,3,2025-06-14,Preiserhöhung,Email,True,True
1596,12042,2,2025-02-19,Unzufriedenheit,App,False,False
1597,12688,3,2025-02-28,Umzug,App,False,False
1598,6708,3,2024-06-06,Wettbewerber,Telefon,True,False
1599,14817,12,2025-03-22,Wettbewerber,App,True,False
1600,19493,1,2024-05-19,Preiserhöhung,Email,True,False
1601,1075,12,2023-11-22,Sonstiges,Brief,True,False
1602,2128,11,2024-02-17,Sonstiges,App,True,False
1603,7453,1,2024-01-21,Wettbewerber,Telefon,False,False
1604,18230,11,2023-04-18,Sonstiges,Email,False,False
1605,13929,11,2023-07-18,Wettbewerber,Email,True,False
1606,12358,3,2023-01-18,Unzufriedenheit,App,False,False
1607,16595,11,2025-07-08,Umzug,Telefon,True,False
1608,19728,2,2023-12-29,Preiserhöhung,Telefon,True,False
1609,2395,3,2023-11-23,Unzufriedenheit,Brief,False,False
1610,2144,3,2024-10-29,Preiserhöhung,App,False,False
1611,3993,3,2024-04-22,Umzug,Telefon,False,False
1612,6661,2,2024-04-08,Sonstiges,Telefon,True,False
1613,7802,3,2023-06-21,Umzug,Email,True,True
1614,11588,1,2023-06-16,Umzug,Email,False,False
1615,10066,2,2024-07-17,Umzug,Email,True,False
1616,13390,2,2023-08-28,Wettbewerber,Brief,True,False
1617,15347,11,2025-12-09,Umzug,Email,False,False
1618,8695,2,2024-07-02,Sonstiges,App,True,False
1619,8919,14,2025-07-26,Umzug,Telefon,True,False
1620,10118,3,2025-04-09,Umzug,Telefon,False,False
1621,10047,4,2024-08-23,Wettbewerber,Telefon,False,False
1622,14201,4,2025-07-04,Umzug,Telefon,True,False
1623,14831,2,2025-05-20,Umzug,Telefon,True,False
1624,13012,1,2024-01-25,Preiserhöhung,App,True,False
1625,6197,3,2024-09-27,Wettbewerber,Brief,True,True
1626,3468,2,2024-06-16,Umzug,Email,False,False
1627,1405,1,2024-08-06,Wettbewerber,App,True,False
1628,17421,1,2025-05-02,Nicht mehr benötigt,App,True,False
1629,13422,1,2025-07-23,Umzug,Telefon,False,False
1630,18745,2,2025-08-07,Preiserhöhung,Telefon,False,False
1631,3676,2,2024-10-20,Umzug,Telefon,False,False
1632,10764,1,2025-06-01,Umzug,Email,True,False
1633,8939,1,2023-12-24,Wettbewerber,Email,False,False
1634,10032,3,2023-09-06,Preiserhöhung,App,True,False
1635,2703,1,2023-12-18,Unzufriedenheit,Brief,False,False
1636,19730,3,2023-08-29,Umzug,Brief,True,False
1637,5109,3,2025-09-27,Preiserhöhung,Telefon,True,False
1638,6833,1,2024-02-09,Preiserhöhung,App,False,False
1639,1236,2,2023-06-17,Umzug,Telefon,False,False
1640,2036,3,2023-04-10,Preiserhöhung,App,True,False
1641,12865,5,2023-05-06,Sonstiges,App,False,False
1642,2467,2,2025-01-31,Umzug,Telefon,True,False
1643,19483,14,2024-06-02,Umzug,Telefon,False,False
1644,9508,3,2024-02-06,Wettbewerber,Telefon,False,False
1645,17733,2,2023-05-15,Wettbewerber,Telefon,True,True
1646,8337,1,2025-02-23,Umzug,App,True,True
1647,15901,2,2024-05-08,Umzug,Telefon,True,True
1648,2865,12,2023-09-02,Umzug,App,False,False
1649,10690,3,2024-11-17,Wettbewerber,App,True,False
1650,17005,3,2024-06-21,Wettbewerber,Email,False,False
1651,10102,3,2023-04-25,Wettbewerber,Brief,True,False
1652,9146,1,2024-08-15,Preiserhöhung,Brief,True,False
1653,7730,13,2023-06-18,Preiserhöhung,App,False,False
1654,14585,3,2023-02-23,Preiserhöhung,App,True,True
1655,7976,1,2025-02-03,Umzug,Email,True,False
1656,8067,1,2024-04-15,Umzug,Email,True,False
1657,427,3,2024-08-17,Umzug,App,True,False
1658,19150,2,2023-04-09,Umzug,Telefon,True,False
1659,7347,1,2024-05-23,Umzug,Telefon,True,False
1660,2664,2,2024-04-13,Unzufriedenheit,Telefon,True,False
1661,10890,1,2023-11-12,Wettbewerber,Telefon,False,False
1662,13839,2,2023-10-15,Unzufriedenheit,Email,False,False
1663,19676,1,2023-05-17,Nicht mehr benötigt,Telefon,False,False
1664,10944,14,2023-06-10,Nicht mehr benötigt,Email,False,False
1665,18221,3,2025-06-04,Preiserhöhung,Brief,True,False
1666,17810,1,2024-04-23,Wettbewerber,Telefon,True,False
1667,5509,11,2024-01-26,Umzug,App,True,True
1668,17510,3,2023-12-23,Nicht mehr benötigt,Email,True,True
1669,35,3,2023-08-02,Wettbewerber,Telefon,False,False
1670,10676,2,2023-11-13,Preiserhöhung,Telefon,True,False
1671,3873,5,2025-05-16,Preiserhöhung,Telefon,True,False
1672,6720,3,2024-07-09,Wettbewerber,App,False,False
1673,8913,11,2025-10-10,Preiserhöhung,App,False,False
1674,8755,12,2024-08-29,Umzug,Email,True,False
1675,15239,13,2023-01-10,Wettbewerber,Email,False,False
1676,8708,1,2023-10-12,Wettbewerber,Email,True,True
1677,12278,3,2023-08-20,Wettbewerber,Telefon,True,True
1678,5126,3,2024-03-11,Sonstiges,Telefon,False,False
1679,13011,13,2024-01-19,Nicht mehr benötigt,App,False,False
1680,14888,11,2024-06-16,Wettbewerber,App,True,False
1681,5795,4,2024-09-11,Umzug,App,True,False
1682,1311,1,2023-04-01,Preiserhöhung,App,False,False
1683,16809,2,2024-12-06,Wettbewerber,App,True,True
1684,10042,1,2024-11-13,Nicht mehr benötigt,App,True,False
1685,7115,3,2023-09-18,Umzug,Email,False,False
1686,12064,11,2025-06-16,Preiserhöhung,Brief,False,False
1687,8766,2,2023-11-20,Wettbewerber,Email,False,False
1688,19870,1,2024-02-03,Umzug,Telefon,False,False
1689,15620,12,2023-03-29,Wettbewerber,Telefon,False,False
1690,17021,3,2024-01-03,Unzufriedenheit,App,True,False
1691,8382,12,2023-08-23,Unzufriedenheit,Telefon,True,False
1692,13708,1,2023-08-24,Preiserhöhung,Email,True,False
1693,18793,12,2023-04-21,Preiserhöhung,Telefon,True,False
1694,18789,1,2024-12-15,Nicht mehr benötigt,Email,True,False
1695,7806,3,2024-09-11,Umzug,Email,True,True
1696,7325,11,2025-03-03,Sonstiges,Email,False,False
1697,18979,1,2025-06-16,Preiserhöhung,Telefon,True,False
1698,1466,3,2024-10-15,Umzug,Brief,False,False
1699,14039,5,2023-01-29,Nicht mehr benötigt,Telefon,False,False
1700,18113,2,2023-02-24,Wettbewerber,Brief,True,False
1701,19303,3,2024-07-01,Sonstiges,Email,True,True
1702,18626,2,2023-02-04,Preiserhöhung,Brief,True,False
1703,16025,1,2025-09-28,Umzug,Email,True,False
1704,8457,3,2024-09-16,Wettbewerber,Brief,True,False
1705,7118,1,2025-05-05,Sonstiges,Email,False,False
1706,15210,2,2025-07-28,Umzug,Email,False,False
1707,3891,12,2025-03-27,Umzug,Email,False,False
1708,14539,2,2025-11-11,Preiserhöhung,App,True,True
1709,12085,3,2023-09-07,Umzug,Email,True,False
1710,18172,3,2025-09-25,Umzug,App,True,False
1711,11052,15,2025-05-03,Wettbewerber,App,False,False
1712,15437,3,2025-03-09,Nicht mehr benötigt,Email,True,False
1713,14568,2,2023-08-30,Sonstiges,App,True,False
1714,6955,1,2023-04-03,Unzufriedenheit,Email,False,False
1715,10651,1,2024-07-27,Preiserhöhung,Email,True,False
1716,299,1,2025-12-07,Sonstiges,Telefon,True,True
1717,1883,3,2023-03-02,Wettbewerber,App,False,False
1718,17463,3,2025-06-20,Wettbewerber,Email,True,False
1719,15068,11,2024-09-20,Nicht mehr benötigt,Email,True,True
1720,19577,2,2023-11-28,Wettbewerber,App,True,True
1721,19244,1,2025-06-13,Umzug,App,True,True
1722,10889,3,2025-06-17,Preiserhöhung,App,False,False
1723,494,2,2024-05-15,Wettbewerber,App,False,False
1724,11252,2,2023-09-24,Wettbewerber,App,False,False
1725,5095,2,2025-12-26,Preiserhöhung,Email,False,False
1726,17381,12,2024-07-07,Umzug,Email,True,False
1727,14150,3,2023-07-12,Preiserhöhung,Telefon,False,False
1728,9514,1,2023-12-20,Sonstiges,Telefon,True,True
1729,17941,4,2023-07-01,Wettbewerber,Email,True,False
1730,9852,12,2023-01-19,Unzufriedenheit,Email,False,False
1731,12522,12,2025-12-15,Nicht mehr benötigt,Email,True,False
1732,8824,2,2023-08-06,Preiserhöhung,Email,True,True
1733,3829,1,2025-08-02,Unzufriedenheit,Email,True,False
1734,4557,15,2024-06-02,Unzufriedenheit,Telefon,True,False
1735,1248,1,2024-11-23,Umzug,Brief,False,False
1736,18025,4,2025-09-05,Preiserhöhung,App,True,False
1737,10865,3,2023-12-10,Wettbewerber,App,False,False
1738,10259,2,2025-12-29,Umzug,Telefon,True,True
1739,13878,11,2025-04-14,Preiserhöhung,Email,False,False
1740,15191,11,2024-02-01,Umzug,Telefon,False,False
1741,7706,12,2024-12-20,Sonstiges,Email,False,False
1742,18601,2,2025-04-29,Wettbewerber,Email,True,False
1743,405,12,2023-06-29,Umzug,Email,False,False
1744,11168,11,2024-10-28,Wettbewerber,Email,True,True
1745,1616,5,2025-09-04,Umzug,Brief,False,False
1746,16766,14,2024-04-11,Umzug,Email,True,False
1747,18769,1,2024-04-21,Wettbewerber,Brief,True,False
1748,11762,14,2025-05-22,Unzufriedenheit,Email,False,False
1749,11350,2,2024-12-18,Nicht mehr benötigt,Email,False,False
1750,19555,12,2024-07-17,Umzug,Email,True,False
1751,6331,1,2024-11-27,Umzug,Email,False,False
1752,14696,2,2023-03-11,Sonstiges,Email,False,False
1753,8428,13,2025-05-24,Preiserhöhung,Email,True,True
1754,4697,1,2023-11-10,Sonstiges,Email,False,False
1755,16366,12,2023-02-05,Umzug,Telefon,True,False
1756,6538,2,2025-03-29,Wettbewerber,App,False,False
1757,10810,3,2023-09-11,Umzug,App,True,False
1758,9889,2,2023-02-24,Preiserhöhung,Brief,True,False
1759,4397,15,2025-04-26,Sonstiges,Telefon,True,False
1760,6522,3,2024-07-14,Preiserhöhung,Brief,True,False
1761,17831,1,2023-04-22,Wettbewerber,App,True,False
1762,6562,3,2024-02-14,Preiserhöhung,Email,True,True
1763,17916,1,2025-01-05,Unzufriedenheit,Telefon,False,False
1764,2693,2,2024-08-02,Sonstiges,App,False,False
1765,16600,3,2024-01-05,Preiserhöhung,Brief,False,False
1766,12540,3,2024-02-07,Nicht mehr benötigt,App,False,False
1767,7665,11,2023-05-21,Umzug,Telefon,True,False
1768,4887,11,2025-12-13,Nicht mehr benötigt,Brief,False,False
1769,18877,3,2025-04-17,Wettbewerber,Email,False,False
1770,1382,3,2025-06-16,Nicht mehr benötigt,Telefon,False,False
1771,17129,2,2024-12-27,Wettbewerber,Email,True,True
1772,15270,1,2024-10-05,Unzufriedenheit,Email,True,True
1773,3089,2,2025-11-14,Preiserhöhung,App,True,False
1774,9045,2,2024-08-21,Nicht mehr benötigt,Email,False,False
1775,3443,2,2024-05-07,Sonstiges,App,True,True
1776,8758,1,2024-06-22,Wettbewerber,App,True,False
1777,43,1,2025-10-15,Wettbewerber,App,False,False
1778,18204,3,2024-01-12,Wettbewerber,Telefon,False,False
1779,11100,3,2025-09-15,Preiserhöhung,App,True,True
1780,4228,14,2023-04-16,Wettbewerber,Email,True,True
1781,8124,2,2025-05-13,Wettbewerber,Brief,True,True
1782,10268,1,2025-10-26,Preiserhöhung,Telefon,True,False
1783,7923,1,2024-12-07,Sonstiges,Email,True,False
1784,13513,12,2024-04-24,Preiserhöhung,Telefon,False,False
1785,3771,1,2024-05-09,Unzufriedenheit,App,False,False
1786,5238,15,2023-06-30,Preiserhöhung,Telefon,False,False
1787,16454,3,2023-06-29,Umzug,App,False,False
1788,4770,5,2024-06-06,Wettbewerber,Email,True,False
1789,16995,3,2025-04-19,Preiserhöhung,Telefon,True,False
1790,3119,11,2024-10-10,Preiserhöhung,Telefon,False,False
1791,11716,2,2025-09-24,Unzufriedenheit,App,True,True
1792,14624,1,2023-01-13,Preiserhöhung,App,True,False
1793,19445,3,2023-07-02,Umzug,Telefon,True,True
1794,6404,1,2023-11-19,Unzufriedenheit,Telefon,False,False
1795,5971,2,2024-09-28,Nicht mehr benötigt,App,True,False
1796,651,3,2023-04-20,Umzug,Brief,True,False
1797,6406,4,2023-06-02,Umzug,App,True,False
1798,6842,11,2024-05-03,Umzug,Telefon,False,False
1799,15952,3,2023-05-05,Wettbewerber,App,False,False
1800,4854,3,2023-11-26,Umzug,App,False,False
1801,11323,1,2025-03-06,Preiserhöhung,Telefon,False,False
1802,7153,2,2024-04-17,Umzug,Telefon,True,False
1803,14966,3,2023-03-09,Sonstiges,App,True,False
1804,16462,3,2023-12-15,Wettbewerber,Telefon,True,False
1805,11648,3,2025-01-29,Umzug,App,False,False
1806,2768,12,2024-08-13,Umzug,App,False,False
1807,17978,12,2024-04-14,Wettbewerber,App,True,True
1808,10655,1,2023-09-13,Umzug,Telefon,True,False
1809,19331,3,2023-08-30,Wettbewerber,Email,False,False
1810,12391,3,2025-07-24,Umzug,Telefon,True,False
1811,2546,1,2024-04-14,Umzug,App,True,False
1812,10076,12,2023-08-05,Umzug,Email,True,False
1813,14035,2,2024-07-11,Preiserhöhung,App,True,False
1814,4975,2,2025-01-22,Wettbewerber,Telefon,True,False
1815,1985,1,2023-10-13,Preiserhöhung,Email,True,False
1816,5204,2,2024-10-30,Umzug,Telefon,True,False
1817,15499,2,2024-04-29,Nicht mehr benötigt,Telefon,True,False
1818,18014,11,2023-06-11,Umzug,Email,True,True
1819,18863,12,2024-01-27,Unzufriedenheit,App,True,True
1820,19601,2,2025-03-29,Preiserhöhung,Telefon,False,False
1821,9298,1,2023-05-17,Umzug,Email,False,False
1822,15232,1,2023-04-16,Umzug,App,True,True
1823,10223,2,2023-07-04,Sonstiges,Email,True,False
1824,1855,2,2025-11-16,Wettbewerber,Email,True,False
1825,12860,3,2023-10-28,Preiserhöhung,Telefon,True,False
1826,17183,3,2025-11-13,Unzufriedenheit,Telefon,True,True
1827,11788,14,2024-02-16,Sonstiges,App,False,False
1828,15113,1,2025-05-10,Umzug,App,False,False
1829,5164,1,2023-09-23,Sonstiges,Telefon,False,False
1830,15678,1,2024-03-08,Unzufriedenheit,Email,False,False
1831,14394,1,2024-02-01,Sonstiges,Email,True,False
1832,12970,3,2024-03-24,Umzug,Email,False,False
1833,8592,13,2023-07-10,Wettbewerber,Email,True,False
1834,17389,2,2024-08-30,Umzug,App,True,False
1835,17290,2,2024-01-21,Wettbewerber,Brief,True,True
1836,2794,2,2024-04-13,Preiserhöhung,Telefon,False,False
1837,2743,2,2024-01-09,Nicht mehr benötigt,App,True,False
1838,11048,4,2025-09-03,Wettbewerber,Telefon,False,False
1839,10352,3,2025-07-15,Umzug,Email,True,True
1840,6700,3,2023-02-10,Umzug,Telefon,True,False
1841,17616,1,2023-08-02,Wettbewerber,Email,True,False
1842,15317,1,2024-09-18,Nicht mehr benötigt,Email,False,False
1843,17119,1,2023-06-01,Umzug,App,True,False
1844,19125,2,2024-09-22,Umzug,Brief,True,False
1845,10178,2,2025-04-13,Umzug,Email,False,False
1846,12195,1,2024-10-07,Preiserhöhung,Telefon,False,False
1847,14392,2,2023-09-16,Umzug,Telefon,True,False
1848,7671,3,2024-06-29,Wettbewerber,Telefon,True,False
1849,7416,1,2023-04-06,Unzufriedenheit,App,True,True
1850,19800,2,2024-11-04,Umzug,Email,False,False
1851,10247,4,2025-12-11,Preiserhöhung,App,True,False
1852,17164,4,2025-01-17,Wettbewerber,Email,False,False
1853,5757,3,2023-11-22,Sonstiges,Telefon,True,False
1854,46,1,2023-10-08,Umzug,App,True,True
1855,12437,5,2025-02-18,Wettbewerber,App,True,False
1856,17248,2,2025-02-08,Umzug,Telefon,False,False
1857,9906,2,2025-05-27,Umzug,Telefon,True,False
1858,4051,3,2023-05-01,Unzufriedenheit,Email,False,False
1859,13415,11,2024-01-25,Nicht mehr benötigt,Email,False,False
1860,1523,2,2024-09-22,Unzufriedenheit,Email,False,False
1861,17312,2,2024-10-05,Unzufriedenheit,Telefon,True,False
1862,19775,2,2025-07-07,Wettbewerber,Telefon,True,False
1863,17821,2,2024-08-09,Sonstiges,Email,True,False
1864,12551,1,2024-11-10,Preiserhöhung,Email,True,False
1865,145,11,2024-08-27,Wettbewerber,Telefon,True,True
1866,10618,3,2023-01-04,Nicht mehr benötigt,Email,True,True
1867,3284,3,2025-04-25,Preiserhöhung,Email,False,False
1868,13533,12,2025-01-15,Sonstiges,Brief,True,False
1869,8909,5,2023-10-03,Wettbewerber,Email,False,False
1870,7767,2,2025-05-02,Unzufriedenheit,Telefon,True,True
1871,12242,1,2025-02-23,Nicht mehr benötigt,Email,False,False
1872,16551,3,2024-07-29,Preiserhöhung,Brief,False,False
1873,18147,3,2024-01-11,Nicht mehr benötigt,App,True,False
1874,10400,11,2024-10-06,Preiserhöhung,Telefon,False,False
1875,12115,2,2025-04-25,Unzufriedenheit,Email,True,False
1876,15950,12,2024-06-22,Umzug,Telefon,False,False
1877,12120,14,2024-06-07,Unzufriedenheit,Telefon,True,True
1878,11885,11,2025-07-08,Preiserhöhung,Email,False,False
1879,1488,3,2025-11-25,Preiserhöhung,App,True,True
1880,875,12,2023-05-09,Wettbewerber,Email,False,False
1881,1449,1,2024-10-26,Nicht mehr benötigt,Telefon,False,False
1882,18938,14,2023-04-18,Wettbewerber,Telefon,False,False
1883,19544,3,2025-12-30,Preiserhöhung,Brief,True,False
1884,12438,2,2023-01-17,Preiserhöhung,App,False,False
1885,15621,2,2024-05-24,Umzug,Email,False,False
1886,13334,2,2025-04-17,Nicht mehr benötigt,Email,False,False
1887,8637,1,2023-11-02,Wettbewerber,Telefon,True,False
1888,10903,3,2023-07-03,Preiserhöhung,Telefon,True,True
1889,7101,11,2025-10-08,Wettbewerber,Email,True,False
1890,2213,15,2023-07-13,Unzufriedenheit,Brief,False,False
1891,9316,1,2023-05-14,Sonstiges,Telefon,False,False
1892,19542,2,2024-09-04,Preiserhöhung,Email,True,False
1893,8453,3,2023-06-23,Unzufriedenheit,Telefon,True,False
1894,15814,1,2024-04-08,Sonstiges,Telefon,False,False
1895,6109,1,2024-04-24,Preiserhöhung,Email,True,True
1896,9420,1,2025-09-23,Sonstiges,Brief,True,False
1897,19403,2,2025-12-17,Wettbewerber,Email,False,False
1898,16909,2,2024-12-04,Nicht mehr benötigt,App,False,False
1899,11966,3,2025-08-26,Umzug,Telefon,False,False
1900,13661,3,2024-11-29,Umzug,Email,True,False
1901,104,2,2023-08-17,Umzug,Email,False,False
1902,7665,12,2025-07-02,Wettbewerber,Telefon,False,False
1903,8553,2,2025-04-05,Wettbewerber,Email,False,False
1904,4474,3,2023-08-23,Unzufriedenheit,Brief,False,False
1905,3871,2,2025-12-26,Umzug,App,True,True
1906,6901,2,2024-04-14,Preiserhöhung,Telefon,False,False
1907,17609,15,2024-10-01,Unzufriedenheit,Telefon,True,False
1908,2844,3,2025-02-03,Preiserhöhung,Brief,True,True
1909,7437,3,2023-05-10,Umzug,Telefon,True,False
1910,19377,11,2023-04-30,Preiserhöhung,Brief,False,False
1911,16622,11,2023-10-20,Nicht mehr benötigt,App,True,False
1912,3981,1,2024-04-19,Wettbewerber,Email,True,False
1913,13715,2,2025-05-29,Nicht mehr benötigt,Telefon,True,False
1914,7238,2,2024-09-18,Wettbewerber,Brief,True,False
1915,18369,14,2023-09-26,Preiserhöhung,Email,True,False
1916,10109,4,2023-06-04,Umzug,Email,True,False
1917,4304,15,2023-05-24,Umzug,App,False,False
1918,1717,2,2023-05-29,Nicht mehr benötigt,Brief,True,True
1919,7758,1,2023-07-08,Nicht mehr benötigt,App,True,True
1920,14555,1,2024-02-09,Wettbewerber,App,True,True
1921,8163,13,2023-11-14,Umzug,App,True,True
1922,19986,1,2025-08-08,Umzug,Email,True,False
1923,15983,1,2025-08-31,Unzufriedenheit,Telefon,True,False
1924,1943,3,2025-12-23,Preiserhöhung,Email,True,False
1925,11959,2,2023-05-02,Sonstiges,Telefon,False,False
1926,14747,12,2023-03-29,Wettbewerber,App,False,False
1927,4153,1,2024-07-27,Wettbewerber,Telefon,True,True
1928,3668,1,2025-09-09,Umzug,Telefon,True,False
1929,7125,2,2025-07-04,Preiserhöhung,Email,False,False
1930,11891,2,2025-06-27,Umzug,Email,True,False
1931,17749,1,2023-08-10,Preiserhöhung,Telefon,True,True
1932,257,3,2023-08-22,Umzug,App,True,False
1933,19200,15,2024-07-20,Umzug,App,False,False
1934,19557,1,2024-07-15,Nicht mehr benötigt,Email,False,False
1935,19314,14,2023-04-18,Nicht mehr benötigt,Email,False,False
1936,16363,1,2025-11-18,Nicht mehr benötigt,Telefon,False,False
1937,7887,12,2025-08-16,Unzufriedenheit,Email,False,False
1938,19100,14,2025-03-17,Sonstiges,App,False,False
1939,1314,11,2023-08-01,Umzug,Telefon,True,False
1940,9669,3,2025-09-26,Preiserhöhung,Brief,False,False
1941,4560,2,2024-08-12,Preiserhöhung,App,False,False
1942,6375,2,2024-07-05,Umzug,Telefon,False,False
1943,6728,3,2024-02-06,Umzug,App,False,False
1944,13488,1,2024-06-28,Sonstiges,Email,False,False
1945,4878,3,2025-07-08,Wettbewerber,App,True,False
1946,5105,1,2024-12-03,Wettbewerber,Email,True,False
1947,17673,11,2024-01-01,Umzug,App,True,False
1948,5114,15,2023-01-17,Umzug,Telefon,True,False
1949,13102,11,2023-10-02,Preiserhöhung,Email,True,False
1950,16344,2,2025-12-19,Wettbewerber,Telefon,True,True
1951,15305,5,2023-12-20,Preiserhöhung,Telefon,True,False
1952,13010,11,2023-12-18,Umzug,Telefon,False,False
1953,9111,14,2024-03-19,Nicht mehr benötigt,Brief,True,False
1954,3534,12,2024-09-23,Umzug,App,True,False
1955,487,2,2025-01-15,Preiserhöhung,Email,True,False
1956,14110,2,2023-03-04,Wettbewerber,Telefon,True,True
1957,2837,2,2025-06-21,Unzufriedenheit,Email,False,False
1958,11097,3,2024-05-20,Preiserhöhung,Telefon,False,False
1959,16850,1,2024-08-30,Preiserhöhung,Email,True,False
1960,1651,2,2023-04-17,Wettbewerber,Email,True,True
1961,17519,11,2023-11-17,Unzufriedenheit,Telefon,False,False
1962,12778,11,2023-05-08,Nicht mehr benötigt,App,True,False
1963,16113,3,2024-03-12,Umzug,Telefon,True,False
1964,10366,13,2024-05-28,Wettbewerber,Brief,True,True
1965,15727,1,2024-05-03,Sonstiges,App,False,False
1966,9062,2,2025-10-16,Umzug,Email,True,False
1967,609,1,2023-09-04,Unzufriedenheit,Telefon,True,True
1968,1746,3,2023-12-29,Umzug,Email,True,False
1969,5142,3,2024-05-08,Sonstiges,App,True,False
1970,1823,11,2024-01-12,Wettbewerber,App,False,False
1971,2447,1,2023-12-01,Preiserhöhung,App,True,False
1972,5794,3,2025-12-19,Preiserhöhung,Email,True,True
1973,1942,2,2023-12-31,Umzug,Email,False,False
1974,12549,3,2025-01-23,Umzug,App,True,False
1975,1094,3,2024-05-21,Wettbewerber,Email,True,False
1976,7727,2,2024-08-26,Umzug,Email,True,False
1977,3013,3,2024-01-18,Wettbewerber,Telefon,True,False
1978,14465,2,2024-11-20,Preiserhöhung,Telefon,False,False
1979,17450,1,2023-09-08,Umzug,Email,True,False
1980,17276,15,2023-07-10,Preiserhöhung,Email,False,False
1981,12334,3,2025-09-16,Preiserhöhung,Email,True,True
1982,13610,1,2025-05-31,Nicht mehr benötigt,Telefon,True,True
1983,9860,1,2025-07-17,Umzug,Telefon,True,True
1984,663,1,2024-04-13,Nicht mehr benötigt,Email,True,False
1985,18203,3,2024-09-19,Sonstiges,Telefon,True,False
1986,1471,2,2025-03-13,Preiserhöhung,Telefon,True,False
1987,6872,11,2025-11-17,Unzufriedenheit,Email,True,False
1988,9766,1,2025-03-14,Preiserhöhung,App,True,True
1989,9589,1,2024-01-02,Wettbewerber,App,False,False
1990,18607,3,2024-11-23,Umzug,Email,False,False
1991,5903,2,2025-08-23,Umzug,Telefon,True,True
1992,18258,5,2025-10-25,Preiserhöhung,Brief,False,False
1993,6131,3,2024-06-03,Umzug,Brief,False,False
1994,1923,1,2024-08-12,Nicht mehr benötigt,Telefon,False,False
1995,7253,3,2024-01-25,Umzug,Email,False,False
1996,18355,1,2024-11-08,Wettbewerber,Brief,False,False
1997,5152,3,2024-10-09,Nicht mehr benötigt,Email,False,False
1998,16609,1,2024-01-15,Wettbewerber,App,True,False
1999,2007,11,2023-07-28,Umzug,Telefon,False,False
2000,13378,3,2025-08-13,Nicht mehr benötigt,Email,True,False
2001,12022,3,2025-04-14,Wettbewerber,Email,False,False
2002,1250,3,2024-09-13,Umzug,Telefon,True,False
2003,16045,2,2024-05-01,Umzug,Telefon,False,False
2004,6659,4,2025-08-21,Unzufriedenheit,Brief,True,False
2005,6553,3,2025-11-07,Nicht mehr benötigt,Telefon,False,False
2006,14282,3,2023-03-30,Umzug,Email,False,False
2007,2658,2,2025-09-13,Nicht mehr benötigt,App,True,False
2008,243,3,2024-03-04,Wettbewerber,Email,True,False
2009,718,13,2024-09-29,Preiserhöhung,Email,True,True
2010,13306,1,2023-10-10,Unzufriedenheit,Email,False,False
2011,11170,3,2024-08-22,Umzug,Telefon,True,False
2012,16502,3,2025-09-12,Wettbewerber,Email,True,False
2013,18857,3,2025-09-28,Unzufriedenheit,Email,True,True
2014,2081,1,2024-12-15,Umzug,Telefon,True,False
2015,354,15,2023-02-28,Unzufriedenheit,Email,True,False
2016,5187,2,2023-05-21,Nicht mehr benötigt,App,True,False
2017,16167,2,2023-01-10,Umzug,Email,False,False
2018,15443,3,2023-03-01,Nicht mehr benötigt,Telefon,True,True
2019,775,3,2024-07-18,Umzug,Email,True,False
2020,2627,2,2025-06-06,Nicht mehr benötigt,Email,True,False
2021,15021,3,2023-06-30,Wettbewerber,Telefon,False,False
2022,11145,15,2025-04-22,Sonstiges,Telefon,True,False
2023,13323,1,2025-10-06,Preiserhöhung,Telefon,True,False
2024,3663,3,2023-08-31,Umzug,Telefon,True,False
2025,18727,3,2025-05-29,Wettbewerber,Telefon,True,False
2026,6726,2,2023-08-09,Nicht mehr benötigt,Email,True,True
2027,15202,1,2025-04-10,Umzug,App,False,False
2028,16951,1,2025-07-04,Umzug,App,True,False
2029,9430,2,2024-12-02,Preiserhöhung,Email,True,False
2030,325,2,2025-11-20,Unzufriedenheit,Telefon,False,False
2031,5229,3,2023-02-12,Umzug,App,False,False
2032,6959,15,2023-05-23,Wettbewerber,Email,False,False
2033,7740,3,2024-09-02,Umzug,Telefon,True,False
2034,18443,3,2024-08-08,Wettbewerber,Email,True,False
2035,407,3,2025-11-23,Umzug,Telefon,False,False
2036,17955,3,2024-11-04,Preiserhöhung,App,True,False
2037,16901,14,2023-02-18,Wettbewerber,Telefon,True,False
2038,6281,2,2024-09-04,Unzufriedenheit,App,True,False
2039,5863,11,2023-04-24,Wettbewerber,Email,True,False
2040,18522,3,2025-04-26,Umzug,Telefon,True,False
2041,6576,1,2025-07-24,Unzufriedenheit,Brief,False,False
2042,10408,11,2024-04-20,Wettbewerber,Email,True,False
2043,18243,2,2025-05-30,Preiserhöhung,Telefon,False,False
2044,18039,11,2025-05-12,Nicht mehr benötigt,Telefon,True,True
2045,11634,1,2023-08-29,Unzufriedenheit,Email,False,False
2046,17842,2,2023-02-13,Umzug,App,False,False
2047,9354,3,2023-03-05,Wettbewerber,Telefon,True,False
2048,4749,1,2025-12-09,Umzug,Brief,True,True
2049,10479,1,2023-07-11,Wettbewerber,App,False,False
2050,4383,1,2024-10-30,Wettbewerber,Email,False,False
2051,3811,15,2024-08-20,Umzug,Email,False,False
2052,962,2,2025-06-14,Umzug,Email,False,False
2053,9605,4,2025-10-18,Wettbewerber,Email,False,False
2054,15710,3,2025-09-24,Umzug,Brief,False,False
2055,1858,2,2024-09-23,Umzug,App,True,False
2056,14790,1,2024-06-12,Umzug,Telefon,True,True
2057,6102,2,2024-04-02,Umzug,Email,True,False
2058,12361,14,2025-06-23,Nicht mehr benötigt,Email,True,True
2059,1145,12,2025-07-11,Nicht mehr benötigt,App,False,False
2060,5332,14,2023-10-03,Unzufriedenheit,Brief,False,False
2061,7966,5,2025-07-14,Wettbewerber,Email,True,False
2062,18966,3,2023-12-22,Umzug,App,True,False
2063,8111,2,2025-07-23,Umzug,Telefon,True,False
2064,12131,2,2024-08-07,Unzufriedenheit,App,True,False
2065,3405,3,2025-09-19,Unzufriedenheit,Brief,False,False
2066,4545,2,2023-04-15,Preiserhöhung,Email,True,True
2067,5157,14,2025-03-18,Nicht mehr benötigt,Email,True,False
2068,14512,1,2023-04-14,Sonstiges,App,True,False
2069,16466,3,2024-04-02,Unzufriedenheit,Email,True,True
2070,12145,2,2025-05-29,Wettbewerber,Email,True,False
2071,2680,2,2024-12-23,Umzug,Email,False,False
2072,5887,12,2023-11-26,Wettbewerber,Email,False,False
2073,15270,15,2023-08-01,Wettbewerber,Email,True,False
2074,2450,2,2024-09-15,Wettbewerber,Telefon,True,False
2075,6455,2,2025-06-23,Wettbewerber,Email,True,False
2076,5206,5,2025-07-16,Preiserhöhung,App,False,False
2077,12919,1,2023-02-23,Umzug,Email,False,False
2078,12651,2,2025-10-16,Wettbewerber,App,False,False
2079,10858,12,2025-10-04,Umzug,Telefon,True,False
2080,6095,1,2024-10-13,Preiserhöhung,Telefon,True,False
2081,13052,2,2024-07-27,Unzufriedenheit,Telefon,False,False
2082,18765,2,2023-07-30,Sonstiges,App,True,False
2083,9953,14,2025-07-01,Preiserhöhung,Telefon,False,False
2084,8791,1,2024-10-07,Nicht mehr benötigt,App,False,False
2085,3433,14,2024-05-29,Preiserhöhung,Telefon,True,True
2086,9493,1,2025-04-15,Preiserhöhung,App,False,False
2087,14141,2,2023-08-31,Preiserhöhung,Email,False,False
2088,19416,13,2025-10-05,Nicht mehr benötigt,Email,True,True
2089,14800,1,2024-08-02,Wettbewerber,Email,True,False
2090,1352,15,2023-11-25,Preiserhöhung,Telefon,True,True
2091,5006,12,2024-05-16,Nicht mehr benötigt,Telefon,False,False
2092,15211,2,2024-08-23,Preiserhöhung,Telefon,False,False
2093,12999,3,2025-11-06,Umzug,Email,True,False
2094,11993,4,2024-02-13,Sonstiges,Email,True,False
2095,890,12,2025-11-21,Sonstiges,Email,True,False
2096,2720,1,2024-12-07,Sonstiges,Email,True,False
2097,5524,15,2023-06-05,Preiserhöhung,App,True,False
2098,716,2,2025-01-27,Unzufriedenheit,Email,False,False
2099,18831,12,2024-12-26,Unzufriedenheit,Telefon,True,False
2100,1427,3,2023-09-14,Umzug,Email,False,False
2101,19644,2,2023-09-24,Wettbewerber,Email,False,False
2102,1957,2,2024-06-12,Wettbewerber,Brief,False,False
2103,5783,3,2025-06-13,Unzufriedenheit,Telefon,False,False
2104,8316,3,2024-01-19,Wettbewerber,App,True,False
2105,14894,3,2024-09-12,Nicht mehr benötigt,Telefon,True,False
2106,16969,2,2023-03-29,Nicht mehr benötigt,Email,True,False
2107,8485,2,2025-10-13,Preiserhöhung,Email,True,False
2108,10197,11,2024-10-04,Umzug,App,True,True
2109,18998,1,2023-05-02,Unzufriedenheit,Telefon,False,False
2110,15545,13,2024-06-17,Unzufriedenheit,App,True,False
2111,13295,3,2024-03-12,Umzug,Email,False,False
2112,3486,5,2025-03-21,Wettbewerber,Telefon,True,False
2113,6727,3,2024-11-25,Wettbewerber,Email,False,False
2114,6841,14,2025-05-16,Umzug,Brief,False,False
2115,3269,5,2025-08-26,Preiserhöhung,Email,True,False
2116,14670,4,2025-01-05,Unzufriedenheit,Telefon,True,False
2117,18159,3,2024-03-17,Unzufriedenheit,Email,False,False
2118,1943,2,2024-01-20,Wettbewerber,Email,False,False
2119,15940,1,2025-08-04,Umzug,Email,False,False
2120,19335,3,2023-10-12,Nicht mehr benötigt,Telefon,True,False
2121,3209,3,2023-12-13,Wettbewerber,App,True,False
2122,4052,14,2023-08-28,Nicht mehr benötigt,Telefon,True,False
2123,1163,3,2024-05-14,Umzug,Brief,False,False
2124,12349,1,2023-10-05,Wettbewerber,App,True,False
2125,16320,2,2023-11-16,Unzufriedenheit,Email,False,False
2126,12120,1,2024-12-05,Wettbewerber,App,True,False
2127,16157,3,2024-02-17,Wettbewerber,App,False,False
2128,13523,2,2025-07-18,Umzug,Telefon,False,False
2129,18612,3,2023-11-19,Preiserhöhung,Email,True,True
2130,14321,1,2024-02-27,Sonstiges,Email,True,True
2131,12800,3,2024-08-11,Umzug,App,False,False
2132,6011,13,2025-05-13,Nicht mehr benötigt,App,True,False
2133,6571,1,2025-03-15,Preiserhöhung,Telefon,False,False
2134,6681,15,2024-04-27,Umzug,Email,True,True
2135,6348,5,2025-04-14,Wettbewerber,Email,True,False
2136,18461,2,2024-04-03,Unzufriedenheit,App,True,False
2137,6859,1,2025-01-05,Umzug,Email,True,False
2138,16169,3,2024-06-16,Nicht mehr benötigt,App,True,False
2139,934,11,2025-07-09,Umzug,App,False,False
2140,6599,12,2023-07-13,Preiserhöhung,App,True,False
2141,14504,2,2024-12-30,Wettbewerber,Telefon,True,False
2142,19429,3,2025-07-25,Preiserhöhung,Email,False,False
2143,18223,12,2025-10-04,Nicht mehr benötigt,App,True,True
2144,6815,1,2025-04-12,Sonstiges,Email,False,False
2145,7564,3,2023-07-04,Preiserhöhung,Email,True,False
2146,8970,12,2025-08-10,Nicht mehr benötigt,Email,True,False
2147,4980,3,2025-12-20,Nicht mehr benötigt,Email,False,False
2148,7487,11,2024-08-02,Preiserhöhung,Email,True,False
2149,6563,1,2023-09-09,Sonstiges,Brief,True,False
2150,2638,1,2025-07-16,Unzufriedenheit,Email,False,False
2151,3293,11,2025-02-08,Sonstiges,Email,False,False
2152,51,1,2025-05-04,Umzug,App,False,False
2153,8971,2,2025-04-02,Preiserhöhung,Email,True,False
2154,13573,11,2024-04-10,Preiserhöhung,Email,False,False
2155,18569,15,2025-08-20,Umzug,App,False,False
2156,8828,2,2023-10-14,Umzug,Telefon,True,False
2157,18637,1,2025-04-17,Umzug,Email,False,False
2158,12712,3,2024-01-05,Wettbewerber,Brief,False,False
2159,13511,2,2025-05-08,Wettbewerber,Email,False,False
2160,5908,2,2023-03-13,Umzug,App,False,False
2161,12412,4,2025-04-09,Wettbewerber,App,True,False
2162,14739,11,2023-01-18,Unzufriedenheit,Telefon,True,False
2163,12169,1,2024-11-14,Umzug,App,True,False
2164,12214,11,2023-03-15,Nicht mehr benötigt,Email,True,False
2165,17217,1,2024-03-02,Wettbewerber,App,True,True
2166,11189,3,2023-04-18,Wettbewerber,Telefon,True,True
2167,11124,2,2025-10-13,Preiserhöhung,Brief,False,False
2168,19670,13,2025-05-08,Nicht mehr benötigt,Brief,True,False
2169,4966,11,2025-03-05,Preiserhöhung,App,False,False
2170,10753,1,2024-11-07,Preiserhöhung,App,True,False
2171,16122,2,2025-11-26,Nicht mehr benötigt,Email,True,False
2172,16660,2,2024-05-21,Preiserhöhung,Telefon,False,False
2173,4826,1,2023-04-20,Wettbewerber,Telefon,True,False
2174,3388,3,2023-03-06,Umzug,Telefon,True,False
2175,10058,1,2025-01-05,Nicht mehr benötigt,App,True,False
2176,8249,3,2025-06-25,Preiserhöhung,App,True,False
2177,19327,2,2024-09-08,Sonstiges,Email,True,False
2178,2188,3,2024-07-07,Preiserhöhung,Email,True,True
2179,5154,2,2024-01-13,Umzug,Email,True,False
2180,10472,14,2025-06-22,Preiserhöhung,Telefon,True,False
2181,18192,2,2025-01-17,Umzug,Email,False,False
2182,17598,1,2024-05-22,Preiserhöhung,Email,True,True
2183,11597,3,2024-12-05,Nicht mehr benötigt,App,False,False
2184,1276,1,2025-10-03,Umzug,Email,True,False
2185,3158,12,2025-11-07,Umzug,Email,True,False
2186,2877,1,2023-12-10,Wettbewerber,Brief,True,False
2187,1491,2,2024-12-22,Wettbewerber,Telefon,True,False
2188,12258,1,2024-05-27,Umzug,Brief,False,False
2189,9336,3,2024-03-04,Sonstiges,Telefon,True,True
2190,18681,3,2024-09-12,Umzug,Telefon,False,False
2191,7961,4,2025-04-28,Unzufriedenheit,Email,True,False
2192,15221,2,2025-04-20,Nicht mehr benötigt,Email,True,True
2193,5958,1,2024-08-21,Wettbewerber,Telefon,False,False
2194,17524,3,2025-09-03,Wettbewerber,Email,False,False
2195,7018,15,2025-09-22,Wettbewerber,App,False,False
2196,15447,2,2024-04-06,Sonstiges,Brief,False,False
2197,4718,1,2025-07-22,Unzufriedenheit,Telefon,False,False
2198,12845,1,2024-02-14,Umzug,Brief,False,False
2199,11334,3,2025-03-09,Umzug,App,True,True
2200,11391,3,2025-06-14,Preiserhöhung,Email,False,False
2201,9714,2,2025-01-23,Umzug,Telefon,True,False
2202,15112,3,2023-04-28,Nicht mehr benötigt,Telefon,False,False
2203,3065,1,2023-09-16,Nicht mehr benötigt,Telefon,True,False
2204,4022,2,2023-06-16,Umzug,App,True,True
2205,17062,3,2023-04-11,Sonstiges,Brief,False,False
2206,1580,12,2025-05-13,Umzug,Telefon,True,False
2207,9615,11,2025-05-26,Preiserhöhung,Telefon,False,False
2208,9892,3,2023-02-28,Preiserhöhung,Email,True,False
2209,15329,12,2025-07-02,Nicht mehr benötigt,Telefon,True,False
2210,16760,1,2023-11-22,Umzug,Email,False,False
2211,2438,1,2024-06-24,Umzug,Email,True,False
2212,3664,1,2025-02-12,Umzug,Telefon,False,False
2213,19478,3,2023-08-10,Wettbewerber,Telefon,True,False
2214,2366,3,2024-08-25,Wettbewerber,Brief,True,False
2215,2940,2,2023-04-15,Unzufriedenheit,Telefon,True,False
2216,7174,2,2023-07-23,Wettbewerber,Brief,False,False
2217,5545,3,2024-01-02,Nicht mehr benötigt,Email,True,False
2218,10437,1,2023-05-25,Umzug,Brief,True,True
2219,281,3,2023-07-19,Umzug,App,False,False
2220,18038,1,2025-06-30,Preiserhöhung,Telefon,True,False
2221,589,1,2025-09-13,Unzufriedenheit,Telefon,True,False
2222,8954,2,2024-05-07,Wettbewerber,Email,True,True
2223,11964,13,2024-09-23,Unzufriedenheit,Telefon,True,False
2224,2468,12,2025-02-18,Preiserhöhung,App,True,True
2225,15511,5,2024-05-25,Wettbewerber,Telefon,True,False
2226,4263,3,2025-05-23,Wettbewerber,Telefon,False,False
2227,10969,1,2023-11-07,Sonstiges,Email,True,False
2228,11436,13,2025-01-24,Nicht mehr benötigt,App,True,False
2229,601,3,2025-06-07,Preiserhöhung,App,False,False
2230,11144,2,2025-04-15,Unzufriedenheit,Email,True,False
2231,14173,2,2025-10-22,Unzufriedenheit,Brief,False,False
2232,16119,3,2024-10-21,Preiserhöhung,Email,True,False
2233,19884,4,2024-04-26,Umzug,Brief,False,False
2234,7998,3,2025-01-18,Umzug,Email,True,False
2235,17530,12,2024-12-07,Umzug,Telefon,True,False
2236,18427,3,2025-10-22,Umzug,App,True,True
2237,15232,11,2025-05-26,Umzug,App,True,False
2238,15628,1,2024-04-09,Unzufriedenheit,App,False,False
2239,1698,2,2024-01-22,Umzug,Telefon,False,False
2240,18792,3,2023-06-30,Umzug,App,False,False
2241,13269,3,2025-06-07,Wettbewerber,App,True,True
2242,3064,3,2025-01-19,Sonstiges,Telefon,True,True
2243,585,2,2024-05-06,Wettbewerber,Telefon,True,False
2244,16219,1,2025-10-06,Umzug,App,False,False
2245,7854,1,2025-09-28,Preiserhöhung,Brief,False,False
2246,14194,11,2025-08-23,Nicht mehr benötigt,App,True,False
2247,5144,2,2024-08-01,Umzug,Email,True,True
2248,638,3,2023-12-28,Preiserhöhung,Telefon,False,False
2249,12965,4,2025-08-04,Preiserhöhung,App,False,False
2250,19250,2,2024-08-10,Sonstiges,Telefon,True,False
2251,4270,1,2025-12-06,Unzufriedenheit,Brief,True,False
2252,3781,11,2025-04-02,Preiserhöhung,App,False,False
2253,16167,1,2024-10-04,Umzug,Telefon,True,False
2254,8606,2,2023-12-30,Unzufriedenheit,Telefon,True,True
2255,17874,1,2025-10-07,Umzug,Email,True,True
2256,1596,2,2024-02-27,Unzufriedenheit,Email,True,True
2257,3107,3,2024-09-10,Umzug,Email,False,False
2258,6731,2,2023-06-02,Wettbewerber,Email,False,False
2259,11595,3,2025-09-20,Unzufriedenheit,Email,True,False
2260,9981,1,2023-06-01,Umzug,Email,True,False
2261,15867,3,2025-09-26,Nicht mehr benötigt,App,True,False
2262,4942,3,2025-05-11,Umzug,App,False,False
2263,11538,2,2023-05-06,Umzug,Email,True,False
2264,1217,1,2025-03-14,Umzug,Email,False,False
2265,4694,15,2023-12-12,Nicht mehr benötigt,App,True,False
2266,18876,1,2025-09-29,Unzufriedenheit,Telefon,False,False
2267,13288,1,2023-12-13,Preiserhöhung,Telefon,True,False
2268,3226,1,2023-11-28,Wettbewerber,Telefon,False,False
2269,14321,12,2024-04-15,Sonstiges,Email,False,False
2270,7801,2,2024-12-06,Unzufriedenheit,Email,False,False
2271,4238,2,2024-07-01,Wettbewerber,App,True,False
2272,10943,1,2024-07-12,Unzufriedenheit,App,False,False
2273,13382,3,2025-07-21,Preiserhöhung,Email,False,False
2274,12491,3,2025-06-23,Preiserhöhung,App,True,False
2275,6703,12,2025-03-16,Wettbewerber,App,False,False
2276,9570,3,2025-03-09,Wettbewerber,Email,True,True
2277,16371,2,2024-01-27,Sonstiges,Telefon,True,False
2278,10534,2,2025-08-13,Wettbewerber,App,True,True
2279,6369,1,2024-08-28,Wettbewerber,App,False,False
2280,8797,1,2025-03-15,Unzufriedenheit,Email,False,False
2281,8131,1,2023-10-23,Wettbewerber,Telefon,True,False
2282,8552,12,2023-12-14,Preiserhöhung,Telefon,False,False
2283,11231,12,2024-10-05,Preiserhöhung,Email,True,False
2284,2788,13,2025-03-30,Wettbewerber,App,True,True
2285,16693,3,2025-10-01,Umzug,Telefon,False,False
2286,750,11,2025-09-28,Umzug,App,True,False
2287,6359,3,2024-07-02,Preiserhöhung,Email,True,True
2288,9347,3,2023-01-22,Unzufriedenheit,Email,True,True
2289,14244,11,2024-06-01,Preiserhöhung,Email,True,False
2290,5905,2,2024-04-10,Umzug,Email,False,False
2291,1280,1,2025-04-10,Preiserhöhung,Email,True,True
2292,7077,3,2025-10-09,Umzug,App,True,False
2293,11247,1,2023-07-15,Umzug,Email,False,False
2294,6582,2,2023-05-10,Unzufriedenheit,App,True,True
2295,17503,12,2025-06-12,Wettbewerber,Email,False,False
2296,6504,2,2023-06-04,Umzug,Email,True,False
2297,19157,2,2024-09-18,Wettbewerber,Email,False,False
2298,19022,13,2025-05-18,Wettbewerber,App,False,False
2299,6195,1,2023-05-20,Wettbewerber,Telefon,False,False
2300,19104,3,2023-06-21,Unzufriedenheit,Email,True,False
2301,4796,1,2024-07-08,Umzug,Email,True,False
2302,16952,12,2023-12-12,Preiserhöhung,Email,True,False
2303,1191,1,2023-02-20,Nicht mehr benötigt,App,True,False
2304,11628,1,2024-12-05,Preiserhöhung,App,True,False
2305,7784,11,2024-10-05,Unzufriedenheit,App,True,True
2306,4935,3,2024-07-05,Nicht mehr benötigt,Email,True,False
2307,17271,3,2023-06-14,Wettbewerber,Email,True,False
2308,11950,12,2023-10-10,Preiserhöhung,Telefon,True,False
2309,10880,12,2025-07-21,Unzufriedenheit,Email,False,False
2310,15796,1,2023-06-26,Wettbewerber,Telefon,True,False
2311,2377,13,2023-05-18,Umzug,Email,True,False
2312,6001,3,2025-09-12,Wettbewerber,Telefon,False,False
2313,3952,12,2023-09-05,Umzug,Email,False,False
2314,9041,1,2024-04-13,Unzufriedenheit,App,True,False
2315,7752,3,2025-07-31,Umzug,Email,True,False
2316,12614,12,2023-09-27,Umzug,Email,False,False
2317,3747,13,2024-07-02,Umzug,App,True,False
2318,4497,12,2024-05-31,Umzug,Telefon,True,False
2319,5140,2,2023-09-05,Unzufriedenheit,Telefon,False,False
2320,16323,1,2023-10-08,Sonstiges,App,True,False
2321,18391,1,2024-03-28,Nicht mehr benötigt,App,True,False
2322,12099,11,2023-08-10,Umzug,Email,True,False
2323,9560,1,2025-04-10,Sonstiges,Brief,True,False
2324,18399,3,2025-11-09,Umzug,App,True,False
2325,14487,3,2024-08-08,Preiserhöhung,App,True,False
2326,8355,2,2023-12-18,Umzug,Telefon,False,False
2327,14155,1,2024-04-06,Sonstiges,App,True,False
2328,9566,11,2023-02-20,Unzufriedenheit,App,True,False
2329,1987,2,2023-08-14,Umzug,App,False,False
2330,12983,12,2024-04-17,Sonstiges,Brief,False,False
2331,8833,2,2024-04-29,Umzug,Email,True,False
2332,6177,12,2024-04-18,Umzug,Email,True,False
2333,1709,12,2023-09-17,Umzug,Email,True,False
2334,12713,3,2023-02-28,Umzug,Email,True,False
2335,3093,11,2023-12-20,Wettbewerber,Telefon,True,False
2336,10575,12,2025-12-13,Unzufriedenheit,Email,True,True
2337,14502,12,2024-10-30,Umzug,Email,True,False
2338,9654,12,2024-09-08,Wettbewerber,Email,False,False
2339,6564,2,2025-10-03,Wettbewerber,Telefon,True,False
2340,15215,1,2023-06-30,Preiserhöhung,Email,True,True
2341,11058,1,2025-08-15,Umzug,App,True,False
2342,3762,2,2024-06-03,Umzug,Email,True,False
2343,19971,1,2023-10-30,Umzug,Email,True,True
2344,2748,14,2024-06-08,Umzug,Telefon,False,False
2345,18035,14,2023-06-07,Umzug,Telefon,False,False
2346,2530,1,2023-12-09,Wettbewerber,Telefon,True,False
2347,1437,4,2025-04-29,Preiserhöhung,Telefon,True,False
2348,3153,12,2024-07-15,Unzufriedenheit,Email,False,False
2349,9972,3,2025-05-20,Preiserhöhung,App,True,False
2350,19653,2,2025-01-17,Wettbewerber,Telefon,True,False
2351,3996,13,2025-03-22,Wettbewerber,App,True,True
2352,5691,2,2025-11-15,Nicht mehr benötigt,Email,False,False
2353,6285,3,2024-02-11,Umzug,Telefon,True,False
2354,8972,3,2025-03-11,Umzug,Brief,False,False
2355,12963,3,2023-06-29,Umzug,Email,False,False
2356,2005,3,2025-04-14,Sonstiges,Telefon,True,False
2357,5588,11,2025-05-10,Unzufriedenheit,Telefon,True,False
2358,13722,1,2025-12-26,Sonstiges,Telefon,False,False
2359,18113,11,2023-02-03,Umzug,App,True,False
2360,946,1,2024-02-15,Sonstiges,Email,False,False
2361,10551,3,2025-06-27,Unzufriedenheit,Email,True,False
2362,9421,2,2023-08-07,Umzug,Email,False,False
2363,16332,15,2025-05-14,Wettbewerber,Email,True,False
2364,6541,13,2024-04-03,Preiserhöhung,App,True,True
2365,16653,14,2025-10-21,Nicht mehr benötigt,Telefon,True,False
2366,7757,2,2025-10-11,Wettbewerber,Brief,True,True
2367,17379,2,2023-04-04,Nicht mehr benötigt,App,True,False
2368,15883,3,2025-01-22,Umzug,Brief,False,False
2369,8869,11,2025-09-04,Preiserhöhung,Brief,True,False
2370,13285,11,2024-05-09,Preiserhöhung,App,True,False
2371,12961,12,2025-01-14,Sonstiges,Telefon,False,False
2372,13977,2,2023-12-28,Unzufriedenheit,Telefon,False,False
2373,807,1,2024-04-26,Nicht mehr benötigt,Email,True,True
2374,8881,3,2023-11-22,Preiserhöhung,Email,False,False
2375,1251,13,2024-08-26,Wettbewerber,Email,False,False
2376,18390,2,2025-08-11,Unzufriedenheit,App,True,True
2377,8933,3,2025-03-10,Preiserhöhung,Telefon,True,False
2378,17055,3,2024-05-31,Umzug,Telefon,True,False
2379,8030,3,2024-10-24,Wettbewerber,Email,True,False
2380,7709,1,2024-09-15,Wettbewerber,App,False,False
2381,4742,2,2023-07-07,Wettbewerber,App,True,False
2382,4117,1,2024-12-24,Umzug,App,False,False
2383,1046,1,2025-10-10,Umzug,Brief,True,False
2384,19367,2,2023-10-23,Umzug,Email,True,False
2385,9794,3,2024-07-02,Umzug,Telefon,True,True
2386,14855,3,2023-01-13,Preiserhöhung,Telefon,False,False
2387,11481,4,2025-01-25,Umzug,Email,False,False
2388,5468,1,2023-10-23,Preiserhöhung,Email,True,False
2389,9532,4,2025-10-28,Umzug,Email,False,False
2390,19970,1,2024-07-20,Unzufriedenheit,Brief,True,False
2391,7572,12,2024-11-11,Unzufriedenheit,Email,False,False
2392,5874,14,2023-06-23,Nicht mehr benötigt,Telefon,False,False
2393,9944,2,2024-06-03,Unzufriedenheit,Email,True,False
2394,11522,1,2025-12-08,Sonstiges,Email,True,False
2395,14247,2,2023-06-22,Umzug,App,True,False
2396,10659,3,2025-07-01,Unzufriedenheit,Email,False,False
2397,617,2,2024-09-11,Preiserhöhung,Brief,True,False
2398,19407,3,2023-02-14,Umzug,App,True,False
2399,10003,13,2024-09-22,Unzufriedenheit,Telefon,True,False
2400,9591,5,2023-02-04,Unzufriedenheit,Email,True,False
