survey_id,customer_key,survey_date,nps_score,category,comment
1,7270,2025-10-25,8,Kundenservice,
2,12062,2024-01-28,9,Preis-Leistung,Gutes Preis-Leistungs-Verhältnis
3,3265,2024-03-22,9,Installation,
4,5129,2025-06-01,5,Installation,Chaos bei der Installation
5,12357,2025-08-23,9,Kundenservice,Schnelle Hilfe erhalten
6,17137,2024-08-15,9,Preis-Leistung,Preis stimmt
7,16272,2024-05-05,7,Preis-Leistung,Preis ist okay
8,13082,2024-08-25,10,Preis-Leistung,Fairer Preis
9,15699,2024-07-20,10,Installation,Handwerker sehr professionell
10,108,2024-03-24,7,Produkt,Funktioniert wie erwartet
11,3550,2025-01-17,10,Produkt,Wallbox perfekt installiert
12,18156,2024-10-22,8,Installation,"War okay, nichts Besonderes"
13,19597,2025-03-29,0,Preis-Leistung,Zu teuer
14,594,2025-11-15,9,Kundenservice,
15,13563,2025-06-05,10,Produkt,
16,19908,2025-03-28,9,Kundenservice,
17,12639,2024-04-23,7,App & Digital,App stürzt manchmal ab
18,4455,2024-10-21,10,Installation,
19,13431,2025-12-10,7,Installation,Kleine Verzögerung
20,12056,2025-04-29,5,Gesamtzufriedenheit,Würde nicht erneut wählen
21,12639,2025-05-28,8,Gesamtzufriedenheit,
22,4193,2025-04-26,7,Preis-Leistung,Etwas teuer
23,5472,2024-12-22,9,Installation,
24,15667,2025-04-01,6,Produkt,Defekt nach kurzer Zeit
25,1417,2024-12-06,3,Produkt,Qualität mangelhaft
26,1390,2024-11-25,8,Gesamtzufriedenheit,Im Großen und Ganzen okay
27,17298,2024-10-03,7,Installation,Kleine Verzögerung
28,12210,2024-10-20,5,App & Digital,
29,9676,2024-05-14,8,Kundenservice,Musste mehrfach anrufen
30,3941,2025-02-19,5,Preis-Leistung,
31,9278,2025-09-27,8,Preis-Leistung,Preis ist okay
32,8738,2024-10-04,10,Kundenservice,Sehr freundliche Mitarbeiter
33,108,2025-10-26,8,Preis-Leistung,
34,16359,2025-02-27,9,Produkt,
35,13381,2024-03-31,3,Produkt,
36,16678,2025-06-14,10,Preis-Leistung,Fairer Preis
37,851,2024-12-12,9,Installation,
38,7877,2024-01-29,10,App & Digital,
39,138,2024-12-03,8,Preis-Leistung,Preis ist okay
40,9087,2024-10-19,10,Gesamtzufriedenheit,Kann ich nur weiterempfehlen
41,6402,2024-05-08,9,Installation,Termingerecht fertig
42,12194,2024-03-04,9,Preis-Leistung,Gutes Preis-Leistungs-Verhältnis
43,1769,2025-03-28,9,Kundenservice,Schnelle Hilfe erhalten
44,11493,2025-02-16,9,Kundenservice,Sehr freundliche Mitarbeiter
45,13571,2025-11-06,8,Preis-Leistung,
46,11046,2024-02-01,9,Kundenservice,
47,9531,2024-03-15,8,App & Digital,Funktioniert meistens
48,2583,2025-09-02,7,Gesamtzufriedenheit,
49,9630,2024-12-13,7,Preis-Leistung,
50,479,2025-12-05,7,Produkt,Funktioniert wie erwartet
51,12196,2025-04-12,9,Gesamtzufriedenheit,Kann ich nur weiterempfehlen
52,18453,2025-11-22,10,Preis-Leistung,Preis stimmt
53,5161,2025-07-23,8,Preis-Leistung,Etwas teuer
54,5018,2025-01-28,7,Kundenservice,
55,4233,2024-05-17,9,Installation,
56,5810,2025-03-17,8,Kundenservice,
57,11281,2025-01-17,7,App & Digital,
58,16960,2024-05-22,7,App & Digital,Funktioniert meistens
59,4454,2024-01-01,6,Preis-Leistung,
60,15138,2024-11-04,7,Preis-Leistung,
61,1831,2025-05-02,1,Preis-Leistung,Nicht transparent
62,6142,2025-04-29,7,App & Digital,
63,2896,2024-12-05,6,Gesamtzufriedenheit,
64,7495,2025-05-31,5,Kundenservice,Niemand erreichbar
65,2846,2025-06-03,9,App & Digital,
66,4666,2024-08-09,4,Gesamtzufriedenheit,Würde nicht erneut wählen
67,7549,2024-10-03,5,Produkt,
68,19819,2024-10-15,9,App & Digital,
69,7384,2024-10-25,10,Gesamtzufriedenheit,
70,6199,2024-03-31,9,Kundenservice,Problemlos gelöst
71,2909,2025-06-16,10,Kundenservice,Schnelle Hilfe erhalten
72,7581,2024-11-09,9,Preis-Leistung,
73,12622,2024-04-09,2,Gesamtzufriedenheit,
74,17890,2024-10-02,8,App & Digital,App stürzt manchmal ab
75,7458,2024-12-27,7,Preis-Leistung,
76,9123,2024-12-07,2,Produkt,Qualität mangelhaft
77,3711,2025-03-19,8,Preis-Leistung,Vergleichbar mit anderen
78,3367,2024-08-07,3,Gesamtzufriedenheit,
79,14694,2025-07-12,9,App & Digital,Verbrauch immer im Blick
80,19429,2025-09-27,1,App & Digital,Keine Echtzeit-Daten
81,8098,2024-11-29,7,Kundenservice,
82,6397,2024-05-23,7,Gesamtzufriedenheit,Nichts Besonderes
83,1407,2025-05-13,9,Gesamtzufriedenheit,Alles bestens
84,3932,2024-10-25,10,Installation,
85,2834,2024-12-12,6,Gesamtzufriedenheit,Bin enttäuscht
86,15780,2025-08-11,5,Preis-Leistung,
87,10045,2025-09-25,6,Preis-Leistung,
88,4406,2024-10-27,7,App & Digital,
89,4827,2025-04-15,10,Installation,Schnell und sauber
90,18089,2024-05-05,9,Gesamtzufriedenheit,Alles bestens
91,7979,2024-01-31,9,Produkt,
92,18264,2024-11-25,8,Preis-Leistung,
93,3638,2025-02-14,5,Produkt,Qualität mangelhaft
94,5940,2024-12-12,10,Gesamtzufriedenheit,
95,19203,2024-06-11,5,Gesamtzufriedenheit,Bin enttäuscht
96,4831,2024-07-10,7,Produkt,
97,10165,2025-10-13,9,Installation,Installation top organisiert
98,17301,2024-04-19,3,App & Digital,
99,16786,2024-10-31,7,Produkt,Funktioniert wie erwartet
100,1364,2025-08-29,6,Installation,
101,7450,2024-11-14,0,Installation,Unsaubere Arbeit
102,4960,2025-05-06,7,Produkt,
103,10889,2025-01-26,1,Kundenservice,Niemand erreichbar
104,7782,2024-07-15,9,Gesamtzufriedenheit,Sehr zufrieden mit EPOWER
105,15135,2025-04-23,9,Preis-Leistung,
106,2558,2024-06-22,9,App & Digital,Verbrauch immer im Blick
107,13106,2025-11-04,9,Gesamtzufriedenheit,
108,13648,2025-12-23,6,Preis-Leistung,Zu teuer
109,7783,2024-11-20,8,Kundenservice,
110,3335,2024-05-31,0,Gesamtzufriedenheit,
111,17193,2025-11-30,3,App & Digital,App nicht nutzbar
112,6762,2025-07-09,10,App & Digital,Einfache Bedienung
113,10848,2025-10-03,9,Produkt,
114,12758,2024-12-01,9,Installation,
115,17698,2025-08-13,9,Preis-Leistung,Gutes Preis-Leistungs-Verhältnis
116,909,2025-05-12,0,Gesamtzufriedenheit,Erwartungen nicht erfüllt
117,4062,2025-05-08,8,App & Digital,Design veraltet
118,13853,2024-08-15,9,Preis-Leistung,
119,15749,2024-12-03,9,Kundenservice,Schnelle Hilfe erhalten
120,7842,2025-12-12,8,Preis-Leistung,
121,18571,2024-12-29,10,Produkt,Wallbox perfekt installiert
122,4082,2024-08-06,9,App & Digital,
123,1005,2024-09-10,2,Kundenservice,Unfreundlich am Telefon
124,11357,2024-11-06,8,App & Digital,App stürzt manchmal ab
125,17074,2025-09-28,7,Gesamtzufriedenheit,Könnte besser sein
126,540,2024-07-03,9,Kundenservice,Schnelle Hilfe erhalten
127,964,2025-07-11,8,Preis-Leistung,Etwas teuer
128,19038,2025-02-26,8,Preis-Leistung,Preis ist okay
129,7141,2024-11-09,8,Kundenservice,Musste mehrfach anrufen
130,11929,2024-06-01,9,App & Digital,Verbrauch immer im Blick
131,2289,2024-10-27,7,Produkt,
132,3356,2024-10-01,8,Produkt,
133,13036,2025-10-05,9,Kundenservice,Problemlos gelöst
134,9588,2025-01-13,10,Installation,Schnell und sauber
135,1909,2025-08-12,7,App & Digital,Funktioniert meistens
136,16543,2024-05-08,10,Produkt,
137,3712,2024-07-31,3,Gesamtzufriedenheit,Erwartungen nicht erfüllt
138,17918,2024-09-13,9,App & Digital,Übersichtliches Portal
139,15356,2024-12-03,3,App & Digital,Keine Echtzeit-Daten
140,17276,2024-06-05,1,App & Digital,
141,2689,2024-06-12,6,Gesamtzufriedenheit,Schlechte Erfahrung
142,19112,2024-11-10,8,Produkt,Leistung könnte besser sein
143,17998,2024-03-02,8,Installation,Kleine Verzögerung
144,12102,2025-10-09,0,Gesamtzufriedenheit,Bin enttäuscht
145,18139,2025-10-10,9,Preis-Leistung,Günstiger als erwartet
146,6139,2025-12-09,5,Kundenservice,Keine Lösung erhalten
147,3431,2025-10-08,9,Installation,Termingerecht fertig
148,4793,2025-05-06,9,Gesamtzufriedenheit,
149,15514,2025-02-08,9,App & Digital,Einfache Bedienung
150,10993,2025-10-03,9,Preis-Leistung,Günstiger als erwartet
151,701,2025-05-17,9,Preis-Leistung,Gutes Preis-Leistungs-Verhältnis
152,788,2024-07-01,9,Gesamtzufriedenheit,Top Anbieter
153,13800,2024-12-29,9,Installation,Schnell und sauber
154,7366,2025-11-28,8,App & Digital,App stürzt manchmal ab
155,2026,2024-11-27,8,Gesamtzufriedenheit,Nichts Besonderes
156,7155,2025-06-29,10,Produkt,Wärmepumpe spart enorm
157,19940,2025-07-05,8,Produkt,
158,462,2025-02-18,7,App & Digital,App stürzt manchmal ab
159,14341,2024-02-16,8,Gesamtzufriedenheit,
160,14523,2025-04-23,10,Installation,
161,4428,2024-04-15,8,Gesamtzufriedenheit,
162,11693,2025-07-17,9,Kundenservice,
163,10973,2024-04-28,7,Produkt,Leistung könnte besser sein
164,8297,2025-12-08,9,Installation,
165,3791,2024-09-08,4,Gesamtzufriedenheit,Erwartungen nicht erfüllt
166,11751,2024-05-09,7,Installation,"War okay, nichts Besonderes"
167,7037,2025-10-13,9,Gesamtzufriedenheit,
168,11586,2025-07-25,7,Kundenservice,Lange Wartezeit am Telefon
169,8327,2024-03-20,5,Kundenservice,Unfreundlich am Telefon
170,8292,2024-11-29,2,Produkt,Defekt nach kurzer Zeit
171,16772,2024-04-08,8,Installation,Kleine Verzögerung
172,14758,2024-11-05,10,Installation,Handwerker sehr professionell
173,2487,2025-06-19,9,Kundenservice,
174,15358,2024-10-16,9,App & Digital,
175,10633,2025-09-30,7,App & Digital,App stürzt manchmal ab
176,5732,2024-08-08,10,Preis-Leistung,
177,16082,2025-03-21,8,Produkt,Ganz okay
178,3841,2025-05-24,8,App & Digital,Funktioniert meistens
179,13687,2025-07-24,8,App & Digital,App stürzt manchmal ab
180,12437,2024-07-31,8,Installation,
181,1034,2024-08-03,0,Installation,Termin dreimal verschoben
182,17438,2024-07-13,8,Produkt,Funktioniert wie erwartet
183,5134,2025-08-01,9,Kundenservice,
184,14306,2024-07-25,8,Kundenservice,
185,19628,2024-08-17,4,Gesamtzufriedenheit,
186,4127,2024-07-08,8,Installation,Kleine Verzögerung
187,11892,2025-08-08,8,App & Digital,
188,955,2024-04-12,7,Kundenservice,Lange Wartezeit am Telefon
189,8467,2024-09-22,10,Preis-Leistung,Fairer Preis
190,16382,2024-04-11,5,Installation,Chaos bei der Installation
191,19264,2024-12-30,0,App & Digital,
192,17336,2024-11-28,10,App & Digital,
193,8153,2025-01-13,9,Gesamtzufriedenheit,Sehr zufrieden mit EPOWER
194,3641,2025-11-29,9,Produkt,Solaranlage läuft einwandfrei
195,7463,2025-01-22,4,App & Digital,Login funktioniert nicht
196,15513,2025-02-22,7,Produkt,Leistung könnte besser sein
197,16484,2025-03-28,9,Kundenservice,
198,1848,2025-03-19,7,Gesamtzufriedenheit,
199,9433,2024-07-10,9,Installation,Installation top organisiert
200,2221,2025-10-04,8,Installation,
201,5567,2024-12-12,1,App & Digital,
202,8278,2024-07-19,8,App & Digital,
203,5771,2024-05-12,3,Kundenservice,
204,6850,2025-11-07,7,Produkt,
205,12632,2025-02-11,7,App & Digital,
206,10782,2025-01-18,1,Produkt,
207,2816,2025-03-12,6,Produkt,Defekt nach kurzer Zeit
208,16479,2024-04-14,9,Installation,Termingerecht fertig
209,5633,2024-06-23,7,Preis-Leistung,Etwas teuer
210,1584,2024-12-25,9,Preis-Leistung,
211,18654,2024-02-23,9,Kundenservice,
212,13526,2025-10-27,4,Produkt,Störungen häufig
213,3469,2024-04-20,8,Kundenservice,Musste mehrfach anrufen
214,19948,2024-03-30,8,Gesamtzufriedenheit,
215,18856,2025-12-09,7,Installation,Kleine Verzögerung
216,16329,2025-06-18,7,Installation,Kleine Verzögerung
217,9524,2024-06-30,7,Installation,Kleine Verzögerung
218,15777,2025-01-22,9,Preis-Leistung,Preis stimmt
219,215,2024-12-26,3,Kundenservice,
220,6324,2025-06-19,0,Preis-Leistung,Preiserhöhung nicht akzeptabel
221,12979,2025-01-16,3,App & Digital,Sehr langsam
222,8030,2025-06-09,0,Preis-Leistung,Preiserhöhung nicht akzeptabel
223,13133,2025-02-21,3,Installation,Termin dreimal verschoben
224,9813,2025-07-21,7,Kundenservice,Lange Wartezeit am Telefon
225,10967,2025-03-31,6,Kundenservice,
226,9541,2025-06-14,6,Installation,
227,841,2024-02-15,9,Produkt,Solaranlage läuft einwandfrei
228,8882,2024-10-07,2,Kundenservice,
229,11290,2025-06-22,7,Kundenservice,Musste mehrfach anrufen
230,3183,2025-02-07,5,Gesamtzufriedenheit,
231,16151,2024-10-22,4,App & Digital,Sehr langsam
232,4842,2024-08-28,9,App & Digital,Einfache Bedienung
233,2101,2025-02-09,10,Gesamtzufriedenheit,Alles bestens
234,12753,2024-02-05,4,App & Digital,
235,19659,2024-01-30,8,Gesamtzufriedenheit,Durchschnittlich
236,3128,2025-04-11,0,App & Digital,App nicht nutzbar
237,17763,2024-06-04,9,Installation,
238,10331,2025-12-13,8,Gesamtzufriedenheit,Im Großen und Ganzen okay
239,699,2024-10-18,9,Preis-Leistung,Preis stimmt
240,19875,2024-03-24,5,Installation,
241,14097,2025-11-01,4,Kundenservice,Beschwerde ignoriert
242,16448,2025-12-21,7,Gesamtzufriedenheit,
243,11857,2024-06-11,2,Gesamtzufriedenheit,Bin enttäuscht
244,5285,2025-04-08,7,Preis-Leistung,Vergleichbar mit anderen
245,10035,2025-04-30,10,Installation,Handwerker sehr professionell
246,16749,2024-05-06,5,Installation,
247,3506,2024-12-04,5,Gesamtzufriedenheit,Erwartungen nicht erfüllt
248,15419,2025-03-13,9,Preis-Leistung,
249,5236,2024-11-30,7,Installation,
250,4175,2024-03-14,6,Kundenservice,Niemand erreichbar
251,4883,2025-08-16,7,App & Digital,
252,18352,2024-04-20,7,Produkt,
253,14155,2025-11-29,0,Gesamtzufriedenheit,
254,17591,2025-12-26,10,Gesamtzufriedenheit,
255,15821,2024-04-13,8,Installation,
256,12391,2024-12-07,2,Kundenservice,
257,14862,2024-09-12,8,Produkt,
258,9423,2024-01-23,9,App & Digital,
259,15624,2024-12-05,8,Kundenservice,Service war in Ordnung
260,13009,2024-02-17,8,Produkt,
261,9310,2024-05-24,8,App & Digital,
262,8999,2024-06-05,10,Preis-Leistung,
263,12837,2024-09-19,0,Kundenservice,Beschwerde ignoriert
264,1672,2025-08-31,7,Installation,Hat etwas gedauert
265,2230,2025-05-13,5,Preis-Leistung,Preiserhöhung nicht akzeptabel
266,19617,2025-01-18,9,Produkt,Smart Meter sehr nützlich
267,19786,2024-11-20,6,Produkt,
268,4964,2024-10-04,9,Installation,Installation top organisiert
269,3377,2025-10-20,9,App & Digital,Übersichtliches Portal
270,6441,2024-02-02,3,Kundenservice,Beschwerde ignoriert
271,16151,2025-10-25,2,Produkt,Nicht wie versprochen
272,4013,2025-04-14,10,Preis-Leistung,
273,7775,2025-04-08,10,Kundenservice,Schnelle Hilfe erhalten
274,6612,2024-12-23,10,Gesamtzufriedenheit,
275,2625,2024-05-15,8,Produkt,Leistung könnte besser sein
276,10989,2025-12-12,10,Produkt,
277,9538,2024-07-13,8,Preis-Leistung,
278,1794,2024-04-07,9,Produkt,Solaranlage läuft einwandfrei
279,14901,2024-06-22,10,Produkt,
280,16111,2025-03-31,10,App & Digital,
281,19564,2025-06-04,0,Produkt,
282,17358,2024-07-04,10,Kundenservice,
283,8535,2024-01-03,1,Preis-Leistung,Nicht transparent
284,14337,2025-08-11,9,Kundenservice,Kompetente Beratung
285,12381,2025-03-09,8,Gesamtzufriedenheit,Nichts Besonderes
286,10891,2025-03-03,6,Preis-Leistung,Preiserhöhung nicht akzeptabel
287,8017,2024-03-02,9,Gesamtzufriedenheit,
288,3228,2024-12-05,9,Installation,Handwerker sehr professionell
289,7227,2024-10-14,8,Produkt,
290,18043,2025-06-25,9,App & Digital,
291,5788,2025-03-17,10,Kundenservice,Schnelle Hilfe erhalten
292,11449,2024-10-13,4,App & Digital,Login funktioniert nicht
293,5437,2025-10-15,8,Installation,
294,5177,2024-05-29,8,Kundenservice,
295,6021,2024-05-23,8,Installation,Kleine Verzögerung
296,4474,2024-08-04,8,App & Digital,App stürzt manchmal ab
297,2637,2025-08-13,3,App & Digital,
298,13321,2024-03-30,10,Installation,
299,6001,2024-12-28,8,Preis-Leistung,
300,8041,2024-08-28,7,Kundenservice,
301,11471,2025-03-19,7,Produkt,Funktioniert wie erwartet
302,6007,2025-03-04,5,Installation,
303,5869,2024-01-22,0,Kundenservice,
304,14383,2025-02-27,9,Kundenservice,Problemlos gelöst
305,2149,2025-07-19,10,Produkt,Wärmepumpe spart enorm
306,5208,2025-07-27,9,Kundenservice,Problemlos gelöst
307,19489,2025-10-08,7,Gesamtzufriedenheit,Durchschnittlich
308,13494,2024-05-08,6,Installation,Nachbesserung nötig
309,4925,2024-11-06,6,Kundenservice,Niemand erreichbar
310,3062,2025-02-25,2,Produkt,Defekt nach kurzer Zeit
311,18230,2025-05-24,4,Installation,
312,942,2025-11-30,1,App & Digital,
313,6258,2025-03-25,5,Gesamtzufriedenheit,Erwartungen nicht erfüllt
314,358,2025-04-23,8,App & Digital,
315,5691,2024-06-03,0,App & Digital,
316,9127,2025-11-21,9,App & Digital,
317,16538,2025-02-26,10,Kundenservice,Problemlos gelöst
318,14691,2024-11-17,3,Preis-Leistung,
319,3196,2024-11-19,10,Preis-Leistung,
320,19054,2025-03-15,0,Kundenservice,
321,4797,2025-05-22,3,App & Digital,Login funktioniert nicht
322,3718,2025-10-11,10,Preis-Leistung,Preis stimmt
323,10733,2024-05-06,4,Preis-Leistung,
324,16994,2024-09-25,2,App & Digital,
325,10157,2024-09-26,5,Installation,Nachbesserung nötig
326,2392,2024-11-09,8,Gesamtzufriedenheit,Im Großen und Ganzen okay
327,692,2025-03-30,9,Gesamtzufriedenheit,Sehr zufrieden mit EPOWER
328,19349,2024-10-06,1,App & Digital,Login funktioniert nicht
329,5799,2024-12-04,4,App & Digital,Sehr langsam
330,18466,2024-01-28,7,Produkt,Leistung könnte besser sein
331,10151,2024-07-25,10,Preis-Leistung,Preis stimmt
332,16333,2024-04-20,5,Produkt,
333,6766,2025-12-30,7,Kundenservice,
334,5615,2025-11-22,8,Produkt,Funktioniert wie erwartet
335,10209,2025-10-29,5,Gesamtzufriedenheit,Erwartungen nicht erfüllt
336,3323,2025-03-27,9,Produkt,
337,18820,2025-09-09,1,Kundenservice,Beschwerde ignoriert
338,4063,2024-06-25,10,App & Digital,Verbrauch immer im Blick
339,19692,2024-06-10,9,App & Digital,Einfache Bedienung
340,7983,2024-08-22,9,Kundenservice,Problemlos gelöst
341,18368,2025-03-18,6,Produkt,Qualität mangelhaft
342,18527,2025-03-08,9,Preis-Leistung,Preis stimmt
343,4827,2024-08-19,8,Kundenservice,Service war in Ordnung
344,19165,2025-10-12,8,App & Digital,
345,11718,2025-09-07,8,Installation,
346,9145,2025-04-13,8,Kundenservice,
347,7106,2025-04-19,10,Kundenservice,
348,19458,2025-09-18,5,Produkt,
349,18026,2025-11-16,8,Produkt,Ganz okay
350,8368,2025-05-21,1,App & Digital,
351,745,2024-09-19,4,Produkt,
352,19389,2024-07-19,8,App & Digital,
353,8943,2024-11-18,5,Produkt,Defekt nach kurzer Zeit
354,17090,2025-09-23,9,Produkt,
355,6766,2024-05-13,5,Kundenservice,
356,16525,2024-04-02,10,Kundenservice,
357,4270,2024-12-17,5,Preis-Leistung,Zu teuer
358,14225,2024-11-29,7,Installation,
359,11552,2024-01-12,10,App & Digital,
360,17481,2024-09-18,7,Installation,
361,13671,2024-08-01,9,Produkt,Smart Meter sehr nützlich
362,18472,2024-01-08,9,Preis-Leistung,Günstiger als erwartet
363,7382,2024-10-19,9,Kundenservice,Sehr freundliche Mitarbeiter
364,16797,2024-11-24,9,App & Digital,
365,7619,2024-02-28,7,Gesamtzufriedenheit,
366,10090,2024-04-08,9,Produkt,Smart Meter sehr nützlich
367,1176,2025-01-01,8,App & Digital,App stürzt manchmal ab
368,16998,2025-12-12,10,App & Digital,
369,4191,2024-09-27,7,App & Digital,Funktioniert meistens
370,13056,2025-08-23,10,Kundenservice,Problemlos gelöst
371,14772,2024-02-09,7,Preis-Leistung,
372,16284,2024-11-13,9,Produkt,Smart Meter sehr nützlich
373,1452,2025-05-21,7,Gesamtzufriedenheit,
374,9633,2025-12-18,6,Kundenservice,Beschwerde ignoriert
375,7063,2024-03-10,8,Preis-Leistung,Vergleichbar mit anderen
376,11341,2025-09-06,10,Kundenservice,
377,14348,2025-11-21,10,Preis-Leistung,Günstiger als erwartet
378,7090,2024-09-18,8,Kundenservice,Lange Wartezeit am Telefon
379,11056,2025-08-07,1,Preis-Leistung,Preiserhöhung nicht akzeptabel
380,7611,2025-05-17,9,App & Digital,Verbrauch immer im Blick
381,10637,2024-03-08,0,Kundenservice,
382,4847,2024-12-31,1,Gesamtzufriedenheit,
383,18896,2025-11-07,5,Installation,
384,3095,2024-02-13,10,App & Digital,Einfache Bedienung
385,5950,2025-07-03,10,Preis-Leistung,Günstiger als erwartet
386,6909,2024-06-21,5,Gesamtzufriedenheit,
387,15314,2024-01-18,9,Produkt,Smart Meter sehr nützlich
388,19944,2024-12-05,9,Installation,Schnell und sauber
389,4813,2025-10-22,7,Produkt,Ganz okay
390,8594,2024-07-01,9,Gesamtzufriedenheit,
391,14795,2025-05-22,9,Preis-Leistung,Gutes Preis-Leistungs-Verhältnis
392,19681,2024-07-18,9,Installation,Installation top organisiert
393,11911,2024-10-22,4,Preis-Leistung,Nicht transparent
394,3897,2024-12-05,7,Installation,
395,7591,2025-05-07,8,Produkt,Leistung könnte besser sein
396,17283,2025-07-08,0,Produkt,Defekt nach kurzer Zeit
397,13952,2024-01-15,0,Preis-Leistung,
398,4651,2025-04-09,7,Produkt,Funktioniert wie erwartet
399,6661,2024-07-02,9,Kundenservice,Sehr freundliche Mitarbeiter
400,13751,2024-05-04,8,Gesamtzufriedenheit,Könnte besser sein
401,3185,2024-10-26,9,App & Digital,
402,5120,2024-07-08,0,Installation,Nachbesserung nötig
403,14519,2024-04-27,7,App & Digital,
404,9492,2025-12-24,10,Gesamtzufriedenheit,Kann ich nur weiterempfehlen
405,6836,2025-10-17,10,Preis-Leistung,
406,10384,2025-02-16,10,Kundenservice,
407,14849,2024-10-05,9,Installation,Handwerker sehr professionell
408,131,2024-07-11,8,Installation,Hat etwas gedauert
409,5932,2024-01-05,3,Produkt,Nicht wie versprochen
410,2338,2024-10-01,4,Installation,
411,8399,2025-07-25,7,Preis-Leistung,Etwas teuer
412,16850,2024-01-08,6,Gesamtzufriedenheit,Bin enttäuscht
413,2407,2025-06-03,5,Produkt,Qualität mangelhaft
414,12629,2025-03-10,8,Installation,
415,19792,2025-03-12,0,Kundenservice,Beschwerde ignoriert
416,4811,2025-04-01,10,Kundenservice,
417,9413,2024-10-07,7,Produkt,
418,9904,2025-04-26,7,Kundenservice,
419,16567,2024-02-01,9,Gesamtzufriedenheit,
420,13499,2025-12-29,8,Gesamtzufriedenheit,Nichts Besonderes
421,16969,2024-10-30,3,Kundenservice,
422,18269,2024-06-27,1,Gesamtzufriedenheit,Erwartungen nicht erfüllt
423,2058,2025-06-24,9,App & Digital,
424,16296,2024-08-23,8,App & Digital,
425,13132,2024-04-14,8,Preis-Leistung,Vergleichbar mit anderen
426,18104,2024-10-17,8,Gesamtzufriedenheit,Im Großen und Ganzen okay
427,5402,2024-03-23,5,Produkt,Qualität mangelhaft
428,7845,2025-12-20,7,Kundenservice,
429,2771,2025-06-01,6,Produkt,
430,3883,2024-12-08,8,Installation,Hat etwas gedauert
431,5289,2024-09-15,10,Produkt,Solaranlage läuft einwandfrei
432,13732,2025-05-02,3,Produkt,Qualität mangelhaft
433,6496,2025-12-11,8,App & Digital,Funktioniert meistens
434,12014,2025-01-10,8,App & Digital,App stürzt manchmal ab
435,12166,2024-07-27,9,Gesamtzufriedenheit,
436,11629,2024-09-16,10,App & Digital,Verbrauch immer im Blick
437,2913,2024-02-01,7,App & Digital,App stürzt manchmal ab
438,8044,2024-11-15,2,App & Digital,Keine Echtzeit-Daten
439,15921,2024-08-10,8,Preis-Leistung,
440,10316,2024-01-26,10,App & Digital,Übersichtliches Portal
441,9310,2025-10-24,4,App & Digital,
442,7983,2024-07-26,8,Kundenservice,
443,3585,2025-06-09,8,Kundenservice,Service war in Ordnung
444,3909,2025-10-16,5,Produkt,
445,18509,2025-08-24,9,App & Digital,
446,2945,2024-08-15,3,Preis-Leistung,Nicht transparent
447,14012,2025-09-23,10,Installation,Schnell und sauber
448,10980,2024-04-18,8,App & Digital,App stürzt manchmal ab
449,2686,2025-09-01,10,Gesamtzufriedenheit,
450,12077,2024-07-28,9,Installation,Installation top organisiert
451,11765,2024-09-11,8,App & Digital,
452,7622,2024-05-24,7,Produkt,Funktioniert wie erwartet
453,14589,2024-10-23,6,Kundenservice,
454,680,2024-11-30,10,Installation,
455,19682,2025-06-15,10,Preis-Leistung,Gutes Preis-Leistungs-Verhältnis
456,18871,2024-05-21,0,Installation,
457,2424,2025-03-25,10,Installation,Schnell und sauber
458,2463,2024-01-02,10,Preis-Leistung,
459,2321,2024-07-23,9,Gesamtzufriedenheit,
460,16669,2025-05-30,8,Preis-Leistung,Vergleichbar mit anderen
461,17126,2025-04-13,6,Kundenservice,Niemand erreichbar
462,2396,2025-06-04,8,Preis-Leistung,
463,4784,2024-03-18,4,Kundenservice,Niemand erreichbar
464,871,2025-05-26,10,Preis-Leistung,
465,5812,2025-01-20,3,Produkt,Störungen häufig
466,2715,2024-08-14,1,Gesamtzufriedenheit,
467,7339,2024-06-13,4,Kundenservice,
468,4953,2025-09-21,6,Kundenservice,Beschwerde ignoriert
469,8272,2025-04-02,4,Kundenservice,
470,10653,2024-04-27,10,Produkt,Wallbox perfekt installiert
471,4585,2025-12-28,9,Produkt,Wallbox perfekt installiert
472,4882,2024-11-01,0,App & Digital,Login funktioniert nicht
473,7344,2024-02-11,9,Installation,
474,13736,2025-08-31,10,Installation,Handwerker sehr professionell
475,4804,2024-01-25,6,Produkt,
476,2156,2025-12-18,4,App & Digital,
477,7095,2025-01-15,2,Preis-Leistung,Nicht transparent
478,14995,2024-05-18,8,Installation,
479,19168,2025-04-25,9,Preis-Leistung,Günstiger als erwartet
480,14544,2025-12-11,10,Installation,
481,531,2025-01-21,10,App & Digital,
482,11179,2024-12-20,7,Preis-Leistung,Preis ist okay
483,17076,2025-03-20,5,Produkt,Qualität mangelhaft
484,15862,2024-10-15,8,Gesamtzufriedenheit,Im Großen und Ganzen okay
485,9451,2025-08-27,7,Preis-Leistung,Vergleichbar mit anderen
486,4937,2025-12-02,6,Gesamtzufriedenheit,
487,8116,2025-01-09,9,Preis-Leistung,
488,3452,2024-01-24,8,Gesamtzufriedenheit,Nichts Besonderes
489,2162,2024-04-20,8,Gesamtzufriedenheit,
490,14067,2025-11-16,8,Produkt,Leistung könnte besser sein
491,13527,2025-11-08,7,Produkt,Ganz okay
492,13021,2024-02-12,10,Gesamtzufriedenheit,
493,8638,2024-12-18,6,Produkt,Defekt nach kurzer Zeit
494,684,2025-09-06,8,Kundenservice,
495,4994,2025-10-13,8,Produkt,Leistung könnte besser sein
496,2099,2025-12-07,7,Gesamtzufriedenheit,Nichts Besonderes
497,6994,2025-05-15,5,Kundenservice,
498,10869,2025-09-19,6,Produkt,
499,1432,2025-05-29,6,Kundenservice,Unfreundlich am Telefon
500,3143,2025-06-06,10,Kundenservice,
501,18535,2025-01-19,9,Preis-Leistung,
502,13674,2024-10-01,9,Preis-Leistung,Gutes Preis-Leistungs-Verhältnis
503,9379,2025-12-28,9,Preis-Leistung,
504,1470,2024-09-04,10,Preis-Leistung,Preis stimmt
505,18170,2025-06-16,8,Preis-Leistung,Vergleichbar mit anderen
506,15565,2024-04-29,8,Produkt,
507,6334,2025-05-23,9,Gesamtzufriedenheit,Alles bestens
508,8754,2025-08-08,9,Kundenservice,
509,3080,2025-09-29,5,Installation,Chaos bei der Installation
510,8414,2025-05-04,10,Kundenservice,Schnelle Hilfe erhalten
511,1784,2024-04-11,5,App & Digital,Login funktioniert nicht
512,15019,2025-05-18,5,Preis-Leistung,Versteckte Kosten
513,4608,2025-06-04,7,Preis-Leistung,Etwas teuer
514,5986,2024-02-23,5,App & Digital,App nicht nutzbar
515,16982,2024-06-29,7,App & Digital,Funktioniert meistens
516,3194,2024-04-10,7,Gesamtzufriedenheit,
517,17115,2024-04-08,7,Produkt,Leistung könnte besser sein
518,18037,2024-08-25,10,App & Digital,
519,18760,2024-07-22,6,Gesamtzufriedenheit,Schlechte Erfahrung
520,4743,2025-10-02,5,App & Digital,
521,420,2024-05-23,10,Preis-Leistung,Preis stimmt
522,17849,2024-06-27,9,Installation,Termingerecht fertig
523,13120,2024-04-07,5,Gesamtzufriedenheit,Erwartungen nicht erfüllt
524,11401,2025-08-29,7,App & Digital,Design veraltet
525,2894,2025-06-18,9,Produkt,Smart Meter sehr nützlich
526,12804,2025-01-09,9,Preis-Leistung,Preis stimmt
527,3045,2025-12-31,10,Gesamtzufriedenheit,Sehr zufrieden mit EPOWER
528,7083,2025-11-17,8,Installation,"War okay, nichts Besonderes"
529,9385,2025-01-05,9,Kundenservice,Schnelle Hilfe erhalten
530,11329,2025-08-13,9,App & Digital,
531,12145,2024-09-05,10,Gesamtzufriedenheit,
532,14192,2024-01-02,7,Kundenservice,
533,8443,2024-03-11,3,App & Digital,
534,16746,2025-08-17,10,Installation,
535,6556,2024-10-30,9,Gesamtzufriedenheit,Sehr zufrieden mit EPOWER
536,9081,2024-05-07,8,Produkt,Leistung könnte besser sein
537,6447,2024-12-23,8,Produkt,
538,18717,2025-10-10,10,Gesamtzufriedenheit,
539,5476,2024-01-13,6,Installation,Nachbesserung nötig
540,15692,2024-10-02,9,Kundenservice,Schnelle Hilfe erhalten
541,2176,2024-10-06,7,Preis-Leistung,Vergleichbar mit anderen
542,16444,2025-10-16,4,App & Digital,Keine Echtzeit-Daten
543,7697,2024-04-26,4,Kundenservice,
544,16955,2025-07-12,9,Kundenservice,Problemlos gelöst
545,3409,2024-10-11,9,Kundenservice,Schnelle Hilfe erhalten
546,4465,2024-04-08,8,Installation,Hat etwas gedauert
547,12348,2025-02-01,5,Produkt,
548,14448,2024-09-12,5,Produkt,Defekt nach kurzer Zeit
549,7344,2024-01-25,6,Produkt,Qualität mangelhaft
550,16362,2025-05-02,7,Preis-Leistung,Vergleichbar mit anderen
551,11502,2024-03-15,8,Installation,
552,10431,2025-03-22,3,App & Digital,
553,13155,2025-01-23,7,Preis-Leistung,Vergleichbar mit anderen
554,13243,2024-07-28,10,Installation,Termingerecht fertig
555,4827,2024-10-26,9,Installation,Termingerecht fertig
556,17248,2025-02-25,9,Produkt,
557,10535,2024-03-07,7,Installation,Hat etwas gedauert
558,2524,2025-10-13,10,Produkt,
559,14526,2025-09-21,5,Preis-Leistung,Preiserhöhung nicht akzeptabel
560,16481,2025-09-18,0,Kundenservice,Keine Lösung erhalten
561,14928,2025-12-04,10,Installation,
562,2324,2025-05-18,8,Preis-Leistung,
563,18716,2025-03-24,6,Kundenservice,
564,3306,2024-09-08,9,Installation,
565,14125,2024-03-31,10,Gesamtzufriedenheit,Kann ich nur weiterempfehlen
566,3698,2025-02-06,9,Installation,Handwerker sehr professionell
567,13468,2024-08-25,8,Gesamtzufriedenheit,Durchschnittlich
568,7835,2024-01-21,8,Installation,Hat etwas gedauert
569,6411,2024-04-09,10,Produkt,
570,17981,2025-04-13,5,Kundenservice,Niemand erreichbar
571,5310,2024-08-28,9,Produkt,
572,12028,2024-11-26,8,Preis-Leistung,
573,14214,2024-04-01,6,Preis-Leistung,Zu teuer
574,6532,2024-04-29,9,App & Digital,App funktioniert super
575,12408,2025-03-09,10,Gesamtzufriedenheit,Sehr zufrieden mit EPOWER
576,13059,2024-06-30,10,App & Digital,
577,969,2024-06-12,3,Produkt,Defekt nach kurzer Zeit
578,135,2024-04-10,7,Produkt,Funktioniert wie erwartet
579,12170,2024-06-14,9,App & Digital,Verbrauch immer im Blick
580,3656,2025-12-26,6,Kundenservice,Unfreundlich am Telefon
581,12740,2024-07-03,9,Preis-Leistung,
582,10411,2024-12-06,9,Produkt,Wärmepumpe spart enorm
583,16063,2025-12-21,8,Produkt,Ganz okay
584,13098,2024-02-12,10,Installation,Handwerker sehr professionell
585,2934,2024-04-02,3,Preis-Leistung,Versteckte Kosten
586,14502,2025-06-14,5,Installation,
587,19651,2025-09-20,10,App & Digital,App funktioniert super
588,7888,2025-01-21,8,Produkt,Funktioniert wie erwartet
589,14065,2025-12-05,8,Gesamtzufriedenheit,Nichts Besonderes
590,5615,2025-01-17,9,Produkt,Smart Meter sehr nützlich
591,7935,2025-04-30,8,Installation,Kleine Verzögerung
592,12643,2024-04-15,10,Gesamtzufriedenheit,
593,6665,2024-01-12,8,Produkt,
594,2692,2025-08-31,8,Gesamtzufriedenheit,
595,9086,2025-04-27,9,Kundenservice,Kompetente Beratung
596,18648,2024-09-04,9,App & Digital,Verbrauch immer im Blick
597,5201,2025-03-08,9,Gesamtzufriedenheit,
598,7680,2025-01-10,10,Kundenservice,Problemlos gelöst
599,4193,2025-05-07,10,Installation,Termingerecht fertig
600,13337,2024-07-14,9,App & Digital,Übersichtliches Portal
601,6525,2025-02-17,4,Kundenservice,Unfreundlich am Telefon
602,14807,2024-05-07,9,Produkt,
603,12142,2025-11-25,8,Preis-Leistung,
604,7434,2025-04-25,10,Gesamtzufriedenheit,Sehr zufrieden mit EPOWER
605,1463,2025-01-21,9,Kundenservice,Problemlos gelöst
606,941,2025-07-07,7,Gesamtzufriedenheit,Durchschnittlich
607,9877,2025-01-26,10,Gesamtzufriedenheit,Rundum zufrieden
608,15445,2024-11-08,6,App & Digital,Login funktioniert nicht
609,15164,2025-12-25,10,Produkt,
610,9255,2025-03-02,6,App & Digital,
611,2305,2025-04-24,1,Gesamtzufriedenheit,Schlechte Erfahrung
612,11915,2024-08-16,4,Installation,
613,17635,2024-05-20,7,Kundenservice,
614,7569,2025-09-27,9,Installation,
615,19932,2025-04-07,8,Gesamtzufriedenheit,
616,9146,2025-03-08,9,Installation,Handwerker sehr professionell
617,1867,2024-04-20,10,Kundenservice,Kompetente Beratung
618,15770,2024-07-08,9,Gesamtzufriedenheit,Sehr zufrieden mit EPOWER
619,17357,2024-12-29,7,Kundenservice,Lange Wartezeit am Telefon
620,16620,2024-07-09,10,Installation,Handwerker sehr professionell
621,1801,2025-03-05,8,Produkt,
622,16457,2025-02-07,7,Produkt,
623,15342,2024-04-22,3,Gesamtzufriedenheit,
624,10697,2024-02-22,2,App & Digital,Keine Echtzeit-Daten
625,14362,2025-07-10,3,Gesamtzufriedenheit,
626,8552,2024-01-25,6,App & Digital,Login funktioniert nicht
627,16002,2024-06-20,8,App & Digital,Design veraltet
628,13460,2025-02-26,5,Produkt,Störungen häufig
629,12518,2025-05-31,9,Kundenservice,Problemlos gelöst
630,14453,2024-12-14,9,Gesamtzufriedenheit,
631,477,2024-04-19,1,Gesamtzufriedenheit,Erwartungen nicht erfüllt
632,13402,2024-10-09,10,Kundenservice,Problemlos gelöst
633,7731,2024-10-29,7,App & Digital,App stürzt manchmal ab
634,3028,2025-07-06,9,Installation,Installation top organisiert
635,7899,2024-07-18,9,Preis-Leistung,
636,3332,2024-12-27,6,Preis-Leistung,Nicht transparent
637,10862,2025-04-14,7,Produkt,Ganz okay
638,8186,2025-01-04,0,App & Digital,App nicht nutzbar
639,3869,2025-01-01,8,Produkt,Leistung könnte besser sein
640,2361,2024-07-10,8,Preis-Leistung,Preis ist okay
641,19874,2024-02-03,8,App & Digital,Funktioniert meistens
642,15446,2025-08-21,10,Kundenservice,
643,12816,2024-01-05,8,App & Digital,Design veraltet
644,13371,2025-08-08,4,Kundenservice,Unfreundlich am Telefon
645,5135,2024-07-18,5,App & Digital,App nicht nutzbar
646,12890,2025-07-16,8,Kundenservice,Service war in Ordnung
647,19303,2024-09-09,10,Produkt,
648,4323,2025-07-05,10,Installation,
649,9843,2025-01-21,10,Produkt,Solaranlage läuft einwandfrei
650,16419,2024-03-15,5,Installation,Chaos bei der Installation
651,13690,2024-09-01,8,Preis-Leistung,Preis ist okay
652,9886,2024-03-17,8,Gesamtzufriedenheit,Durchschnittlich
653,6749,2024-01-16,7,Preis-Leistung,
654,12233,2024-05-28,10,Preis-Leistung,
655,1428,2024-05-27,9,Preis-Leistung,
656,6911,2025-06-06,3,Preis-Leistung,Zu teuer
657,12975,2025-11-06,2,Preis-Leistung,
658,8114,2025-06-06,10,Preis-Leistung,Gutes Preis-Leistungs-Verhältnis
659,3554,2024-10-01,9,Produkt,Smart Meter sehr nützlich
660,3651,2025-06-05,10,Kundenservice,Problemlos gelöst
661,19095,2025-05-16,2,Gesamtzufriedenheit,
662,6780,2025-01-03,9,App & Digital,Verbrauch immer im Blick
663,2758,2025-11-11,8,Produkt,
664,1040,2024-06-20,10,Produkt,Wärmepumpe spart enorm
665,11199,2024-10-28,8,Gesamtzufriedenheit,
666,14884,2024-10-08,7,Installation,Kleine Verzögerung
667,10572,2024-03-03,9,Installation,Installation top organisiert
668,11860,2024-05-09,4,Preis-Leistung,Nicht transparent
669,16572,2024-05-30,6,Kundenservice,Unfreundlich am Telefon
670,2150,2024-12-26,9,Gesamtzufriedenheit,Sehr zufrieden mit EPOWER
671,14574,2024-04-05,3,Gesamtzufriedenheit,Erwartungen nicht erfüllt
672,17691,2024-02-24,7,Produkt,Leistung könnte besser sein
673,9465,2024-11-21,10,Gesamtzufriedenheit,
674,10329,2024-11-01,10,Preis-Leistung,
675,136,2025-11-30,7,Installation,"War okay, nichts Besonderes"
676,13370,2025-10-07,0,Kundenservice,
677,10865,2025-08-30,3,Preis-Leistung,
678,18461,2025-12-14,10,App & Digital,Einfache Bedienung
679,1210,2025-02-21,9,App & Digital,
680,331,2025-03-30,10,Kundenservice,
681,9761,2024-05-31,5,Kundenservice,Niemand erreichbar
682,19944,2025-02-16,7,Kundenservice,Musste mehrfach anrufen
683,14876,2025-07-20,8,Installation,
684,11594,2024-08-17,6,Installation,
685,1248,2024-06-23,5,Gesamtzufriedenheit,Erwartungen nicht erfüllt
686,5333,2024-10-03,1,Gesamtzufriedenheit,
687,16528,2024-10-31,7,Kundenservice,
688,10105,2024-06-10,9,Installation,Termingerecht fertig
689,9750,2025-08-23,10,App & Digital,Übersichtliches Portal
690,6615,2025-07-11,6,App & Digital,Sehr langsam
691,18971,2025-10-24,9,Preis-Leistung,Günstiger als erwartet
692,14081,2024-01-09,9,Preis-Leistung,Gutes Preis-Leistungs-Verhältnis
693,2598,2025-02-01,2,Kundenservice,Niemand erreichbar
694,6506,2024-05-15,9,Gesamtzufriedenheit,
695,16956,2024-10-13,9,Produkt,Wallbox perfekt installiert
696,2624,2024-11-22,7,App & Digital,Funktioniert meistens
697,14,2024-05-04,1,Gesamtzufriedenheit,Bin enttäuscht
698,19025,2025-10-02,10,App & Digital,Verbrauch immer im Blick
699,18146,2024-05-09,9,App & Digital,App funktioniert super
700,2041,2024-08-13,9,Kundenservice,
701,8142,2025-08-06,10,Gesamtzufriedenheit,Kann ich nur weiterempfehlen
702,8635,2025-01-03,8,App & Digital,Design veraltet
703,6227,2024-11-18,9,Kundenservice,Kompetente Beratung
704,6696,2025-09-09,9,Gesamtzufriedenheit,Kann ich nur weiterempfehlen
705,8703,2024-07-18,7,App & Digital,Design veraltet
706,9222,2025-11-30,7,App & Digital,Funktioniert meistens
707,5792,2024-11-19,9,Gesamtzufriedenheit,Top Anbieter
708,16952,2025-09-20,5,Installation,
709,14910,2025-03-01,0,Preis-Leistung,Versteckte Kosten
710,14580,2024-04-13,10,Kundenservice,Schnelle Hilfe erhalten
711,3338,2025-11-04,7,Installation,
712,19686,2025-02-21,7,Kundenservice,Service war in Ordnung
713,10799,2025-03-19,8,App & Digital,Funktioniert meistens
714,17659,2025-05-26,9,Gesamtzufriedenheit,
715,7564,2024-10-26,8,App & Digital,Design veraltet
716,15261,2024-02-08,8,Kundenservice,Service war in Ordnung
717,14445,2024-05-11,6,Gesamtzufriedenheit,
718,17978,2024-12-25,1,App & Digital,Keine Echtzeit-Daten
719,2192,2024-07-24,8,Kundenservice,Lange Wartezeit am Telefon
720,1260,2024-05-03,10,App & Digital,App funktioniert super
721,14458,2025-03-05,7,Gesamtzufriedenheit,Im Großen und Ganzen okay
722,15349,2024-03-03,7,Kundenservice,
723,1326,2025-06-29,8,Produkt,Ganz okay
724,15116,2025-11-07,7,Produkt,
725,832,2025-03-10,10,Produkt,
726,12685,2024-07-11,8,Gesamtzufriedenheit,Im Großen und Ganzen okay
727,8725,2025-12-15,7,Produkt,Leistung könnte besser sein
728,15758,2025-04-10,6,Installation,
729,18672,2025-02-15,2,Kundenservice,
730,1469,2025-05-22,8,Produkt,
731,17050,2024-09-27,8,Kundenservice,Lange Wartezeit am Telefon
732,1201,2024-05-06,8,Gesamtzufriedenheit,
733,12843,2025-12-27,7,Installation,Hat etwas gedauert
734,3499,2024-05-19,9,Installation,Schnell und sauber
735,11504,2025-07-18,8,App & Digital,
736,441,2024-10-19,5,Preis-Leistung,Nicht transparent
737,17425,2025-12-29,8,App & Digital,
738,5300,2024-12-29,7,Installation,"War okay, nichts Besonderes"
739,5581,2024-03-20,2,Preis-Leistung,
740,18377,2025-10-12,0,App & Digital,Keine Echtzeit-Daten
741,18898,2024-01-05,9,Produkt,Wallbox perfekt installiert
742,12423,2025-11-14,8,Installation,Hat etwas gedauert
743,10114,2025-03-08,9,Installation,Termingerecht fertig
744,19725,2024-06-12,7,Preis-Leistung,Preis ist okay
745,11801,2024-03-14,10,Produkt,Solaranlage läuft einwandfrei
746,1958,2025-06-02,5,Produkt,Qualität mangelhaft
747,4622,2025-07-13,8,Preis-Leistung,
748,17302,2024-05-03,7,Preis-Leistung,Vergleichbar mit anderen
749,8844,2024-04-06,3,Preis-Leistung,Nicht transparent
750,1549,2025-06-10,9,Installation,Handwerker sehr professionell
751,13723,2025-02-17,10,Preis-Leistung,Gutes Preis-Leistungs-Verhältnis
752,6984,2025-05-20,9,App & Digital,Verbrauch immer im Blick
753,14206,2025-02-10,8,Kundenservice,Lange Wartezeit am Telefon
754,4363,2025-03-22,6,Kundenservice,
755,2941,2024-09-11,8,Installation,"War okay, nichts Besonderes"
756,8853,2025-03-02,7,Installation,"War okay, nichts Besonderes"
757,18712,2024-09-21,10,Gesamtzufriedenheit,
758,14390,2025-02-19,7,App & Digital,Design veraltet
759,9654,2024-11-02,5,Gesamtzufriedenheit,Bin enttäuscht
760,4602,2025-08-22,7,Preis-Leistung,Vergleichbar mit anderen
761,5834,2024-12-22,6,Gesamtzufriedenheit,Würde nicht erneut wählen
762,12412,2024-06-04,3,App & Digital,Sehr langsam
763,17602,2024-08-16,5,App & Digital,Login funktioniert nicht
764,9219,2024-09-26,10,Installation,Handwerker sehr professionell
765,19086,2025-11-20,6,Gesamtzufriedenheit,Würde nicht erneut wählen
766,2478,2024-09-19,10,Produkt,Smart Meter sehr nützlich
767,12263,2024-01-28,7,Produkt,
768,14394,2025-10-15,5,Kundenservice,Beschwerde ignoriert
769,1366,2024-10-01,0,Preis-Leistung,
770,11101,2025-10-21,9,App & Digital,
771,18195,2024-09-27,9,Preis-Leistung,Preis stimmt
772,15092,2025-04-20,8,App & Digital,Design veraltet
773,125,2024-06-11,8,App & Digital,Design veraltet
774,13677,2024-05-16,8,Kundenservice,Service war in Ordnung
775,4058,2024-06-11,6,Kundenservice,
776,7754,2025-10-12,10,App & Digital,
777,1524,2024-11-28,9,Preis-Leistung,
778,12345,2025-11-22,2,Produkt,
779,339,2025-02-17,0,Gesamtzufriedenheit,Bin enttäuscht
780,1192,2024-11-09,7,Kundenservice,Musste mehrfach anrufen
781,3368,2025-08-24,2,Kundenservice,Unfreundlich am Telefon
782,4346,2024-05-04,9,Preis-Leistung,Fairer Preis
783,10307,2024-06-09,3,Installation,Unsaubere Arbeit
784,15750,2025-01-11,0,Installation,Unsaubere Arbeit
785,11317,2024-10-25,7,App & Digital,Funktioniert meistens
786,9470,2024-01-15,8,Preis-Leistung,Vergleichbar mit anderen
787,15422,2025-07-11,8,App & Digital,Funktioniert meistens
788,4921,2025-10-22,4,Gesamtzufriedenheit,Erwartungen nicht erfüllt
789,9665,2025-12-06,10,App & Digital,
790,16284,2024-03-19,3,Kundenservice,Beschwerde ignoriert
791,7777,2024-10-04,5,Produkt,
792,19273,2024-10-09,4,Kundenservice,
793,2193,2025-05-16,7,Preis-Leistung,
794,11815,2025-02-21,1,Produkt,
795,555,2025-03-24,8,App & Digital,Funktioniert meistens
796,7189,2025-03-19,10,Kundenservice,Kompetente Beratung
797,12855,2024-10-29,4,Gesamtzufriedenheit,Würde nicht erneut wählen
798,9612,2024-03-07,7,Installation,
799,2233,2025-08-24,8,Installation,
800,1465,2024-06-22,8,Gesamtzufriedenheit,
801,3935,2024-05-06,9,Installation,Handwerker sehr professionell
802,17296,2024-11-27,10,Gesamtzufriedenheit,Alles bestens
803,12098,2024-02-12,6,Kundenservice,
804,11336,2024-09-22,1,Installation,Chaos bei der Installation
805,19266,2024-06-13,7,Kundenservice,Musste mehrfach anrufen
806,13497,2024-02-27,6,Installation,
807,2559,2025-09-01,6,Kundenservice,
808,13723,2025-01-18,8,Produkt,
809,19867,2025-10-27,9,Kundenservice,
810,5783,2024-05-26,2,App & Digital,
811,12865,2025-09-14,7,Installation,Hat etwas gedauert
812,10709,2024-12-29,0,Gesamtzufriedenheit,Schlechte Erfahrung
813,7802,2025-09-02,4,Preis-Leistung,
814,3954,2025-09-03,9,Kundenservice,Kompetente Beratung
815,8333,2025-03-01,10,App & Digital,App funktioniert super
816,8232,2025-12-28,8,Produkt,Ganz okay
817,12359,2025-01-16,9,Preis-Leistung,
818,4864,2025-09-10,7,Kundenservice,Lange Wartezeit am Telefon
819,15261,2024-02-27,8,Gesamtzufriedenheit,
820,6970,2025-02-11,10,Installation,Handwerker sehr professionell
821,10344,2024-07-23,7,App & Digital,
822,10097,2025-04-26,0,Gesamtzufriedenheit,Schlechte Erfahrung
823,19517,2025-02-14,2,Produkt,
824,18707,2024-01-06,8,Gesamtzufriedenheit,Könnte besser sein
825,3467,2025-07-09,9,Installation,Termingerecht fertig
826,19914,2025-07-25,8,Gesamtzufriedenheit,
827,10622,2025-05-24,6,Installation,Nachbesserung nötig
828,3339,2024-01-14,9,Kundenservice,Schnelle Hilfe erhalten
829,5006,2025-03-10,6,Gesamtzufriedenheit,
830,17119,2024-08-03,8,Produkt,Leistung könnte besser sein
831,17261,2025-10-07,4,Gesamtzufriedenheit,Schlechte Erfahrung
832,5843,2024-06-26,8,Gesamtzufriedenheit,
833,11295,2025-02-25,10,App & Digital,Übersichtliches Portal
834,7071,2024-08-15,0,Installation,Nachbesserung nötig
835,9198,2024-07-30,7,Gesamtzufriedenheit,
836,14146,2025-11-12,10,App & Digital,Verbrauch immer im Blick
837,6317,2025-08-20,9,Gesamtzufriedenheit,
838,7718,2024-10-23,10,App & Digital,
839,18488,2024-07-30,8,Produkt,Leistung könnte besser sein
840,5436,2024-04-27,9,Gesamtzufriedenheit,Rundum zufrieden
841,6838,2025-04-07,2,Preis-Leistung,
842,18974,2025-09-21,9,Preis-Leistung,Gutes Preis-Leistungs-Verhältnis
843,18809,2024-03-31,4,Installation,Unsaubere Arbeit
844,2016,2024-04-13,0,Installation,
845,19496,2025-10-25,4,Kundenservice,
846,7581,2025-10-20,0,Installation,Nachbesserung nötig
847,2190,2025-07-06,8,Produkt,Funktioniert wie erwartet
848,4840,2024-06-09,8,App & Digital,Funktioniert meistens
849,19254,2025-10-14,6,Produkt,
850,13859,2025-10-17,8,Produkt,Ganz okay
851,7570,2024-10-16,9,Preis-Leistung,Preis stimmt
852,3197,2025-10-16,8,Kundenservice,Lange Wartezeit am Telefon
853,9360,2025-07-28,7,Kundenservice,Musste mehrfach anrufen
854,18112,2025-03-06,8,Installation,Kleine Verzögerung
855,15129,2025-06-11,9,Produkt,Wärmepumpe spart enorm
856,12566,2025-01-17,4,App & Digital,
857,11973,2024-08-25,5,App & Digital,App nicht nutzbar
858,2618,2024-05-25,8,Kundenservice,Service war in Ordnung
859,7517,2024-10-31,7,Gesamtzufriedenheit,
860,4987,2024-03-21,9,Preis-Leistung,
861,17464,2024-10-16,10,Preis-Leistung,Günstiger als erwartet
862,15511,2025-11-19,0,Gesamtzufriedenheit,
863,11678,2025-03-18,1,Installation,Nachbesserung nötig
864,19457,2024-04-02,4,Kundenservice,Unfreundlich am Telefon
865,14440,2025-03-29,9,Produkt,Smart Meter sehr nützlich
866,11255,2025-03-01,10,Gesamtzufriedenheit,Kann ich nur weiterempfehlen
867,5920,2025-07-22,7,Preis-Leistung,
868,6902,2025-01-14,8,Gesamtzufriedenheit,Könnte besser sein
869,10347,2025-11-06,4,App & Digital,Keine Echtzeit-Daten
870,8129,2024-11-03,8,Produkt,Ganz okay
871,10518,2025-12-15,0,Installation,
872,19023,2025-07-21,10,Installation,
873,15811,2024-02-21,5,Gesamtzufriedenheit,Würde nicht erneut wählen
874,5411,2024-09-25,9,Kundenservice,
875,4998,2025-10-16,4,Kundenservice,
876,15795,2025-10-19,4,Preis-Leistung,Nicht transparent
877,6178,2025-04-11,5,Gesamtzufriedenheit,Bin enttäuscht
878,6890,2024-10-21,5,App & Digital,App nicht nutzbar
879,17984,2025-03-22,7,Kundenservice,Lange Wartezeit am Telefon
880,9724,2024-02-22,8,Kundenservice,Lange Wartezeit am Telefon
881,7175,2024-01-16,10,App & Digital,Verbrauch immer im Blick
882,681,2024-05-31,6,Preis-Leistung,Versteckte Kosten
883,14355,2025-03-22,8,Gesamtzufriedenheit,Durchschnittlich
884,5000,2024-07-04,7,Produkt,Funktioniert wie erwartet
885,2877,2025-03-04,1,Installation,Chaos bei der Installation
886,7945,2024-01-16,5,App & Digital,Login funktioniert nicht
887,11644,2024-10-21,9,Preis-Leistung,
888,19872,2024-04-03,9,Preis-Leistung,Preis stimmt
889,10278,2024-01-20,9,Installation,
890,15399,2025-08-18,9,Produkt,Solaranlage läuft einwandfrei
891,7531,2024-03-18,8,Preis-Leistung,
892,17992,2025-03-31,6,Produkt,
893,8010,2024-08-30,7,Produkt,Leistung könnte besser sein
894,9775,2024-10-26,8,Preis-Leistung,Preis ist okay
895,5777,2025-07-14,2,Gesamtzufriedenheit,
896,6774,2024-01-03,2,Preis-Leistung,Nicht transparent
897,7207,2024-05-07,9,Produkt,
898,11811,2024-10-06,8,Preis-Leistung,
899,4717,2025-10-15,8,Gesamtzufriedenheit,
900,15813,2024-03-14,9,Gesamtzufriedenheit,Sehr zufrieden mit EPOWER
901,6238,2025-04-19,9,Preis-Leistung,Gutes Preis-Leistungs-Verhältnis
902,14028,2025-06-27,8,Gesamtzufriedenheit,Im Großen und Ganzen okay
903,18444,2024-06-08,8,Produkt,Ganz okay
904,16621,2025-12-01,9,Installation,Schnell und sauber
905,10587,2025-01-20,9,Gesamtzufriedenheit,Sehr zufrieden mit EPOWER
906,16677,2025-10-03,3,Preis-Leistung,Versteckte Kosten
907,13884,2025-06-19,6,Gesamtzufriedenheit,Würde nicht erneut wählen
908,15171,2024-12-08,7,Produkt,Ganz okay
909,16039,2025-12-10,4,Preis-Leistung,Preiserhöhung nicht akzeptabel
910,9992,2024-12-01,8,Installation,Hat etwas gedauert
911,10585,2025-01-07,7,Gesamtzufriedenheit,Im Großen und Ganzen okay
912,16853,2024-09-26,5,Kundenservice,
913,3993,2025-11-14,4,Kundenservice,
914,1607,2025-04-05,6,Kundenservice,
915,8070,2024-01-14,6,Kundenservice,
916,18975,2024-06-16,7,Installation,"War okay, nichts Besonderes"
917,7505,2025-06-09,2,Preis-Leistung,Versteckte Kosten
918,8510,2025-01-29,5,App & Digital,Sehr langsam
919,15339,2025-07-26,8,App & Digital,Design veraltet
920,19764,2024-12-23,10,App & Digital,App funktioniert super
921,17069,2025-11-11,8,App & Digital,
922,8145,2025-08-28,9,Gesamtzufriedenheit,
923,3629,2025-10-02,10,Produkt,
924,10080,2024-01-08,4,Preis-Leistung,Nicht transparent
925,17176,2025-10-28,9,Installation,Installation top organisiert
926,18986,2024-10-26,7,Produkt,
927,16145,2024-03-15,9,Preis-Leistung,Gutes Preis-Leistungs-Verhältnis
928,2385,2024-01-19,10,Kundenservice,Schnelle Hilfe erhalten
929,9792,2025-03-17,8,Installation,Kleine Verzögerung
930,11549,2024-06-18,10,Produkt,
931,17754,2024-07-02,9,Kundenservice,Kompetente Beratung
932,12970,2025-01-01,6,Preis-Leistung,
933,14704,2024-09-15,9,Gesamtzufriedenheit,Kann ich nur weiterempfehlen
934,5568,2025-02-07,7,Kundenservice,Musste mehrfach anrufen
935,927,2025-11-29,9,App & Digital,
936,16794,2025-09-06,10,App & Digital,
937,15869,2024-12-04,8,Kundenservice,Lange Wartezeit am Telefon
938,1138,2025-04-05,8,Preis-Leistung,Etwas teuer
939,3823,2024-11-18,7,App & Digital,
940,11515,2025-08-14,7,Gesamtzufriedenheit,Könnte besser sein
941,12950,2024-03-22,8,App & Digital,
942,3232,2025-07-05,9,Kundenservice,Problemlos gelöst
943,3115,2025-05-17,10,Installation,
944,5144,2025-02-21,0,Gesamtzufriedenheit,
945,2828,2025-08-13,7,Kundenservice,Lange Wartezeit am Telefon
946,12453,2024-10-17,9,Produkt,Smart Meter sehr nützlich
947,16866,2025-10-18,1,Installation,Unsaubere Arbeit
948,11746,2025-07-30,6,Preis-Leistung,Nicht transparent
949,5258,2025-10-28,10,Gesamtzufriedenheit,Kann ich nur weiterempfehlen
950,11006,2025-02-13,9,Gesamtzufriedenheit,
951,11489,2024-09-13,2,Kundenservice,
952,6502,2024-03-28,7,Preis-Leistung,
953,3785,2025-07-20,9,Produkt,Solaranlage läuft einwandfrei
954,6134,2024-05-29,6,Installation,
955,1030,2024-06-16,10,Gesamtzufriedenheit,Rundum zufrieden
956,6879,2024-03-12,6,App & Digital,
957,17057,2024-04-30,7,Produkt,Leistung könnte besser sein
958,9850,2025-03-02,9,Gesamtzufriedenheit,
959,16653,2024-10-03,7,Preis-Leistung,Vergleichbar mit anderen
960,8091,2025-11-18,6,Preis-Leistung,Zu teuer
961,18142,2024-07-26,7,Preis-Leistung,
962,14461,2024-04-11,7,Installation,Hat etwas gedauert
963,14122,2025-05-24,7,Installation,
964,4813,2024-04-03,8,Preis-Leistung,Etwas teuer
965,8353,2024-06-01,8,Gesamtzufriedenheit,Nichts Besonderes
966,14929,2025-06-29,8,Kundenservice,Musste mehrfach anrufen
967,19703,2025-05-01,6,Installation,Termin dreimal verschoben
968,14298,2025-03-05,6,Gesamtzufriedenheit,
969,4011,2025-03-03,9,App & Digital,
970,10463,2024-05-01,6,Gesamtzufriedenheit,Würde nicht erneut wählen
971,2015,2024-03-13,8,App & Digital,
972,603,2025-10-09,0,Installation,Termin dreimal verschoben
973,10526,2024-10-05,9,App & Digital,App funktioniert super
974,6185,2024-04-10,10,Preis-Leistung,Günstiger als erwartet
975,4196,2024-03-26,8,Kundenservice,
976,12365,2024-03-09,10,Preis-Leistung,
977,15792,2025-10-27,9,Gesamtzufriedenheit,
978,10539,2025-03-26,10,Preis-Leistung,Fairer Preis
979,10072,2024-10-25,10,Gesamtzufriedenheit,
980,19181,2025-05-18,2,Kundenservice,
981,14897,2024-07-17,6,Produkt,Störungen häufig
982,682,2025-06-02,3,Gesamtzufriedenheit,
983,4057,2024-02-25,8,Kundenservice,
984,4473,2024-10-23,10,Installation,Termingerecht fertig
985,10570,2024-02-29,9,Gesamtzufriedenheit,Sehr zufrieden mit EPOWER
986,17754,2025-04-16,8,Produkt,
987,14320,2025-08-04,9,Gesamtzufriedenheit,Kann ich nur weiterempfehlen
988,15184,2025-09-10,7,Kundenservice,Musste mehrfach anrufen
989,9410,2025-10-18,7,Preis-Leistung,Vergleichbar mit anderen
990,3224,2024-08-28,6,Kundenservice,
991,17712,2024-09-09,4,Produkt,
992,15438,2025-07-22,10,Preis-Leistung,Gutes Preis-Leistungs-Verhältnis
993,7038,2024-12-07,9,Produkt,Solaranlage läuft einwandfrei
994,3470,2025-08-16,7,Kundenservice,
995,15559,2025-09-28,7,Gesamtzufriedenheit,Durchschnittlich
996,2344,2024-07-24,9,Kundenservice,
997,13166,2025-04-24,10,Preis-Leistung,Preis stimmt
998,8245,2025-10-15,9,Kundenservice,
999,14385,2024-01-23,9,Produkt,Smart Meter sehr nützlich
1000,10020,2025-09-02,8,Preis-Leistung,Etwas teuer
1001,15892,2025-02-23,9,Gesamtzufriedenheit,
1002,19671,2024-02-25,7,App & Digital,
1003,10106,2025-02-12,9,Preis-Leistung,
1004,9879,2024-04-01,9,App & Digital,Übersichtliches Portal
1005,17892,2024-10-10,9,Installation,Termingerecht fertig
1006,11694,2024-05-14,4,App & Digital,Keine Echtzeit-Daten
1007,11264,2024-05-31,7,Produkt,
1008,969,2025-06-17,0,Kundenservice,Unfreundlich am Telefon
1009,2375,2025-08-14,5,Preis-Leistung,
1010,12028,2025-07-14,0,Gesamtzufriedenheit,
1011,318,2025-03-19,9,Kundenservice,Schnelle Hilfe erhalten
1012,18189,2025-11-06,8,Gesamtzufriedenheit,Durchschnittlich
1013,11638,2024-03-22,9,Produkt,Wallbox perfekt installiert
1014,3676,2025-04-19,8,App & Digital,
1015,4501,2024-05-03,8,Produkt,
1016,8728,2024-09-02,9,Produkt,Wärmepumpe spart enorm
1017,4094,2025-12-02,6,Preis-Leistung,Zu teuer
1018,12221,2024-12-24,7,Gesamtzufriedenheit,Durchschnittlich
1019,16251,2024-11-07,8,Produkt,Funktioniert wie erwartet
1020,14794,2024-09-29,10,Produkt,
1021,1612,2025-02-15,9,Preis-Leistung,Gutes Preis-Leistungs-Verhältnis
1022,11144,2025-01-21,2,Kundenservice,Unfreundlich am Telefon
1023,7163,2024-06-07,8,Preis-Leistung,Preis ist okay
1024,19151,2024-12-07,9,Produkt,Wärmepumpe spart enorm
1025,6510,2025-09-16,4,Installation,Termin dreimal verschoben
1026,369,2025-04-14,6,Gesamtzufriedenheit,Erwartungen nicht erfüllt
1027,8993,2025-09-20,5,Gesamtzufriedenheit,Bin enttäuscht
1028,13676,2024-01-12,7,Preis-Leistung,Vergleichbar mit anderen
1029,4591,2024-10-21,8,Preis-Leistung,
1030,10727,2025-05-27,7,App & Digital,
1031,6220,2024-01-06,10,Gesamtzufriedenheit,Kann ich nur weiterempfehlen
1032,4024,2025-07-07,0,Produkt,
1033,1415,2024-09-08,9,Gesamtzufriedenheit,Alles bestens
1034,11228,2024-07-04,0,App & Digital,App nicht nutzbar
1035,6479,2025-03-09,8,Installation,
1036,632,2025-10-23,8,Installation,"War okay, nichts Besonderes"
1037,16338,2024-07-28,7,App & Digital,
1038,8002,2024-07-02,7,App & Digital,
1039,13868,2024-06-08,4,Installation,Unsaubere Arbeit
1040,18009,2025-09-14,9,Kundenservice,Schnelle Hilfe erhalten
1041,8204,2024-06-04,10,Kundenservice,Kompetente Beratung
1042,16342,2025-10-20,8,Preis-Leistung,Vergleichbar mit anderen
1043,6626,2024-06-10,6,Produkt,Störungen häufig
1044,564,2025-12-21,8,Installation,Hat etwas gedauert
1045,18007,2024-05-22,10,Installation,
1046,10179,2024-10-18,10,Preis-Leistung,
1047,16370,2024-09-11,9,Preis-Leistung,
1048,2854,2024-01-03,9,Gesamtzufriedenheit,Rundum zufrieden
1049,12500,2025-06-23,9,App & Digital,
1050,2384,2025-08-24,9,Installation,Schnell und sauber
1051,10334,2024-03-04,6,Produkt,
1052,6910,2024-08-24,2,Produkt,Qualität mangelhaft
1053,11519,2024-10-28,8,Installation,Kleine Verzögerung
1054,11498,2025-12-15,10,Preis-Leistung,Gutes Preis-Leistungs-Verhältnis
1055,5075,2024-08-01,6,Produkt,
1056,17029,2024-04-08,10,Gesamtzufriedenheit,Top Anbieter
1057,17625,2024-11-04,5,Produkt,
1058,16805,2025-10-14,7,Gesamtzufriedenheit,Durchschnittlich
1059,13821,2024-05-09,10,Produkt,Smart Meter sehr nützlich
1060,10900,2024-04-06,8,Gesamtzufriedenheit,
1061,13253,2024-01-08,3,App & Digital,App nicht nutzbar
1062,14202,2024-11-27,3,Preis-Leistung,
1063,4597,2024-11-06,9,Installation,Handwerker sehr professionell
1064,6124,2025-04-03,4,Gesamtzufriedenheit,Erwartungen nicht erfüllt
1065,4218,2024-03-12,9,Gesamtzufriedenheit,
1066,291,2024-11-27,8,Installation,
1067,6591,2024-01-09,5,Gesamtzufriedenheit,
1068,1537,2025-02-25,5,Gesamtzufriedenheit,
1069,3512,2024-12-19,10,Kundenservice,
1070,15836,2025-01-18,9,Installation,
1071,18539,2024-01-26,9,Kundenservice,Problemlos gelöst
1072,5369,2025-09-03,10,Preis-Leistung,Gutes Preis-Leistungs-Verhältnis
1073,15627,2024-11-27,9,Installation,Handwerker sehr professionell
1074,8241,2024-03-29,9,Preis-Leistung,
1075,710,2025-04-05,7,Kundenservice,
1076,8991,2024-09-25,10,Installation,
1077,1613,2025-10-28,8,App & Digital,
1078,19061,2024-03-05,7,Preis-Leistung,
1079,7880,2024-11-10,10,Gesamtzufriedenheit,Top Anbieter
1080,14606,2024-05-23,0,Preis-Leistung,Nicht transparent
1081,7526,2024-12-25,7,Installation,"War okay, nichts Besonderes"
1082,11211,2025-07-16,9,Kundenservice,
1083,19024,2024-06-16,7,Installation,Hat etwas gedauert
1084,18074,2024-12-07,9,Gesamtzufriedenheit,
1085,7653,2025-02-14,8,Installation,
1086,6638,2024-10-22,9,Produkt,Solaranlage läuft einwandfrei
1087,5387,2024-11-28,7,Produkt,
1088,11282,2025-08-01,10,Installation,Termingerecht fertig
1089,278,2025-09-04,8,Preis-Leistung,Etwas teuer
1090,4268,2024-11-05,9,Installation,
1091,3378,2025-07-20,10,App & Digital,App funktioniert super
1092,9934,2025-01-23,5,Installation,Chaos bei der Installation
1093,8454,2025-04-15,7,App & Digital,
1094,994,2025-05-11,8,Gesamtzufriedenheit,
1095,10361,2024-06-15,8,App & Digital,
1096,11262,2024-03-17,9,Gesamtzufriedenheit,
1097,8689,2024-09-06,10,Kundenservice,
1098,3562,2024-02-13,5,Kundenservice,
1099,16152,2025-12-26,6,Preis-Leistung,Zu teuer
1100,17201,2024-04-05,10,App & Digital,
1101,13111,2025-05-24,10,Gesamtzufriedenheit,Top Anbieter
1102,12444,2025-04-20,4,Gesamtzufriedenheit,
1103,3355,2024-11-02,10,App & Digital,Übersichtliches Portal
1104,18630,2024-04-04,6,Installation,Nachbesserung nötig
1105,7912,2024-01-14,7,Kundenservice,Musste mehrfach anrufen
1106,6702,2025-02-15,1,Installation,Termin dreimal verschoben
1107,18617,2024-05-08,7,Kundenservice,Musste mehrfach anrufen
1108,11670,2025-01-22,9,App & Digital,
1109,9681,2024-09-11,9,Gesamtzufriedenheit,Alles bestens
1110,15357,2024-09-18,1,Preis-Leistung,
1111,9851,2025-11-06,3,Installation,
1112,9311,2024-12-13,10,Installation,Handwerker sehr professionell
1113,1018,2025-03-04,9,Produkt,
1114,10876,2025-01-23,0,App & Digital,Keine Echtzeit-Daten
1115,11278,2024-04-01,8,App & Digital,Funktioniert meistens
1116,12001,2024-09-11,10,Kundenservice,Schnelle Hilfe erhalten
1117,5463,2025-12-17,7,App & Digital,Funktioniert meistens
1118,4618,2025-07-16,8,Gesamtzufriedenheit,Im Großen und Ganzen okay
1119,17768,2024-06-20,6,App & Digital,Keine Echtzeit-Daten
1120,4238,2024-11-02,6,Gesamtzufriedenheit,Schlechte Erfahrung
1121,5026,2024-01-07,8,Preis-Leistung,Vergleichbar mit anderen
1122,19899,2024-05-01,10,Gesamtzufriedenheit,Sehr zufrieden mit EPOWER
1123,15721,2025-07-27,4,Installation,
1124,14798,2024-06-11,7,Preis-Leistung,Vergleichbar mit anderen
1125,1713,2025-06-17,5,Gesamtzufriedenheit,Erwartungen nicht erfüllt
1126,6893,2024-04-09,7,Produkt,
1127,17670,2025-12-18,9,App & Digital,Verbrauch immer im Blick
1128,14786,2025-07-11,9,Gesamtzufriedenheit,Rundum zufrieden
1129,16578,2025-08-26,7,App & Digital,
1130,15221,2024-11-01,4,Preis-Leistung,
1131,4801,2024-04-10,7,Kundenservice,Lange Wartezeit am Telefon
1132,6322,2024-05-11,4,Preis-Leistung,
1133,8438,2024-09-19,8,App & Digital,Design veraltet
1134,4980,2025-04-27,8,Produkt,Funktioniert wie erwartet
1135,16213,2024-09-07,7,Installation,Hat etwas gedauert
1136,6969,2024-05-23,9,App & Digital,
1137,587,2025-03-18,5,App & Digital,Sehr langsam
1138,14122,2025-04-20,8,Produkt,Ganz okay
1139,7169,2024-02-28,8,Installation,Kleine Verzögerung
1140,19984,2025-01-13,7,Gesamtzufriedenheit,
1141,13276,2025-01-12,9,Gesamtzufriedenheit,Top Anbieter
1142,2434,2024-06-13,8,App & Digital,
1143,19130,2025-09-21,10,Gesamtzufriedenheit,Alles bestens
1144,3659,2024-05-24,9,Preis-Leistung,
1145,2079,2025-07-22,5,Gesamtzufriedenheit,
1146,14624,2025-09-15,6,Gesamtzufriedenheit,Würde nicht erneut wählen
1147,9365,2025-10-08,9,Preis-Leistung,Gutes Preis-Leistungs-Verhältnis
1148,15412,2024-06-08,8,Installation,
1149,17608,2024-12-27,9,Preis-Leistung,Gutes Preis-Leistungs-Verhältnis
1150,13341,2024-01-08,1,Gesamtzufriedenheit,
1151,5497,2024-04-20,7,App & Digital,
1152,6014,2024-04-15,6,Gesamtzufriedenheit,
1153,16330,2025-11-27,3,Kundenservice,Beschwerde ignoriert
1154,1101,2024-06-27,9,App & Digital,Einfache Bedienung
1155,5810,2025-12-03,6,App & Digital,Login funktioniert nicht
1156,5541,2025-09-06,9,Produkt,
1157,11089,2025-03-13,7,Preis-Leistung,
1158,18694,2025-01-20,9,Installation,
1159,11346,2025-08-29,5,Produkt,
1160,13205,2025-04-21,7,Installation,Hat etwas gedauert
1161,5790,2024-02-07,9,Kundenservice,Sehr freundliche Mitarbeiter
1162,12664,2024-12-23,7,Kundenservice,Service war in Ordnung
1163,3688,2024-10-28,3,Kundenservice,
1164,11856,2024-05-25,4,Kundenservice,Keine Lösung erhalten
1165,8042,2025-11-23,10,Preis-Leistung,Fairer Preis
1166,12045,2025-06-12,3,Produkt,Störungen häufig
1167,18161,2025-03-28,4,Installation,
1168,7624,2025-01-04,6,Produkt,Qualität mangelhaft
1169,15011,2025-02-05,6,Installation,
1170,6201,2024-05-04,10,Kundenservice,Problemlos gelöst
1171,15681,2025-05-20,5,Installation,
1172,7647,2024-06-28,9,Produkt,
1173,4176,2024-03-10,10,Kundenservice,Sehr freundliche Mitarbeiter
1174,14323,2025-04-09,10,Preis-Leistung,
1175,4154,2025-04-18,7,Gesamtzufriedenheit,Im Großen und Ganzen okay
1176,19355,2024-07-27,7,Preis-Leistung,Etwas teuer
1177,9400,2024-04-17,9,App & Digital,
1178,14598,2024-07-28,7,Installation,
1179,2940,2025-07-20,3,Installation,Termin dreimal verschoben
1180,18659,2024-05-19,1,Gesamtzufriedenheit,
1181,6549,2024-03-16,6,App & Digital,Keine Echtzeit-Daten
1182,12802,2025-03-21,7,Preis-Leistung,Vergleichbar mit anderen
1183,4249,2024-10-20,8,Installation,
1184,9917,2025-05-15,7,Produkt,Funktioniert wie erwartet
1185,9016,2024-12-27,3,Gesamtzufriedenheit,
1186,17455,2024-12-06,9,Installation,
1187,19802,2025-10-22,8,Preis-Leistung,Etwas teuer
1188,7126,2024-08-18,9,Installation,Handwerker sehr professionell
1189,6308,2025-06-24,0,Preis-Leistung,Zu teuer
1190,7275,2025-07-24,9,Kundenservice,Kompetente Beratung
1191,11273,2025-07-08,8,Installation,Kleine Verzögerung
1192,2595,2025-11-11,4,Installation,
1193,2361,2024-07-28,10,App & Digital,
1194,6568,2025-06-19,3,Gesamtzufriedenheit,
1195,15349,2025-04-16,7,Preis-Leistung,Vergleichbar mit anderen
1196,17479,2025-11-26,7,Produkt,
1197,10966,2025-03-27,8,App & Digital,Funktioniert meistens
1198,8858,2024-11-09,8,Kundenservice,Lange Wartezeit am Telefon
1199,8978,2025-04-16,6,Gesamtzufriedenheit,
1200,14781,2025-10-06,6,Produkt,Nicht wie versprochen
1201,4552,2024-09-17,4,Produkt,Defekt nach kurzer Zeit
1202,2577,2024-09-27,3,Produkt,Qualität mangelhaft
1203,6087,2024-01-16,8,Produkt,Ganz okay
1204,11778,2025-09-11,8,Produkt,
1205,14657,2024-12-02,10,App & Digital,
1206,14635,2024-02-05,8,Gesamtzufriedenheit,Im Großen und Ganzen okay
1207,12065,2024-06-12,8,App & Digital,
1208,18403,2024-07-02,8,Kundenservice,
1209,10148,2025-12-07,5,App & Digital,
1210,3084,2024-11-24,10,Gesamtzufriedenheit,
1211,187,2025-10-22,7,Produkt,
1212,3701,2024-12-24,8,Produkt,Leistung könnte besser sein
1213,1300,2024-05-21,8,Preis-Leistung,Etwas teuer
1214,6397,2025-07-31,10,Gesamtzufriedenheit,Sehr zufrieden mit EPOWER
1215,13314,2025-06-10,4,Kundenservice,Unfreundlich am Telefon
1216,7144,2024-12-31,5,Gesamtzufriedenheit,
1217,4113,2024-08-06,9,Produkt,Solaranlage läuft einwandfrei
1218,17246,2024-08-16,9,Produkt,Smart Meter sehr nützlich
1219,10983,2024-03-06,8,Kundenservice,Service war in Ordnung
1220,466,2024-01-11,9,App & Digital,App funktioniert super
1221,14204,2024-05-23,9,Installation,Installation top organisiert
1222,12600,2025-01-18,7,Gesamtzufriedenheit,Im Großen und Ganzen okay
1223,11802,2024-09-12,4,App & Digital,App nicht nutzbar
1224,8086,2024-08-09,5,Gesamtzufriedenheit,
1225,13701,2025-09-23,9,Kundenservice,Schnelle Hilfe erhalten
1226,8116,2024-08-26,7,Installation,
1227,19737,2025-06-15,10,Preis-Leistung,
1228,15145,2025-12-14,8,App & Digital,Design veraltet
1229,4165,2024-07-05,7,Installation,Hat etwas gedauert
1230,9452,2025-08-23,9,Kundenservice,
1231,3924,2025-06-13,8,Produkt,Leistung könnte besser sein
1232,10209,2025-02-12,1,Installation,Chaos bei der Installation
1233,15237,2025-04-20,3,Kundenservice,Unfreundlich am Telefon
1234,16309,2024-05-24,8,Gesamtzufriedenheit,
1235,6056,2025-04-24,8,Installation,"War okay, nichts Besonderes"
1236,4993,2024-05-05,0,Kundenservice,
1237,8423,2024-12-05,6,App & Digital,Keine Echtzeit-Daten
1238,8661,2025-12-29,7,App & Digital,App stürzt manchmal ab
1239,6401,2025-03-25,10,Gesamtzufriedenheit,
1240,2439,2024-10-19,6,App & Digital,App nicht nutzbar
1241,6044,2025-10-15,0,Installation,
1242,4274,2025-11-07,8,Preis-Leistung,
1243,2984,2024-03-22,4,Preis-Leistung,Nicht transparent
1244,19141,2025-03-02,7,Kundenservice,Service war in Ordnung
1245,8782,2024-03-06,10,Kundenservice,
1246,1195,2024-07-16,8,Kundenservice,Service war in Ordnung
1247,18194,2025-11-30,8,Kundenservice,
1248,536,2024-01-31,1,App & Digital,
1249,636,2024-12-24,6,Preis-Leistung,Nicht transparent
1250,11162,2024-12-16,10,App & Digital,App funktioniert super
1251,11291,2025-06-07,8,App & Digital,
1252,13921,2025-07-07,4,Produkt,
1253,14878,2024-10-23,7,Produkt,Funktioniert wie erwartet
1254,9790,2024-10-23,0,Preis-Leistung,
1255,13698,2025-04-10,4,Kundenservice,
1256,7945,2025-12-05,0,Preis-Leistung,Nicht transparent
1257,10977,2025-07-22,9,Produkt,
1258,12118,2025-10-24,7,App & Digital,App stürzt manchmal ab
1259,9698,2025-03-21,1,Produkt,Störungen häufig
1260,14385,2025-02-03,9,Preis-Leistung,
1261,7657,2025-03-26,9,App & Digital,Übersichtliches Portal
1262,1111,2024-03-30,3,App & Digital,
1263,13669,2025-06-01,10,App & Digital,Übersichtliches Portal
1264,1200,2025-03-30,1,Installation,
1265,19011,2025-05-26,10,App & Digital,Verbrauch immer im Blick
1266,18367,2024-05-05,1,Gesamtzufriedenheit,Erwartungen nicht erfüllt
1267,18034,2025-04-28,8,Produkt,Ganz okay
1268,31,2025-07-29,10,App & Digital,Verbrauch immer im Blick
1269,15550,2024-10-03,9,App & Digital,
1270,3672,2024-12-12,7,Kundenservice,Service war in Ordnung
1271,8124,2025-04-18,3,Gesamtzufriedenheit,
1272,10114,2025-07-27,9,App & Digital,Einfache Bedienung
1273,2407,2024-01-20,10,Kundenservice,
1274,13008,2024-10-19,4,Produkt,Qualität mangelhaft
1275,4130,2025-04-01,7,App & Digital,
1276,5392,2024-04-16,8,Installation,
1277,443,2025-08-01,6,Installation,Termin dreimal verschoben
1278,7803,2024-07-06,8,Kundenservice,
1279,17725,2025-10-04,1,Gesamtzufriedenheit,Würde nicht erneut wählen
1280,17205,2025-10-20,7,Installation,"War okay, nichts Besonderes"
1281,522,2025-08-08,9,App & Digital,Einfache Bedienung
1282,14189,2024-01-22,10,App & Digital,
1283,9900,2024-08-15,9,Kundenservice,Schnelle Hilfe erhalten
1284,7595,2024-06-25,10,Produkt,
1285,5413,2025-01-15,10,Produkt,Wallbox perfekt installiert
1286,3183,2024-11-17,10,Gesamtzufriedenheit,
1287,9229,2025-11-03,8,Produkt,Leistung könnte besser sein
1288,3640,2025-11-29,0,Installation,Termin dreimal verschoben
1289,1975,2024-11-01,10,Preis-Leistung,Preis stimmt
1290,7140,2024-10-20,10,Produkt,
1291,18872,2024-09-06,7,App & Digital,Design veraltet
1292,17502,2024-06-04,8,App & Digital,
1293,3546,2024-05-18,9,Installation,
1294,107,2024-03-16,10,App & Digital,Einfache Bedienung
1295,7050,2025-09-25,8,Produkt,Ganz okay
1296,17654,2024-05-03,10,Installation,
1297,7827,2025-01-17,9,App & Digital,Übersichtliches Portal
1298,9263,2024-11-22,1,Kundenservice,
1299,6001,2025-12-14,6,App & Digital,Keine Echtzeit-Daten
1300,7802,2025-02-18,8,Kundenservice,
1301,3612,2025-02-19,9,Kundenservice,Sehr freundliche Mitarbeiter
1302,4038,2024-04-23,9,App & Digital,
1303,15724,2025-05-09,5,Produkt,Qualität mangelhaft
1304,5918,2024-02-22,0,Kundenservice,Niemand erreichbar
1305,8053,2024-08-21,7,Installation,"War okay, nichts Besonderes"
1306,3556,2024-08-27,8,Kundenservice,
1307,2968,2025-06-22,7,Installation,
1308,14655,2025-08-27,7,Gesamtzufriedenheit,Könnte besser sein
1309,4243,2024-01-14,7,Produkt,Leistung könnte besser sein
1310,9821,2025-06-27,7,Gesamtzufriedenheit,
1311,16214,2024-06-17,8,Gesamtzufriedenheit,
1312,16435,2025-09-16,9,Installation,Termingerecht fertig
1313,18353,2024-09-10,7,Gesamtzufriedenheit,Könnte besser sein
1314,1814,2024-03-22,10,Gesamtzufriedenheit,Top Anbieter
1315,5794,2024-02-04,7,Gesamtzufriedenheit,Nichts Besonderes
1316,11158,2024-05-18,5,Preis-Leistung,Preiserhöhung nicht akzeptabel
1317,18545,2024-07-30,8,Preis-Leistung,
1318,14790,2025-12-06,2,Kundenservice,Keine Lösung erhalten
1319,15537,2025-04-29,8,Gesamtzufriedenheit,
1320,14999,2024-12-27,4,Preis-Leistung,Versteckte Kosten
1321,18593,2024-02-11,8,Kundenservice,Service war in Ordnung
1322,6390,2025-05-18,5,Installation,Unsaubere Arbeit
1323,19593,2024-02-16,8,App & Digital,Design veraltet
1324,10428,2025-09-17,5,Kundenservice,
1325,10180,2024-11-29,10,Produkt,Wallbox perfekt installiert
1326,3432,2024-03-10,10,Installation,Installation top organisiert
1327,18305,2024-04-18,8,Produkt,Funktioniert wie erwartet
1328,9581,2025-11-29,6,Installation,
1329,8631,2024-02-29,7,Kundenservice,Service war in Ordnung
1330,19407,2024-05-04,0,Kundenservice,Niemand erreichbar
1331,181,2025-02-10,8,Kundenservice,
1332,17985,2024-02-06,9,App & Digital,Verbrauch immer im Blick
1333,18608,2025-05-08,6,Gesamtzufriedenheit,Würde nicht erneut wählen
1334,16114,2025-06-03,10,Installation,
1335,3571,2025-08-17,3,Preis-Leistung,Versteckte Kosten
1336,17073,2025-01-25,9,Preis-Leistung,Gutes Preis-Leistungs-Verhältnis
1337,6876,2024-10-12,10,Produkt,
1338,8946,2025-07-29,9,Installation,Termingerecht fertig
1339,582,2024-03-28,7,Preis-Leistung,
1340,9139,2025-03-27,7,Installation,
1341,1178,2025-10-21,10,Installation,Schnell und sauber
1342,321,2024-03-28,3,Kundenservice,Niemand erreichbar
1343,4482,2025-11-30,9,Kundenservice,Problemlos gelöst
1344,15894,2024-08-01,9,App & Digital,
1345,14039,2025-05-11,6,Installation,Termin dreimal verschoben
1346,970,2024-10-18,4,App & Digital,App nicht nutzbar
1347,15940,2025-02-09,8,Kundenservice,Musste mehrfach anrufen
1348,16131,2024-02-11,2,Preis-Leistung,Nicht transparent
1349,11304,2024-08-19,9,Produkt,Smart Meter sehr nützlich
1350,1219,2024-06-05,1,Kundenservice,
1351,18914,2024-03-20,9,App & Digital,Verbrauch immer im Blick
1352,12210,2025-05-11,9,Preis-Leistung,Preis stimmt
1353,4611,2024-10-03,5,Kundenservice,Beschwerde ignoriert
1354,19501,2025-04-11,7,Gesamtzufriedenheit,
1355,1254,2024-01-21,8,Preis-Leistung,
1356,13307,2024-03-25,1,Installation,
1357,16853,2025-02-04,6,Gesamtzufriedenheit,Erwartungen nicht erfüllt
1358,5729,2024-11-15,10,Preis-Leistung,Gutes Preis-Leistungs-Verhältnis
1359,18907,2025-12-31,9,App & Digital,Übersichtliches Portal
1360,16584,2024-12-12,7,App & Digital,Design veraltet
1361,17962,2025-10-20,9,App & Digital,Einfache Bedienung
1362,4297,2025-06-17,9,Installation,Handwerker sehr professionell
1363,3782,2025-03-11,10,Kundenservice,Problemlos gelöst
1364,10813,2025-02-14,10,Installation,
1365,8415,2025-12-27,9,Produkt,Wärmepumpe spart enorm
1366,19990,2024-06-07,10,Installation,Schnell und sauber
1367,986,2024-10-16,5,Gesamtzufriedenheit,Würde nicht erneut wählen
1368,4627,2025-01-03,6,Installation,Unsaubere Arbeit
1369,699,2024-04-18,7,Kundenservice,
1370,2600,2024-10-07,8,Installation,Hat etwas gedauert
1371,18915,2024-05-06,7,Installation,Hat etwas gedauert
1372,12349,2024-09-19,3,Installation,Chaos bei der Installation
1373,17676,2024-07-02,8,Produkt,Leistung könnte besser sein
1374,10780,2025-04-18,9,Installation,
1375,10396,2025-07-21,10,Kundenservice,Kompetente Beratung
1376,15022,2024-05-02,9,Produkt,Solaranlage läuft einwandfrei
1377,12985,2024-11-23,8,Produkt,Funktioniert wie erwartet
1378,10157,2024-05-21,6,Gesamtzufriedenheit,Würde nicht erneut wählen
1379,273,2024-03-27,0,Kundenservice,
1380,7562,2025-05-18,8,App & Digital,
1381,10507,2025-06-16,8,Installation,"War okay, nichts Besonderes"
1382,7342,2025-08-16,10,Kundenservice,
1383,14703,2024-01-18,10,Gesamtzufriedenheit,Kann ich nur weiterempfehlen
1384,11876,2025-06-26,8,App & Digital,
1385,10842,2025-02-25,9,Gesamtzufriedenheit,Top Anbieter
1386,13824,2025-09-29,9,Produkt,
1387,16794,2025-04-09,4,Installation,
1388,15164,2025-10-18,0,App & Digital,App nicht nutzbar
1389,8083,2024-02-11,4,Preis-Leistung,Nicht transparent
1390,19505,2025-02-03,10,Installation,
1391,15988,2025-02-17,6,Installation,Termin dreimal verschoben
1392,10766,2024-05-10,3,Kundenservice,Unfreundlich am Telefon
1393,7131,2025-12-20,8,Installation,"War okay, nichts Besonderes"
1394,18699,2024-08-28,7,Installation,Kleine Verzögerung
1395,12846,2024-07-29,10,Kundenservice,Problemlos gelöst
1396,4591,2024-08-10,10,Installation,Installation top organisiert
1397,8518,2025-03-23,9,Installation,Installation top organisiert
1398,5927,2024-07-23,8,Produkt,Funktioniert wie erwartet
1399,12296,2025-01-25,6,Kundenservice,Beschwerde ignoriert
1400,10612,2024-01-30,2,Installation,Chaos bei der Installation
1401,5538,2025-02-06,9,Produkt,
1402,16693,2024-10-04,8,Preis-Leistung,Vergleichbar mit anderen
1403,8555,2025-08-02,10,Gesamtzufriedenheit,
1404,3832,2025-03-08,9,App & Digital,Einfache Bedienung
1405,5020,2024-01-03,7,Gesamtzufriedenheit,Könnte besser sein
1406,4183,2025-11-29,6,App & Digital,Sehr langsam
1407,8048,2024-04-26,7,Installation,
1408,6156,2024-01-02,9,Produkt,Wärmepumpe spart enorm
1409,10286,2025-11-29,9,Installation,Handwerker sehr professionell
1410,13375,2025-07-24,7,Gesamtzufriedenheit,Durchschnittlich
1411,12222,2025-07-03,10,Kundenservice,Kompetente Beratung
1412,17327,2024-01-20,8,Preis-Leistung,Etwas teuer
1413,13174,2024-09-30,8,Installation,Kleine Verzögerung
1414,1828,2025-08-03,5,Installation,
1415,7142,2024-08-11,7,Gesamtzufriedenheit,
1416,6849,2024-10-10,10,Produkt,Solaranlage läuft einwandfrei
1417,956,2024-11-06,10,App & Digital,App funktioniert super
1418,1523,2025-03-06,0,Installation,Termin dreimal verschoben
1419,6938,2024-01-31,9,Produkt,
1420,7319,2024-01-30,10,App & Digital,Einfache Bedienung
1421,14468,2024-02-19,4,Kundenservice,Unfreundlich am Telefon
1422,5731,2025-02-26,8,Gesamtzufriedenheit,
1423,10364,2025-09-26,6,Gesamtzufriedenheit,Schlechte Erfahrung
1424,3397,2024-01-02,0,Preis-Leistung,Versteckte Kosten
1425,14932,2025-01-28,8,App & Digital,
1426,19897,2024-08-02,9,Gesamtzufriedenheit,Top Anbieter
1427,2574,2025-04-08,8,Preis-Leistung,
1428,885,2025-04-28,10,App & Digital,Einfache Bedienung
1429,6757,2024-09-24,6,App & Digital,App nicht nutzbar
1430,16925,2024-12-14,8,Preis-Leistung,
1431,9101,2025-02-25,7,Installation,"War okay, nichts Besonderes"
1432,11867,2025-04-18,5,Kundenservice,Unfreundlich am Telefon
1433,11241,2024-10-11,4,Installation,Unsaubere Arbeit
1434,10708,2024-06-06,9,Gesamtzufriedenheit,Kann ich nur weiterempfehlen
1435,11436,2024-11-27,8,Installation,"War okay, nichts Besonderes"
1436,13770,2025-03-12,8,Preis-Leistung,
1437,2793,2025-10-27,9,Installation,
1438,4475,2024-03-10,9,App & Digital,Übersichtliches Portal
1439,10139,2025-03-21,5,Gesamtzufriedenheit,
1440,13289,2024-09-20,9,Installation,Schnell und sauber
1441,6229,2024-06-15,10,Produkt,
1442,1964,2025-10-17,0,Kundenservice,
1443,19211,2024-07-03,7,Kundenservice,Lange Wartezeit am Telefon
1444,13990,2025-03-30,8,Installation,
1445,11291,2025-09-12,8,Kundenservice,
1446,5586,2025-02-22,5,Produkt,
1447,19561,2025-07-01,7,Produkt,
1448,19955,2024-02-15,9,Kundenservice,Kompetente Beratung
1449,12702,2024-11-27,0,Preis-Leistung,Versteckte Kosten
1450,10277,2025-03-24,4,Produkt,Qualität mangelhaft
1451,6245,2024-01-01,8,Produkt,Leistung könnte besser sein
1452,17937,2024-01-21,10,Installation,Handwerker sehr professionell
1453,17978,2025-10-02,1,Installation,Nachbesserung nötig
1454,13987,2025-04-17,10,Kundenservice,
1455,17422,2025-08-21,3,Gesamtzufriedenheit,Würde nicht erneut wählen
1456,5997,2024-02-16,7,Installation,Hat etwas gedauert
1457,16901,2025-11-17,0,Gesamtzufriedenheit,Schlechte Erfahrung
1458,16313,2024-05-08,7,Gesamtzufriedenheit,Nichts Besonderes
1459,1002,2024-02-23,8,Installation,Kleine Verzögerung
1460,9475,2025-10-20,4,Preis-Leistung,Preiserhöhung nicht akzeptabel
1461,16692,2024-12-01,6,Preis-Leistung,
1462,8113,2025-08-07,10,App & Digital,
1463,3617,2024-07-06,0,Gesamtzufriedenheit,Bin enttäuscht
1464,3393,2025-01-16,5,Kundenservice,
1465,13278,2025-05-06,10,Preis-Leistung,
1466,2818,2024-07-31,7,Produkt,Leistung könnte besser sein
1467,17719,2025-02-16,9,Produkt,Wärmepumpe spart enorm
1468,19759,2024-01-13,4,Installation,Unsaubere Arbeit
1469,7442,2025-09-10,6,Preis-Leistung,Nicht transparent
1470,14926,2024-03-13,9,Kundenservice,Kompetente Beratung
1471,17558,2024-11-05,8,Kundenservice,
1472,3643,2025-02-14,8,Kundenservice,Service war in Ordnung
1473,2917,2025-01-28,2,Kundenservice,Keine Lösung erhalten
1474,18246,2025-03-01,8,Produkt,Leistung könnte besser sein
1475,9430,2025-10-30,7,Preis-Leistung,Etwas teuer
1476,7024,2024-01-13,8,Gesamtzufriedenheit,Im Großen und Ganzen okay
1477,1621,2025-09-17,7,Kundenservice,Musste mehrfach anrufen
1478,8456,2025-06-17,0,Installation,Termin dreimal verschoben
1479,6388,2024-03-26,3,Gesamtzufriedenheit,Schlechte Erfahrung
1480,12765,2025-09-10,9,Preis-Leistung,
1481,342,2025-08-31,9,Installation,Termingerecht fertig
1482,9617,2025-11-24,5,Preis-Leistung,Versteckte Kosten
1483,13316,2025-04-16,3,App & Digital,Keine Echtzeit-Daten
1484,10906,2025-07-29,10,Produkt,
1485,10422,2024-02-25,7,Produkt,Leistung könnte besser sein
1486,5892,2025-05-05,8,Gesamtzufriedenheit,
1487,18901,2024-08-25,5,Kundenservice,Niemand erreichbar
1488,7896,2024-09-14,3,Gesamtzufriedenheit,Würde nicht erneut wählen
1489,18291,2024-09-07,10,Preis-Leistung,Günstiger als erwartet
1490,13618,2025-06-03,5,App & Digital,
1491,10154,2025-11-21,4,Preis-Leistung,
1492,5568,2025-09-26,9,App & Digital,
1493,1727,2025-02-05,6,Produkt,Störungen häufig
1494,16965,2024-05-05,9,App & Digital,
1495,1990,2025-11-13,5,Gesamtzufriedenheit,Bin enttäuscht
1496,18710,2024-03-13,9,Preis-Leistung,Preis stimmt
1497,12117,2024-02-23,9,Kundenservice,Problemlos gelöst
1498,16145,2024-04-09,8,Kundenservice,
1499,2848,2025-01-12,9,Kundenservice,
1500,6544,2025-12-31,9,Produkt,Solaranlage läuft einwandfrei
1501,6733,2024-05-02,5,Gesamtzufriedenheit,
1502,7114,2024-06-15,8,Installation,"War okay, nichts Besonderes"
1503,1930,2025-11-01,4,Installation,Unsaubere Arbeit
1504,15849,2025-05-23,5,App & Digital,Login funktioniert nicht
1505,5668,2024-03-25,10,Preis-Leistung,Preis stimmt
1506,9837,2025-04-25,4,Preis-Leistung,Zu teuer
1507,18185,2025-08-14,7,Installation,
1508,479,2024-05-11,7,Gesamtzufriedenheit,
1509,16767,2025-03-04,7,App & Digital,
1510,16138,2025-04-26,5,Gesamtzufriedenheit,Bin enttäuscht
1511,2453,2025-02-25,0,Kundenservice,Keine Lösung erhalten
1512,6419,2025-03-24,8,Produkt,Ganz okay
1513,14274,2024-03-02,9,Kundenservice,Sehr freundliche Mitarbeiter
1514,19943,2024-06-15,8,Installation,
1515,8923,2025-08-16,8,App & Digital,Funktioniert meistens
1516,8209,2025-11-10,9,App & Digital,Übersichtliches Portal
1517,14202,2024-09-30,8,Kundenservice,
1518,6287,2025-04-27,10,App & Digital,Verbrauch immer im Blick
1519,19680,2025-11-27,10,Produkt,Solaranlage läuft einwandfrei
1520,2764,2025-12-22,0,Installation,
1521,6560,2025-10-12,9,Kundenservice,
1522,4620,2025-10-15,7,Preis-Leistung,Vergleichbar mit anderen
1523,12711,2024-08-07,9,App & Digital,Verbrauch immer im Blick
1524,1696,2025-06-10,9,Kundenservice,Sehr freundliche Mitarbeiter
1525,18962,2024-03-30,8,App & Digital,App stürzt manchmal ab
1526,2311,2024-09-27,10,Produkt,Wallbox perfekt installiert
1527,13789,2025-11-07,4,Installation,
1528,13670,2025-11-08,8,Kundenservice,Musste mehrfach anrufen
1529,8996,2025-09-06,9,Installation,Installation top organisiert
1530,12485,2025-01-30,9,Produkt,Wallbox perfekt installiert
1531,15061,2025-01-24,6,App & Digital,
1532,7458,2024-03-27,9,Installation,Schnell und sauber
1533,12037,2024-12-08,2,Preis-Leistung,Versteckte Kosten
1534,17427,2025-08-12,7,Preis-Leistung,
1535,6550,2024-12-15,9,Preis-Leistung,Günstiger als erwartet
1536,11124,2024-07-23,7,Installation,
1537,18835,2024-11-04,10,Produkt,Wallbox perfekt installiert
1538,13793,2025-09-22,10,Kundenservice,Schnelle Hilfe erhalten
1539,11649,2025-12-05,4,Kundenservice,
1540,9678,2025-07-17,8,Installation,
1541,5198,2025-12-03,10,App & Digital,
1542,7431,2024-12-23,7,Produkt,Ganz okay
1543,11449,2024-04-03,4,Gesamtzufriedenheit,Erwartungen nicht erfüllt
1544,9472,2024-04-04,0,Produkt,
1545,3523,2025-03-11,10,Preis-Leistung,
1546,12428,2025-09-28,0,Installation,Termin dreimal verschoben
1547,6654,2024-08-22,7,Installation,Hat etwas gedauert
1548,1193,2024-02-11,8,Produkt,Leistung könnte besser sein
1549,1896,2024-04-22,6,Gesamtzufriedenheit,Würde nicht erneut wählen
1550,5192,2025-05-26,9,Gesamtzufriedenheit,
1551,8861,2025-09-16,9,Gesamtzufriedenheit,
1552,13459,2024-01-25,7,Produkt,Funktioniert wie erwartet
1553,10683,2025-12-01,10,Preis-Leistung,Gutes Preis-Leistungs-Verhältnis
1554,16531,2025-10-11,7,Installation,Kleine Verzögerung
1555,5058,2025-12-02,6,Installation,Termin dreimal verschoben
1556,9367,2025-02-18,10,Gesamtzufriedenheit,
1557,18409,2025-02-21,8,Kundenservice,
1558,4784,2025-02-12,6,App & Digital,App nicht nutzbar
1559,16783,2024-12-24,9,Produkt,
1560,14861,2024-06-15,9,App & Digital,Einfache Bedienung
1561,10412,2025-08-25,3,Gesamtzufriedenheit,Schlechte Erfahrung
1562,8527,2025-05-28,10,Kundenservice,Problemlos gelöst
1563,3131,2025-10-10,7,Installation,
1564,15896,2025-04-29,8,Produkt,Ganz okay
1565,15414,2025-09-01,8,Produkt,Funktioniert wie erwartet
1566,13801,2025-04-03,7,Kundenservice,Lange Wartezeit am Telefon
1567,15401,2025-06-01,0,Preis-Leistung,
1568,9830,2024-01-13,7,Produkt,Funktioniert wie erwartet
1569,7980,2024-09-06,5,Kundenservice,
1570,8070,2025-11-09,9,Installation,Handwerker sehr professionell
1571,15861,2024-07-30,6,Preis-Leistung,Zu teuer
1572,19452,2025-12-03,2,Installation,Nachbesserung nötig
1573,13138,2024-07-26,7,Preis-Leistung,
1574,14603,2025-07-06,5,Preis-Leistung,Versteckte Kosten
1575,2110,2024-03-18,5,Produkt,Qualität mangelhaft
1576,4108,2024-09-15,2,App & Digital,Sehr langsam
1577,8288,2024-05-21,9,Produkt,Wärmepumpe spart enorm
1578,3263,2024-11-13,10,Produkt,
1579,7282,2025-07-27,8,Installation,
1580,12066,2024-09-08,9,App & Digital,
1581,9851,2024-05-24,0,Preis-Leistung,Zu teuer
1582,6900,2024-02-24,9,Gesamtzufriedenheit,Rundum zufrieden
1583,13392,2024-05-14,10,Installation,Handwerker sehr professionell
1584,9265,2025-02-02,9,Kundenservice,Problemlos gelöst
1585,12762,2025-11-18,8,Installation,
1586,11738,2025-01-25,8,Kundenservice,
1587,14279,2025-04-08,9,Gesamtzufriedenheit,Top Anbieter
1588,18034,2025-03-18,8,Installation,
1589,14256,2025-05-27,7,Installation,Hat etwas gedauert
1590,6738,2025-04-29,1,Installation,
1591,9990,2024-06-27,7,Produkt,Funktioniert wie erwartet
1592,14179,2024-09-11,9,Gesamtzufriedenheit,
1593,18506,2024-04-22,8,Gesamtzufriedenheit,
1594,5632,2024-06-12,7,Produkt,Leistung könnte besser sein
1595,1829,2025-10-17,9,App & Digital,
1596,1429,2025-01-19,9,App & Digital,
1597,11035,2025-01-22,9,App & Digital,Einfache Bedienung
1598,5529,2024-12-13,8,Produkt,Ganz okay
1599,3962,2025-03-14,0,Kundenservice,Keine Lösung erhalten
1600,1829,2025-02-24,8,App & Digital,App stürzt manchmal ab
1601,5812,2025-05-03,10,Kundenservice,
1602,17625,2024-09-17,9,Produkt,
1603,3233,2025-05-18,7,Preis-Leistung,
1604,2386,2024-04-26,10,App & Digital,App funktioniert super
1605,18392,2024-10-21,5,Produkt,Nicht wie versprochen
1606,5002,2025-10-05,4,App & Digital,
1607,7928,2025-01-13,3,Kundenservice,Niemand erreichbar
1608,10727,2024-01-06,0,App & Digital,Login funktioniert nicht
1609,12317,2025-11-19,7,Kundenservice,Service war in Ordnung
1610,5919,2024-11-10,8,App & Digital,App stürzt manchmal ab
1611,5935,2025-11-07,9,Preis-Leistung,
1612,14467,2025-01-08,6,Produkt,
1613,10328,2024-04-18,0,App & Digital,
1614,19566,2025-07-14,1,App & Digital,Sehr langsam
1615,9638,2025-07-01,8,Installation,"War okay, nichts Besonderes"
1616,8289,2024-03-06,7,App & Digital,App stürzt manchmal ab
1617,5118,2024-08-29,8,Gesamtzufriedenheit,Könnte besser sein
1618,4471,2025-01-01,8,App & Digital,
1619,8990,2024-09-06,8,Preis-Leistung,Vergleichbar mit anderen
1620,15109,2025-01-09,5,Produkt,
1621,7899,2024-10-03,9,Gesamtzufriedenheit,
1622,3158,2024-04-09,5,Kundenservice,Unfreundlich am Telefon
1623,9291,2024-06-23,2,Installation,Unsaubere Arbeit
1624,6503,2025-09-21,2,Produkt,
1625,1950,2024-06-11,8,App & Digital,
1626,15496,2025-03-29,3,Preis-Leistung,Versteckte Kosten
1627,9551,2024-07-23,10,App & Digital,Verbrauch immer im Blick
1628,719,2024-11-20,7,Kundenservice,Lange Wartezeit am Telefon
1629,19205,2024-01-06,9,Preis-Leistung,
1630,5534,2025-06-13,9,Installation,
1631,18932,2025-05-23,1,Kundenservice,Unfreundlich am Telefon
1632,3555,2024-12-07,7,Kundenservice,Service war in Ordnung
1633,19137,2025-08-31,6,Gesamtzufriedenheit,Bin enttäuscht
1634,9054,2025-02-22,5,Produkt,Störungen häufig
1635,7615,2024-03-09,7,Installation,"War okay, nichts Besonderes"
1636,4368,2025-02-24,9,App & Digital,Verbrauch immer im Blick
1637,5368,2025-06-04,10,Kundenservice,
1638,5995,2025-11-24,7,Installation,Hat etwas gedauert
1639,9477,2025-01-05,10,App & Digital,Übersichtliches Portal
1640,7936,2024-01-16,8,Produkt,Leistung könnte besser sein
1641,1063,2024-05-03,5,Gesamtzufriedenheit,Bin enttäuscht
1642,6646,2025-05-23,4,Gesamtzufriedenheit,Schlechte Erfahrung
1643,16045,2025-10-31,1,Kundenservice,
1644,1839,2025-01-21,10,Gesamtzufriedenheit,Alles bestens
1645,6478,2025-06-20,7,Gesamtzufriedenheit,Könnte besser sein
1646,13935,2024-05-09,9,App & Digital,Übersichtliches Portal
1647,18182,2024-06-19,8,Gesamtzufriedenheit,Nichts Besonderes
1648,14528,2024-07-26,7,Preis-Leistung,Vergleichbar mit anderen
1649,16217,2024-11-04,8,Kundenservice,
1650,18752,2025-06-16,6,Installation,Unsaubere Arbeit
1651,9431,2025-11-10,6,Produkt,
1652,5201,2024-02-29,9,Preis-Leistung,Fairer Preis
1653,19921,2024-04-04,9,App & Digital,
1654,10016,2024-03-05,4,Produkt,
1655,15429,2025-10-14,7,Produkt,Funktioniert wie erwartet
1656,11960,2025-09-22,9,Installation,
1657,11118,2024-11-28,7,Produkt,Leistung könnte besser sein
1658,2857,2024-07-14,3,Preis-Leistung,
1659,724,2024-08-16,7,Installation,Hat etwas gedauert
1660,5359,2025-05-19,7,Produkt,
1661,544,2025-11-28,8,Produkt,Ganz okay
1662,9684,2025-09-26,3,Preis-Leistung,
1663,10924,2024-10-30,4,Installation,Termin dreimal verschoben
1664,6257,2024-02-15,8,Kundenservice,
1665,9737,2024-07-12,9,Gesamtzufriedenheit,Sehr zufrieden mit EPOWER
1666,3696,2024-07-17,5,Installation,Unsaubere Arbeit
1667,4927,2024-02-11,8,Gesamtzufriedenheit,
1668,5293,2024-10-04,8,Kundenservice,
1669,2296,2025-11-02,1,Kundenservice,
1670,16470,2025-06-12,8,Installation,
1671,15138,2025-02-02,9,App & Digital,
1672,6403,2024-02-27,9,Preis-Leistung,Günstiger als erwartet
1673,423,2024-05-01,8,Kundenservice,
1674,8197,2025-07-07,9,Produkt,Solaranlage läuft einwandfrei
1675,3724,2024-09-04,9,Preis-Leistung,Fairer Preis
1676,17324,2024-08-26,8,Produkt,Ganz okay
1677,18090,2025-02-09,10,Gesamtzufriedenheit,
1678,4359,2025-01-30,1,Installation,Unsaubere Arbeit
1679,9502,2024-06-04,5,Gesamtzufriedenheit,
1680,12366,2024-03-30,9,Gesamtzufriedenheit,Rundum zufrieden
1681,11283,2024-01-26,2,Gesamtzufriedenheit,
1682,3583,2025-02-22,9,Installation,Handwerker sehr professionell
1683,631,2024-07-17,7,Gesamtzufriedenheit,
1684,7161,2025-07-03,7,Produkt,Ganz okay
1685,7742,2024-09-08,10,Kundenservice,Problemlos gelöst
1686,2762,2025-12-11,9,Gesamtzufriedenheit,Kann ich nur weiterempfehlen
1687,9428,2024-10-06,3,Produkt,
1688,19115,2024-09-07,8,Preis-Leistung,Etwas teuer
1689,12819,2025-05-02,9,Installation,Schnell und sauber
1690,13923,2025-12-16,0,Produkt,Störungen häufig
1691,7912,2024-05-04,7,Gesamtzufriedenheit,
1692,1210,2025-09-07,8,App & Digital,
1693,15705,2024-04-24,9,Gesamtzufriedenheit,
1694,16940,2025-05-05,10,App & Digital,
1695,13689,2024-06-30,8,App & Digital,
1696,7445,2025-04-14,8,Kundenservice,Musste mehrfach anrufen
1697,17186,2024-06-18,8,Kundenservice,Lange Wartezeit am Telefon
1698,13552,2025-06-19,1,Preis-Leistung,Nicht transparent
1699,3912,2024-10-29,10,Installation,
1700,10855,2024-07-31,4,Gesamtzufriedenheit,
1701,18049,2025-05-09,2,Installation,Nachbesserung nötig
1702,1308,2025-06-22,2,Produkt,
1703,14523,2024-06-30,9,Preis-Leistung,
1704,1683,2024-12-31,2,Kundenservice,Niemand erreichbar
1705,3248,2025-05-30,8,Installation,Kleine Verzögerung
1706,14056,2025-12-24,10,Produkt,Smart Meter sehr nützlich
1707,6200,2025-08-10,0,Produkt,Nicht wie versprochen
1708,5888,2025-12-01,9,Gesamtzufriedenheit,Sehr zufrieden mit EPOWER
1709,4649,2024-08-12,7,Produkt,
1710,824,2025-05-23,8,Gesamtzufriedenheit,Nichts Besonderes
1711,14939,2025-08-03,10,Preis-Leistung,Günstiger als erwartet
1712,13245,2024-07-13,8,Gesamtzufriedenheit,Durchschnittlich
1713,17786,2024-12-26,8,Produkt,
1714,5216,2024-04-09,10,Preis-Leistung,Gutes Preis-Leistungs-Verhältnis
1715,16678,2024-01-05,8,Gesamtzufriedenheit,
1716,12833,2025-05-21,7,Kundenservice,Service war in Ordnung
1717,1945,2025-11-18,9,App & Digital,
1718,9873,2024-09-04,4,Gesamtzufriedenheit,Würde nicht erneut wählen
1719,18653,2025-08-13,10,Preis-Leistung,
1720,4169,2024-09-28,6,Preis-Leistung,
1721,126,2024-07-04,8,Preis-Leistung,Etwas teuer
1722,18544,2024-07-01,8,Installation,
1723,10349,2024-01-17,0,App & Digital,App nicht nutzbar
1724,11350,2025-07-12,7,Preis-Leistung,Preis ist okay
1725,15271,2025-10-06,10,Preis-Leistung,Gutes Preis-Leistungs-Verhältnis
1726,17958,2024-02-02,10,Gesamtzufriedenheit,Sehr zufrieden mit EPOWER
1727,4949,2024-12-19,8,Preis-Leistung,Preis ist okay
1728,2123,2024-04-03,7,Kundenservice,
1729,10375,2024-10-26,6,Produkt,Defekt nach kurzer Zeit
1730,17493,2025-04-10,7,Kundenservice,
1731,8905,2024-09-16,10,Produkt,
1732,13690,2025-10-06,9,Preis-Leistung,
1733,16870,2024-02-02,7,Kundenservice,
1734,13094,2024-05-06,9,Preis-Leistung,
1735,14340,2025-06-03,5,Kundenservice,
1736,13781,2024-06-15,1,Installation,Nachbesserung nötig
1737,12596,2025-03-12,10,Produkt,Wallbox perfekt installiert
1738,2710,2024-08-16,10,Preis-Leistung,
1739,7064,2025-03-04,5,Preis-Leistung,Preiserhöhung nicht akzeptabel
1740,15778,2025-06-26,5,Preis-Leistung,Versteckte Kosten
1741,2058,2024-03-18,3,Kundenservice,
1742,12804,2025-10-21,9,Kundenservice,
1743,11560,2025-09-14,7,Preis-Leistung,Etwas teuer
1744,651,2025-02-12,1,Kundenservice,Unfreundlich am Telefon
1745,10652,2025-02-21,10,Preis-Leistung,Günstiger als erwartet
1746,14587,2025-05-01,1,Installation,Unsaubere Arbeit
1747,9526,2024-12-11,8,App & Digital,
1748,19888,2025-12-08,8,Installation,Kleine Verzögerung
1749,6812,2024-08-26,8,Produkt,
1750,6764,2025-02-17,10,Installation,Handwerker sehr professionell
1751,2592,2024-08-31,8,Installation,Kleine Verzögerung
1752,3004,2025-03-11,3,Kundenservice,Niemand erreichbar
1753,11170,2024-08-13,5,Kundenservice,
1754,8561,2024-10-10,2,App & Digital,Keine Echtzeit-Daten
1755,18431,2024-04-04,8,App & Digital,Funktioniert meistens
1756,2233,2024-07-28,7,Gesamtzufriedenheit,Durchschnittlich
1757,6656,2025-07-27,4,App & Digital,
1758,8646,2024-01-08,7,Installation,
1759,12909,2024-11-29,9,Produkt,Wallbox perfekt installiert
1760,17336,2024-10-23,8,Kundenservice,Musste mehrfach anrufen
1761,18236,2025-01-19,7,Kundenservice,Lange Wartezeit am Telefon
1762,3799,2024-09-19,8,App & Digital,
1763,10323,2025-11-09,8,Preis-Leistung,Vergleichbar mit anderen
1764,8536,2025-11-21,5,Produkt,Qualität mangelhaft
1765,1322,2025-03-01,9,App & Digital,
1766,9224,2025-03-29,10,App & Digital,
1767,4614,2024-01-15,8,Produkt,
1768,14331,2025-04-10,0,Preis-Leistung,Versteckte Kosten
1769,3699,2024-10-24,4,Kundenservice,Niemand erreichbar
1770,453,2024-04-13,7,Kundenservice,
1771,7440,2025-09-20,4,Gesamtzufriedenheit,Schlechte Erfahrung
1772,14174,2025-08-07,5,Gesamtzufriedenheit,
1773,16534,2025-08-06,7,Installation,
1774,5798,2024-09-07,7,Installation,Hat etwas gedauert
1775,5166,2024-04-02,9,Gesamtzufriedenheit,Rundum zufrieden
1776,18531,2025-11-19,3,App & Digital,Keine Echtzeit-Daten
1777,2485,2024-10-23,7,Kundenservice,
1778,16649,2025-03-07,3,Installation,Unsaubere Arbeit
1779,16863,2024-09-07,10,Kundenservice,Schnelle Hilfe erhalten
1780,18143,2025-12-04,9,Kundenservice,Problemlos gelöst
1781,4523,2025-04-13,7,Produkt,Funktioniert wie erwartet
1782,16859,2024-02-19,8,Kundenservice,Lange Wartezeit am Telefon
1783,12667,2025-12-07,7,Produkt,Ganz okay
1784,7021,2025-11-09,5,Installation,
1785,6228,2025-11-25,6,Produkt,
1786,6343,2024-10-30,10,Preis-Leistung,
1787,18033,2025-06-24,6,App & Digital,Sehr langsam
1788,892,2024-12-21,8,Preis-Leistung,Etwas teuer
1789,15131,2025-04-22,6,App & Digital,App nicht nutzbar
1790,8155,2024-12-14,9,Kundenservice,
1791,636,2025-12-11,10,Kundenservice,
1792,8011,2024-06-23,10,Preis-Leistung,
1793,294,2025-09-21,4,Produkt,Nicht wie versprochen
1794,9126,2025-08-04,8,Kundenservice,
1795,17164,2025-06-26,5,Kundenservice,Beschwerde ignoriert
1796,1506,2025-05-12,7,App & Digital,
1797,18748,2025-08-29,10,Produkt,Wallbox perfekt installiert
1798,11085,2025-07-01,8,Preis-Leistung,
1799,12978,2025-11-30,9,Kundenservice,Kompetente Beratung
1800,646,2024-05-26,0,Preis-Leistung,
1801,12880,2024-10-25,4,Produkt,Defekt nach kurzer Zeit
1802,8071,2024-03-30,6,Installation,Termin dreimal verschoben
1803,7178,2024-03-29,7,Installation,Kleine Verzögerung
1804,3044,2025-04-17,9,Gesamtzufriedenheit,Kann ich nur weiterempfehlen
1805,11263,2025-04-04,8,Kundenservice,Service war in Ordnung
1806,10330,2024-11-24,7,Preis-Leistung,
1807,12444,2024-07-13,10,Preis-Leistung,Gutes Preis-Leistungs-Verhältnis
1808,3958,2024-01-19,10,App & Digital,Übersichtliches Portal
1809,17212,2024-11-20,1,Produkt,Qualität mangelhaft
1810,2133,2025-01-18,9,Preis-Leistung,Gutes Preis-Leistungs-Verhältnis
1811,16335,2024-10-05,8,Gesamtzufriedenheit,Nichts Besonderes
1812,15162,2025-10-09,9,Kundenservice,
1813,6105,2024-09-14,8,App & Digital,Design veraltet
1814,4047,2024-01-05,9,Preis-Leistung,
1815,8248,2025-02-02,9,Installation,Termingerecht fertig
1816,7955,2025-07-15,9,App & Digital,Übersichtliches Portal
1817,19288,2025-05-15,9,Produkt,Solaranlage läuft einwandfrei
1818,6459,2025-10-21,8,Preis-Leistung,Preis ist okay
1819,12405,2025-03-27,9,App & Digital,Übersichtliches Portal
1820,12031,2025-06-06,7,App & Digital,
1821,2913,2025-10-20,7,Preis-Leistung,Etwas teuer
1822,858,2024-05-17,6,Produkt,
1823,16258,2024-01-06,9,Gesamtzufriedenheit,Sehr zufrieden mit EPOWER
1824,17116,2024-12-05,8,Installation,Hat etwas gedauert
1825,15824,2025-10-13,0,Produkt,Störungen häufig
1826,5580,2024-04-08,8,Kundenservice,
1827,10107,2025-10-07,8,Kundenservice,
1828,575,2025-08-09,9,Gesamtzufriedenheit,Kann ich nur weiterempfehlen
1829,13764,2025-02-14,7,Kundenservice,
1830,9283,2025-10-30,2,Installation,Nachbesserung nötig
1831,12239,2024-10-01,8,Kundenservice,Service war in Ordnung
1832,15255,2024-05-23,7,Gesamtzufriedenheit,Nichts Besonderes
1833,2169,2024-10-20,9,Kundenservice,
1834,10123,2025-07-02,9,Produkt,
1835,18141,2024-09-17,6,Gesamtzufriedenheit,Bin enttäuscht
1836,5154,2025-03-03,0,Kundenservice,Unfreundlich am Telefon
1837,4062,2025-01-03,8,Kundenservice,Service war in Ordnung
1838,2502,2024-08-21,9,Kundenservice,
1839,10867,2025-01-05,7,App & Digital,
1840,17275,2025-10-21,8,Produkt,Funktioniert wie erwartet
1841,11093,2025-04-10,8,Preis-Leistung,
1842,19103,2025-11-15,9,Preis-Leistung,Preis stimmt
1843,875,2024-04-16,1,Preis-Leistung,Preiserhöhung nicht akzeptabel
1844,19308,2025-07-24,10,App & Digital,
1845,12807,2024-06-12,7,Installation,Kleine Verzögerung
1846,18249,2025-03-03,9,Installation,Termingerecht fertig
1847,11748,2025-08-03,8,App & Digital,Funktioniert meistens
1848,8832,2024-10-10,4,Gesamtzufriedenheit,Erwartungen nicht erfüllt
1849,15567,2024-11-29,9,App & Digital,Übersichtliches Portal
1850,10582,2024-05-24,8,Produkt,Leistung könnte besser sein
1851,10102,2025-06-07,7,Kundenservice,Service war in Ordnung
1852,4462,2024-10-10,10,Produkt,
1853,11972,2024-06-19,1,Installation,Nachbesserung nötig
1854,17778,2024-12-17,2,Installation,Unsaubere Arbeit
1855,12855,2025-01-17,6,Gesamtzufriedenheit,Würde nicht erneut wählen
1856,7856,2025-07-06,7,App & Digital,Funktioniert meistens
1857,7967,2025-08-12,4,Installation,Termin dreimal verschoben
1858,8948,2024-06-07,9,Installation,Installation top organisiert
1859,8756,2024-06-25,0,Produkt,
1860,14024,2024-02-08,4,Installation,Unsaubere Arbeit
1861,3602,2025-02-14,7,Kundenservice,
1862,7823,2024-10-06,8,Preis-Leistung,Etwas teuer
1863,19961,2025-02-07,8,App & Digital,Funktioniert meistens
1864,1638,2025-03-07,0,Preis-Leistung,
1865,2689,2024-12-18,8,Produkt,Funktioniert wie erwartet
1866,9008,2024-06-12,7,Gesamtzufriedenheit,Nichts Besonderes
1867,10913,2025-02-28,10,Installation,
1868,16804,2024-08-20,9,Kundenservice,
1869,1839,2025-04-21,8,Gesamtzufriedenheit,Nichts Besonderes
1870,15913,2024-08-13,8,Preis-Leistung,
1871,4962,2024-09-12,5,Kundenservice,Beschwerde ignoriert
1872,4664,2024-08-07,8,Produkt,Ganz okay
1873,10560,2025-04-27,7,Gesamtzufriedenheit,Durchschnittlich
1874,15208,2024-08-08,7,Gesamtzufriedenheit,
1875,14674,2024-08-14,7,Produkt,
1876,972,2025-10-25,9,Preis-Leistung,
1877,13062,2024-06-01,10,Kundenservice,
1878,17365,2024-10-10,5,Kundenservice,
1879,7861,2025-08-15,10,Preis-Leistung,Günstiger als erwartet
1880,17130,2025-01-16,0,Preis-Leistung,Versteckte Kosten
1881,10096,2024-10-27,10,Gesamtzufriedenheit,Top Anbieter
1882,342,2025-06-22,7,Gesamtzufriedenheit,
1883,9346,2025-09-18,2,Produkt,Defekt nach kurzer Zeit
1884,12196,2025-03-11,9,App & Digital,App funktioniert super
1885,2450,2024-07-28,5,Kundenservice,
1886,513,2024-04-11,7,App & Digital,
1887,15489,2025-03-16,9,Produkt,Wallbox perfekt installiert
1888,5756,2025-10-07,0,Kundenservice,Keine Lösung erhalten
1889,14582,2024-10-12,9,Installation,Termingerecht fertig
1890,859,2025-09-05,9,Produkt,Smart Meter sehr nützlich
1891,14889,2025-01-08,2,Gesamtzufriedenheit,
1892,11290,2024-05-01,7,App & Digital,
1893,19134,2025-11-16,10,Gesamtzufriedenheit,Alles bestens
1894,16847,2024-10-15,7,App & Digital,Funktioniert meistens
1895,15258,2024-02-08,4,Gesamtzufriedenheit,Würde nicht erneut wählen
1896,16877,2025-03-29,7,Produkt,Ganz okay
1897,3120,2025-04-15,8,Preis-Leistung,
1898,11418,2024-08-22,5,Produkt,
1899,3684,2025-02-16,2,Produkt,
1900,13114,2024-10-07,6,App & Digital,Login funktioniert nicht
1901,10276,2025-04-28,7,Installation,Hat etwas gedauert
1902,8761,2024-04-19,7,App & Digital,Funktioniert meistens
1903,12318,2025-09-27,7,Produkt,Ganz okay
1904,18075,2024-02-24,8,Installation,"War okay, nichts Besonderes"
1905,18456,2024-01-18,9,Preis-Leistung,Gutes Preis-Leistungs-Verhältnis
1906,17993,2025-09-06,8,App & Digital,App stürzt manchmal ab
1907,9632,2025-11-11,10,Kundenservice,
1908,5775,2025-08-07,9,Installation,Installation top organisiert
1909,13204,2025-09-07,3,Installation,
1910,4723,2024-05-09,1,Produkt,Defekt nach kurzer Zeit
1911,6768,2025-10-03,9,Kundenservice,
1912,7424,2024-04-28,8,Gesamtzufriedenheit,
1913,18315,2025-02-21,8,App & Digital,App stürzt manchmal ab
1914,18430,2024-08-09,3,Preis-Leistung,Versteckte Kosten
1915,5913,2025-06-19,5,Gesamtzufriedenheit,Schlechte Erfahrung
1916,19211,2025-01-16,0,Installation,
1917,11791,2025-08-29,7,Kundenservice,Service war in Ordnung
1918,11034,2025-07-20,8,Preis-Leistung,Vergleichbar mit anderen
1919,11647,2025-06-21,10,Produkt,Wallbox perfekt installiert
1920,17751,2025-10-28,4,Installation,
1921,9067,2024-11-15,9,Gesamtzufriedenheit,Alles bestens
1922,19669,2025-08-01,10,Installation,Termingerecht fertig
1923,10822,2024-01-19,0,App & Digital,Keine Echtzeit-Daten
1924,2258,2024-04-22,6,Installation,
1925,3623,2025-02-03,0,Preis-Leistung,Nicht transparent
1926,11316,2024-06-12,10,Kundenservice,
1927,6561,2025-01-01,3,Installation,Nachbesserung nötig
1928,7844,2024-11-10,6,Installation,Unsaubere Arbeit
1929,18478,2025-11-10,8,Gesamtzufriedenheit,Durchschnittlich
1930,9002,2024-06-02,5,Kundenservice,Beschwerde ignoriert
1931,4125,2024-09-16,9,Preis-Leistung,Günstiger als erwartet
1932,11062,2024-12-02,4,Kundenservice,
1933,13563,2024-01-28,5,Gesamtzufriedenheit,Würde nicht erneut wählen
1934,16026,2025-02-23,6,Gesamtzufriedenheit,Würde nicht erneut wählen
1935,18424,2025-01-24,9,Installation,
1936,4611,2025-02-01,6,Gesamtzufriedenheit,Erwartungen nicht erfüllt
1937,15797,2024-12-12,5,App & Digital,Login funktioniert nicht
1938,14008,2025-10-03,9,Preis-Leistung,
1939,19978,2024-02-16,8,Installation,Kleine Verzögerung
1940,15947,2025-03-25,8,Produkt,Ganz okay
1941,1646,2025-10-30,8,Kundenservice,
1942,15749,2024-03-28,9,Installation,Installation top organisiert
1943,15058,2024-09-15,7,App & Digital,Funktioniert meistens
1944,1914,2024-06-13,7,Installation,Kleine Verzögerung
1945,1329,2025-03-19,3,App & Digital,App nicht nutzbar
1946,6343,2024-12-13,10,Preis-Leistung,Fairer Preis
1947,19937,2025-02-26,9,Gesamtzufriedenheit,
1948,2309,2024-01-17,9,Gesamtzufriedenheit,
1949,10736,2025-08-14,5,Preis-Leistung,
1950,14217,2025-01-07,0,Installation,Termin dreimal verschoben
1951,150,2025-01-24,7,Gesamtzufriedenheit,Durchschnittlich
1952,12743,2024-05-30,0,Preis-Leistung,Preiserhöhung nicht akzeptabel
1953,17133,2025-07-28,10,App & Digital,Einfache Bedienung
1954,10135,2024-10-21,9,Gesamtzufriedenheit,Rundum zufrieden
1955,2134,2024-04-14,7,Produkt,
1956,15894,2025-10-07,7,Gesamtzufriedenheit,Nichts Besonderes
1957,7132,2024-10-28,9,Installation,Termingerecht fertig
1958,16789,2024-03-07,2,Installation,
1959,18623,2024-03-24,9,App & Digital,
1960,4886,2024-03-16,3,Gesamtzufriedenheit,Erwartungen nicht erfüllt
1961,9090,2025-08-24,8,Gesamtzufriedenheit,
1962,19457,2025-02-10,3,Gesamtzufriedenheit,Würde nicht erneut wählen
1963,15626,2025-11-23,8,App & Digital,
1964,16191,2024-10-01,2,Preis-Leistung,
1965,12700,2024-12-09,8,Installation,
1966,307,2025-05-29,6,Installation,Unsaubere Arbeit
1967,14556,2024-03-02,9,App & Digital,
1968,2146,2025-03-23,10,App & Digital,
1969,9808,2025-05-20,9,App & Digital,Verbrauch immer im Blick
1970,19814,2025-07-01,9,App & Digital,Einfache Bedienung
1971,9410,2024-12-07,10,Preis-Leistung,Preis stimmt
1972,5745,2025-06-24,10,Preis-Leistung,
1973,18713,2024-01-05,3,App & Digital,
1974,533,2024-03-18,9,Kundenservice,Kompetente Beratung
1975,6652,2024-10-17,8,Gesamtzufriedenheit,
1976,16398,2025-11-14,9,Installation,
1977,6678,2024-07-22,5,Gesamtzufriedenheit,Schlechte Erfahrung
1978,1526,2025-08-14,0,Preis-Leistung,
1979,9637,2024-12-10,8,App & Digital,
1980,9590,2024-12-05,5,Installation,Nachbesserung nötig
1981,5643,2024-11-29,7,Kundenservice,Service war in Ordnung
1982,4939,2025-11-04,9,App & Digital,
1983,18857,2025-01-26,3,Produkt,Qualität mangelhaft
1984,675,2024-02-13,8,Preis-Leistung,Preis ist okay
1985,7564,2025-12-13,0,Produkt,
1986,19759,2025-10-04,3,Preis-Leistung,Zu teuer
1987,8217,2024-05-27,9,Gesamtzufriedenheit,
1988,5309,2024-05-06,6,Preis-Leistung,Zu teuer
1989,15714,2024-12-20,5,App & Digital,App nicht nutzbar
1990,7721,2024-05-15,8,Produkt,
1991,17854,2024-02-18,7,Installation,Hat etwas gedauert
1992,8266,2025-03-22,10,Preis-Leistung,Günstiger als erwartet
1993,12958,2024-07-04,10,Kundenservice,
1994,14497,2024-07-07,6,Gesamtzufriedenheit,Erwartungen nicht erfüllt
1995,13163,2025-10-08,1,Kundenservice,
1996,3836,2025-01-22,0,Preis-Leistung,
1997,12117,2024-12-31,9,Preis-Leistung,
1998,7300,2025-10-20,9,Installation,Schnell und sauber
1999,12704,2024-06-25,8,Produkt,
2000,8798,2024-09-24,10,Preis-Leistung,Günstiger als erwartet
2001,6753,2025-05-21,9,Gesamtzufriedenheit,
2002,1709,2024-05-09,7,Kundenservice,Lange Wartezeit am Telefon
2003,3053,2024-12-07,9,Produkt,Wärmepumpe spart enorm
2004,9897,2025-07-20,5,Gesamtzufriedenheit,Würde nicht erneut wählen
2005,13107,2024-06-16,10,App & Digital,
2006,9344,2024-09-06,10,Gesamtzufriedenheit,
2007,9094,2024-05-23,6,Kundenservice,Keine Lösung erhalten
2008,1158,2024-06-29,5,Installation,
2009,18590,2024-03-04,7,Installation,
2010,1005,2024-04-10,7,App & Digital,App stürzt manchmal ab
2011,11044,2024-12-15,9,Produkt,Wallbox perfekt installiert
2012,16765,2024-02-04,10,Gesamtzufriedenheit,
2013,18590,2025-10-19,8,Installation,Hat etwas gedauert
2014,11527,2025-06-28,10,App & Digital,Übersichtliches Portal
2015,7390,2024-07-05,8,Installation,"War okay, nichts Besonderes"
2016,5520,2024-10-22,8,Kundenservice,Lange Wartezeit am Telefon
2017,4907,2025-08-22,10,Installation,Termingerecht fertig
2018,4123,2024-07-20,5,App & Digital,
2019,18714,2025-06-12,9,Gesamtzufriedenheit,Top Anbieter
2020,19069,2024-05-14,8,Produkt,Funktioniert wie erwartet
2021,13690,2024-02-01,6,App & Digital,Sehr langsam
2022,3990,2024-07-21,4,Installation,Chaos bei der Installation
2023,14745,2024-09-14,7,App & Digital,App stürzt manchmal ab
2024,13834,2024-12-04,5,Preis-Leistung,Zu teuer
2025,9881,2025-04-21,9,Installation,Handwerker sehr professionell
2026,19285,2024-01-31,7,Installation,Kleine Verzögerung
2027,12071,2024-03-16,5,Gesamtzufriedenheit,Würde nicht erneut wählen
2028,11178,2024-02-07,10,Preis-Leistung,Preis stimmt
2029,16878,2024-08-05,7,Gesamtzufriedenheit,Könnte besser sein
2030,17455,2024-04-04,7,Installation,Hat etwas gedauert
2031,15496,2024-06-25,2,Produkt,Defekt nach kurzer Zeit
2032,3303,2025-10-08,7,Preis-Leistung,
2033,2348,2024-03-02,7,Produkt,Ganz okay
2034,451,2025-05-04,8,Gesamtzufriedenheit,Könnte besser sein
2035,11080,2025-07-19,7,Preis-Leistung,
2036,3130,2025-08-26,7,Produkt,
2037,5203,2025-11-25,6,Produkt,Störungen häufig
2038,3381,2024-04-30,5,Produkt,Nicht wie versprochen
2039,1770,2025-05-06,1,Produkt,
2040,596,2024-05-15,7,App & Digital,App stürzt manchmal ab
2041,8241,2025-05-01,8,Gesamtzufriedenheit,Könnte besser sein
2042,18432,2024-06-07,10,Preis-Leistung,Fairer Preis
2043,17013,2025-04-14,2,Preis-Leistung,Versteckte Kosten
2044,16740,2025-12-29,10,Produkt,Smart Meter sehr nützlich
2045,16380,2024-01-01,6,Installation,
2046,3553,2025-09-10,7,Kundenservice,
2047,10656,2024-10-20,9,Produkt,
2048,14358,2024-12-26,10,Kundenservice,Schnelle Hilfe erhalten
2049,3486,2025-03-15,3,App & Digital,
2050,12317,2025-09-05,7,Installation,"War okay, nichts Besonderes"
2051,17185,2024-06-16,9,Installation,Termingerecht fertig
2052,13896,2025-11-17,1,Installation,Chaos bei der Installation
2053,11379,2024-04-18,9,Installation,Handwerker sehr professionell
2054,2514,2025-10-21,8,App & Digital,Funktioniert meistens
2055,4191,2024-09-16,5,App & Digital,App nicht nutzbar
2056,8504,2024-01-08,8,App & Digital,App stürzt manchmal ab
2057,2619,2025-03-06,10,Kundenservice,Kompetente Beratung
2058,18058,2024-06-25,9,Installation,Schnell und sauber
2059,7836,2024-10-22,7,Kundenservice,Musste mehrfach anrufen
2060,10495,2024-12-11,10,Kundenservice,Sehr freundliche Mitarbeiter
2061,5877,2024-06-27,10,App & Digital,
2062,7499,2025-11-28,7,Preis-Leistung,Vergleichbar mit anderen
2063,1555,2024-12-11,10,Installation,Termingerecht fertig
2064,19789,2025-05-20,9,Installation,
2065,2344,2024-08-23,8,App & Digital,Design veraltet
2066,8863,2025-07-23,4,Gesamtzufriedenheit,Erwartungen nicht erfüllt
2067,9310,2024-11-08,10,App & Digital,Verbrauch immer im Blick
2068,3337,2024-09-28,8,Gesamtzufriedenheit,
2069,18693,2024-03-09,3,Gesamtzufriedenheit,
2070,17822,2024-03-26,1,Produkt,
2071,19871,2024-12-28,8,Installation,
2072,3297,2024-11-08,9,Installation,
2073,694,2024-02-05,10,Produkt,Solaranlage läuft einwandfrei
2074,5314,2024-09-18,3,App & Digital,
2075,5483,2024-01-18,7,App & Digital,Funktioniert meistens
2076,16646,2025-11-21,7,Kundenservice,Lange Wartezeit am Telefon
2077,1094,2025-02-18,1,Installation,Chaos bei der Installation
2078,1399,2024-02-24,4,Kundenservice,
2079,16994,2025-07-02,10,Produkt,Wärmepumpe spart enorm
2080,3878,2024-03-05,10,App & Digital,Verbrauch immer im Blick
2081,7395,2024-05-04,7,Installation,Hat etwas gedauert
2082,4602,2025-01-19,9,Installation,Handwerker sehr professionell
2083,19632,2024-01-13,10,App & Digital,
2084,16320,2025-07-27,6,Preis-Leistung,
2085,18893,2025-08-22,5,Produkt,Qualität mangelhaft
2086,7664,2025-03-24,4,App & Digital,
2087,1873,2025-07-06,8,Installation,
2088,13538,2025-05-26,9,Produkt,
2089,2084,2024-03-11,7,App & Digital,App stürzt manchmal ab
2090,14071,2025-02-25,9,Kundenservice,
2091,7992,2025-03-10,10,Produkt,
2092,14627,2024-04-30,0,Installation,Unsaubere Arbeit
2093,8494,2024-01-28,5,Produkt,Nicht wie versprochen
2094,660,2025-12-24,9,Preis-Leistung,
2095,5740,2025-04-29,9,Produkt,Solaranlage läuft einwandfrei
2096,9829,2025-07-18,9,Produkt,Wärmepumpe spart enorm
2097,8856,2025-03-28,8,Kundenservice,Service war in Ordnung
2098,11978,2025-09-19,8,Produkt,Funktioniert wie erwartet
2099,1614,2024-03-10,9,Installation,
2100,5991,2024-03-09,10,Kundenservice,Sehr freundliche Mitarbeiter
2101,388,2024-02-15,1,Produkt,Nicht wie versprochen
2102,11762,2025-06-21,7,Produkt,
2103,5196,2025-02-23,10,Gesamtzufriedenheit,
2104,14679,2025-05-07,6,Preis-Leistung,Zu teuer
2105,17213,2024-03-16,8,Kundenservice,Musste mehrfach anrufen
2106,6783,2024-06-25,9,Preis-Leistung,
2107,417,2024-10-15,7,Gesamtzufriedenheit,
2108,15748,2024-11-04,4,Produkt,Defekt nach kurzer Zeit
2109,9749,2024-10-31,10,Produkt,Wärmepumpe spart enorm
2110,13221,2024-07-01,9,Preis-Leistung,Gutes Preis-Leistungs-Verhältnis
2111,4322,2025-03-18,7,Gesamtzufriedenheit,
2112,11283,2024-11-12,9,Kundenservice,
2113,11075,2024-05-25,10,Produkt,Wärmepumpe spart enorm
2114,3405,2025-05-09,3,Kundenservice,Niemand erreichbar
2115,16113,2024-12-01,9,Installation,Schnell und sauber
2116,16711,2025-05-19,9,Gesamtzufriedenheit,
2117,16451,2025-11-25,8,App & Digital,Funktioniert meistens
2118,9415,2024-07-13,9,Gesamtzufriedenheit,
2119,4035,2024-07-01,10,Preis-Leistung,Gutes Preis-Leistungs-Verhältnis
2120,7002,2025-03-03,4,App & Digital,Sehr langsam
2121,14967,2025-08-04,7,Preis-Leistung,Vergleichbar mit anderen
2122,10692,2024-11-05,3,Gesamtzufriedenheit,
2123,17501,2024-10-06,10,Gesamtzufriedenheit,
2124,16724,2025-01-15,3,Preis-Leistung,
2125,10709,2024-07-30,2,Produkt,Defekt nach kurzer Zeit
2126,9901,2024-12-05,6,Installation,Termin dreimal verschoben
2127,3018,2024-10-06,10,Installation,
2128,4031,2024-05-04,7,Produkt,
2129,4053,2025-06-16,8,Installation,Hat etwas gedauert
2130,3645,2024-06-30,9,Produkt,Wärmepumpe spart enorm
2131,16179,2025-04-26,6,Produkt,Nicht wie versprochen
2132,18230,2024-03-23,0,Gesamtzufriedenheit,
2133,9750,2025-10-28,1,Preis-Leistung,Versteckte Kosten
2134,5619,2024-03-22,1,Gesamtzufriedenheit,Würde nicht erneut wählen
2135,16305,2024-05-16,7,Gesamtzufriedenheit,Nichts Besonderes
2136,72,2025-09-05,5,App & Digital,
2137,1721,2024-04-19,10,Preis-Leistung,Gutes Preis-Leistungs-Verhältnis
2138,11675,2025-11-02,9,Installation,
2139,17040,2025-10-10,2,App & Digital,
2140,14111,2025-02-07,9,Produkt,
2141,714,2025-06-11,7,Kundenservice,Musste mehrfach anrufen
2142,19117,2025-02-27,7,Installation,"War okay, nichts Besonderes"
2143,1735,2025-04-18,8,Kundenservice,
2144,6951,2025-01-21,9,Installation,
2145,19505,2024-09-26,10,Gesamtzufriedenheit,Kann ich nur weiterempfehlen
2146,11502,2024-03-27,0,Preis-Leistung,Versteckte Kosten
2147,8461,2025-11-14,10,Produkt,Solaranlage läuft einwandfrei
2148,1011,2024-11-16,5,Produkt,
2149,12049,2024-04-19,6,Produkt,
2150,5670,2025-06-03,10,Gesamtzufriedenheit,Sehr zufrieden mit EPOWER
2151,465,2024-05-10,8,Kundenservice,Lange Wartezeit am Telefon
2152,12795,2025-03-29,8,Produkt,Funktioniert wie erwartet
2153,4160,2025-10-01,7,Produkt,
2154,8780,2025-09-12,10,App & Digital,Einfache Bedienung
2155,4749,2025-02-28,10,App & Digital,Übersichtliches Portal
2156,18814,2024-08-08,10,Kundenservice,
2157,7355,2025-12-25,0,Kundenservice,
2158,4888,2025-12-05,10,Preis-Leistung,
2159,1810,2024-11-24,8,Kundenservice,
2160,6724,2024-07-25,10,Kundenservice,Sehr freundliche Mitarbeiter
2161,19370,2024-11-17,9,App & Digital,Verbrauch immer im Blick
2162,7485,2025-03-06,6,Gesamtzufriedenheit,
2163,15843,2025-09-16,7,Gesamtzufriedenheit,Durchschnittlich
2164,9371,2025-05-08,4,App & Digital,
2165,11430,2025-01-12,6,Installation,Chaos bei der Installation
2166,3541,2025-01-28,7,Gesamtzufriedenheit,Nichts Besonderes
2167,19881,2024-11-27,7,Produkt,Leistung könnte besser sein
2168,17334,2024-11-26,10,App & Digital,
2169,4728,2024-10-26,9,App & Digital,Übersichtliches Portal
2170,17782,2024-10-10,1,Gesamtzufriedenheit,Bin enttäuscht
2171,1249,2025-09-07,10,App & Digital,Verbrauch immer im Blick
2172,17071,2024-05-13,8,Preis-Leistung,Etwas teuer
2173,6976,2025-12-04,4,Gesamtzufriedenheit,
2174,14177,2025-08-24,8,Preis-Leistung,
2175,17358,2025-12-29,7,Kundenservice,Service war in Ordnung
2176,10421,2024-05-20,7,Gesamtzufriedenheit,
2177,12444,2025-10-29,7,App & Digital,
2178,5965,2024-04-27,7,Installation,
2179,12550,2024-03-22,3,Kundenservice,
2180,658,2024-01-17,8,Gesamtzufriedenheit,Im Großen und Ganzen okay
2181,15819,2024-08-10,7,Preis-Leistung,Vergleichbar mit anderen
2182,10185,2024-09-25,9,Preis-Leistung,Günstiger als erwartet
2183,9006,2024-05-11,6,Gesamtzufriedenheit,Erwartungen nicht erfüllt
2184,4079,2024-03-13,3,Installation,
2185,10346,2025-03-14,6,Produkt,
2186,9742,2024-03-28,9,Installation,Termingerecht fertig
2187,18013,2025-01-13,5,Kundenservice,Beschwerde ignoriert
2188,11958,2025-02-25,7,App & Digital,Design veraltet
2189,12432,2025-03-14,7,Preis-Leistung,Preis ist okay
2190,10009,2024-10-02,5,Installation,Unsaubere Arbeit
2191,10637,2024-03-02,10,App & Digital,Übersichtliches Portal
2192,17738,2025-11-23,6,Installation,Termin dreimal verschoben
2193,5433,2025-06-17,5,Kundenservice,Niemand erreichbar
2194,9539,2025-05-05,9,Gesamtzufriedenheit,Rundum zufrieden
2195,8078,2025-08-15,10,Produkt,Wärmepumpe spart enorm
2196,6153,2025-12-18,6,Kundenservice,Unfreundlich am Telefon
2197,19405,2025-03-28,9,Preis-Leistung,Fairer Preis
2198,5249,2024-12-19,0,Gesamtzufriedenheit,Würde nicht erneut wählen
2199,18273,2024-08-06,0,App & Digital,Sehr langsam
2200,8679,2025-03-09,9,Kundenservice,
2201,224,2025-05-25,7,App & Digital,Funktioniert meistens
2202,4803,2024-03-12,10,Kundenservice,Schnelle Hilfe erhalten
2203,10871,2024-09-13,2,Preis-Leistung,Versteckte Kosten
2204,2940,2024-02-11,0,Installation,
2205,10144,2024-09-15,9,Kundenservice,Schnelle Hilfe erhalten
2206,19507,2025-05-03,9,App & Digital,Einfache Bedienung
2207,10691,2024-10-18,9,Gesamtzufriedenheit,Rundum zufrieden
2208,2774,2024-10-20,5,Produkt,
2209,1766,2025-10-31,8,Gesamtzufriedenheit,Durchschnittlich
2210,19646,2024-12-10,10,Preis-Leistung,Gutes Preis-Leistungs-Verhältnis
2211,10715,2025-07-13,3,Produkt,
2212,17120,2024-10-24,9,Preis-Leistung,Preis stimmt
2213,8300,2025-03-04,8,Gesamtzufriedenheit,
2214,4937,2025-11-29,9,Produkt,Solaranlage läuft einwandfrei
2215,15903,2024-10-12,5,App & Digital,
2216,12839,2025-08-08,10,Installation,Schnell und sauber
2217,10718,2025-08-08,3,App & Digital,
2218,17060,2024-04-26,10,Gesamtzufriedenheit,Top Anbieter
2219,16399,2025-12-01,7,Gesamtzufriedenheit,Könnte besser sein
2220,15403,2025-07-04,9,Produkt,
2221,4811,2024-04-13,7,Preis-Leistung,Preis ist okay
2222,19234,2025-02-05,7,Kundenservice,
2223,1062,2024-10-31,7,Produkt,Ganz okay
2224,1458,2025-11-18,8,Installation,
2225,4927,2024-05-28,0,Preis-Leistung,Zu teuer
2226,2032,2024-04-07,8,Installation,"War okay, nichts Besonderes"
2227,8187,2024-07-20,1,Produkt,
2228,923,2025-03-07,10,Kundenservice,Kompetente Beratung
2229,5758,2024-08-31,4,App & Digital,
2230,10746,2025-02-16,8,Installation,Hat etwas gedauert
2231,8431,2024-02-08,10,Produkt,Wallbox perfekt installiert
2232,17860,2025-11-01,7,Preis-Leistung,
2233,2937,2025-09-16,3,App & Digital,App nicht nutzbar
2234,14237,2024-12-20,9,Kundenservice,Schnelle Hilfe erhalten
2235,7788,2024-04-21,10,Installation,Handwerker sehr professionell
2236,17720,2025-09-12,10,Gesamtzufriedenheit,
2237,16341,2024-03-19,9,Gesamtzufriedenheit,Kann ich nur weiterempfehlen
2238,14171,2024-09-26,9,Kundenservice,Sehr freundliche Mitarbeiter
2239,716,2025-07-17,0,Installation,Unsaubere Arbeit
2240,10011,2025-05-26,5,App & Digital,App nicht nutzbar
2241,17837,2024-06-06,9,Preis-Leistung,Günstiger als erwartet
2242,17431,2025-10-19,9,Installation,Termingerecht fertig
2243,1447,2025-11-15,10,Preis-Leistung,
2244,14969,2024-09-08,5,Kundenservice,
2245,9881,2025-11-17,10,Produkt,Solaranlage läuft einwandfrei
2246,4101,2025-09-01,7,Gesamtzufriedenheit,Durchschnittlich
2247,10793,2025-01-27,9,App & Digital,
2248,8694,2025-05-17,3,App & Digital,
2249,9546,2025-02-05,8,Preis-Leistung,Etwas teuer
2250,3939,2025-02-19,10,App & Digital,Verbrauch immer im Blick
2251,12969,2025-06-26,10,Installation,Handwerker sehr professionell
2252,2139,2025-09-07,6,Gesamtzufriedenheit,
2253,7774,2025-10-28,9,Preis-Leistung,Günstiger als erwartet
2254,19165,2024-07-04,10,Produkt,
2255,13191,2025-03-07,5,Produkt,Defekt nach kurzer Zeit
2256,1382,2024-01-18,5,Gesamtzufriedenheit,Würde nicht erneut wählen
2257,19300,2025-02-06,5,Kundenservice,
2258,19919,2025-08-05,8,Produkt,Ganz okay
2259,12630,2025-08-08,10,Installation,
2260,15721,2025-06-06,7,Kundenservice,
2261,6131,2025-11-30,9,App & Digital,App funktioniert super
2262,19788,2025-04-18,6,Gesamtzufriedenheit,Bin enttäuscht
2263,4048,2025-04-19,9,Preis-Leistung,
2264,19600,2025-04-23,5,Gesamtzufriedenheit,Bin enttäuscht
2265,3840,2025-06-01,7,Kundenservice,Lange Wartezeit am Telefon
2266,1458,2024-10-29,10,Gesamtzufriedenheit,Kann ich nur weiterempfehlen
2267,10140,2024-11-06,9,App & Digital,Übersichtliches Portal
2268,9877,2024-11-12,8,Kundenservice,
2269,6601,2025-03-03,9,App & Digital,
2270,13699,2025-03-23,10,Produkt,
2271,5778,2024-06-07,7,Kundenservice,
2272,16273,2025-04-23,7,Preis-Leistung,Etwas teuer
2273,19184,2025-05-26,7,Gesamtzufriedenheit,Im Großen und Ganzen okay
2274,19328,2024-09-26,10,Produkt,
2275,18484,2024-10-06,7,Kundenservice,
2276,17743,2024-02-18,7,Preis-Leistung,
2277,790,2024-11-17,9,Produkt,Solaranlage läuft einwandfrei
2278,7041,2024-11-25,9,Kundenservice,
2279,1573,2025-09-10,4,Installation,
2280,13473,2025-05-30,9,Installation,Installation top organisiert
2281,5565,2025-11-16,9,Preis-Leistung,
2282,9508,2025-10-07,0,Gesamtzufriedenheit,Würde nicht erneut wählen
2283,12021,2024-08-02,9,Installation,
2284,2119,2025-09-23,7,Produkt,Ganz okay
2285,788,2024-12-04,9,Installation,Termingerecht fertig
2286,9214,2024-10-28,9,Installation,
2287,11499,2025-09-24,8,Produkt,Funktioniert wie erwartet
2288,18090,2025-01-01,10,Installation,Termingerecht fertig
2289,3344,2024-10-17,5,App & Digital,
2290,14532,2025-08-21,4,Installation,Termin dreimal verschoben
2291,19638,2024-02-29,8,App & Digital,
2292,8640,2024-03-31,9,Installation,
2293,9615,2025-11-22,1,Gesamtzufriedenheit,Würde nicht erneut wählen
2294,9878,2025-10-24,9,Gesamtzufriedenheit,Rundum zufrieden
2295,15652,2025-08-17,8,Kundenservice,Service war in Ordnung
2296,15422,2025-12-26,10,Gesamtzufriedenheit,
2297,10086,2025-01-20,1,Preis-Leistung,Zu teuer
2298,4304,2024-09-25,8,Installation,Hat etwas gedauert
2299,12518,2024-08-10,0,Kundenservice,Keine Lösung erhalten
2300,12531,2024-02-13,5,Installation,
2301,15925,2025-12-13,5,Produkt,
2302,2140,2024-06-22,8,Produkt,Ganz okay
2303,6190,2025-06-03,10,Kundenservice,
2304,9132,2025-09-28,7,App & Digital,
2305,1029,2025-03-01,9,Preis-Leistung,
2306,7228,2025-07-14,10,Installation,Termingerecht fertig
2307,7458,2024-01-10,10,App & Digital,
2308,19912,2024-02-07,4,Produkt,Qualität mangelhaft
2309,12964,2024-01-26,8,Preis-Leistung,Vergleichbar mit anderen
2310,2056,2024-03-24,7,Kundenservice,
2311,9769,2024-09-29,3,Installation,
2312,6962,2024-01-11,9,Produkt,
2313,6484,2025-09-21,9,Kundenservice,
2314,5260,2025-07-07,9,Preis-Leistung,
2315,7918,2025-12-04,7,App & Digital,Design veraltet
2316,12284,2024-03-02,6,Gesamtzufriedenheit,Bin enttäuscht
2317,291,2024-09-14,9,Gesamtzufriedenheit,Top Anbieter
2318,904,2024-12-26,6,Gesamtzufriedenheit,Schlechte Erfahrung
2319,19302,2025-11-17,10,Kundenservice,
2320,11590,2024-02-18,6,Installation,Nachbesserung nötig
2321,2095,2025-05-23,5,Kundenservice,Unfreundlich am Telefon
2322,13265,2024-05-27,9,Produkt,
2323,2051,2024-11-11,0,App & Digital,App nicht nutzbar
2324,12611,2025-12-17,10,Installation,Termingerecht fertig
2325,11828,2024-02-25,7,Gesamtzufriedenheit,Nichts Besonderes
2326,10296,2024-11-25,0,Gesamtzufriedenheit,
2327,1956,2024-12-10,5,Kundenservice,
2328,6818,2024-10-07,8,Kundenservice,
2329,16356,2025-09-24,5,Preis-Leistung,
2330,624,2025-09-07,8,Installation,
2331,8081,2024-06-30,6,Preis-Leistung,
2332,8846,2024-11-13,9,Produkt,Wallbox perfekt installiert
2333,18781,2024-10-28,10,Kundenservice,Kompetente Beratung
2334,7656,2024-01-19,5,Gesamtzufriedenheit,Würde nicht erneut wählen
2335,13487,2024-08-19,10,App & Digital,
2336,2754,2025-06-01,10,Produkt,Wallbox perfekt installiert
2337,468,2024-11-05,9,Installation,
2338,510,2024-05-04,9,Produkt,
2339,7735,2024-03-20,5,Installation,Termin dreimal verschoben
2340,1731,2025-08-14,1,Installation,Nachbesserung nötig
2341,6873,2024-08-20,10,Kundenservice,Kompetente Beratung
2342,19195,2025-06-06,0,Gesamtzufriedenheit,Bin enttäuscht
2343,8067,2024-02-29,7,Installation,Hat etwas gedauert
2344,10029,2025-07-11,9,Installation,
2345,5219,2025-03-26,7,Installation,
2346,6252,2024-01-18,7,Kundenservice,Service war in Ordnung
2347,7799,2025-02-12,8,App & Digital,
2348,6252,2025-12-08,8,Installation,
2349,15825,2024-01-23,6,Gesamtzufriedenheit,Schlechte Erfahrung
2350,3199,2025-10-16,6,Installation,Nachbesserung nötig
2351,7418,2024-03-24,9,Preis-Leistung,
2352,16965,2025-04-30,7,Produkt,Funktioniert wie erwartet
2353,17489,2025-05-08,3,Kundenservice,Beschwerde ignoriert
2354,6782,2025-08-22,10,Preis-Leistung,
2355,17926,2024-07-09,9,Produkt,Wallbox perfekt installiert
2356,7085,2024-12-13,10,Installation,Installation top organisiert
2357,19976,2024-12-04,7,Produkt,Leistung könnte besser sein
2358,3660,2024-05-28,9,Produkt,Solaranlage läuft einwandfrei
2359,9815,2024-05-21,6,App & Digital,App nicht nutzbar
2360,13601,2025-10-25,9,Gesamtzufriedenheit,
2361,16072,2025-03-22,8,App & Digital,
2362,9601,2025-11-15,7,Preis-Leistung,Vergleichbar mit anderen
2363,17548,2024-09-10,1,Preis-Leistung,Preiserhöhung nicht akzeptabel
2364,9545,2024-08-16,8,Produkt,
2365,10733,2024-11-06,9,Gesamtzufriedenheit,Alles bestens
2366,11993,2024-06-04,2,Produkt,Qualität mangelhaft
2367,3156,2025-03-10,10,Preis-Leistung,Günstiger als erwartet
2368,18790,2025-05-10,10,Produkt,
2369,14098,2024-06-11,9,Installation,Schnell und sauber
2370,11352,2024-05-30,7,Gesamtzufriedenheit,Könnte besser sein
2371,7565,2024-12-31,0,Gesamtzufriedenheit,Erwartungen nicht erfüllt
2372,5350,2024-06-14,10,Installation,Termingerecht fertig
2373,2995,2024-03-10,3,Produkt,
2374,6628,2025-02-01,6,Gesamtzufriedenheit,Bin enttäuscht
2375,1954,2025-04-29,8,Produkt,Funktioniert wie erwartet
2376,10595,2024-11-24,5,Kundenservice,
2377,13794,2024-07-14,7,Gesamtzufriedenheit,
2378,18685,2024-10-28,7,Installation,Hat etwas gedauert
2379,10161,2024-09-25,8,Gesamtzufriedenheit,Nichts Besonderes
2380,13194,2024-11-11,10,Preis-Leistung,Preis stimmt
2381,15423,2025-06-19,7,Produkt,
2382,6037,2024-01-22,4,App & Digital,
2383,365,2024-04-26,10,Installation,
2384,5602,2024-12-11,9,Kundenservice,
2385,2275,2025-03-07,9,Gesamtzufriedenheit,
2386,4651,2025-04-03,9,Gesamtzufriedenheit,Rundum zufrieden
2387,5216,2025-05-27,8,Kundenservice,Service war in Ordnung
2388,11787,2024-04-04,8,Gesamtzufriedenheit,Im Großen und Ganzen okay
2389,7737,2024-07-30,10,Produkt,
2390,18301,2025-04-06,8,App & Digital,
2391,1039,2024-04-09,6,Preis-Leistung,
2392,3673,2024-01-20,10,Installation,
2393,15044,2024-03-23,9,Installation,Handwerker sehr professionell
2394,9029,2024-03-01,3,App & Digital,App nicht nutzbar
2395,5320,2025-01-07,8,Produkt,
2396,19113,2024-02-18,9,Kundenservice,
2397,12304,2025-09-18,10,Produkt,Wärmepumpe spart enorm
2398,7038,2024-04-23,6,App & Digital,App nicht nutzbar
2399,14278,2025-07-18,8,Preis-Leistung,Vergleichbar mit anderen
2400,16281,2025-03-11,9,Installation,
2401,6235,2024-05-21,9,Installation,
2402,699,2024-09-01,10,Gesamtzufriedenheit,Alles bestens
2403,18757,2025-01-22,10,Gesamtzufriedenheit,Kann ich nur weiterempfehlen
2404,6069,2024-09-29,8,Kundenservice,Service war in Ordnung
2405,8705,2025-12-15,7,Gesamtzufriedenheit,
2406,5068,2024-03-11,4,Kundenservice,Beschwerde ignoriert
2407,11154,2024-05-18,4,Kundenservice,
2408,8512,2025-12-09,9,Produkt,Smart Meter sehr nützlich
2409,1295,2025-06-01,0,App & Digital,
2410,11103,2025-01-17,7,Installation,
2411,12090,2024-03-06,10,Installation,
2412,12492,2024-01-31,10,Preis-Leistung,
2413,17730,2025-10-08,9,Kundenservice,
2414,11824,2024-11-19,7,Kundenservice,Service war in Ordnung
2415,15117,2025-03-26,5,App & Digital,App nicht nutzbar
2416,6157,2025-02-04,7,App & Digital,Design veraltet
2417,16536,2024-08-26,3,Gesamtzufriedenheit,
2418,2087,2025-07-13,6,App & Digital,
2419,10525,2025-06-24,9,Produkt,
2420,495,2024-03-10,7,Preis-Leistung,
2421,19865,2024-03-26,8,Produkt,
2422,1345,2025-07-21,8,Preis-Leistung,Vergleichbar mit anderen
2423,14660,2024-06-01,0,Kundenservice,Niemand erreichbar
2424,15612,2025-04-18,7,Installation,"War okay, nichts Besonderes"
2425,12271,2024-12-01,7,App & Digital,App stürzt manchmal ab
2426,15636,2024-06-10,9,App & Digital,Übersichtliches Portal
2427,4460,2024-06-22,9,Preis-Leistung,Günstiger als erwartet
2428,8769,2025-11-30,8,Gesamtzufriedenheit,
2429,12512,2024-06-19,7,App & Digital,
2430,4345,2025-05-25,1,Installation,Nachbesserung nötig
2431,12709,2024-02-12,5,Installation,
2432,5704,2025-08-24,4,Gesamtzufriedenheit,
2433,2813,2024-05-12,5,App & Digital,App nicht nutzbar
2434,18859,2025-06-18,9,Gesamtzufriedenheit,Alles bestens
2435,693,2025-01-06,9,App & Digital,Übersichtliches Portal
2436,2073,2025-04-24,8,Installation,
2437,8317,2024-05-16,9,App & Digital,
2438,15544,2025-07-04,4,Produkt,
2439,19678,2025-05-28,9,Installation,Installation top organisiert
2440,3830,2025-01-18,8,Installation,Hat etwas gedauert
2441,8204,2025-11-02,9,Preis-Leistung,Gutes Preis-Leistungs-Verhältnis
2442,2927,2024-12-17,9,Gesamtzufriedenheit,
2443,14588,2024-10-13,2,Produkt,
2444,15563,2025-11-12,9,Produkt,Solaranlage läuft einwandfrei
2445,2897,2024-07-17,9,App & Digital,
2446,3412,2024-04-29,9,Kundenservice,Schnelle Hilfe erhalten
2447,2370,2025-09-24,7,App & Digital,Funktioniert meistens
2448,16490,2024-05-05,7,Preis-Leistung,
2449,12722,2025-05-21,9,Installation,
2450,6005,2025-03-07,9,Gesamtzufriedenheit,
2451,13217,2024-12-09,10,Preis-Leistung,Günstiger als erwartet
2452,9447,2024-03-19,10,Installation,Installation top organisiert
2453,8471,2024-09-27,10,Kundenservice,Problemlos gelöst
2454,6934,2025-07-04,8,Gesamtzufriedenheit,Nichts Besonderes
2455,10856,2024-01-23,7,Kundenservice,
2456,5744,2025-02-16,0,App & Digital,Login funktioniert nicht
2457,16963,2024-10-11,7,Installation,Kleine Verzögerung
2458,226,2024-02-18,9,Gesamtzufriedenheit,Kann ich nur weiterempfehlen
2459,13744,2024-11-26,6,Produkt,Qualität mangelhaft
2460,16226,2024-10-05,4,Produkt,
2461,6165,2025-09-19,7,App & Digital,Design veraltet
2462,4672,2025-07-17,3,Produkt,Defekt nach kurzer Zeit
2463,12202,2025-06-15,9,Gesamtzufriedenheit,Rundum zufrieden
2464,12937,2025-04-01,7,Gesamtzufriedenheit,
2465,189,2024-07-26,10,Kundenservice,
2466,19222,2025-02-12,3,Installation,
2467,6481,2024-02-25,0,Gesamtzufriedenheit,Würde nicht erneut wählen
2468,998,2024-08-16,9,Produkt,
2469,10450,2025-05-05,10,Preis-Leistung,
2470,2742,2025-08-04,6,Gesamtzufriedenheit,Schlechte Erfahrung
2471,6771,2024-09-16,9,Installation,
2472,13800,2024-05-02,7,Produkt,
2473,11406,2024-06-05,8,Preis-Leistung,Vergleichbar mit anderen
2474,8932,2025-07-13,10,Produkt,Smart Meter sehr nützlich
2475,8946,2024-06-25,9,Installation,Termingerecht fertig
2476,9096,2024-05-04,7,Preis-Leistung,
2477,15751,2024-08-16,9,Installation,
2478,9126,2025-06-28,4,Installation,
2479,19990,2025-11-23,4,Produkt,Nicht wie versprochen
2480,10158,2025-08-14,6,Kundenservice,Beschwerde ignoriert
2481,15373,2024-05-10,6,App & Digital,
2482,1050,2025-08-07,9,Kundenservice,Schnelle Hilfe erhalten
2483,1476,2025-11-29,10,Gesamtzufriedenheit,Rundum zufrieden
2484,19338,2025-02-22,10,Preis-Leistung,
2485,5997,2024-05-24,9,Produkt,Solaranlage läuft einwandfrei
2486,17527,2025-01-23,8,Kundenservice,Lange Wartezeit am Telefon
2487,10249,2025-08-17,5,Preis-Leistung,Nicht transparent
2488,6351,2025-04-18,6,Installation,Chaos bei der Installation
2489,4103,2024-05-15,4,Preis-Leistung,Versteckte Kosten
2490,13560,2025-06-25,7,Kundenservice,Service war in Ordnung
2491,19699,2024-03-02,7,Installation,Hat etwas gedauert
2492,446,2025-02-13,5,Kundenservice,
2493,2536,2025-02-18,10,Installation,Installation top organisiert
2494,19549,2025-04-30,9,Installation,
2495,5537,2024-02-09,5,Gesamtzufriedenheit,
2496,10790,2024-01-19,8,App & Digital,Design veraltet
2497,12643,2024-11-17,10,Produkt,Smart Meter sehr nützlich
2498,1128,2025-10-23,7,App & Digital,
2499,5570,2025-09-26,7,Preis-Leistung,Etwas teuer
2500,11084,2025-10-06,10,Produkt,
2501,9427,2025-09-24,7,Gesamtzufriedenheit,Im Großen und Ganzen okay
2502,1304,2024-07-21,9,Installation,
2503,16631,2024-07-09,8,Produkt,
2504,1362,2024-01-01,8,Kundenservice,Lange Wartezeit am Telefon
2505,5223,2025-02-06,8,Installation,
2506,12313,2025-12-22,10,Gesamtzufriedenheit,Kann ich nur weiterempfehlen
2507,627,2025-03-19,5,Kundenservice,Beschwerde ignoriert
2508,13529,2024-01-24,8,Preis-Leistung,
2509,2070,2025-01-23,7,Preis-Leistung,
2510,1745,2024-01-28,1,Installation,Chaos bei der Installation
2511,2487,2024-06-12,10,Kundenservice,
2512,13180,2025-06-23,10,Gesamtzufriedenheit,
2513,11688,2024-03-05,8,Gesamtzufriedenheit,Nichts Besonderes
2514,6483,2025-05-17,8,Produkt,
2515,8801,2025-02-09,8,Installation,Hat etwas gedauert
2516,818,2025-03-26,6,Kundenservice,
2517,5004,2025-08-02,7,Gesamtzufriedenheit,
2518,3025,2025-11-19,1,Produkt,
2519,8370,2024-09-26,1,Kundenservice,
2520,1871,2024-12-03,2,Produkt,Qualität mangelhaft
2521,6591,2025-03-28,4,App & Digital,
2522,12963,2024-07-04,8,Gesamtzufriedenheit,
2523,2262,2025-01-09,8,Kundenservice,
2524,7100,2024-04-19,6,Preis-Leistung,Nicht transparent
2525,3637,2025-03-26,8,Preis-Leistung,
2526,15702,2025-07-07,5,Installation,
2527,5591,2025-01-14,10,Preis-Leistung,
2528,2276,2024-02-06,8,Installation,Hat etwas gedauert
2529,10365,2024-12-04,5,Kundenservice,Beschwerde ignoriert
2530,3054,2024-10-30,9,App & Digital,Verbrauch immer im Blick
2531,5551,2025-08-23,10,Produkt,Wallbox perfekt installiert
2532,6796,2025-04-02,3,Preis-Leistung,Preiserhöhung nicht akzeptabel
2533,704,2024-12-11,10,Gesamtzufriedenheit,
2534,1194,2025-06-14,2,Kundenservice,
2535,10601,2024-06-05,9,App & Digital,Übersichtliches Portal
2536,17086,2025-03-15,7,Gesamtzufriedenheit,Nichts Besonderes
2537,2034,2025-06-29,10,Installation,
2538,19138,2024-04-19,10,App & Digital,
2539,18463,2024-03-03,8,Preis-Leistung,Preis ist okay
2540,9731,2024-09-05,9,Gesamtzufriedenheit,Sehr zufrieden mit EPOWER
2541,206,2025-05-20,9,Produkt,
2542,4944,2024-05-10,9,Installation,Handwerker sehr professionell
2543,18869,2025-07-01,10,App & Digital,App funktioniert super
2544,9434,2025-10-03,9,Preis-Leistung,Preis stimmt
2545,7222,2025-04-14,9,Preis-Leistung,
2546,3519,2024-01-09,8,Kundenservice,
2547,8972,2025-02-21,3,Kundenservice,
2548,14935,2025-04-14,4,Preis-Leistung,Preiserhöhung nicht akzeptabel
2549,8629,2024-02-25,9,Kundenservice,Schnelle Hilfe erhalten
2550,14529,2024-09-05,7,Kundenservice,
2551,13216,2025-07-23,0,Gesamtzufriedenheit,Bin enttäuscht
2552,6694,2025-10-04,4,Preis-Leistung,Zu teuer
2553,14173,2025-11-16,7,Installation,
2554,8073,2024-02-02,0,Kundenservice,Keine Lösung erhalten
2555,2126,2024-01-20,8,Kundenservice,Service war in Ordnung
2556,1134,2024-12-12,7,Produkt,Leistung könnte besser sein
2557,2503,2024-09-17,4,Installation,Unsaubere Arbeit
2558,19214,2024-01-13,7,Gesamtzufriedenheit,
2559,11456,2024-09-17,9,Installation,Schnell und sauber
2560,17932,2025-05-22,6,Produkt,
2561,10413,2025-09-28,9,Installation,
2562,3556,2025-05-26,9,Kundenservice,
2563,13804,2025-04-16,6,Kundenservice,
2564,10989,2025-08-28,1,Preis-Leistung,
2565,8910,2025-07-06,10,Kundenservice,
2566,12992,2024-10-25,9,Installation,Handwerker sehr professionell
2567,14797,2024-03-30,4,Gesamtzufriedenheit,
2568,11821,2024-06-10,9,Produkt,Wallbox perfekt installiert
2569,10141,2025-08-26,9,Gesamtzufriedenheit,Top Anbieter
2570,18327,2024-03-14,5,Preis-Leistung,Zu teuer
2571,2231,2025-11-28,9,App & Digital,Einfache Bedienung
2572,15109,2024-07-16,9,Produkt,
2573,994,2025-05-13,1,Gesamtzufriedenheit,
2574,17878,2024-04-24,10,Gesamtzufriedenheit,
2575,15150,2024-09-30,8,Produkt,
2576,16766,2024-01-09,4,Kundenservice,Niemand erreichbar
2577,4311,2025-04-14,8,Installation,Kleine Verzögerung
2578,2579,2024-03-11,7,Kundenservice,Musste mehrfach anrufen
2579,17437,2025-05-21,10,Produkt,
2580,15887,2025-08-30,7,Preis-Leistung,
2581,4238,2025-01-15,5,Produkt,Defekt nach kurzer Zeit
2582,10099,2025-06-03,1,Preis-Leistung,Nicht transparent
2583,227,2025-10-04,9,App & Digital,Übersichtliches Portal
2584,958,2025-08-21,10,Installation,
2585,6633,2024-07-09,5,Kundenservice,Unfreundlich am Telefon
2586,8805,2025-06-18,1,Preis-Leistung,
2587,1311,2025-10-07,0,Preis-Leistung,Preiserhöhung nicht akzeptabel
2588,13763,2024-04-18,10,Gesamtzufriedenheit,Sehr zufrieden mit EPOWER
2589,12086,2025-09-26,9,Produkt,Wärmepumpe spart enorm
2590,3610,2025-01-04,6,Kundenservice,
2591,19560,2025-03-04,9,Preis-Leistung,Gutes Preis-Leistungs-Verhältnis
2592,3512,2025-10-13,7,Kundenservice,
2593,16320,2025-04-23,1,Kundenservice,
2594,11170,2025-12-21,6,Kundenservice,Unfreundlich am Telefon
2595,18476,2024-04-11,9,Gesamtzufriedenheit,Sehr zufrieden mit EPOWER
2596,7973,2024-05-21,2,Kundenservice,Niemand erreichbar
2597,16488,2025-05-11,10,App & Digital,App funktioniert super
2598,9638,2025-02-20,8,Installation,
2599,16611,2024-12-27,1,Kundenservice,Niemand erreichbar
2600,16071,2024-09-01,6,Preis-Leistung,Nicht transparent
2601,8140,2025-01-08,6,Produkt,Defekt nach kurzer Zeit
2602,18303,2024-08-16,1,Kundenservice,Beschwerde ignoriert
2603,15275,2025-07-12,5,Produkt,
2604,8340,2024-06-21,5,Produkt,
2605,2208,2025-01-07,9,Installation,
2606,15771,2024-11-07,9,Preis-Leistung,Preis stimmt
2607,1879,2025-10-16,4,Gesamtzufriedenheit,Würde nicht erneut wählen
2608,17981,2024-11-13,1,Installation,
2609,17547,2024-10-14,10,Gesamtzufriedenheit,
2610,13794,2025-02-07,3,Produkt,Qualität mangelhaft
2611,7921,2025-06-29,6,Kundenservice,
2612,6940,2025-08-23,7,Gesamtzufriedenheit,
2613,5919,2024-01-16,8,Kundenservice,Musste mehrfach anrufen
2614,18649,2025-11-22,9,Gesamtzufriedenheit,Top Anbieter
2615,7861,2024-08-28,10,Produkt,
2616,2930,2024-02-17,9,Installation,Termingerecht fertig
2617,6964,2025-12-31,1,Gesamtzufriedenheit,
2618,18407,2025-08-17,8,Produkt,
2619,2645,2025-07-05,2,Installation,Unsaubere Arbeit
2620,8384,2024-03-25,7,Preis-Leistung,
2621,11628,2024-01-16,1,Installation,
2622,15831,2024-02-15,6,Produkt,Qualität mangelhaft
2623,4785,2024-03-20,1,Gesamtzufriedenheit,Würde nicht erneut wählen
2624,13280,2025-06-05,8,Gesamtzufriedenheit,Nichts Besonderes
2625,11072,2025-01-12,9,Preis-Leistung,Fairer Preis
2626,17160,2025-09-04,9,Produkt,Wärmepumpe spart enorm
2627,8277,2024-04-09,10,Gesamtzufriedenheit,Kann ich nur weiterempfehlen
2628,10393,2024-02-06,6,Produkt,Qualität mangelhaft
2629,15254,2025-02-23,10,Preis-Leistung,
2630,17544,2025-01-14,6,Gesamtzufriedenheit,Schlechte Erfahrung
2631,3736,2024-08-06,10,Installation,Termingerecht fertig
2632,8129,2024-10-01,4,Kundenservice,Beschwerde ignoriert
2633,12944,2024-03-06,10,Preis-Leistung,Fairer Preis
2634,9510,2025-03-24,9,Produkt,
2635,7527,2024-01-01,8,Kundenservice,Lange Wartezeit am Telefon
2636,5895,2024-01-16,7,Preis-Leistung,Etwas teuer
2637,10619,2025-02-07,6,App & Digital,
2638,10215,2024-12-17,8,Installation,Hat etwas gedauert
2639,6680,2025-04-27,9,Gesamtzufriedenheit,Alles bestens
2640,16707,2025-08-16,7,Gesamtzufriedenheit,Nichts Besonderes
2641,12249,2024-03-18,9,Produkt,Wallbox perfekt installiert
2642,4108,2025-06-11,3,Kundenservice,Unfreundlich am Telefon
2643,5408,2024-10-21,8,Kundenservice,Lange Wartezeit am Telefon
2644,3171,2024-06-03,7,Kundenservice,Musste mehrfach anrufen
2645,15152,2025-09-12,8,Produkt,Ganz okay
2646,18807,2025-09-22,7,Installation,
2647,580,2025-11-24,8,Installation,Kleine Verzögerung
2648,1468,2025-04-30,7,Preis-Leistung,
2649,4777,2024-05-27,8,Kundenservice,Lange Wartezeit am Telefon
2650,19301,2024-08-30,10,Kundenservice,
2651,3855,2024-03-27,4,Gesamtzufriedenheit,Bin enttäuscht
2652,11361,2024-08-26,9,Kundenservice,Schnelle Hilfe erhalten
2653,9123,2025-12-03,5,App & Digital,
2654,8708,2025-02-19,4,Gesamtzufriedenheit,
2655,11579,2024-07-20,6,Kundenservice,Niemand erreichbar
2656,14007,2025-12-03,7,Kundenservice,Musste mehrfach anrufen
2657,1453,2024-12-12,9,App & Digital,Übersichtliches Portal
2658,4671,2025-04-22,8,Kundenservice,
2659,15494,2025-07-20,10,Produkt,Smart Meter sehr nützlich
2660,9107,2025-05-19,10,Preis-Leistung,Gutes Preis-Leistungs-Verhältnis
2661,9025,2024-02-20,7,Gesamtzufriedenheit,Könnte besser sein
2662,6385,2024-03-08,8,Installation,"War okay, nichts Besonderes"
2663,17810,2025-03-22,1,App & Digital,Keine Echtzeit-Daten
2664,18639,2024-05-10,10,Kundenservice,
2665,7400,2025-05-17,7,Preis-Leistung,Etwas teuer
2666,17096,2025-11-18,10,App & Digital,
2667,13441,2024-03-21,9,Preis-Leistung,
2668,15394,2024-08-10,7,Gesamtzufriedenheit,
2669,5023,2024-03-04,10,App & Digital,Übersichtliches Portal
2670,19625,2025-10-03,5,Preis-Leistung,
2671,6500,2024-01-17,9,Kundenservice,Kompetente Beratung
2672,2735,2025-04-30,7,Gesamtzufriedenheit,
2673,12532,2024-11-02,8,Produkt,
2674,6366,2024-11-12,4,Gesamtzufriedenheit,
2675,10685,2024-04-22,6,Preis-Leistung,Nicht transparent
2676,13922,2024-10-29,9,Kundenservice,Schnelle Hilfe erhalten
2677,13380,2025-03-14,3,Preis-Leistung,Nicht transparent
2678,1991,2025-01-03,5,Produkt,Störungen häufig
2679,19051,2025-11-28,10,Gesamtzufriedenheit,Alles bestens
2680,5362,2024-11-14,0,Installation,
2681,19283,2025-02-02,10,Installation,
2682,18719,2024-08-27,9,App & Digital,
2683,9894,2025-12-29,5,Kundenservice,
2684,10400,2025-01-27,1,Gesamtzufriedenheit,Würde nicht erneut wählen
2685,15600,2024-02-25,7,Installation,
2686,14361,2024-11-04,5,Kundenservice,Unfreundlich am Telefon
2687,1373,2024-07-26,7,Installation,Kleine Verzögerung
2688,5951,2024-08-26,5,Produkt,
2689,11369,2024-04-10,10,Produkt,
2690,15478,2024-09-27,10,Preis-Leistung,Gutes Preis-Leistungs-Verhältnis
2691,19217,2024-07-02,7,Gesamtzufriedenheit,
2692,18858,2025-01-16,7,Kundenservice,Lange Wartezeit am Telefon
2693,569,2025-09-29,9,Produkt,Smart Meter sehr nützlich
2694,10721,2024-12-13,9,Kundenservice,Kompetente Beratung
2695,14735,2025-04-27,4,Installation,Chaos bei der Installation
2696,5579,2025-02-17,6,Installation,
2697,5633,2025-04-16,10,Gesamtzufriedenheit,Alles bestens
2698,10361,2024-03-02,6,Kundenservice,Niemand erreichbar
2699,13966,2025-02-10,0,App & Digital,
2700,18358,2024-12-10,7,Gesamtzufriedenheit,Nichts Besonderes
2701,2357,2025-08-06,9,Kundenservice,Problemlos gelöst
2702,7859,2025-11-02,8,Kundenservice,Musste mehrfach anrufen
2703,1868,2025-01-04,3,Installation,
2704,13764,2024-11-07,9,Kundenservice,
2705,14897,2025-08-19,8,App & Digital,
2706,11473,2024-02-16,7,Preis-Leistung,
2707,5495,2025-07-08,8,Preis-Leistung,Preis ist okay
2708,777,2024-01-13,10,Installation,Schnell und sauber
2709,19229,2025-03-23,4,Gesamtzufriedenheit,
2710,7555,2024-04-24,4,Produkt,Defekt nach kurzer Zeit
2711,6971,2024-04-14,7,App & Digital,
2712,12823,2025-01-18,10,Installation,Handwerker sehr professionell
2713,3767,2025-12-04,1,App & Digital,
2714,6326,2025-04-09,8,Gesamtzufriedenheit,Könnte besser sein
2715,4291,2025-04-26,7,App & Digital,Design veraltet
2716,6284,2025-04-10,10,App & Digital,
2717,11540,2024-02-08,10,Preis-Leistung,Gutes Preis-Leistungs-Verhältnis
2718,5413,2024-12-16,9,Kundenservice,Kompetente Beratung
2719,13457,2025-09-22,5,Preis-Leistung,Zu teuer
2720,13179,2024-05-04,7,App & Digital,App stürzt manchmal ab
2721,18199,2025-08-27,9,Installation,
2722,18079,2024-08-07,9,Produkt,Wallbox perfekt installiert
2723,10770,2024-06-15,10,App & Digital,
2724,12302,2025-05-07,10,Installation,
2725,6786,2024-07-01,9,Preis-Leistung,
2726,4932,2024-07-11,9,Preis-Leistung,Günstiger als erwartet
2727,10653,2025-04-27,9,Preis-Leistung,
2728,13271,2024-03-07,10,Installation,Handwerker sehr professionell
2729,16584,2024-08-22,10,Produkt,
2730,19576,2025-01-17,10,Preis-Leistung,
2731,17699,2024-07-03,9,Installation,Installation top organisiert
2732,4399,2025-05-04,9,Gesamtzufriedenheit,Top Anbieter
2733,2425,2024-12-14,0,Preis-Leistung,Versteckte Kosten
2734,9365,2024-03-18,8,Produkt,Leistung könnte besser sein
2735,14634,2024-03-29,0,Produkt,
2736,2237,2025-08-18,9,Gesamtzufriedenheit,Kann ich nur weiterempfehlen
2737,17089,2025-07-06,9,Installation,Handwerker sehr professionell
2738,4690,2025-06-14,8,Installation,
2739,12880,2024-11-15,8,Kundenservice,
2740,7855,2025-01-17,7,Preis-Leistung,
2741,17328,2025-09-17,10,Produkt,
2742,14248,2024-03-04,8,App & Digital,
2743,7882,2025-11-13,8,Gesamtzufriedenheit,
2744,11989,2024-12-25,8,Installation,"War okay, nichts Besonderes"
2745,19250,2025-01-16,4,App & Digital,Sehr langsam
2746,11602,2024-10-28,4,Installation,
2747,17674,2025-10-31,10,Installation,Schnell und sauber
2748,4657,2025-10-21,7,Gesamtzufriedenheit,Durchschnittlich
2749,8513,2024-09-17,7,Kundenservice,
2750,75,2024-04-03,5,Produkt,
2751,11707,2025-11-03,4,Gesamtzufriedenheit,Schlechte Erfahrung
2752,1141,2024-11-28,7,Produkt,Leistung könnte besser sein
2753,14020,2024-01-13,8,Installation,
2754,10731,2025-08-08,8,Gesamtzufriedenheit,
2755,6954,2025-12-10,10,Installation,Termingerecht fertig
2756,3137,2024-09-14,4,Kundenservice,
2757,11248,2025-04-19,0,Gesamtzufriedenheit,
2758,2396,2024-04-21,8,Kundenservice,Service war in Ordnung
2759,1687,2024-01-11,9,Preis-Leistung,Fairer Preis
2760,18172,2025-10-08,5,Kundenservice,
2761,7701,2024-01-04,5,App & Digital,Sehr langsam
2762,15285,2025-04-19,1,Installation,
2763,12165,2025-07-09,6,Kundenservice,Unfreundlich am Telefon
2764,289,2024-05-02,4,Installation,Chaos bei der Installation
2765,14437,2024-05-09,9,Kundenservice,Schnelle Hilfe erhalten
2766,17094,2025-07-27,7,Preis-Leistung,Preis ist okay
2767,2390,2025-09-14,10,Gesamtzufriedenheit,Alles bestens
2768,18254,2025-01-11,0,Installation,Termin dreimal verschoben
2769,17407,2024-05-13,5,Produkt,Störungen häufig
2770,16204,2025-01-05,8,Gesamtzufriedenheit,Nichts Besonderes
2771,18033,2025-07-28,0,Kundenservice,
2772,19010,2024-05-14,9,App & Digital,Übersichtliches Portal
2773,14615,2024-02-02,9,Kundenservice,
2774,4463,2024-05-08,7,Kundenservice,Service war in Ordnung
2775,15533,2025-03-24,1,Kundenservice,Unfreundlich am Telefon
2776,4223,2025-02-23,6,Preis-Leistung,Zu teuer
2777,2519,2025-11-13,6,Installation,Nachbesserung nötig
2778,17742,2025-11-16,0,Gesamtzufriedenheit,Erwartungen nicht erfüllt
2779,1911,2024-01-13,7,Produkt,
2780,16036,2024-09-07,8,App & Digital,
2781,16357,2024-12-26,6,Preis-Leistung,
2782,15987,2024-10-28,8,Preis-Leistung,
2783,7589,2024-07-27,10,Preis-Leistung,Fairer Preis
2784,5705,2024-11-17,10,App & Digital,Einfache Bedienung
2785,16864,2024-04-14,7,Preis-Leistung,Preis ist okay
2786,13791,2025-07-08,4,Gesamtzufriedenheit,
2787,1068,2025-07-08,7,Preis-Leistung,Etwas teuer
2788,12541,2025-05-10,9,Kundenservice,
2789,2608,2025-12-12,9,Produkt,Wärmepumpe spart enorm
2790,2133,2025-06-09,8,Kundenservice,Service war in Ordnung
2791,877,2024-10-29,3,Preis-Leistung,
2792,14038,2024-10-14,9,App & Digital,
2793,14451,2025-04-17,4,Produkt,Störungen häufig
2794,6547,2024-12-17,7,Kundenservice,Lange Wartezeit am Telefon
2795,9498,2024-06-24,8,App & Digital,Design veraltet
2796,7354,2025-01-30,1,Preis-Leistung,
2797,9482,2025-04-28,8,Produkt,Ganz okay
2798,18759,2024-05-21,10,Installation,
2799,209,2024-02-08,4,Kundenservice,Beschwerde ignoriert
2800,1006,2024-07-11,8,Preis-Leistung,Vergleichbar mit anderen
2801,12195,2024-08-25,0,Gesamtzufriedenheit,Erwartungen nicht erfüllt
2802,14831,2024-06-21,3,Installation,
2803,3803,2024-06-18,4,Produkt,Nicht wie versprochen
2804,1773,2024-09-03,9,Gesamtzufriedenheit,Kann ich nur weiterempfehlen
2805,7954,2024-06-28,8,Preis-Leistung,Vergleichbar mit anderen
2806,13857,2024-01-18,3,Gesamtzufriedenheit,Bin enttäuscht
2807,10398,2024-04-21,9,App & Digital,Übersichtliches Portal
2808,8957,2024-03-13,4,Gesamtzufriedenheit,Würde nicht erneut wählen
2809,6745,2024-07-09,8,Gesamtzufriedenheit,Könnte besser sein
2810,9336,2025-10-15,0,Gesamtzufriedenheit,Erwartungen nicht erfüllt
2811,19285,2024-06-13,6,Installation,Unsaubere Arbeit
2812,2428,2025-08-18,8,Kundenservice,Musste mehrfach anrufen
2813,6810,2024-11-09,6,Produkt,Störungen häufig
2814,10348,2024-03-09,10,Kundenservice,
2815,17973,2024-06-14,7,App & Digital,App stürzt manchmal ab
2816,7444,2024-10-08,10,Kundenservice,Kompetente Beratung
2817,14139,2024-11-27,5,Produkt,
2818,19354,2025-07-22,2,Preis-Leistung,
2819,19456,2024-08-05,1,Kundenservice,
2820,19235,2024-03-01,5,Gesamtzufriedenheit,Erwartungen nicht erfüllt
2821,6390,2024-06-12,9,Gesamtzufriedenheit,Rundum zufrieden
2822,6747,2024-02-02,4,Kundenservice,
2823,12337,2024-09-30,1,Gesamtzufriedenheit,
2824,18224,2024-04-20,7,App & Digital,App stürzt manchmal ab
2825,12687,2025-10-19,9,Kundenservice,Kompetente Beratung
2826,3887,2025-11-25,10,Gesamtzufriedenheit,Top Anbieter
2827,1287,2025-05-21,6,Gesamtzufriedenheit,Würde nicht erneut wählen
2828,18376,2025-05-05,4,Gesamtzufriedenheit,Würde nicht erneut wählen
2829,326,2024-03-22,5,Installation,
2830,10146,2024-11-04,9,Preis-Leistung,Fairer Preis
2831,13727,2024-11-09,10,Installation,Termingerecht fertig
2832,15421,2025-08-09,8,App & Digital,
2833,1946,2025-02-13,6,Produkt,Nicht wie versprochen
2834,1705,2024-07-24,8,Produkt,
2835,17250,2025-08-15,10,Gesamtzufriedenheit,
2836,10360,2024-05-18,9,Installation,Installation top organisiert
2837,150,2025-10-30,8,Installation,Kleine Verzögerung
2838,17020,2025-04-03,7,App & Digital,Funktioniert meistens
2839,9814,2024-04-15,7,App & Digital,
2840,2469,2024-11-13,9,App & Digital,Einfache Bedienung
2841,724,2024-07-27,6,Installation,Termin dreimal verschoben
2842,14733,2024-07-24,9,Installation,Installation top organisiert
2843,5529,2025-06-26,10,Installation,Termingerecht fertig
2844,14886,2025-06-11,8,Produkt,Ganz okay
2845,11110,2024-01-11,9,Gesamtzufriedenheit,
2846,483,2024-05-10,7,Gesamtzufriedenheit,Nichts Besonderes
2847,4464,2025-05-13,10,Installation,
2848,4872,2025-11-03,9,Kundenservice,Problemlos gelöst
2849,9997,2024-11-20,9,Gesamtzufriedenheit,Kann ich nur weiterempfehlen
2850,3521,2025-02-12,4,Kundenservice,
2851,2787,2025-08-28,2,Installation,Chaos bei der Installation
2852,3053,2025-09-02,7,Kundenservice,Lange Wartezeit am Telefon
2853,14887,2024-12-26,3,Kundenservice,
2854,13761,2024-07-17,9,Preis-Leistung,Preis stimmt
2855,446,2024-11-27,10,App & Digital,Einfache Bedienung
2856,16067,2025-07-06,6,App & Digital,Sehr langsam
2857,4981,2025-07-27,4,Kundenservice,Niemand erreichbar
2858,10022,2024-12-26,7,App & Digital,
2859,3996,2025-01-02,4,Installation,Nachbesserung nötig
2860,9606,2024-06-21,9,Produkt,
2861,4302,2024-07-11,7,Gesamtzufriedenheit,
2862,1123,2025-11-29,4,Installation,Unsaubere Arbeit
2863,1579,2025-09-05,7,Kundenservice,Musste mehrfach anrufen
2864,11853,2025-10-12,10,Preis-Leistung,
2865,8472,2024-05-25,8,Installation,Kleine Verzögerung
2866,949,2025-07-02,9,Gesamtzufriedenheit,
2867,19176,2024-03-16,8,Gesamtzufriedenheit,Könnte besser sein
2868,5247,2024-02-17,10,Preis-Leistung,Fairer Preis
2869,1927,2024-04-20,10,Produkt,Wallbox perfekt installiert
2870,266,2025-11-11,2,Preis-Leistung,Nicht transparent
2871,6826,2024-10-02,9,Installation,Handwerker sehr professionell
2872,141,2024-03-08,10,Kundenservice,Kompetente Beratung
2873,10587,2024-02-19,6,App & Digital,Login funktioniert nicht
2874,7636,2024-02-08,0,Installation,Unsaubere Arbeit
2875,18763,2025-09-18,5,Kundenservice,Unfreundlich am Telefon
2876,719,2025-08-25,8,Produkt,Leistung könnte besser sein
2877,15985,2025-03-31,6,Gesamtzufriedenheit,
2878,7728,2025-12-28,9,Installation,
2879,4278,2025-04-16,9,Preis-Leistung,Fairer Preis
2880,1409,2025-09-17,10,Kundenservice,Kompetente Beratung
2881,14688,2025-05-19,3,Gesamtzufriedenheit,Erwartungen nicht erfüllt
2882,6295,2025-01-02,9,Kundenservice,
2883,12706,2024-06-29,8,Preis-Leistung,
2884,1273,2024-08-27,5,Installation,
2885,15773,2024-06-04,9,Produkt,
2886,16750,2025-08-08,9,Preis-Leistung,
2887,15015,2024-11-08,0,Gesamtzufriedenheit,Erwartungen nicht erfüllt
2888,16348,2024-01-29,0,App & Digital,
2889,19495,2024-12-11,3,Preis-Leistung,Preiserhöhung nicht akzeptabel
2890,13174,2024-02-18,8,Produkt,Ganz okay
2891,7772,2025-07-18,6,Gesamtzufriedenheit,
2892,15479,2024-08-17,4,Preis-Leistung,
2893,18457,2025-08-30,10,Produkt,
2894,2299,2025-12-20,7,Installation,Hat etwas gedauert
2895,8857,2025-10-09,0,Installation,
2896,8396,2025-07-22,1,Gesamtzufriedenheit,
2897,8934,2025-11-29,7,Produkt,
2898,841,2025-05-22,10,App & Digital,
2899,7416,2024-11-15,0,Installation,Chaos bei der Installation
2900,2368,2025-09-15,6,App & Digital,
2901,7252,2024-10-17,10,Produkt,
2902,2204,2024-12-28,9,Kundenservice,
2903,6818,2024-11-23,8,Gesamtzufriedenheit,Im Großen und Ganzen okay
2904,5489,2025-03-21,10,Produkt,Wallbox perfekt installiert
2905,3525,2025-05-19,5,Produkt,Störungen häufig
2906,9775,2024-07-22,7,App & Digital,App stürzt manchmal ab
2907,15220,2024-10-25,5,Preis-Leistung,Nicht transparent
2908,2263,2025-12-21,8,Kundenservice,Service war in Ordnung
2909,12684,2025-01-28,8,Preis-Leistung,Vergleichbar mit anderen
2910,11024,2025-04-01,9,Kundenservice,
2911,5146,2024-11-05,8,Preis-Leistung,Vergleichbar mit anderen
2912,19179,2025-04-26,9,Produkt,
2913,17119,2025-09-19,7,Produkt,
2914,6988,2024-02-15,8,Produkt,
2915,18533,2025-12-22,10,Produkt,Smart Meter sehr nützlich
2916,3823,2024-04-15,10,Preis-Leistung,Gutes Preis-Leistungs-Verhältnis
2917,12321,2025-07-06,0,Installation,Unsaubere Arbeit
2918,2753,2025-11-04,2,App & Digital,
2919,18515,2024-05-21,7,Gesamtzufriedenheit,Im Großen und Ganzen okay
2920,12284,2024-05-12,6,Gesamtzufriedenheit,Bin enttäuscht
2921,12567,2025-03-28,10,Installation,Installation top organisiert
2922,18769,2025-02-05,9,Kundenservice,Kompetente Beratung
2923,15306,2024-11-01,8,App & Digital,Design veraltet
2924,4173,2025-05-20,8,Preis-Leistung,Preis ist okay
2925,8878,2025-10-30,7,Kundenservice,Musste mehrfach anrufen
2926,3220,2024-06-05,2,App & Digital,
2927,14111,2024-06-07,6,Kundenservice,Keine Lösung erhalten
2928,11332,2025-01-01,9,Kundenservice,
2929,15989,2025-04-05,10,Kundenservice,Sehr freundliche Mitarbeiter
2930,8621,2024-12-05,8,App & Digital,Funktioniert meistens
2931,12979,2024-07-22,8,Kundenservice,Lange Wartezeit am Telefon
2932,3519,2025-10-14,8,Produkt,
2933,5468,2024-12-28,4,Preis-Leistung,Zu teuer
2934,11913,2025-04-27,1,Gesamtzufriedenheit,Würde nicht erneut wählen
2935,18645,2024-08-16,7,App & Digital,
2936,4516,2025-07-17,6,Preis-Leistung,
2937,8248,2025-06-16,8,Kundenservice,
2938,13629,2025-01-14,5,Kundenservice,Keine Lösung erhalten
2939,18206,2025-09-25,7,Gesamtzufriedenheit,Im Großen und Ganzen okay
2940,14739,2025-08-08,3,Kundenservice,Niemand erreichbar
2941,8624,2025-05-20,10,App & Digital,App funktioniert super
2942,14467,2024-12-24,2,Kundenservice,Unfreundlich am Telefon
2943,10434,2025-01-30,4,Gesamtzufriedenheit,Würde nicht erneut wählen
2944,8352,2025-01-28,5,Gesamtzufriedenheit,Schlechte Erfahrung
2945,9583,2024-07-12,6,Produkt,
2946,3302,2025-05-06,6,Preis-Leistung,
2947,17370,2024-04-14,8,Produkt,Ganz okay
2948,18692,2024-05-24,8,Preis-Leistung,
2949,11015,2024-07-01,10,Kundenservice,
2950,9711,2024-10-20,9,Produkt,Solaranlage läuft einwandfrei
2951,14484,2025-06-07,6,Produkt,Defekt nach kurzer Zeit
2952,2284,2024-12-09,9,Gesamtzufriedenheit,Kann ich nur weiterempfehlen
2953,19409,2024-01-13,7,Gesamtzufriedenheit,
2954,18139,2024-05-19,9,Preis-Leistung,Preis stimmt
2955,2032,2024-09-05,7,Gesamtzufriedenheit,Durchschnittlich
2956,17465,2024-05-01,8,Preis-Leistung,
2957,209,2024-07-28,9,Installation,
2958,17437,2025-11-03,8,Kundenservice,
2959,7895,2024-12-02,6,Produkt,Nicht wie versprochen
2960,1706,2025-02-02,9,Preis-Leistung,
2961,8037,2024-10-03,9,Preis-Leistung,Preis stimmt
2962,9101,2024-09-06,7,Installation,
2963,14161,2025-04-20,8,Installation,
2964,1620,2024-08-04,9,Gesamtzufriedenheit,Sehr zufrieden mit EPOWER
2965,16816,2024-03-13,8,Installation,Kleine Verzögerung
2966,4821,2024-01-05,10,Preis-Leistung,Preis stimmt
2967,13362,2025-04-02,9,Installation,Installation top organisiert
2968,3001,2025-04-14,9,Installation,Installation top organisiert
2969,5766,2025-02-02,9,Gesamtzufriedenheit,Alles bestens
2970,10199,2025-10-05,7,Kundenservice,Musste mehrfach anrufen
2971,1787,2024-03-18,10,Preis-Leistung,Gutes Preis-Leistungs-Verhältnis
2972,4432,2025-06-05,7,Kundenservice,
2973,6803,2025-05-14,10,App & Digital,
2974,9314,2025-08-31,7,Gesamtzufriedenheit,Durchschnittlich
2975,14155,2025-01-08,10,Gesamtzufriedenheit,
2976,17187,2025-08-11,8,Kundenservice,Lange Wartezeit am Telefon
2977,1273,2025-10-15,9,Gesamtzufriedenheit,Top Anbieter
2978,17350,2025-04-15,6,Preis-Leistung,
2979,7180,2024-01-01,9,App & Digital,App funktioniert super
2980,12912,2025-09-14,9,Installation,
2981,13842,2024-03-03,10,Gesamtzufriedenheit,
2982,5459,2025-02-07,7,App & Digital,
2983,6701,2025-11-05,7,Kundenservice,Service war in Ordnung
2984,2752,2024-10-10,8,Preis-Leistung,Preis ist okay
2985,1107,2024-06-04,7,Gesamtzufriedenheit,Durchschnittlich
2986,7270,2024-07-11,10,Preis-Leistung,Günstiger als erwartet
2987,9842,2024-03-29,10,Preis-Leistung,
2988,4784,2024-09-12,10,Produkt,Wallbox perfekt installiert
2989,7406,2024-02-26,7,Preis-Leistung,Vergleichbar mit anderen
2990,13752,2024-04-15,0,Produkt,
2991,14169,2024-11-09,10,Preis-Leistung,Fairer Preis
2992,10625,2025-02-20,5,Installation,Termin dreimal verschoben
2993,3436,2024-03-16,9,App & Digital,
2994,9535,2025-12-24,9,Kundenservice,
2995,9595,2025-07-01,9,Preis-Leistung,Fairer Preis
2996,5162,2025-04-17,10,Installation,Termingerecht fertig
2997,562,2024-01-13,8,App & Digital,
2998,3305,2025-10-22,0,Gesamtzufriedenheit,Schlechte Erfahrung
2999,2652,2025-07-16,7,Gesamtzufriedenheit,Durchschnittlich
3000,13989,2024-06-20,8,Preis-Leistung,
3001,17702,2025-02-17,6,Gesamtzufriedenheit,Erwartungen nicht erfüllt
3002,13082,2024-05-02,6,Installation,Termin dreimal verschoben
3003,19698,2025-08-22,8,Preis-Leistung,Preis ist okay
3004,2030,2025-07-04,7,Installation,Hat etwas gedauert
3005,16605,2024-06-10,8,Kundenservice,Service war in Ordnung
3006,1913,2025-10-20,6,App & Digital,Sehr langsam
3007,12257,2025-11-28,10,Preis-Leistung,Preis stimmt
3008,3396,2025-05-11,10,Gesamtzufriedenheit,Rundum zufrieden
3009,10423,2024-11-27,8,Installation,Hat etwas gedauert
3010,7714,2025-04-11,7,Installation,Kleine Verzögerung
3011,214,2024-04-08,8,Installation,Hat etwas gedauert
3012,12206,2025-12-18,9,Gesamtzufriedenheit,
3013,478,2024-04-21,10,App & Digital,Verbrauch immer im Blick
3014,59,2025-08-26,0,Produkt,Nicht wie versprochen
3015,16948,2025-04-06,5,Installation,Termin dreimal verschoben
3016,18425,2024-07-29,4,App & Digital,
3017,10888,2024-04-19,9,Produkt,
3018,3158,2024-02-08,6,Produkt,
3019,966,2025-06-28,8,Kundenservice,Lange Wartezeit am Telefon
3020,6625,2025-06-10,9,Kundenservice,
3021,8968,2024-05-15,0,Kundenservice,
3022,15401,2024-07-02,5,App & Digital,
3023,5653,2025-12-08,10,Kundenservice,Schnelle Hilfe erhalten
3024,16423,2025-11-08,10,App & Digital,Übersichtliches Portal
3025,16008,2025-10-20,10,App & Digital,
3026,6201,2024-06-04,6,Gesamtzufriedenheit,Erwartungen nicht erfüllt
3027,12786,2024-03-15,7,Preis-Leistung,
3028,16221,2024-08-21,2,Installation,Nachbesserung nötig
3029,13989,2024-01-30,7,Installation,"War okay, nichts Besonderes"
3030,14833,2025-02-15,7,Kundenservice,
3031,6467,2025-02-13,9,Produkt,Wallbox perfekt installiert
3032,2149,2024-01-29,7,Gesamtzufriedenheit,Nichts Besonderes
3033,5345,2025-02-06,9,App & Digital,
3034,8264,2024-07-14,7,Produkt,
3035,19961,2024-04-25,7,App & Digital,
3036,18795,2024-11-15,8,Produkt,Ganz okay
3037,14380,2024-03-17,7,Produkt,Ganz okay
3038,5332,2024-11-17,7,Produkt,
3039,15255,2025-07-10,3,Gesamtzufriedenheit,Schlechte Erfahrung
3040,5077,2024-05-16,9,Installation,
3041,11227,2024-09-06,9,Produkt,
3042,15060,2025-09-19,6,App & Digital,App nicht nutzbar
3043,5343,2024-09-17,9,App & Digital,
3044,13759,2024-12-13,8,Produkt,Leistung könnte besser sein
3045,14619,2025-05-29,7,Gesamtzufriedenheit,
3046,16252,2024-03-30,9,Produkt,
3047,9768,2024-05-23,10,Kundenservice,Schnelle Hilfe erhalten
3048,3459,2025-10-17,0,Installation,Chaos bei der Installation
3049,9711,2025-06-13,9,Produkt,
3050,15670,2024-01-20,8,Gesamtzufriedenheit,
3051,9219,2024-11-05,8,Kundenservice,Service war in Ordnung
3052,7549,2025-09-25,10,Gesamtzufriedenheit,
3053,15472,2024-02-08,4,Kundenservice,Niemand erreichbar
3054,11280,2025-12-28,9,Gesamtzufriedenheit,Sehr zufrieden mit EPOWER
3055,3474,2025-02-04,2,Gesamtzufriedenheit,
3056,996,2025-02-15,7,Preis-Leistung,Vergleichbar mit anderen
3057,17099,2024-09-21,8,Gesamtzufriedenheit,
3058,5494,2025-07-05,8,Preis-Leistung,Preis ist okay
3059,13463,2025-10-18,8,Installation,Hat etwas gedauert
3060,3948,2025-09-06,5,Gesamtzufriedenheit,
3061,10127,2025-08-04,10,Gesamtzufriedenheit,Rundum zufrieden
3062,267,2024-05-22,6,Produkt,Störungen häufig
3063,3970,2025-07-19,8,Produkt,Ganz okay
3064,12656,2024-12-31,9,App & Digital,
3065,13641,2024-11-30,10,Kundenservice,Schnelle Hilfe erhalten
3066,15257,2024-12-12,2,Produkt,
3067,15417,2024-11-01,8,Produkt,
3068,7854,2025-07-10,0,App & Digital,Login funktioniert nicht
3069,18718,2024-01-01,3,Installation,Termin dreimal verschoben
3070,13551,2024-03-24,8,Kundenservice,Musste mehrfach anrufen
3071,10195,2025-07-26,8,Installation,Hat etwas gedauert
3072,4609,2025-09-13,4,App & Digital,App nicht nutzbar
3073,12154,2025-06-19,7,Produkt,
3074,1273,2024-10-13,9,Produkt,Solaranlage läuft einwandfrei
3075,13334,2025-02-08,1,Kundenservice,Keine Lösung erhalten
3076,3485,2025-06-15,8,Installation,Hat etwas gedauert
3077,18771,2025-05-05,4,Kundenservice,Beschwerde ignoriert
3078,15203,2024-03-19,10,Produkt,Wärmepumpe spart enorm
3079,2376,2025-02-07,10,Gesamtzufriedenheit,
3080,6086,2025-03-08,9,Installation,
3081,11293,2025-02-15,8,Kundenservice,Musste mehrfach anrufen
3082,3757,2024-02-09,8,App & Digital,Funktioniert meistens
3083,8668,2024-11-15,10,Produkt,
3084,8499,2024-11-30,5,App & Digital,
3085,13720,2024-04-10,7,Installation,Kleine Verzögerung
3086,8476,2025-10-22,10,App & Digital,App funktioniert super
3087,13208,2024-10-06,3,Kundenservice,Unfreundlich am Telefon
3088,5972,2024-02-26,7,Installation,Kleine Verzögerung
3089,1780,2024-09-05,2,Preis-Leistung,
3090,13103,2024-05-30,6,App & Digital,Sehr langsam
3091,4485,2024-03-28,8,Kundenservice,Service war in Ordnung
3092,15404,2025-11-28,9,Installation,
3093,14004,2024-02-06,10,Installation,
3094,4802,2024-05-09,7,Produkt,
3095,9156,2024-04-30,8,Kundenservice,Service war in Ordnung
3096,12944,2024-05-16,10,App & Digital,Einfache Bedienung
3097,13492,2025-05-03,7,App & Digital,Design veraltet
3098,11769,2024-05-18,7,Installation,"War okay, nichts Besonderes"
3099,4248,2025-12-22,9,Gesamtzufriedenheit,Top Anbieter
3100,5653,2025-05-30,9,App & Digital,App funktioniert super
3101,14020,2025-05-20,9,App & Digital,
3102,1800,2025-12-22,9,Installation,Termingerecht fertig
3103,19292,2025-02-14,10,Gesamtzufriedenheit,
3104,16729,2024-07-23,7,Kundenservice,
3105,14244,2025-07-21,8,Preis-Leistung,Preis ist okay
3106,3131,2024-02-18,9,Kundenservice,
3107,14444,2025-04-07,3,Kundenservice,
3108,766,2024-10-22,8,Installation,Kleine Verzögerung
3109,18817,2024-03-08,8,Gesamtzufriedenheit,
3110,16168,2025-05-13,8,Kundenservice,
3111,5667,2024-08-20,5,Preis-Leistung,Nicht transparent
3112,13696,2024-01-21,8,Kundenservice,Musste mehrfach anrufen
3113,4319,2024-05-14,3,Kundenservice,
3114,17196,2024-06-15,9,Produkt,Smart Meter sehr nützlich
3115,740,2024-08-12,10,Installation,Handwerker sehr professionell
3116,11293,2024-01-27,0,Preis-Leistung,Nicht transparent
3117,7929,2025-08-09,6,Kundenservice,Keine Lösung erhalten
3118,1980,2024-08-24,4,Produkt,Nicht wie versprochen
3119,19037,2024-12-07,10,App & Digital,Einfache Bedienung
3120,13015,2025-06-02,6,Preis-Leistung,Preiserhöhung nicht akzeptabel
3121,14275,2024-03-26,5,Preis-Leistung,Nicht transparent
3122,6772,2025-06-23,8,App & Digital,
3123,2282,2024-02-14,9,Produkt,
3124,8195,2024-12-13,9,Installation,
3125,13982,2025-01-17,5,Gesamtzufriedenheit,Bin enttäuscht
3126,11035,2025-05-13,8,Installation,"War okay, nichts Besonderes"
3127,10849,2025-06-18,9,Kundenservice,
3128,4269,2025-10-27,9,Kundenservice,Schnelle Hilfe erhalten
3129,9150,2025-09-09,8,Kundenservice,Service war in Ordnung
3130,11862,2025-04-08,7,Gesamtzufriedenheit,Nichts Besonderes
3131,15185,2025-05-17,7,Kundenservice,
3132,12438,2024-05-30,9,App & Digital,App funktioniert super
3133,14823,2025-08-16,8,Gesamtzufriedenheit,Nichts Besonderes
3134,6332,2024-11-02,5,Gesamtzufriedenheit,Schlechte Erfahrung
3135,380,2025-03-25,10,Produkt,
3136,17339,2025-11-10,7,Gesamtzufriedenheit,Könnte besser sein
3137,4401,2025-03-29,10,Gesamtzufriedenheit,
3138,16574,2024-07-10,9,Installation,
3139,17693,2024-01-14,7,Preis-Leistung,Preis ist okay
3140,9387,2025-07-30,9,Kundenservice,
3141,17386,2025-01-18,8,Kundenservice,Service war in Ordnung
3142,16545,2024-07-13,10,Produkt,Wärmepumpe spart enorm
3143,1918,2024-02-28,9,Installation,Termingerecht fertig
3144,13048,2024-04-10,8,Gesamtzufriedenheit,Nichts Besonderes
3145,14880,2025-04-11,9,Preis-Leistung,
3146,17702,2024-08-20,10,Preis-Leistung,Gutes Preis-Leistungs-Verhältnis
3147,1728,2024-04-16,9,App & Digital,Übersichtliches Portal
3148,1795,2024-06-16,9,Gesamtzufriedenheit,
3149,3100,2025-03-21,10,Preis-Leistung,Preis stimmt
3150,7710,2024-02-09,9,Kundenservice,
3151,15707,2025-01-18,9,Gesamtzufriedenheit,Kann ich nur weiterempfehlen
3152,18549,2024-08-18,7,Produkt,Ganz okay
3153,17840,2025-03-28,7,Gesamtzufriedenheit,Könnte besser sein
3154,7362,2024-02-23,7,App & Digital,App stürzt manchmal ab
3155,5392,2024-02-20,4,Preis-Leistung,
3156,11046,2024-02-08,5,Preis-Leistung,
3157,15709,2024-12-04,3,Installation,Chaos bei der Installation
3158,3477,2024-06-03,10,Produkt,
3159,9115,2024-01-21,7,Preis-Leistung,Preis ist okay
3160,3423,2024-08-10,9,Preis-Leistung,Preis stimmt
3161,16011,2025-08-04,10,Preis-Leistung,Günstiger als erwartet
3162,13103,2025-08-21,8,Produkt,
3163,14240,2024-11-25,9,Installation,
3164,13815,2024-10-03,10,Preis-Leistung,Preis stimmt
3165,8017,2024-07-09,5,Gesamtzufriedenheit,Erwartungen nicht erfüllt
3166,9605,2024-08-13,8,Kundenservice,
3167,19173,2024-08-29,10,Kundenservice,
3168,1276,2024-05-06,8,Kundenservice,
3169,2339,2025-06-25,9,Gesamtzufriedenheit,Sehr zufrieden mit EPOWER
3170,12110,2025-11-22,8,Installation,Kleine Verzögerung
3171,7964,2024-02-07,8,Kundenservice,
3172,3961,2024-02-15,10,Preis-Leistung,Günstiger als erwartet
3173,10048,2024-04-01,7,Preis-Leistung,
3174,2825,2025-11-08,9,Produkt,
3175,802,2024-12-29,9,Kundenservice,Problemlos gelöst
3176,3178,2024-05-15,0,App & Digital,Keine Echtzeit-Daten
3177,9089,2025-03-28,10,Produkt,Wallbox perfekt installiert
3178,9365,2024-10-12,0,Preis-Leistung,Nicht transparent
3179,18052,2025-09-26,7,Kundenservice,Musste mehrfach anrufen
3180,15018,2025-06-29,8,Produkt,Leistung könnte besser sein
3181,9292,2025-01-21,7,Preis-Leistung,Vergleichbar mit anderen
3182,17341,2025-01-18,9,Produkt,Smart Meter sehr nützlich
3183,4905,2025-03-13,7,Produkt,Ganz okay
3184,6075,2025-10-03,7,App & Digital,App stürzt manchmal ab
3185,18093,2024-06-11,7,Installation,Kleine Verzögerung
3186,18627,2025-10-17,5,Kundenservice,Keine Lösung erhalten
3187,13257,2024-10-24,4,Produkt,Nicht wie versprochen
3188,5120,2025-06-15,6,Preis-Leistung,
3189,17427,2025-03-13,3,Preis-Leistung,
3190,8458,2025-01-05,6,Kundenservice,Unfreundlich am Telefon
3191,9045,2025-02-21,8,Produkt,Leistung könnte besser sein
3192,3487,2025-12-25,8,Kundenservice,Lange Wartezeit am Telefon
3193,8381,2024-01-05,7,Kundenservice,Musste mehrfach anrufen
3194,19533,2025-02-08,9,Kundenservice,
3195,3732,2025-08-09,5,App & Digital,Keine Echtzeit-Daten
3196,15009,2025-07-12,10,Kundenservice,Problemlos gelöst
3197,968,2024-02-22,9,Produkt,Solaranlage läuft einwandfrei
3198,8107,2025-11-08,6,App & Digital,Login funktioniert nicht
3199,15790,2024-04-21,5,Produkt,
3200,2403,2025-05-29,7,Kundenservice,Service war in Ordnung
3201,13295,2024-06-29,8,Produkt,Ganz okay
3202,7154,2024-11-16,9,Gesamtzufriedenheit,Alles bestens
3203,10488,2025-04-19,8,Preis-Leistung,
3204,4310,2025-12-08,10,Gesamtzufriedenheit,Alles bestens
3205,19118,2025-07-16,4,Preis-Leistung,
3206,1264,2025-11-26,7,Produkt,
3207,6264,2025-01-22,8,Produkt,Leistung könnte besser sein
3208,11203,2024-11-26,5,Produkt,Qualität mangelhaft
3209,11671,2024-08-17,7,App & Digital,
3210,13163,2025-02-10,5,Produkt,
3211,5101,2025-04-22,10,Installation,Handwerker sehr professionell
3212,7181,2025-06-17,6,App & Digital,App nicht nutzbar
3213,4992,2024-12-18,6,Produkt,Qualität mangelhaft
3214,628,2025-04-03,9,App & Digital,Einfache Bedienung
3215,5033,2025-09-09,10,Produkt,Wärmepumpe spart enorm
3216,3582,2025-03-24,5,Produkt,
3217,3342,2024-09-14,10,Gesamtzufriedenheit,Alles bestens
3218,13615,2025-08-09,9,App & Digital,App funktioniert super
3219,16357,2024-02-14,0,Kundenservice,
3220,15253,2024-07-11,5,Produkt,Defekt nach kurzer Zeit
3221,6103,2024-08-12,10,Preis-Leistung,Fairer Preis
3222,16411,2025-04-15,9,Preis-Leistung,Preis stimmt
3223,2367,2025-03-01,9,Installation,
3224,3972,2025-04-04,9,Installation,
3225,3269,2025-03-29,0,Gesamtzufriedenheit,Schlechte Erfahrung
3226,3544,2025-08-01,0,Installation,
3227,1121,2025-07-02,8,Kundenservice,Musste mehrfach anrufen
3228,19270,2024-02-29,7,Gesamtzufriedenheit,
3229,7058,2024-10-07,0,Kundenservice,Keine Lösung erhalten
3230,15461,2024-03-02,8,Installation,
3231,889,2025-12-08,8,Installation,
3232,10364,2025-06-04,10,Produkt,
3233,8290,2024-02-08,7,Installation,Hat etwas gedauert
3234,6862,2024-06-26,9,Gesamtzufriedenheit,Rundum zufrieden
3235,1816,2024-03-12,5,Kundenservice,Unfreundlich am Telefon
3236,7277,2024-06-15,10,Kundenservice,
3237,9928,2024-08-24,7,Produkt,
3238,19416,2024-01-22,8,App & Digital,Funktioniert meistens
3239,16288,2025-08-25,7,Gesamtzufriedenheit,
3240,16048,2025-10-12,7,Preis-Leistung,Etwas teuer
3241,2935,2025-06-11,5,App & Digital,
3242,12030,2025-04-15,4,Kundenservice,
3243,15460,2025-11-05,9,Produkt,
3244,12305,2024-01-14,5,Kundenservice,Niemand erreichbar
3245,14674,2024-08-27,3,Gesamtzufriedenheit,Würde nicht erneut wählen
3246,3431,2024-07-01,10,Gesamtzufriedenheit,Top Anbieter
3247,12150,2025-05-16,6,App & Digital,Keine Echtzeit-Daten
3248,17839,2024-05-29,8,Produkt,Ganz okay
3249,17647,2024-03-07,0,Gesamtzufriedenheit,Bin enttäuscht
3250,19128,2025-09-20,3,App & Digital,Sehr langsam
3251,17479,2024-12-04,6,Preis-Leistung,
3252,19151,2024-07-08,8,App & Digital,
3253,2815,2025-05-10,8,Gesamtzufriedenheit,
3254,13896,2025-05-24,10,Preis-Leistung,Preis stimmt
3255,4626,2024-02-19,8,Installation,
3256,16501,2024-09-22,6,Kundenservice,Unfreundlich am Telefon
3257,17702,2025-11-04,9,Kundenservice,
3258,7283,2024-08-03,5,Preis-Leistung,Preiserhöhung nicht akzeptabel
3259,17706,2024-12-25,9,Produkt,Wärmepumpe spart enorm
3260,9537,2025-02-28,8,Gesamtzufriedenheit,Im Großen und Ganzen okay
3261,18707,2025-02-04,7,Kundenservice,
3262,741,2025-09-26,9,Produkt,Solaranlage läuft einwandfrei
3263,17440,2025-08-02,9,App & Digital,Verbrauch immer im Blick
3264,3620,2024-04-23,7,App & Digital,App stürzt manchmal ab
3265,8595,2024-10-06,10,Preis-Leistung,Preis stimmt
3266,18924,2024-08-11,3,Gesamtzufriedenheit,
3267,15454,2024-09-05,9,Preis-Leistung,Gutes Preis-Leistungs-Verhältnis
3268,2854,2024-05-25,2,Produkt,Nicht wie versprochen
3269,5853,2025-07-18,8,Produkt,Ganz okay
3270,12143,2025-12-16,7,Gesamtzufriedenheit,
3271,937,2024-02-21,10,Gesamtzufriedenheit,
3272,2035,2025-05-29,7,Installation,Kleine Verzögerung
3273,3197,2025-12-19,7,Gesamtzufriedenheit,Nichts Besonderes
3274,18775,2025-11-06,10,App & Digital,
3275,17456,2025-12-16,6,Preis-Leistung,Preiserhöhung nicht akzeptabel
3276,17309,2025-07-18,10,Installation,Handwerker sehr professionell
3277,16686,2025-08-07,1,Kundenservice,Keine Lösung erhalten
3278,200,2024-03-27,3,Kundenservice,Unfreundlich am Telefon
3279,2291,2025-08-03,1,Kundenservice,Keine Lösung erhalten
3280,18363,2025-05-13,9,Installation,
3281,721,2025-11-04,7,Installation,Hat etwas gedauert
3282,19645,2025-09-11,10,App & Digital,
3283,2632,2025-03-20,7,Kundenservice,
3284,9560,2025-07-30,7,Produkt,Funktioniert wie erwartet
3285,1664,2025-07-09,2,App & Digital,
3286,14550,2024-05-04,7,Produkt,Leistung könnte besser sein
3287,18674,2024-10-28,4,Produkt,Defekt nach kurzer Zeit
3288,12803,2025-07-02,9,Installation,Handwerker sehr professionell
3289,17727,2024-10-25,7,Gesamtzufriedenheit,
3290,711,2025-08-21,9,Gesamtzufriedenheit,Kann ich nur weiterempfehlen
3291,16793,2024-09-16,8,App & Digital,Design veraltet
3292,8487,2024-12-15,8,Installation,
3293,7473,2024-07-03,7,App & Digital,
3294,4516,2024-09-28,9,Gesamtzufriedenheit,
3295,15470,2024-06-30,7,Preis-Leistung,
3296,14774,2025-01-28,6,Produkt,
3297,12075,2024-02-29,8,Installation,Kleine Verzögerung
3298,9525,2024-01-21,7,Gesamtzufriedenheit,
3299,2083,2024-05-07,5,Preis-Leistung,
3300,2104,2025-02-28,10,Preis-Leistung,Gutes Preis-Leistungs-Verhältnis
3301,18458,2025-11-26,9,Preis-Leistung,Günstiger als erwartet
3302,7976,2025-12-28,6,Produkt,
3303,2286,2025-10-03,7,App & Digital,
3304,8009,2025-07-16,7,Produkt,
3305,17890,2025-08-02,9,Preis-Leistung,Preis stimmt
3306,15201,2024-03-20,8,App & Digital,
3307,16164,2024-11-03,8,Kundenservice,Lange Wartezeit am Telefon
3308,9390,2025-02-19,3,Gesamtzufriedenheit,Würde nicht erneut wählen
3309,1883,2024-11-25,0,Installation,
3310,9516,2024-05-18,8,Installation,Hat etwas gedauert
3311,13505,2025-08-23,10,Produkt,Wallbox perfekt installiert
3312,2482,2024-11-24,7,App & Digital,Design veraltet
3313,15525,2025-06-14,0,Produkt,
3314,9478,2025-04-21,5,Gesamtzufriedenheit,Schlechte Erfahrung
3315,12846,2025-09-23,7,Preis-Leistung,Preis ist okay
3316,5745,2025-07-12,8,Kundenservice,
3317,466,2024-08-26,7,Produkt,Funktioniert wie erwartet
3318,14452,2025-10-15,5,App & Digital,Login funktioniert nicht
3319,6354,2025-09-11,10,Preis-Leistung,
3320,1321,2024-05-17,5,Installation,Nachbesserung nötig
3321,5577,2025-10-18,10,Installation,Termingerecht fertig
3322,15832,2024-03-18,10,App & Digital,Übersichtliches Portal
3323,9574,2024-10-10,9,App & Digital,Übersichtliches Portal
3324,12080,2025-10-17,9,Installation,Installation top organisiert
3325,17244,2025-11-07,9,App & Digital,App funktioniert super
3326,11640,2024-11-18,10,Produkt,
3327,14362,2024-08-27,9,Gesamtzufriedenheit,
3328,9399,2024-05-25,5,Produkt,
3329,12840,2025-04-29,8,Installation,"War okay, nichts Besonderes"
3330,8233,2024-11-02,5,Preis-Leistung,
3331,2286,2025-09-28,5,Preis-Leistung,
3332,19513,2024-10-17,10,App & Digital,
3333,4802,2024-03-27,8,Kundenservice,Musste mehrfach anrufen
3334,11035,2025-07-10,10,Produkt,
3335,7876,2024-03-11,1,Kundenservice,
3336,11160,2025-06-30,8,Produkt,Ganz okay
3337,14318,2024-11-01,7,Gesamtzufriedenheit,Im Großen und Ganzen okay
3338,5224,2024-10-24,9,App & Digital,
3339,17222,2025-08-01,8,Produkt,
3340,593,2025-04-29,9,Preis-Leistung,Günstiger als erwartet
3341,3143,2025-02-27,8,App & Digital,App stürzt manchmal ab
3342,10769,2025-11-17,9,Gesamtzufriedenheit,Alles bestens
3343,14909,2025-04-06,2,Produkt,Defekt nach kurzer Zeit
3344,959,2025-02-01,6,Gesamtzufriedenheit,Schlechte Erfahrung
3345,315,2025-11-15,8,Installation,
3346,16072,2025-08-22,8,Gesamtzufriedenheit,
3347,17041,2025-07-15,8,Kundenservice,Lange Wartezeit am Telefon
3348,6642,2024-10-13,9,Kundenservice,Sehr freundliche Mitarbeiter
3349,19286,2025-09-11,10,Kundenservice,Schnelle Hilfe erhalten
3350,13237,2025-02-04,8,App & Digital,Design veraltet
3351,665,2025-09-01,5,Installation,Termin dreimal verschoben
3352,11598,2025-03-23,9,Kundenservice,Schnelle Hilfe erhalten
3353,15065,2024-05-08,9,Kundenservice,Schnelle Hilfe erhalten
3354,8194,2024-06-06,8,App & Digital,
3355,19601,2025-05-09,0,Gesamtzufriedenheit,
3356,15826,2024-12-26,7,Gesamtzufriedenheit,Könnte besser sein
3357,11090,2025-03-17,9,Preis-Leistung,
3358,10173,2025-10-27,9,Produkt,Smart Meter sehr nützlich
3359,2782,2025-05-25,5,Installation,Chaos bei der Installation
3360,1683,2025-07-28,9,Produkt,Smart Meter sehr nützlich
3361,6730,2024-02-20,8,Preis-Leistung,Vergleichbar mit anderen
3362,6950,2024-11-15,2,Preis-Leistung,Versteckte Kosten
3363,16,2024-10-24,10,Gesamtzufriedenheit,Top Anbieter
3364,6553,2025-02-22,8,Preis-Leistung,Etwas teuer
3365,7579,2024-06-02,7,Preis-Leistung,
3366,2947,2025-06-11,10,Gesamtzufriedenheit,
3367,5147,2025-08-21,7,Preis-Leistung,
3368,11514,2025-06-10,8,Installation,Kleine Verzögerung
3369,7971,2024-12-15,0,App & Digital,
3370,3374,2024-11-13,9,Produkt,
3371,3961,2024-07-15,5,Produkt,Nicht wie versprochen
3372,15827,2024-05-26,9,Preis-Leistung,Gutes Preis-Leistungs-Verhältnis
3373,3914,2024-11-25,7,Kundenservice,
3374,7613,2025-11-05,10,Kundenservice,Problemlos gelöst
3375,7333,2025-08-09,9,App & Digital,Einfache Bedienung
3376,13036,2025-02-15,8,Preis-Leistung,
3377,15057,2025-10-25,9,Preis-Leistung,
3378,12831,2025-08-07,10,App & Digital,Übersichtliches Portal
3379,7820,2024-11-13,10,App & Digital,
3380,16535,2025-11-13,7,App & Digital,App stürzt manchmal ab
3381,16471,2024-11-23,8,Installation,Kleine Verzögerung
3382,9451,2025-07-17,7,Kundenservice,Lange Wartezeit am Telefon
3383,14026,2024-07-24,7,Gesamtzufriedenheit,Könnte besser sein
3384,8409,2024-12-23,10,Installation,Termingerecht fertig
3385,1162,2025-01-09,8,App & Digital,Funktioniert meistens
3386,13485,2024-08-27,9,Kundenservice,
3387,4144,2025-04-11,9,Gesamtzufriedenheit,Kann ich nur weiterempfehlen
3388,6604,2024-12-04,7,App & Digital,Funktioniert meistens
3389,17940,2024-11-26,9,Gesamtzufriedenheit,
3390,7301,2025-10-21,6,App & Digital,Sehr langsam
3391,10383,2024-02-14,5,Kundenservice,Unfreundlich am Telefon
3392,15417,2025-07-15,4,Produkt,
3393,2611,2025-09-18,4,Kundenservice,Keine Lösung erhalten
3394,6053,2025-10-18,4,Kundenservice,Beschwerde ignoriert
3395,9613,2025-03-22,3,Preis-Leistung,Versteckte Kosten
3396,1503,2024-05-29,0,Installation,Unsaubere Arbeit
3397,6806,2025-12-18,3,App & Digital,Login funktioniert nicht
3398,3946,2024-06-17,9,Gesamtzufriedenheit,
3399,274,2024-01-13,7,Kundenservice,Service war in Ordnung
3400,9320,2025-08-20,10,Kundenservice,Schnelle Hilfe erhalten
3401,2154,2024-09-28,9,Gesamtzufriedenheit,
3402,8871,2025-07-30,8,Kundenservice,
3403,12583,2025-03-28,7,Gesamtzufriedenheit,
3404,3108,2025-06-11,3,Preis-Leistung,Versteckte Kosten
3405,14360,2024-02-06,3,App & Digital,
3406,5619,2025-03-02,6,Preis-Leistung,Versteckte Kosten
3407,2423,2025-03-27,2,Preis-Leistung,Versteckte Kosten
3408,7482,2024-05-14,10,Preis-Leistung,Günstiger als erwartet
3409,15280,2025-09-10,9,App & Digital,
3410,10572,2025-02-25,8,Preis-Leistung,Etwas teuer
3411,833,2024-02-12,8,Produkt,Leistung könnte besser sein
3412,6547,2024-01-06,4,Produkt,Qualität mangelhaft
3413,13555,2024-05-10,4,Kundenservice,
3414,1369,2025-01-19,9,App & Digital,Verbrauch immer im Blick
3415,13621,2024-07-25,6,Produkt,
3416,2137,2025-11-04,7,App & Digital,App stürzt manchmal ab
3417,9403,2025-05-14,10,App & Digital,App funktioniert super
3418,7841,2025-01-10,10,Installation,Schnell und sauber
3419,5100,2024-09-04,5,Produkt,
3420,6312,2025-10-21,8,Gesamtzufriedenheit,Durchschnittlich
3421,7422,2024-03-24,9,App & Digital,
3422,3516,2024-07-16,9,Produkt,Solaranlage läuft einwandfrei
3423,344,2025-04-02,10,Kundenservice,
3424,95,2024-05-07,8,Gesamtzufriedenheit,Im Großen und Ganzen okay
3425,14253,2024-07-10,8,Kundenservice,Lange Wartezeit am Telefon
3426,19072,2024-05-03,9,Kundenservice,Kompetente Beratung
3427,7653,2025-08-19,8,Gesamtzufriedenheit,
3428,12153,2024-05-17,9,Produkt,Smart Meter sehr nützlich
3429,5229,2024-08-17,0,Gesamtzufriedenheit,Erwartungen nicht erfüllt
3430,14074,2024-10-19,9,Kundenservice,Schnelle Hilfe erhalten
3431,12425,2024-12-20,9,Installation,Installation top organisiert
3432,7624,2024-10-29,8,Preis-Leistung,Etwas teuer
3433,14607,2024-02-24,0,Kundenservice,
3434,12539,2024-05-09,0,Installation,Chaos bei der Installation
3435,8490,2025-12-18,7,Gesamtzufriedenheit,Nichts Besonderes
3436,1199,2025-06-29,6,Preis-Leistung,
3437,1554,2025-03-22,8,Gesamtzufriedenheit,
3438,16241,2024-12-21,9,Gesamtzufriedenheit,Alles bestens
3439,8773,2024-10-21,9,Gesamtzufriedenheit,
3440,9561,2025-07-20,8,Preis-Leistung,Preis ist okay
3441,4605,2024-10-31,10,App & Digital,Einfache Bedienung
3442,14884,2025-07-08,10,Preis-Leistung,
3443,3178,2025-11-05,7,Kundenservice,Lange Wartezeit am Telefon
3444,5676,2025-06-27,10,Installation,Schnell und sauber
3445,7364,2025-05-19,8,Preis-Leistung,Vergleichbar mit anderen
3446,8445,2024-09-11,9,App & Digital,App funktioniert super
3447,16132,2025-11-02,8,Kundenservice,
3448,11840,2024-08-05,8,Kundenservice,Lange Wartezeit am Telefon
3449,4797,2025-09-11,0,Gesamtzufriedenheit,Bin enttäuscht
3450,14152,2024-05-23,8,App & Digital,
3451,595,2024-01-18,9,App & Digital,Übersichtliches Portal
3452,660,2024-05-02,9,Produkt,Solaranlage läuft einwandfrei
3453,14409,2024-10-03,7,App & Digital,App stürzt manchmal ab
3454,4156,2025-09-24,9,Preis-Leistung,Gutes Preis-Leistungs-Verhältnis
3455,7730,2024-03-15,9,Preis-Leistung,Preis stimmt
3456,1117,2025-03-28,7,Preis-Leistung,Preis ist okay
3457,3712,2024-02-27,3,Installation,
3458,5923,2024-06-18,8,Preis-Leistung,
3459,7110,2024-08-30,8,Kundenservice,Service war in Ordnung
3460,648,2025-08-03,9,Installation,Handwerker sehr professionell
3461,2953,2024-05-10,8,App & Digital,Design veraltet
3462,1634,2025-04-20,7,Kundenservice,Lange Wartezeit am Telefon
3463,19970,2024-06-30,1,App & Digital,
3464,2373,2024-04-16,10,App & Digital,Verbrauch immer im Blick
3465,13383,2024-02-05,9,Preis-Leistung,
3466,7251,2025-11-07,8,Kundenservice,Service war in Ordnung
3467,11503,2025-01-06,10,Produkt,Wallbox perfekt installiert
3468,10523,2024-09-02,2,Preis-Leistung,Versteckte Kosten
3469,15514,2025-08-01,8,Kundenservice,Lange Wartezeit am Telefon
3470,2699,2025-12-23,7,Gesamtzufriedenheit,Im Großen und Ganzen okay
3471,14507,2024-07-18,7,Kundenservice,Lange Wartezeit am Telefon
3472,16240,2025-12-25,10,Gesamtzufriedenheit,Alles bestens
3473,14361,2025-02-03,8,Installation,Hat etwas gedauert
3474,6215,2024-07-22,10,Preis-Leistung,Fairer Preis
3475,2908,2024-07-18,7,Kundenservice,
3476,18541,2025-04-30,8,Preis-Leistung,
3477,16753,2024-05-11,10,Kundenservice,Kompetente Beratung
3478,10543,2024-05-25,6,App & Digital,App nicht nutzbar
3479,466,2024-12-22,9,Kundenservice,Kompetente Beratung
3480,7017,2024-07-13,8,Produkt,
3481,17321,2025-07-18,10,Produkt,
3482,16533,2025-07-25,7,Installation,"War okay, nichts Besonderes"
3483,1521,2025-12-12,9,App & Digital,Verbrauch immer im Blick
3484,11718,2025-09-27,7,Installation,"War okay, nichts Besonderes"
3485,4421,2025-04-02,9,App & Digital,
3486,6712,2025-01-28,9,App & Digital,
3487,5350,2024-11-30,10,App & Digital,Einfache Bedienung
3488,7326,2025-12-10,0,Produkt,
3489,17306,2025-10-04,10,Gesamtzufriedenheit,
3490,14884,2024-02-21,9,Preis-Leistung,Fairer Preis
3491,17078,2024-08-12,9,Produkt,
3492,13056,2024-02-20,5,Kundenservice,
3493,11223,2024-03-05,0,Installation,
3494,15472,2024-03-26,9,Installation,Installation top organisiert
3495,2763,2024-03-07,7,Gesamtzufriedenheit,Könnte besser sein
3496,13916,2025-05-03,10,Kundenservice,Sehr freundliche Mitarbeiter
3497,2152,2025-07-01,9,Kundenservice,
3498,5009,2024-11-09,6,Preis-Leistung,Versteckte Kosten
3499,9187,2024-09-12,7,Gesamtzufriedenheit,Nichts Besonderes
3500,18172,2024-02-19,0,Produkt,Defekt nach kurzer Zeit
3501,8089,2025-05-29,6,Gesamtzufriedenheit,
3502,14538,2025-12-21,2,Produkt,Qualität mangelhaft
3503,3854,2025-12-19,10,App & Digital,Einfache Bedienung
3504,7102,2025-03-06,8,App & Digital,
3505,14680,2024-02-24,7,App & Digital,Design veraltet
3506,6303,2024-11-14,7,Produkt,Funktioniert wie erwartet
3507,5144,2025-04-03,1,Installation,
3508,4071,2025-07-24,9,Gesamtzufriedenheit,Alles bestens
3509,18046,2024-04-28,7,Installation,Kleine Verzögerung
3510,7145,2024-04-21,4,App & Digital,
3511,8343,2025-06-16,9,Installation,Schnell und sauber
3512,10469,2025-11-24,9,Kundenservice,
3513,11552,2025-08-12,8,App & Digital,Design veraltet
3514,5456,2024-12-11,8,Preis-Leistung,
3515,14055,2025-03-28,8,App & Digital,Funktioniert meistens
3516,14987,2025-11-27,8,Preis-Leistung,
3517,10445,2024-05-30,7,Kundenservice,
3518,8513,2025-10-12,9,Installation,
3519,18422,2025-02-19,10,Gesamtzufriedenheit,Rundum zufrieden
3520,3162,2024-10-18,6,Produkt,
3521,13007,2024-12-06,5,Produkt,Störungen häufig
3522,12175,2025-10-21,9,App & Digital,Verbrauch immer im Blick
3523,14327,2025-02-27,2,Produkt,
3524,12392,2025-05-12,10,Kundenservice,Kompetente Beratung
3525,16928,2025-04-17,10,Installation,Termingerecht fertig
3526,10130,2025-05-09,10,App & Digital,Verbrauch immer im Blick
3527,1881,2025-02-14,1,App & Digital,App nicht nutzbar
3528,17426,2025-09-26,10,Produkt,Wallbox perfekt installiert
3529,3130,2025-01-15,2,Preis-Leistung,Zu teuer
3530,18400,2024-05-03,9,Produkt,
3531,828,2024-01-12,6,Kundenservice,
3532,12514,2025-10-20,9,Preis-Leistung,Preis stimmt
3533,2931,2025-04-05,4,App & Digital,Sehr langsam
3534,13411,2025-09-19,10,Installation,
3535,17675,2025-09-02,5,Produkt,
3536,2508,2024-06-19,9,App & Digital,Verbrauch immer im Blick
3537,3869,2024-06-01,2,Installation,Nachbesserung nötig
3538,18279,2025-01-14,1,Preis-Leistung,
3539,686,2025-04-27,10,Produkt,Wärmepumpe spart enorm
3540,7278,2025-05-05,0,Gesamtzufriedenheit,
3541,5236,2025-07-19,10,App & Digital,Verbrauch immer im Blick
3542,7502,2024-10-06,10,Preis-Leistung,Preis stimmt
3543,2107,2025-03-30,10,Kundenservice,Schnelle Hilfe erhalten
3544,19139,2024-03-30,0,Produkt,Defekt nach kurzer Zeit
3545,522,2024-06-14,9,Produkt,Wallbox perfekt installiert
3546,16868,2025-07-26,10,Preis-Leistung,
3547,8074,2024-12-17,9,App & Digital,Übersichtliches Portal
3548,19030,2024-10-03,8,Installation,
3549,18709,2024-08-04,10,Installation,
3550,6979,2025-11-16,0,App & Digital,
3551,137,2025-01-12,2,Installation,Chaos bei der Installation
3552,15898,2024-09-14,7,App & Digital,App stürzt manchmal ab
3553,2534,2025-02-28,6,Kundenservice,
3554,9972,2025-03-29,6,App & Digital,
3555,3675,2024-11-30,10,Gesamtzufriedenheit,
3556,15528,2024-04-03,10,App & Digital,App funktioniert super
3557,14301,2025-10-19,8,Installation,
3558,10977,2025-11-22,9,Kundenservice,Sehr freundliche Mitarbeiter
3559,5484,2025-04-13,6,Produkt,
3560,7556,2024-02-08,8,Preis-Leistung,
3561,1598,2025-04-30,7,App & Digital,Design veraltet
3562,12409,2024-03-12,5,Preis-Leistung,Versteckte Kosten
3563,13659,2024-07-08,9,App & Digital,Einfache Bedienung
3564,5377,2024-06-01,4,Kundenservice,Niemand erreichbar
3565,3785,2024-08-12,7,Produkt,Leistung könnte besser sein
3566,13780,2024-06-12,7,Produkt,
3567,10302,2024-11-14,9,Kundenservice,Sehr freundliche Mitarbeiter
3568,5579,2024-07-25,10,Preis-Leistung,
3569,14488,2024-01-22,10,Kundenservice,Problemlos gelöst
3570,5154,2025-03-20,8,Installation,Kleine Verzögerung
3571,8882,2024-04-21,1,Preis-Leistung,
3572,2377,2024-12-07,6,Gesamtzufriedenheit,Würde nicht erneut wählen
3573,12941,2024-03-26,8,Gesamtzufriedenheit,
3574,56,2024-11-11,10,Gesamtzufriedenheit,Sehr zufrieden mit EPOWER
3575,9710,2025-10-08,8,Installation,"War okay, nichts Besonderes"
3576,18842,2025-10-15,3,Installation,Nachbesserung nötig
3577,11802,2024-09-17,0,Gesamtzufriedenheit,
3578,18575,2025-10-30,9,Installation,Schnell und sauber
3579,9092,2025-07-01,7,Produkt,
3580,3937,2025-11-22,9,App & Digital,Übersichtliches Portal
3581,15156,2025-06-06,7,Produkt,Leistung könnte besser sein
3582,6396,2025-04-13,9,Produkt,
3583,16350,2024-02-05,7,Installation,Hat etwas gedauert
3584,13992,2025-05-16,6,Gesamtzufriedenheit,
3585,943,2024-05-18,10,Produkt,
3586,11829,2024-08-19,5,Gesamtzufriedenheit,
3587,13215,2024-07-07,9,App & Digital,Verbrauch immer im Blick
3588,11751,2024-02-06,9,Produkt,Smart Meter sehr nützlich
3589,19570,2025-05-04,4,Gesamtzufriedenheit,
3590,2243,2024-06-09,5,App & Digital,App nicht nutzbar
3591,13463,2025-08-26,4,Kundenservice,
3592,12323,2025-02-21,9,App & Digital,App funktioniert super
3593,17827,2025-10-28,5,Installation,Termin dreimal verschoben
3594,15981,2025-05-10,3,Gesamtzufriedenheit,
3595,8388,2024-02-06,7,Kundenservice,
3596,15163,2025-04-05,9,Installation,
3597,18211,2025-07-19,6,Gesamtzufriedenheit,Erwartungen nicht erfüllt
3598,19851,2024-11-03,4,Preis-Leistung,Nicht transparent
3599,19623,2025-05-01,5,Gesamtzufriedenheit,
3600,11384,2025-11-22,8,Produkt,
3601,18333,2024-07-31,8,Preis-Leistung,
3602,8300,2024-05-07,9,Preis-Leistung,Preis stimmt
3603,5348,2025-02-23,7,Preis-Leistung,Etwas teuer
3604,18875,2024-09-19,9,Installation,
3605,7287,2025-12-30,3,Kundenservice,Unfreundlich am Telefon
3606,6887,2025-01-06,9,Kundenservice,Schnelle Hilfe erhalten
3607,7972,2024-08-28,8,Preis-Leistung,
3608,16870,2025-03-27,8,Preis-Leistung,Preis ist okay
3609,1803,2024-05-16,9,Installation,Schnell und sauber
3610,5629,2025-07-15,7,App & Digital,
3611,2636,2024-10-14,9,Preis-Leistung,Günstiger als erwartet
3612,3986,2025-09-09,5,Produkt,Qualität mangelhaft
3613,4384,2024-08-29,6,Produkt,Störungen häufig
3614,12317,2025-07-12,9,Preis-Leistung,
3615,567,2025-12-12,10,App & Digital,App funktioniert super
3616,17366,2024-03-17,8,Gesamtzufriedenheit,
3617,17945,2024-01-19,5,Produkt,Nicht wie versprochen
3618,3731,2024-01-26,7,Produkt,
3619,3687,2024-02-09,6,Kundenservice,Niemand erreichbar
3620,290,2024-06-15,9,App & Digital,Einfache Bedienung
3621,19142,2025-05-25,8,Kundenservice,Lange Wartezeit am Telefon
3622,16579,2025-01-27,7,Produkt,
3623,15878,2024-10-24,8,Installation,
3624,2428,2025-04-21,9,Preis-Leistung,
3625,9729,2024-02-08,9,Preis-Leistung,Preis stimmt
3626,17479,2024-10-04,7,App & Digital,Design veraltet
3627,7327,2025-03-26,7,Produkt,Ganz okay
3628,6882,2025-10-27,5,Kundenservice,
3629,5043,2025-07-24,9,App & Digital,Übersichtliches Portal
3630,12471,2025-10-18,6,Installation,Unsaubere Arbeit
3631,15717,2024-02-27,10,Installation,
3632,15997,2025-03-15,4,App & Digital,
3633,3989,2024-12-02,1,Gesamtzufriedenheit,Bin enttäuscht
3634,17421,2025-02-15,8,App & Digital,
3635,13293,2025-12-24,10,Preis-Leistung,Gutes Preis-Leistungs-Verhältnis
3636,201,2025-06-18,3,Installation,Chaos bei der Installation
3637,15164,2024-02-06,3,Kundenservice,
3638,14427,2025-12-31,6,Gesamtzufriedenheit,
3639,12927,2025-01-01,1,Preis-Leistung,
3640,9025,2024-01-13,5,Kundenservice,Niemand erreichbar
3641,8468,2025-07-24,4,Installation,
3642,16657,2025-12-22,1,App & Digital,Keine Echtzeit-Daten
3643,19460,2025-03-13,10,Gesamtzufriedenheit,Alles bestens
3644,2728,2025-01-24,7,Produkt,Funktioniert wie erwartet
3645,4595,2024-06-06,0,App & Digital,Keine Echtzeit-Daten
3646,14799,2025-07-17,6,Installation,Nachbesserung nötig
3647,19278,2025-01-31,0,Kundenservice,Keine Lösung erhalten
3648,19837,2024-02-29,8,Kundenservice,
3649,8759,2025-04-08,1,Installation,
3650,1949,2024-06-13,7,Produkt,
3651,7903,2024-11-11,8,Produkt,
3652,4627,2025-06-02,5,Gesamtzufriedenheit,Bin enttäuscht
3653,15355,2024-04-16,3,Installation,Unsaubere Arbeit
3654,17401,2025-11-15,10,Gesamtzufriedenheit,
3655,170,2025-03-21,9,Produkt,Wallbox perfekt installiert
3656,15900,2025-09-24,9,Installation,Handwerker sehr professionell
3657,16918,2024-09-15,8,Installation,
3658,16478,2025-12-22,9,Installation,Termingerecht fertig
3659,6295,2025-04-13,9,Gesamtzufriedenheit,
3660,11101,2025-05-24,7,Installation,
3661,15049,2025-01-23,3,App & Digital,Keine Echtzeit-Daten
3662,5974,2024-06-11,4,Gesamtzufriedenheit,
3663,16333,2025-11-12,9,Produkt,Wallbox perfekt installiert
3664,1469,2024-07-26,10,Gesamtzufriedenheit,Rundum zufrieden
3665,8468,2025-11-22,9,Installation,Termingerecht fertig
3666,1922,2024-08-11,3,Gesamtzufriedenheit,Würde nicht erneut wählen
3667,5471,2024-05-18,9,Installation,Schnell und sauber
3668,5236,2025-07-07,6,Gesamtzufriedenheit,Schlechte Erfahrung
3669,3292,2025-11-29,7,App & Digital,
3670,4695,2024-03-04,9,Gesamtzufriedenheit,Rundum zufrieden
3671,15304,2024-12-16,4,Preis-Leistung,
3672,12589,2024-11-18,3,Produkt,
3673,15151,2024-07-20,9,Preis-Leistung,
3674,5445,2025-05-22,5,Gesamtzufriedenheit,Würde nicht erneut wählen
3675,1547,2025-08-26,8,App & Digital,
3676,19230,2024-09-13,6,Installation,Unsaubere Arbeit
3677,18704,2024-09-26,7,Installation,
3678,14849,2024-07-12,8,App & Digital,App stürzt manchmal ab
3679,3601,2024-08-19,7,Preis-Leistung,Vergleichbar mit anderen
3680,507,2024-05-21,8,Kundenservice,Service war in Ordnung
3681,2681,2025-07-05,9,Preis-Leistung,
3682,10588,2024-09-10,7,Preis-Leistung,Vergleichbar mit anderen
3683,19360,2025-12-27,0,Preis-Leistung,Zu teuer
3684,4112,2025-01-17,8,Produkt,
3685,8370,2024-01-04,8,App & Digital,
3686,2586,2024-06-26,9,App & Digital,Verbrauch immer im Blick
3687,804,2025-02-16,0,Preis-Leistung,Nicht transparent
3688,6003,2024-03-30,9,Installation,
3689,10905,2024-08-18,5,Gesamtzufriedenheit,
3690,10170,2024-12-04,10,Preis-Leistung,
3691,7639,2025-01-05,8,Produkt,
3692,10903,2025-10-19,4,Installation,Chaos bei der Installation
3693,9085,2024-07-24,5,Installation,
3694,16808,2024-05-02,4,Produkt,Störungen häufig
3695,5746,2024-12-29,5,Produkt,Defekt nach kurzer Zeit
3696,13448,2025-10-14,9,Gesamtzufriedenheit,Sehr zufrieden mit EPOWER
3697,6566,2025-05-18,9,Preis-Leistung,Günstiger als erwartet
3698,16771,2025-07-23,9,Gesamtzufriedenheit,
3699,11838,2024-09-23,9,App & Digital,App funktioniert super
3700,1865,2024-03-19,7,App & Digital,Design veraltet
3701,10926,2025-02-22,8,Kundenservice,Service war in Ordnung
3702,5160,2024-07-13,9,Installation,Installation top organisiert
3703,19858,2024-10-20,8,Produkt,
3704,8826,2024-10-10,8,Installation,Hat etwas gedauert
3705,4482,2025-01-13,6,Produkt,
3706,1191,2025-02-20,7,Installation,
3707,18110,2024-10-23,9,App & Digital,Übersichtliches Portal
3708,814,2025-10-08,7,Preis-Leistung,Vergleichbar mit anderen
3709,8474,2024-08-26,9,Produkt,Wärmepumpe spart enorm
3710,2869,2024-08-22,7,App & Digital,
3711,469,2025-09-15,6,Gesamtzufriedenheit,
3712,16829,2024-05-14,9,App & Digital,Übersichtliches Portal
3713,12901,2024-09-24,1,App & Digital,Login funktioniert nicht
3714,18929,2025-04-19,9,Gesamtzufriedenheit,Rundum zufrieden
3715,14008,2024-09-17,9,Kundenservice,Kompetente Beratung
3716,2704,2025-04-10,6,Gesamtzufriedenheit,Bin enttäuscht
3717,12502,2024-03-01,4,App & Digital,Sehr langsam
3718,9395,2024-03-13,7,App & Digital,
3719,16983,2024-02-29,7,Installation,
3720,2674,2025-01-30,6,Installation,Nachbesserung nötig
3721,6769,2025-05-07,10,Installation,
3722,19891,2024-06-12,9,Gesamtzufriedenheit,Rundum zufrieden
3723,3623,2025-01-14,7,Produkt,Ganz okay
3724,4117,2024-05-24,7,App & Digital,Funktioniert meistens
3725,10945,2024-02-05,9,App & Digital,
3726,4116,2025-03-06,9,Preis-Leistung,Fairer Preis
3727,4923,2024-08-22,9,Preis-Leistung,
3728,3640,2024-09-26,5,Gesamtzufriedenheit,Erwartungen nicht erfüllt
3729,2780,2024-03-09,9,Installation,
3730,7405,2025-02-07,10,Gesamtzufriedenheit,
3731,15864,2025-06-26,10,App & Digital,Einfache Bedienung
3732,8100,2024-03-25,6,Preis-Leistung,Zu teuer
3733,14705,2024-11-17,10,Installation,
3734,13027,2025-10-24,10,Preis-Leistung,Preis stimmt
3735,15248,2025-01-12,8,Preis-Leistung,
3736,1265,2024-07-22,8,Preis-Leistung,
3737,16988,2024-02-04,8,Kundenservice,
3738,13485,2024-12-25,7,Preis-Leistung,
3739,2137,2024-10-23,3,Produkt,
3740,6049,2025-11-29,8,Gesamtzufriedenheit,
3741,17718,2024-11-25,1,Kundenservice,Unfreundlich am Telefon
3742,13185,2024-04-27,8,Preis-Leistung,Vergleichbar mit anderen
3743,1177,2025-09-05,8,Gesamtzufriedenheit,Nichts Besonderes
3744,18863,2025-05-10,5,Produkt,
3745,1797,2025-08-04,10,Preis-Leistung,
3746,5149,2025-08-31,10,App & Digital,
3747,13091,2024-10-16,9,App & Digital,Übersichtliches Portal
3748,14175,2024-11-16,7,App & Digital,
3749,9239,2025-04-12,0,App & Digital,App nicht nutzbar
3750,7305,2025-05-04,9,Kundenservice,
3751,11973,2024-05-26,0,Kundenservice,Unfreundlich am Telefon
3752,14056,2024-09-19,6,App & Digital,Sehr langsam
3753,3122,2025-03-29,2,Produkt,
3754,12165,2024-02-22,9,App & Digital,
3755,1366,2024-10-18,3,Kundenservice,
3756,18964,2025-03-31,7,Preis-Leistung,Etwas teuer
3757,4329,2024-07-19,2,Gesamtzufriedenheit,
3758,4716,2024-09-29,7,Gesamtzufriedenheit,
3759,12420,2024-09-09,9,Produkt,Smart Meter sehr nützlich
3760,14589,2024-10-05,9,Produkt,
3761,8922,2025-11-04,2,Gesamtzufriedenheit,Würde nicht erneut wählen
3762,13377,2025-01-29,9,Installation,Installation top organisiert
3763,14595,2024-02-08,5,Installation,
3764,17684,2025-01-08,2,Gesamtzufriedenheit,Erwartungen nicht erfüllt
3765,14614,2024-11-20,5,Gesamtzufriedenheit,Bin enttäuscht
3766,12755,2025-03-19,6,Installation,
3767,9639,2025-06-22,6,Produkt,Störungen häufig
3768,13534,2024-02-13,2,App & Digital,
3769,11300,2025-07-13,7,App & Digital,
3770,15869,2024-11-19,5,Produkt,Qualität mangelhaft
3771,18569,2024-07-27,9,Gesamtzufriedenheit,Rundum zufrieden
3772,222,2025-03-16,7,Produkt,
3773,17753,2025-07-26,9,Gesamtzufriedenheit,Rundum zufrieden
3774,8316,2025-01-28,6,Preis-Leistung,
3775,2067,2025-03-26,10,Produkt,
3776,2060,2024-06-26,10,Kundenservice,Kompetente Beratung
3777,3290,2024-05-12,6,Gesamtzufriedenheit,Erwartungen nicht erfüllt
3778,10588,2024-01-01,8,App & Digital,Design veraltet
3779,374,2024-09-08,7,App & Digital,
3780,18438,2025-08-04,10,Installation,
3781,19864,2025-08-30,7,Produkt,
3782,5766,2024-12-10,7,Gesamtzufriedenheit,Nichts Besonderes
3783,16444,2025-12-18,7,Gesamtzufriedenheit,
3784,5286,2024-05-29,9,Preis-Leistung,
3785,10386,2025-06-23,9,Kundenservice,
3786,2840,2025-11-21,9,Kundenservice,
3787,16915,2024-09-30,9,Produkt,
3788,18114,2024-12-02,9,Installation,Schnell und sauber
3789,1195,2024-03-01,7,Preis-Leistung,
3790,19760,2025-07-15,8,Produkt,Ganz okay
3791,17800,2024-06-20,7,App & Digital,
3792,11982,2025-05-20,8,Produkt,
3793,1964,2025-07-21,0,Produkt,
3794,8457,2024-02-29,5,Kundenservice,
3795,19303,2024-07-06,2,Gesamtzufriedenheit,Schlechte Erfahrung
3796,13298,2025-03-29,10,Gesamtzufriedenheit,
3797,13883,2025-09-26,8,Installation,"War okay, nichts Besonderes"
3798,9288,2024-10-03,10,Produkt,
3799,9490,2024-09-23,9,Installation,
3800,15801,2024-01-02,9,Kundenservice,
3801,3399,2025-04-13,4,Gesamtzufriedenheit,Schlechte Erfahrung
3802,1141,2025-12-08,9,Kundenservice,Kompetente Beratung
3803,10337,2025-09-08,10,Produkt,Smart Meter sehr nützlich
3804,14297,2025-09-27,3,Preis-Leistung,
3805,2772,2025-10-27,9,Kundenservice,Sehr freundliche Mitarbeiter
3806,8767,2024-05-17,7,App & Digital,Funktioniert meistens
3807,3509,2025-03-03,8,Kundenservice,Lange Wartezeit am Telefon
3808,230,2024-05-11,8,Preis-Leistung,Etwas teuer
3809,9200,2024-07-29,8,Kundenservice,
3810,8721,2025-09-27,7,Gesamtzufriedenheit,
3811,19538,2025-08-24,9,Preis-Leistung,
3812,15105,2025-08-09,7,Gesamtzufriedenheit,Im Großen und Ganzen okay
3813,6277,2024-01-23,6,Kundenservice,Keine Lösung erhalten
3814,2370,2024-10-04,8,Gesamtzufriedenheit,
3815,4540,2025-03-11,6,Gesamtzufriedenheit,
3816,11605,2024-05-09,4,Gesamtzufriedenheit,
3817,8122,2024-07-15,9,Installation,
3818,18846,2024-03-08,4,Preis-Leistung,Preiserhöhung nicht akzeptabel
3819,7974,2025-05-03,10,Produkt,
3820,19643,2024-04-18,7,Produkt,Leistung könnte besser sein
3821,18547,2025-12-14,10,Kundenservice,Sehr freundliche Mitarbeiter
3822,14689,2024-01-19,8,Produkt,
3823,19844,2024-08-16,8,Installation,Kleine Verzögerung
3824,7128,2025-07-11,10,Gesamtzufriedenheit,Alles bestens
3825,10194,2024-08-27,2,Preis-Leistung,Preiserhöhung nicht akzeptabel
3826,12210,2025-06-27,4,Preis-Leistung,
3827,15710,2025-02-07,2,Installation,Unsaubere Arbeit
3828,1300,2024-08-10,9,Preis-Leistung,Gutes Preis-Leistungs-Verhältnis
3829,3870,2024-11-24,5,Gesamtzufriedenheit,
3830,3606,2024-04-12,7,Kundenservice,
3831,13970,2024-02-28,7,Produkt,
3832,11459,2025-03-04,5,Produkt,Nicht wie versprochen
3833,12158,2025-11-11,6,Preis-Leistung,
3834,12681,2024-02-21,5,Kundenservice,Niemand erreichbar
3835,13578,2025-10-05,8,Preis-Leistung,Etwas teuer
3836,18936,2024-02-23,10,Gesamtzufriedenheit,Kann ich nur weiterempfehlen
3837,18886,2024-07-21,10,App & Digital,Übersichtliches Portal
3838,7181,2024-05-18,6,Preis-Leistung,
3839,12246,2025-07-12,8,Produkt,Ganz okay
3840,12282,2025-02-25,8,Produkt,Ganz okay
3841,16671,2025-04-18,9,Preis-Leistung,Preis stimmt
3842,3637,2024-12-09,9,Gesamtzufriedenheit,Kann ich nur weiterempfehlen
3843,18165,2024-02-08,8,Kundenservice,Musste mehrfach anrufen
3844,12153,2025-10-20,7,Kundenservice,Lange Wartezeit am Telefon
3845,4189,2025-09-22,5,Gesamtzufriedenheit,Erwartungen nicht erfüllt
3846,14639,2024-06-03,8,Kundenservice,Service war in Ordnung
3847,4396,2025-12-28,0,App & Digital,Sehr langsam
3848,5669,2024-04-26,8,Gesamtzufriedenheit,Durchschnittlich
3849,3756,2024-08-04,9,Kundenservice,Sehr freundliche Mitarbeiter
3850,19607,2025-05-12,9,Installation,
3851,4981,2024-01-14,5,Produkt,Qualität mangelhaft
3852,16007,2024-01-25,9,Preis-Leistung,
3853,14146,2025-06-13,8,Gesamtzufriedenheit,Durchschnittlich
3854,3628,2024-06-13,4,Kundenservice,
3855,16894,2024-08-29,10,Installation,Termingerecht fertig
3856,1291,2024-07-17,8,Kundenservice,Lange Wartezeit am Telefon
3857,11982,2024-11-15,1,Kundenservice,Beschwerde ignoriert
3858,1294,2025-01-04,10,App & Digital,
3859,1748,2025-02-24,3,Kundenservice,
3860,2987,2025-09-24,7,Gesamtzufriedenheit,
3861,2752,2025-10-03,9,Preis-Leistung,Gutes Preis-Leistungs-Verhältnis
3862,11162,2024-09-07,2,Gesamtzufriedenheit,
3863,16342,2024-05-31,4,Produkt,
3864,15953,2024-12-25,10,Installation,Termingerecht fertig
3865,10614,2025-01-15,9,Produkt,Wallbox perfekt installiert
3866,18117,2024-09-24,10,Kundenservice,Problemlos gelöst
3867,14239,2024-06-16,10,Preis-Leistung,
3868,411,2024-06-14,10,Kundenservice,Kompetente Beratung
3869,4945,2024-04-20,9,Installation,Installation top organisiert
3870,11378,2024-04-08,8,Produkt,Leistung könnte besser sein
3871,19171,2024-03-13,8,Installation,"War okay, nichts Besonderes"
3872,4665,2024-09-23,7,App & Digital,App stürzt manchmal ab
3873,16721,2025-09-10,9,Gesamtzufriedenheit,Top Anbieter
3874,14536,2025-11-04,10,Produkt,Wallbox perfekt installiert
3875,12155,2025-10-10,7,Installation,"War okay, nichts Besonderes"
3876,6902,2024-09-19,8,App & Digital,Funktioniert meistens
3877,4221,2024-01-29,10,App & Digital,App funktioniert super
3878,16905,2024-04-13,10,Gesamtzufriedenheit,
3879,17028,2024-11-16,10,Gesamtzufriedenheit,Sehr zufrieden mit EPOWER
3880,9826,2025-10-04,6,Preis-Leistung,Preiserhöhung nicht akzeptabel
3881,16844,2025-02-25,5,App & Digital,
3882,328,2025-08-25,3,Preis-Leistung,Versteckte Kosten
3883,10920,2024-12-29,9,Preis-Leistung,Preis stimmt
3884,12730,2025-12-24,8,Produkt,
3885,12172,2025-11-17,8,Kundenservice,Lange Wartezeit am Telefon
3886,14687,2025-02-28,5,Kundenservice,
3887,7255,2024-05-18,8,Kundenservice,Lange Wartezeit am Telefon
3888,4911,2025-09-27,0,Installation,Termin dreimal verschoben
3889,19012,2025-04-16,9,Kundenservice,
3890,5021,2025-09-07,1,Gesamtzufriedenheit,Erwartungen nicht erfüllt
3891,8172,2024-04-27,7,App & Digital,
3892,2222,2025-05-26,10,App & Digital,Einfache Bedienung
3893,7258,2024-07-11,5,Gesamtzufriedenheit,
3894,13107,2025-12-13,7,Gesamtzufriedenheit,
3895,6786,2025-06-24,9,App & Digital,
3896,2591,2025-06-22,8,Preis-Leistung,Preis ist okay
3897,13239,2024-01-21,9,Kundenservice,Schnelle Hilfe erhalten
3898,13192,2025-02-24,9,Installation,Handwerker sehr professionell
3899,10477,2025-08-04,8,Produkt,Leistung könnte besser sein
3900,4783,2024-08-27,1,Installation,Chaos bei der Installation
3901,17462,2024-08-13,8,Produkt,Ganz okay
3902,5354,2025-12-26,9,Produkt,Smart Meter sehr nützlich
3903,13017,2024-03-14,9,Produkt,
3904,152,2024-06-19,8,Preis-Leistung,
3905,7443,2025-09-26,9,Preis-Leistung,Fairer Preis
3906,13036,2024-03-30,8,Kundenservice,Lange Wartezeit am Telefon
3907,17489,2025-07-26,0,App & Digital,
3908,4942,2024-08-22,7,Produkt,Leistung könnte besser sein
3909,6295,2025-08-22,9,Produkt,
3910,3450,2024-05-07,7,Produkt,Leistung könnte besser sein
3911,613,2024-08-24,0,Produkt,Störungen häufig
3912,5493,2025-06-08,9,Produkt,Wallbox perfekt installiert
3913,11542,2025-02-17,6,Installation,
3914,12860,2025-02-01,1,Kundenservice,Beschwerde ignoriert
3915,18339,2024-02-23,8,App & Digital,Funktioniert meistens
3916,16036,2025-07-06,10,App & Digital,
3917,9815,2025-12-05,8,Preis-Leistung,
3918,15914,2025-06-29,8,Installation,
3919,16761,2024-04-19,8,Preis-Leistung,
3920,17635,2024-05-02,7,Gesamtzufriedenheit,Durchschnittlich
3921,16798,2025-02-24,7,App & Digital,
3922,10455,2025-04-23,9,Installation,
3923,12242,2024-09-19,8,Gesamtzufriedenheit,
3924,19784,2025-09-21,9,App & Digital,
3925,3295,2025-03-30,10,App & Digital,Verbrauch immer im Blick
3926,1251,2024-12-24,5,Installation,
3927,7321,2025-10-22,8,Preis-Leistung,Vergleichbar mit anderen
3928,13159,2025-01-02,10,Kundenservice,Schnelle Hilfe erhalten
3929,4637,2024-12-21,3,Preis-Leistung,Preiserhöhung nicht akzeptabel
3930,18657,2025-06-30,0,Produkt,Defekt nach kurzer Zeit
3931,17353,2024-10-03,8,Preis-Leistung,Vergleichbar mit anderen
3932,9793,2025-04-11,9,Kundenservice,Schnelle Hilfe erhalten
3933,574,2025-12-20,2,App & Digital,Login funktioniert nicht
3934,1351,2024-08-13,0,Installation,Chaos bei der Installation
3935,16040,2025-06-19,9,Gesamtzufriedenheit,
3936,16430,2025-10-29,8,Kundenservice,Lange Wartezeit am Telefon
3937,17366,2025-08-03,1,Preis-Leistung,
3938,6245,2025-07-29,4,Gesamtzufriedenheit,
3939,7403,2024-02-08,9,Produkt,Smart Meter sehr nützlich
3940,13550,2024-01-16,9,Installation,Termingerecht fertig
3941,2860,2025-01-19,10,Installation,
3942,10185,2024-07-01,8,Kundenservice,
3943,7087,2025-02-11,5,Gesamtzufriedenheit,
3944,4738,2024-09-27,10,Installation,Schnell und sauber
3945,19446,2025-07-24,0,Gesamtzufriedenheit,Bin enttäuscht
3946,14889,2025-02-27,3,Produkt,Defekt nach kurzer Zeit
3947,15702,2024-09-20,8,Produkt,Funktioniert wie erwartet
3948,2070,2024-02-11,9,Produkt,Wärmepumpe spart enorm
3949,7450,2025-09-11,6,Gesamtzufriedenheit,
3950,3578,2025-04-15,9,Installation,Installation top organisiert
3951,7085,2024-05-25,8,Kundenservice,Musste mehrfach anrufen
3952,12825,2024-11-29,9,Installation,Installation top organisiert
3953,247,2025-09-25,8,Kundenservice,
3954,10505,2025-04-23,10,Gesamtzufriedenheit,
3955,8408,2024-05-05,10,App & Digital,Einfache Bedienung
3956,11993,2025-10-23,8,App & Digital,
3957,8727,2024-08-29,7,Kundenservice,
3958,116,2025-07-10,7,App & Digital,Design veraltet
3959,19139,2025-09-30,6,Kundenservice,Keine Lösung erhalten
3960,19382,2024-02-06,8,App & Digital,
3961,8074,2024-03-21,9,App & Digital,Verbrauch immer im Blick
3962,1840,2024-06-26,10,Gesamtzufriedenheit,Rundum zufrieden
3963,4922,2025-06-14,9,Preis-Leistung,
3964,7765,2025-11-14,8,Kundenservice,Lange Wartezeit am Telefon
3965,7134,2025-11-05,5,Gesamtzufriedenheit,Schlechte Erfahrung
3966,14349,2024-07-18,5,Kundenservice,Unfreundlich am Telefon
3967,4022,2025-01-31,8,Gesamtzufriedenheit,Nichts Besonderes
3968,17313,2024-10-23,5,Produkt,Störungen häufig
3969,19376,2025-06-06,9,Produkt,
3970,14007,2025-02-26,5,Produkt,
3971,17931,2024-12-20,8,Produkt,Leistung könnte besser sein
3972,17536,2025-10-13,10,Installation,Installation top organisiert
3973,11987,2024-05-28,8,Kundenservice,Lange Wartezeit am Telefon
3974,16248,2025-03-11,8,App & Digital,
3975,15243,2025-05-12,6,Kundenservice,Keine Lösung erhalten
3976,528,2025-05-05,10,Installation,Handwerker sehr professionell
3977,17830,2024-05-04,7,Produkt,Ganz okay
3978,12629,2025-02-01,4,App & Digital,App nicht nutzbar
3979,9738,2025-11-23,10,Preis-Leistung,Gutes Preis-Leistungs-Verhältnis
3980,379,2024-11-26,10,Installation,Schnell und sauber
3981,17276,2025-02-08,8,Gesamtzufriedenheit,Im Großen und Ganzen okay
3982,18852,2024-02-11,10,Produkt,Wallbox perfekt installiert
3983,6069,2024-07-12,8,Preis-Leistung,Preis ist okay
3984,7994,2025-08-25,9,Produkt,Solaranlage läuft einwandfrei
3985,2099,2025-03-15,4,Installation,
3986,19102,2025-03-21,9,Kundenservice,
3987,17587,2025-11-19,3,Preis-Leistung,Preiserhöhung nicht akzeptabel
3988,7713,2025-08-01,9,Kundenservice,Sehr freundliche Mitarbeiter
3989,19356,2024-12-17,8,Kundenservice,Musste mehrfach anrufen
3990,11376,2025-07-03,10,App & Digital,App funktioniert super
3991,1316,2025-03-01,10,Gesamtzufriedenheit,Rundum zufrieden
3992,11952,2025-08-23,5,Installation,
3993,9322,2025-06-09,3,Installation,
3994,13279,2024-09-29,3,Gesamtzufriedenheit,
3995,3527,2024-11-14,7,App & Digital,App stürzt manchmal ab
3996,4872,2024-07-27,10,Installation,Schnell und sauber
3997,492,2025-10-22,9,Preis-Leistung,
3998,5271,2025-01-23,10,Preis-Leistung,
3999,19403,2024-07-22,4,Gesamtzufriedenheit,Erwartungen nicht erfüllt
4000,5184,2024-12-04,5,Preis-Leistung,Versteckte Kosten
4001,4504,2025-11-04,9,Installation,Schnell und sauber
4002,1669,2025-08-15,9,Produkt,Wallbox perfekt installiert
4003,18683,2025-08-26,8,App & Digital,Funktioniert meistens
4004,9790,2025-01-05,7,Installation,
4005,2637,2024-08-22,9,Kundenservice,Kompetente Beratung
4006,14718,2024-05-05,1,Installation,
4007,9822,2025-10-20,8,Installation,Hat etwas gedauert
4008,413,2024-03-17,8,Preis-Leistung,Preis ist okay
4009,1652,2024-11-19,7,Kundenservice,
4010,5116,2024-10-25,8,Kundenservice,Musste mehrfach anrufen
4011,13315,2024-12-18,9,Produkt,Smart Meter sehr nützlich
4012,6989,2024-12-23,9,Installation,
4013,7810,2024-06-21,8,Preis-Leistung,Etwas teuer
4014,14609,2024-05-07,8,Gesamtzufriedenheit,
4015,8859,2025-04-16,10,Kundenservice,Sehr freundliche Mitarbeiter
4016,380,2025-05-30,8,Preis-Leistung,
4017,15057,2024-11-08,9,Gesamtzufriedenheit,Kann ich nur weiterempfehlen
4018,16817,2025-10-17,7,Kundenservice,
4019,19745,2025-01-27,8,Gesamtzufriedenheit,Könnte besser sein
4020,14024,2024-06-10,6,Installation,Nachbesserung nötig
4021,3631,2024-05-19,8,Preis-Leistung,
4022,10436,2024-07-11,10,Kundenservice,Sehr freundliche Mitarbeiter
4023,7874,2025-10-29,4,Produkt,Qualität mangelhaft
4024,5935,2025-04-08,0,Kundenservice,Unfreundlich am Telefon
4025,11796,2024-10-25,7,App & Digital,App stürzt manchmal ab
4026,15170,2024-03-10,8,Installation,"War okay, nichts Besonderes"
4027,10953,2024-08-16,10,Produkt,
4028,19463,2024-02-17,8,Installation,"War okay, nichts Besonderes"
4029,18991,2025-03-12,4,Gesamtzufriedenheit,
4030,5796,2024-05-30,1,Preis-Leistung,Nicht transparent
4031,654,2025-01-19,5,App & Digital,App nicht nutzbar
4032,19828,2024-02-19,10,Installation,Termingerecht fertig
4033,8888,2024-11-10,1,Gesamtzufriedenheit,
4034,1515,2025-01-13,6,App & Digital,
4035,14136,2024-01-04,8,Installation,Hat etwas gedauert
4036,6176,2024-03-31,5,Gesamtzufriedenheit,
4037,12399,2024-12-05,6,Kundenservice,Unfreundlich am Telefon
4038,1562,2024-05-29,0,App & Digital,Sehr langsam
4039,5602,2024-11-07,8,Preis-Leistung,
4040,11494,2024-10-31,8,Produkt,
4041,10524,2024-11-02,5,Kundenservice,Beschwerde ignoriert
4042,11413,2024-09-30,9,Installation,Installation top organisiert
4043,7077,2025-03-13,5,Gesamtzufriedenheit,
4044,866,2025-07-24,7,App & Digital,
4045,4729,2024-05-01,9,Produkt,
4046,18606,2024-09-20,2,App & Digital,
4047,18788,2024-04-03,0,Gesamtzufriedenheit,Schlechte Erfahrung
4048,19762,2025-12-16,9,App & Digital,
4049,18245,2025-10-31,8,Produkt,Ganz okay
4050,3624,2024-06-11,2,Preis-Leistung,
4051,284,2025-01-07,9,Produkt,Smart Meter sehr nützlich
4052,6237,2024-11-05,8,Kundenservice,Service war in Ordnung
4053,19471,2025-09-01,8,Kundenservice,Service war in Ordnung
4054,19341,2024-04-12,10,App & Digital,
4055,2249,2024-07-28,9,Gesamtzufriedenheit,Alles bestens
4056,8513,2025-10-18,5,Installation,
4057,12019,2024-08-12,8,App & Digital,
4058,2769,2024-11-23,6,Kundenservice,Niemand erreichbar
4059,17324,2025-08-02,5,Produkt,
4060,7765,2025-01-10,4,Preis-Leistung,Versteckte Kosten
4061,8321,2025-07-11,9,Produkt,
4062,9981,2024-05-29,1,Preis-Leistung,
4063,13966,2024-01-17,1,App & Digital,
4064,5941,2024-07-18,7,Preis-Leistung,
4065,8007,2024-09-18,5,App & Digital,App nicht nutzbar
4066,3742,2024-05-17,8,Installation,Kleine Verzögerung
4067,12830,2024-10-25,4,Preis-Leistung,Preiserhöhung nicht akzeptabel
4068,14675,2024-09-20,5,Kundenservice,Keine Lösung erhalten
4069,7488,2025-03-01,8,Kundenservice,Musste mehrfach anrufen
4070,17267,2024-11-23,8,Gesamtzufriedenheit,
4071,10589,2025-03-25,1,Preis-Leistung,
4072,6065,2025-10-26,9,Gesamtzufriedenheit,Alles bestens
4073,17903,2024-07-24,6,Produkt,
4074,5884,2024-12-17,9,Gesamtzufriedenheit,Kann ich nur weiterempfehlen
4075,15703,2025-06-05,0,Kundenservice,
4076,4057,2025-03-16,8,Installation,
4077,11720,2024-10-27,9,Preis-Leistung,Fairer Preis
4078,1663,2025-09-28,8,Installation,"War okay, nichts Besonderes"
4079,8616,2024-08-07,9,Produkt,
4080,10080,2025-12-14,7,Produkt,Funktioniert wie erwartet
4081,19009,2024-01-08,5,Preis-Leistung,
4082,2943,2024-04-14,8,Installation,
4083,8020,2024-08-03,8,Gesamtzufriedenheit,Könnte besser sein
4084,15808,2024-06-18,7,Gesamtzufriedenheit,
4085,13487,2025-04-17,8,App & Digital,
4086,3020,2024-07-24,5,Produkt,Störungen häufig
4087,8141,2024-05-21,10,Preis-Leistung,Preis stimmt
4088,6447,2025-02-13,6,Installation,Chaos bei der Installation
4089,15227,2024-01-27,6,Preis-Leistung,Preiserhöhung nicht akzeptabel
4090,13590,2024-10-03,9,Preis-Leistung,Fairer Preis
4091,16090,2024-09-13,3,Gesamtzufriedenheit,Schlechte Erfahrung
4092,14069,2024-11-21,3,Kundenservice,Beschwerde ignoriert
4093,3603,2025-06-06,10,Preis-Leistung,Fairer Preis
4094,5866,2025-01-09,9,Produkt,
4095,5917,2025-05-16,8,Preis-Leistung,Vergleichbar mit anderen
4096,12100,2025-08-03,8,Produkt,
4097,2825,2024-06-27,10,Gesamtzufriedenheit,
4098,757,2024-10-28,9,Kundenservice,
4099,2101,2024-04-04,9,Installation,Handwerker sehr professionell
4100,18327,2025-08-12,2,Installation,Termin dreimal verschoben
4101,2676,2024-08-29,7,Produkt,
4102,12191,2024-01-17,7,App & Digital,Design veraltet
4103,11483,2025-07-10,9,App & Digital,Verbrauch immer im Blick
4104,7781,2024-05-15,10,Installation,
4105,13271,2025-09-22,4,Kundenservice,
4106,16454,2025-09-24,7,Installation,"War okay, nichts Besonderes"
4107,13855,2025-10-12,7,App & Digital,App stürzt manchmal ab
4108,9785,2024-05-30,9,Kundenservice,Sehr freundliche Mitarbeiter
4109,15937,2024-10-14,6,Preis-Leistung,Zu teuer
4110,17132,2025-08-12,10,App & Digital,Übersichtliches Portal
4111,9475,2025-05-19,8,Produkt,Leistung könnte besser sein
4112,12922,2025-09-19,5,Installation,Unsaubere Arbeit
4113,2147,2025-10-27,8,Preis-Leistung,Etwas teuer
4114,3194,2025-10-11,10,Produkt,
4115,2912,2025-05-20,7,Produkt,Funktioniert wie erwartet
4116,2011,2024-06-21,8,Produkt,
4117,11286,2025-10-24,9,Preis-Leistung,Günstiger als erwartet
4118,6658,2025-12-11,5,Gesamtzufriedenheit,
4119,19315,2024-12-01,7,Gesamtzufriedenheit,
4120,10994,2024-06-29,7,Produkt,Funktioniert wie erwartet
4121,11440,2024-04-23,3,Kundenservice,Keine Lösung erhalten
4122,11841,2025-07-23,5,Gesamtzufriedenheit,Bin enttäuscht
4123,4019,2024-08-24,9,Installation,Termingerecht fertig
4124,6517,2024-03-18,7,Produkt,Leistung könnte besser sein
4125,16226,2024-10-23,9,Produkt,Smart Meter sehr nützlich
4126,11120,2025-07-07,7,Preis-Leistung,Vergleichbar mit anderen
4127,16197,2024-10-31,9,Kundenservice,Problemlos gelöst
4128,19693,2025-12-01,5,Gesamtzufriedenheit,
4129,19506,2024-07-10,5,Gesamtzufriedenheit,Schlechte Erfahrung
4130,15267,2024-09-28,10,Gesamtzufriedenheit,Kann ich nur weiterempfehlen
4131,15393,2025-02-02,10,App & Digital,Verbrauch immer im Blick
4132,15248,2024-10-14,8,App & Digital,
4133,3755,2024-02-05,8,Kundenservice,
4134,16703,2025-12-02,8,Preis-Leistung,
4135,16180,2024-10-15,9,App & Digital,Übersichtliches Portal
4136,12510,2025-11-09,7,Preis-Leistung,
4137,6121,2025-06-24,10,App & Digital,
4138,834,2025-10-27,7,Produkt,Ganz okay
4139,4626,2024-03-13,9,Kundenservice,
4140,3982,2025-01-26,10,Preis-Leistung,
4141,11180,2024-05-17,9,Installation,
4142,10494,2025-03-11,5,Kundenservice,Keine Lösung erhalten
4143,9267,2024-12-07,4,App & Digital,Sehr langsam
4144,9966,2024-11-04,9,App & Digital,
4145,9964,2025-08-06,8,App & Digital,App stürzt manchmal ab
4146,15703,2025-07-25,4,Gesamtzufriedenheit,
4147,17235,2025-07-28,6,Kundenservice,Beschwerde ignoriert
4148,14333,2024-11-23,5,Preis-Leistung,Nicht transparent
4149,993,2025-08-11,9,Installation,
4150,13436,2024-10-27,8,App & Digital,Design veraltet
4151,15737,2025-01-30,7,Preis-Leistung,
4152,2098,2025-07-31,10,Preis-Leistung,Fairer Preis
4153,9778,2024-07-05,10,Kundenservice,
4154,14760,2024-01-18,1,Preis-Leistung,Preiserhöhung nicht akzeptabel
4155,6696,2025-05-16,5,Produkt,Störungen häufig
4156,17939,2024-11-07,8,Preis-Leistung,Vergleichbar mit anderen
4157,19737,2025-05-31,7,App & Digital,App stürzt manchmal ab
4158,9009,2025-01-31,9,Preis-Leistung,Gutes Preis-Leistungs-Verhältnis
4159,3957,2025-06-20,9,Installation,Schnell und sauber
4160,13098,2025-08-15,1,Produkt,
4161,2208,2024-02-01,9,Kundenservice,Schnelle Hilfe erhalten
4162,5972,2024-01-16,10,Produkt,Solaranlage läuft einwandfrei
4163,4137,2025-07-15,7,Gesamtzufriedenheit,Durchschnittlich
4164,15030,2025-11-22,8,Kundenservice,Musste mehrfach anrufen
4165,9534,2024-12-16,8,Installation,"War okay, nichts Besonderes"
4166,4022,2024-12-21,0,Installation,
4167,17375,2024-09-03,9,Kundenservice,Kompetente Beratung
4168,12362,2025-05-02,10,Gesamtzufriedenheit,Rundum zufrieden
4169,14506,2025-10-14,9,App & Digital,Übersichtliches Portal
4170,16967,2024-06-03,6,Kundenservice,
4171,4537,2024-06-19,9,Preis-Leistung,Preis stimmt
4172,16305,2025-04-25,10,Produkt,
4173,8670,2025-02-24,5,Installation,Unsaubere Arbeit
4174,16792,2025-01-29,0,Kundenservice,
4175,5603,2025-07-28,5,Installation,
4176,6158,2024-12-29,8,Gesamtzufriedenheit,Nichts Besonderes
4177,11381,2024-02-05,0,Produkt,Störungen häufig
4178,7219,2024-01-16,9,Preis-Leistung,
4179,3619,2025-01-15,8,Kundenservice,
4180,11866,2024-03-24,10,Kundenservice,
4181,13138,2025-06-19,9,App & Digital,
4182,10869,2024-03-17,9,Installation,Termingerecht fertig
4183,15131,2024-10-17,2,Installation,Nachbesserung nötig
4184,1311,2025-11-24,1,Preis-Leistung,Versteckte Kosten
4185,14782,2025-03-03,0,Installation,
4186,14305,2025-10-06,4,Produkt,
4187,4236,2024-09-09,10,Installation,Installation top organisiert
4188,7042,2024-08-02,9,Preis-Leistung,Gutes Preis-Leistungs-Verhältnis
4189,15128,2024-12-04,5,Installation,
4190,14271,2025-02-05,8,Kundenservice,
4191,5748,2024-09-20,5,App & Digital,Keine Echtzeit-Daten
4192,7730,2024-06-04,10,Kundenservice,Problemlos gelöst
4193,6432,2025-12-12,9,Preis-Leistung,
4194,17416,2025-12-14,4,Produkt,
4195,17921,2025-11-18,7,Produkt,Funktioniert wie erwartet
4196,4993,2024-01-07,9,Preis-Leistung,
4197,9829,2024-03-17,10,Preis-Leistung,
4198,7755,2025-03-09,5,App & Digital,
4199,6854,2025-11-19,10,Kundenservice,Sehr freundliche Mitarbeiter
4200,6529,2024-09-26,6,Preis-Leistung,
4201,2126,2024-05-14,5,Gesamtzufriedenheit,Bin enttäuscht
4202,8319,2024-12-28,5,Kundenservice,Unfreundlich am Telefon
4203,3512,2025-02-14,7,Produkt,Ganz okay
4204,3616,2025-08-03,5,Gesamtzufriedenheit,Bin enttäuscht
4205,4669,2024-10-21,6,Kundenservice,
4206,14480,2024-07-07,9,Preis-Leistung,Günstiger als erwartet
4207,5070,2024-05-18,9,App & Digital,App funktioniert super
4208,15319,2025-08-21,9,Gesamtzufriedenheit,
4209,18093,2024-01-28,7,App & Digital,Design veraltet
4210,9386,2024-05-17,10,App & Digital,
4211,3044,2024-09-14,10,App & Digital,
4212,7960,2024-09-06,5,Preis-Leistung,Versteckte Kosten
4213,8801,2024-02-18,8,Gesamtzufriedenheit,Könnte besser sein
4214,15420,2024-11-01,8,Gesamtzufriedenheit,
4215,16303,2024-12-03,8,Kundenservice,
4216,4430,2025-03-01,4,App & Digital,
4217,13202,2024-02-12,5,Preis-Leistung,Nicht transparent
4218,1942,2024-08-22,8,Kundenservice,Musste mehrfach anrufen
4219,16887,2025-11-25,9,App & Digital,Verbrauch immer im Blick
4220,6479,2024-03-17,8,Kundenservice,
4221,16116,2025-06-28,5,Kundenservice,Keine Lösung erhalten
4222,2091,2024-05-16,9,Kundenservice,Sehr freundliche Mitarbeiter
4223,7726,2025-02-17,0,Installation,
4224,17351,2025-03-28,9,App & Digital,
4225,4531,2024-09-14,5,Preis-Leistung,Zu teuer
4226,18220,2025-04-23,9,Preis-Leistung,
4227,14701,2025-10-08,5,Gesamtzufriedenheit,
4228,16904,2024-03-13,7,App & Digital,Funktioniert meistens
4229,780,2024-07-15,9,App & Digital,Übersichtliches Portal
4230,2707,2024-12-08,1,Kundenservice,Beschwerde ignoriert
4231,11010,2025-11-15,7,Installation,Kleine Verzögerung
4232,13736,2025-12-29,9,Kundenservice,
4233,495,2025-07-16,10,Preis-Leistung,
4234,3975,2024-04-28,4,App & Digital,Keine Echtzeit-Daten
4235,18107,2025-03-05,6,Preis-Leistung,Preiserhöhung nicht akzeptabel
4236,8499,2024-07-06,9,App & Digital,
4237,1859,2025-10-14,8,Preis-Leistung,
4238,5389,2025-01-14,7,Kundenservice,Lange Wartezeit am Telefon
4239,16635,2024-08-09,7,Preis-Leistung,Vergleichbar mit anderen
4240,1631,2024-12-24,7,Gesamtzufriedenheit,
4241,7722,2025-11-07,4,Preis-Leistung,Zu teuer
4242,7793,2025-03-01,5,Gesamtzufriedenheit,Schlechte Erfahrung
4243,9375,2025-10-28,10,Kundenservice,
4244,8328,2024-07-28,10,App & Digital,
4245,9363,2024-10-31,7,Installation,Kleine Verzögerung
4246,16874,2024-01-18,3,Produkt,Störungen häufig
4247,9137,2025-10-05,5,Produkt,Nicht wie versprochen
4248,11571,2025-10-04,6,Gesamtzufriedenheit,Würde nicht erneut wählen
4249,19397,2025-09-14,9,Installation,
4250,7415,2024-09-01,5,Installation,Termin dreimal verschoben
4251,9640,2024-05-14,2,App & Digital,Keine Echtzeit-Daten
4252,2292,2024-07-03,8,Produkt,Ganz okay
4253,2970,2025-08-12,3,Kundenservice,
4254,209,2024-07-22,9,Kundenservice,Schnelle Hilfe erhalten
4255,2938,2024-01-28,7,Produkt,Funktioniert wie erwartet
4256,3095,2025-08-10,8,Kundenservice,
4257,12885,2024-03-14,6,Gesamtzufriedenheit,
4258,8023,2024-02-02,9,Produkt,Wallbox perfekt installiert
4259,1533,2024-05-12,7,Produkt,
4260,7885,2024-10-26,3,Gesamtzufriedenheit,
4261,17922,2024-02-26,9,App & Digital,Verbrauch immer im Blick
4262,10030,2024-03-29,10,Kundenservice,
4263,4183,2024-01-28,3,Preis-Leistung,
4264,13221,2024-07-11,5,Produkt,Defekt nach kurzer Zeit
4265,8861,2024-02-29,6,Kundenservice,Keine Lösung erhalten
4266,18265,2024-01-05,9,App & Digital,App funktioniert super
4267,15118,2025-05-24,7,Kundenservice,Lange Wartezeit am Telefon
4268,14126,2024-08-08,7,Gesamtzufriedenheit,
4269,19769,2025-04-01,5,Installation,Chaos bei der Installation
4270,569,2024-08-27,7,Installation,Kleine Verzögerung
4271,2556,2024-03-30,10,Installation,
4272,11868,2024-05-11,9,Preis-Leistung,Preis stimmt
4273,19602,2025-02-14,5,App & Digital,Sehr langsam
4274,9184,2024-01-23,8,App & Digital,
4275,16182,2024-05-19,9,Produkt,Solaranlage läuft einwandfrei
4276,14115,2025-01-26,9,Kundenservice,Schnelle Hilfe erhalten
4277,5560,2024-05-26,10,Installation,
4278,5461,2024-05-09,10,Kundenservice,
4279,15005,2024-03-07,8,Produkt,Funktioniert wie erwartet
4280,18883,2025-07-17,4,Preis-Leistung,Preiserhöhung nicht akzeptabel
4281,10956,2025-05-31,7,Preis-Leistung,
4282,18288,2025-02-20,8,App & Digital,
4283,19567,2024-11-29,7,Installation,Hat etwas gedauert
4284,11027,2024-10-19,9,Produkt,Wallbox perfekt installiert
4285,19752,2024-09-29,8,Kundenservice,
4286,10172,2025-10-10,8,Produkt,Ganz okay
4287,7858,2025-10-25,8,Gesamtzufriedenheit,
4288,1615,2025-03-31,9,Produkt,Wallbox perfekt installiert
4289,19290,2024-03-23,2,Produkt,
4290,14924,2024-08-06,10,App & Digital,
4291,16953,2025-08-22,10,Kundenservice,
4292,8186,2024-05-30,10,App & Digital,Verbrauch immer im Blick
4293,5398,2025-11-25,10,App & Digital,Verbrauch immer im Blick
4294,17656,2025-12-02,1,Preis-Leistung,Zu teuer
4295,16793,2025-06-28,5,Produkt,Defekt nach kurzer Zeit
4296,9447,2025-05-14,10,Preis-Leistung,
4297,679,2025-03-26,6,Produkt,Nicht wie versprochen
4298,5988,2024-11-08,7,Kundenservice,
4299,15768,2024-08-08,8,App & Digital,Design veraltet
4300,4203,2025-08-01,9,Preis-Leistung,
4301,9205,2024-08-24,9,Preis-Leistung,Fairer Preis
4302,2807,2024-05-21,9,Preis-Leistung,
4303,9743,2024-02-21,2,Preis-Leistung,
4304,8973,2025-08-03,7,Installation,
4305,7970,2024-01-24,10,Preis-Leistung,Günstiger als erwartet
4306,2479,2024-10-23,8,Kundenservice,Musste mehrfach anrufen
4307,3365,2025-07-26,8,Installation,
4308,991,2024-12-27,9,Preis-Leistung,Gutes Preis-Leistungs-Verhältnis
4309,16088,2025-03-18,6,Gesamtzufriedenheit,Würde nicht erneut wählen
4310,12664,2024-11-12,7,App & Digital,
4311,11779,2024-11-27,9,Gesamtzufriedenheit,Top Anbieter
4312,11378,2024-07-28,10,Preis-Leistung,
4313,10743,2024-11-30,7,Installation,Hat etwas gedauert
4314,12599,2024-06-01,9,Preis-Leistung,Günstiger als erwartet
4315,18420,2025-06-20,0,Installation,
4316,489,2024-10-23,7,Produkt,Funktioniert wie erwartet
4317,10460,2025-11-12,8,Kundenservice,
4318,12505,2025-12-29,0,Kundenservice,
4319,2899,2025-04-10,10,Kundenservice,Problemlos gelöst
4320,7253,2025-07-01,0,Preis-Leistung,Versteckte Kosten
4321,12058,2025-01-25,9,Produkt,Wärmepumpe spart enorm
4322,13001,2025-07-02,8,Kundenservice,Lange Wartezeit am Telefon
4323,15765,2024-01-29,9,Kundenservice,Problemlos gelöst
4324,13007,2024-03-25,7,Gesamtzufriedenheit,Durchschnittlich
4325,7853,2025-02-20,8,App & Digital,App stürzt manchmal ab
4326,4011,2024-04-09,3,App & Digital,
4327,16811,2025-12-25,7,Kundenservice,Lange Wartezeit am Telefon
4328,8337,2024-08-16,7,Preis-Leistung,Preis ist okay
4329,2002,2025-07-20,3,App & Digital,
4330,7349,2025-08-09,6,Gesamtzufriedenheit,
4331,1920,2024-07-11,9,Produkt,Wärmepumpe spart enorm
4332,5051,2024-02-11,9,Produkt,Solaranlage läuft einwandfrei
4333,7093,2025-06-29,7,App & Digital,
4334,10914,2024-12-03,9,Gesamtzufriedenheit,Kann ich nur weiterempfehlen
4335,726,2025-11-11,0,App & Digital,
4336,14266,2025-10-15,9,Installation,
4337,16161,2024-11-26,3,App & Digital,Sehr langsam
4338,111,2024-04-30,10,App & Digital,Verbrauch immer im Blick
4339,6206,2024-09-12,10,Installation,Schnell und sauber
4340,18471,2024-04-26,8,Produkt,
4341,10611,2024-09-23,10,App & Digital,App funktioniert super
4342,10014,2024-01-26,10,Gesamtzufriedenheit,
4343,16678,2024-06-25,6,Produkt,Störungen häufig
4344,2114,2024-12-15,4,Kundenservice,
4345,7488,2025-06-08,10,Gesamtzufriedenheit,Sehr zufrieden mit EPOWER
4346,17409,2025-08-02,4,App & Digital,Keine Echtzeit-Daten
4347,6789,2024-10-13,5,Produkt,
4348,2495,2025-06-24,3,Produkt,Defekt nach kurzer Zeit
4349,10156,2025-01-23,10,Installation,Installation top organisiert
4350,6121,2024-04-06,10,Installation,
4351,13190,2024-12-22,3,Kundenservice,Beschwerde ignoriert
4352,19879,2025-02-15,8,App & Digital,Design veraltet
4353,5407,2025-11-26,10,Preis-Leistung,
4354,14047,2024-04-16,7,Gesamtzufriedenheit,Durchschnittlich
4355,705,2024-06-04,8,Installation,Hat etwas gedauert
4356,5618,2025-04-13,6,App & Digital,Sehr langsam
4357,16914,2025-12-05,8,Gesamtzufriedenheit,Nichts Besonderes
4358,15467,2024-04-27,8,Gesamtzufriedenheit,Könnte besser sein
4359,4664,2024-04-13,4,App & Digital,Login funktioniert nicht
4360,16597,2025-10-01,9,Kundenservice,
4361,6684,2025-07-20,3,Installation,
4362,12204,2025-11-16,5,Installation,
4363,19354,2025-09-27,7,Installation,Kleine Verzögerung
4364,8730,2025-05-10,8,Installation,
4365,9212,2024-05-02,9,Gesamtzufriedenheit,Sehr zufrieden mit EPOWER
4366,19715,2024-05-03,1,Installation,Chaos bei der Installation
4367,8110,2025-06-19,9,Produkt,Wärmepumpe spart enorm
4368,2990,2024-08-19,6,Produkt,Qualität mangelhaft
4369,10795,2024-12-03,4,Gesamtzufriedenheit,
4370,18990,2025-06-09,7,Gesamtzufriedenheit,Durchschnittlich
4371,6844,2025-09-03,9,Kundenservice,
4372,15746,2024-10-09,8,Kundenservice,Musste mehrfach anrufen
4373,15560,2024-04-17,9,Installation,
4374,18369,2025-09-14,7,Gesamtzufriedenheit,
4375,4300,2025-11-05,1,Gesamtzufriedenheit,
4376,5585,2024-09-15,9,Produkt,Smart Meter sehr nützlich
4377,18305,2025-06-08,9,Kundenservice,Problemlos gelöst
4378,4083,2025-01-29,8,Kundenservice,
4379,15273,2025-01-14,7,Kundenservice,Musste mehrfach anrufen
4380,11750,2025-09-10,10,Produkt,Solaranlage läuft einwandfrei
4381,14770,2025-05-07,8,Kundenservice,Lange Wartezeit am Telefon
4382,10488,2024-12-31,4,App & Digital,
4383,16582,2025-01-10,9,Gesamtzufriedenheit,Alles bestens
4384,5237,2024-04-01,10,Produkt,Smart Meter sehr nützlich
4385,11471,2025-04-15,10,Installation,Termingerecht fertig
4386,16818,2024-05-14,0,Installation,Chaos bei der Installation
4387,14811,2025-11-25,10,App & Digital,App funktioniert super
4388,11529,2025-04-19,4,Preis-Leistung,Versteckte Kosten
4389,19864,2025-10-17,7,Gesamtzufriedenheit,
4390,4172,2025-05-26,7,Gesamtzufriedenheit,
4391,1304,2025-03-17,7,Gesamtzufriedenheit,
4392,18616,2025-05-20,9,Installation,Installation top organisiert
4393,19000,2024-07-23,6,Preis-Leistung,
4394,8657,2024-09-07,7,Gesamtzufriedenheit,Könnte besser sein
4395,12469,2025-12-01,7,Gesamtzufriedenheit,Im Großen und Ganzen okay
4396,19414,2024-11-13,5,Kundenservice,
4397,14262,2025-03-06,10,Kundenservice,Sehr freundliche Mitarbeiter
4398,7159,2024-01-11,9,Kundenservice,Problemlos gelöst
4399,6653,2024-09-19,6,Installation,
4400,13382,2024-01-11,2,Kundenservice,
4401,17335,2024-12-06,9,Gesamtzufriedenheit,Alles bestens
4402,12994,2025-09-08,7,Produkt,Funktioniert wie erwartet
4403,11017,2025-09-11,9,App & Digital,
4404,7682,2024-05-09,6,Gesamtzufriedenheit,Würde nicht erneut wählen
4405,11123,2025-12-27,9,Produkt,Solaranlage läuft einwandfrei
4406,16461,2024-08-19,0,Preis-Leistung,Nicht transparent
4407,5866,2025-01-27,10,Installation,Schnell und sauber
4408,10531,2025-06-09,8,App & Digital,
4409,2179,2024-11-20,0,Produkt,Qualität mangelhaft
4410,15865,2025-11-11,7,Gesamtzufriedenheit,Durchschnittlich
4411,18641,2025-10-26,8,App & Digital,
4412,15051,2025-10-15,10,Preis-Leistung,Fairer Preis
4413,17899,2025-06-27,2,Produkt,
4414,3413,2025-12-04,6,Preis-Leistung,
4415,14634,2024-04-26,6,Produkt,Störungen häufig
4416,13816,2025-02-19,3,App & Digital,
4417,237,2025-07-04,8,App & Digital,
4418,9452,2024-04-04,8,Preis-Leistung,Vergleichbar mit anderen
4419,8003,2024-10-05,8,Gesamtzufriedenheit,Im Großen und Ganzen okay
4420,19324,2025-09-16,6,Kundenservice,Niemand erreichbar
4421,12398,2025-01-03,7,Kundenservice,Lange Wartezeit am Telefon
4422,8977,2024-05-27,9,App & Digital,App funktioniert super
4423,5331,2024-07-29,10,Preis-Leistung,Fairer Preis
4424,6345,2024-07-30,10,App & Digital,App funktioniert super
4425,4882,2024-08-24,5,App & Digital,Keine Echtzeit-Daten
4426,4971,2024-04-19,2,Produkt,
4427,1535,2025-05-23,10,Kundenservice,Kompetente Beratung
4428,13146,2025-07-29,6,Installation,
4429,1543,2024-07-10,10,Kundenservice,Problemlos gelöst
4430,8348,2024-02-09,9,Produkt,
4431,84,2025-05-27,9,Gesamtzufriedenheit,Sehr zufrieden mit EPOWER
4432,11488,2025-12-12,8,App & Digital,
4433,4878,2024-05-03,4,Gesamtzufriedenheit,Erwartungen nicht erfüllt
4434,9337,2025-02-25,1,Produkt,Defekt nach kurzer Zeit
4435,2961,2025-04-02,6,App & Digital,
4436,12179,2024-11-07,8,Produkt,Funktioniert wie erwartet
4437,5529,2024-10-02,9,Produkt,
4438,9334,2025-03-12,7,Preis-Leistung,Vergleichbar mit anderen
4439,12355,2024-01-20,5,Gesamtzufriedenheit,Schlechte Erfahrung
4440,9336,2025-04-24,0,Gesamtzufriedenheit,Bin enttäuscht
4441,9769,2025-09-01,8,Kundenservice,
4442,18365,2025-01-18,10,Produkt,
4443,3692,2024-04-27,0,Produkt,Defekt nach kurzer Zeit
4444,19676,2025-09-22,4,Preis-Leistung,
4445,5535,2025-12-18,10,Produkt,
4446,9061,2024-05-26,9,Installation,
4447,2534,2024-06-20,9,App & Digital,
4448,19246,2024-05-23,10,Preis-Leistung,Gutes Preis-Leistungs-Verhältnis
4449,9753,2025-07-09,7,Preis-Leistung,Preis ist okay
4450,16966,2024-02-22,8,Installation,
4451,2422,2025-02-24,8,Produkt,
4452,17550,2025-07-30,10,Installation,
4453,16065,2025-10-02,2,App & Digital,
4454,13190,2024-02-11,5,Installation,Termin dreimal verschoben
4455,13773,2024-09-24,5,Produkt,
4456,14270,2025-03-20,8,Installation,Kleine Verzögerung
4457,1009,2024-01-01,5,Preis-Leistung,Zu teuer
4458,500,2025-12-01,5,Produkt,Nicht wie versprochen
4459,6096,2024-02-13,9,Produkt,Smart Meter sehr nützlich
4460,18987,2024-11-30,6,Produkt,
4461,6964,2024-05-31,5,App & Digital,Login funktioniert nicht
4462,13821,2025-03-24,10,Produkt,
4463,7082,2025-10-23,8,Kundenservice,
4464,5737,2025-11-02,0,Installation,Nachbesserung nötig
4465,13215,2024-08-25,8,Kundenservice,Service war in Ordnung
4466,9878,2025-01-11,10,Installation,Installation top organisiert
4467,12143,2025-09-09,4,Installation,Nachbesserung nötig
4468,13137,2025-12-09,0,Installation,
4469,8220,2025-01-16,7,Preis-Leistung,
4470,5789,2024-07-13,9,Installation,Schnell und sauber
4471,4195,2025-02-16,9,App & Digital,
4472,4278,2025-02-05,8,Produkt,
4473,500,2024-12-04,8,Gesamtzufriedenheit,Im Großen und Ganzen okay
4474,682,2024-06-27,10,Produkt,
4475,9400,2025-11-06,7,App & Digital,Funktioniert meistens
4476,5723,2024-07-10,4,Produkt,Defekt nach kurzer Zeit
4477,5172,2025-01-10,10,Preis-Leistung,
4478,10223,2025-04-26,5,Installation,
4479,213,2024-06-27,8,Kundenservice,Musste mehrfach anrufen
4480,18197,2025-10-16,8,App & Digital,
4481,19872,2024-04-14,9,App & Digital,
4482,5226,2024-05-26,8,App & Digital,
4483,9224,2024-11-10,10,App & Digital,
4484,459,2024-01-18,4,Preis-Leistung,Preiserhöhung nicht akzeptabel
4485,1942,2024-01-23,7,Preis-Leistung,Vergleichbar mit anderen
4486,11981,2025-11-16,10,Installation,Handwerker sehr professionell
4487,1364,2025-05-30,0,Installation,Unsaubere Arbeit
4488,6182,2024-02-02,8,Produkt,Ganz okay
4489,14533,2025-08-25,3,Produkt,Qualität mangelhaft
4490,2937,2024-01-18,7,Kundenservice,Musste mehrfach anrufen
4491,7792,2025-12-24,10,Kundenservice,
4492,8815,2024-02-13,7,Gesamtzufriedenheit,Durchschnittlich
4493,7097,2025-04-27,7,App & Digital,Design veraltet
4494,19484,2025-09-19,8,App & Digital,Funktioniert meistens
4495,16179,2025-10-08,9,Preis-Leistung,
4496,5401,2025-03-12,3,App & Digital,
4497,11146,2024-12-04,9,Preis-Leistung,
4498,13919,2025-12-06,9,Gesamtzufriedenheit,Top Anbieter
4499,1741,2025-08-14,8,Kundenservice,
4500,11063,2025-08-23,9,Produkt,Wallbox perfekt installiert
4501,15334,2025-11-06,7,Gesamtzufriedenheit,Im Großen und Ganzen okay
4502,10969,2025-03-06,10,App & Digital,
4503,170,2024-07-30,8,Kundenservice,Lange Wartezeit am Telefon
4504,15074,2025-07-13,7,Produkt,Funktioniert wie erwartet
4505,13822,2025-03-21,9,Produkt,
4506,11275,2024-02-26,9,Preis-Leistung,
4507,4424,2025-08-02,10,Preis-Leistung,
4508,6362,2024-04-10,7,Gesamtzufriedenheit,
4509,10134,2025-11-05,8,App & Digital,Design veraltet
4510,15845,2025-09-16,9,Installation,Installation top organisiert
4511,2673,2024-05-12,7,Installation,Hat etwas gedauert
4512,6951,2025-08-20,8,Preis-Leistung,Etwas teuer
4513,6776,2025-03-12,10,Produkt,Wallbox perfekt installiert
4514,7960,2024-12-03,8,Gesamtzufriedenheit,
4515,16198,2025-07-20,8,App & Digital,Design veraltet
4516,1937,2025-12-20,10,Kundenservice,Sehr freundliche Mitarbeiter
4517,8758,2025-11-29,6,Preis-Leistung,
4518,17732,2024-08-10,7,Gesamtzufriedenheit,
4519,12216,2025-06-24,8,Produkt,Leistung könnte besser sein
4520,838,2024-12-31,7,Produkt,Leistung könnte besser sein
4521,14608,2025-05-12,8,Installation,Hat etwas gedauert
4522,12954,2025-11-18,7,Preis-Leistung,Vergleichbar mit anderen
4523,13997,2024-11-21,9,App & Digital,Einfache Bedienung
4524,18902,2025-01-26,8,Preis-Leistung,
4525,13371,2024-10-20,3,Preis-Leistung,Versteckte Kosten
4526,14421,2024-12-21,10,Kundenservice,
4527,8515,2024-12-01,5,Gesamtzufriedenheit,
4528,16722,2025-02-06,4,Preis-Leistung,Zu teuer
4529,11080,2025-04-11,10,Installation,
4530,6470,2024-12-06,2,App & Digital,Login funktioniert nicht
4531,17028,2024-12-05,9,Installation,Termingerecht fertig
4532,12585,2025-04-22,9,Gesamtzufriedenheit,Kann ich nur weiterempfehlen
4533,14489,2025-09-26,10,Kundenservice,Problemlos gelöst
4534,4508,2024-01-13,7,Produkt,Funktioniert wie erwartet
4535,9899,2025-12-24,6,Kundenservice,
4536,11136,2024-05-08,7,Installation,Hat etwas gedauert
4537,5290,2024-10-11,8,Produkt,Funktioniert wie erwartet
4538,6971,2024-05-22,9,Kundenservice,Sehr freundliche Mitarbeiter
4539,19440,2024-07-05,1,Preis-Leistung,
4540,12308,2024-03-23,9,App & Digital,
4541,18746,2024-03-02,9,Gesamtzufriedenheit,
4542,16855,2025-07-17,6,Preis-Leistung,Preiserhöhung nicht akzeptabel
4543,18958,2024-01-19,8,Gesamtzufriedenheit,
4544,12475,2025-01-08,8,Gesamtzufriedenheit,Im Großen und Ganzen okay
4545,13236,2025-11-12,6,App & Digital,
4546,8112,2024-08-09,7,Produkt,Ganz okay
4547,12170,2024-05-03,7,Produkt,
4548,958,2025-04-23,4,Produkt,
4549,1462,2025-02-04,7,Installation,"War okay, nichts Besonderes"
4550,13680,2025-05-07,10,Produkt,Wallbox perfekt installiert
4551,18770,2025-01-10,9,Kundenservice,
4552,7342,2025-04-03,10,Produkt,
4553,7314,2024-06-19,7,Preis-Leistung,Vergleichbar mit anderen
4554,4655,2024-03-31,10,Preis-Leistung,
4555,13872,2025-01-26,7,Gesamtzufriedenheit,Durchschnittlich
4556,19380,2024-07-08,5,Gesamtzufriedenheit,Schlechte Erfahrung
4557,11059,2024-12-28,3,Produkt,Störungen häufig
4558,925,2024-08-19,5,Installation,Chaos bei der Installation
4559,2405,2024-04-24,3,Preis-Leistung,Nicht transparent
4560,11311,2025-07-02,6,Installation,Nachbesserung nötig
4561,9613,2025-04-30,0,Gesamtzufriedenheit,Würde nicht erneut wählen
4562,16446,2024-08-07,6,App & Digital,Keine Echtzeit-Daten
4563,17512,2025-01-30,7,Produkt,
4564,4350,2025-04-23,0,Preis-Leistung,Zu teuer
4565,14810,2024-08-05,6,Installation,
4566,14428,2024-05-21,8,Preis-Leistung,
4567,713,2024-05-01,1,Installation,Unsaubere Arbeit
4568,12100,2024-12-14,10,Installation,Installation top organisiert
4569,2802,2024-09-22,9,Preis-Leistung,Preis stimmt
4570,10245,2024-05-13,7,Kundenservice,Musste mehrfach anrufen
4571,11870,2024-10-13,5,Installation,
4572,12356,2024-02-15,8,Produkt,
4573,3773,2025-06-04,6,Kundenservice,Niemand erreichbar
4574,16584,2025-05-10,0,Gesamtzufriedenheit,
4575,10776,2024-06-12,8,Produkt,
4576,12863,2024-02-15,4,Kundenservice,Keine Lösung erhalten
4577,6227,2024-05-31,9,Preis-Leistung,Gutes Preis-Leistungs-Verhältnis
4578,5670,2025-01-01,10,Kundenservice,Kompetente Beratung
4579,10717,2024-09-25,8,Preis-Leistung,Etwas teuer
4580,19318,2024-12-23,9,App & Digital,
4581,9456,2024-02-04,7,Kundenservice,
4582,7647,2025-07-31,0,Produkt,
4583,19427,2024-01-31,9,Preis-Leistung,
4584,2486,2025-11-10,7,Produkt,
4585,4881,2025-08-14,9,Produkt,Wärmepumpe spart enorm
4586,1891,2025-12-10,9,Kundenservice,
4587,14342,2024-06-13,6,Produkt,
4588,13999,2025-03-12,7,App & Digital,Design veraltet
4589,16849,2024-10-19,9,Gesamtzufriedenheit,
4590,3314,2024-06-01,7,App & Digital,
4591,13703,2024-05-30,4,Preis-Leistung,
4592,16166,2025-07-17,0,Kundenservice,
4593,16572,2024-07-27,10,Produkt,
4594,7129,2024-02-06,7,Installation,Hat etwas gedauert
4595,14117,2024-07-07,9,Preis-Leistung,
4596,8755,2025-03-29,4,Preis-Leistung,Nicht transparent
4597,15941,2024-02-24,8,Produkt,Funktioniert wie erwartet
4598,16256,2025-10-23,9,Gesamtzufriedenheit,
4599,14641,2025-10-16,8,App & Digital,
4600,18222,2025-07-08,8,App & Digital,Design veraltet
4601,8371,2024-08-04,0,App & Digital,Login funktioniert nicht
4602,1947,2024-08-30,0,Installation,Nachbesserung nötig
4603,5138,2025-09-29,6,App & Digital,Sehr langsam
4604,9272,2025-11-28,10,Kundenservice,Sehr freundliche Mitarbeiter
4605,677,2024-07-28,8,Preis-Leistung,Etwas teuer
4606,1439,2024-04-14,9,Produkt,Smart Meter sehr nützlich
4607,1124,2025-06-24,6,Gesamtzufriedenheit,Bin enttäuscht
4608,4191,2025-03-05,8,App & Digital,Design veraltet
4609,1681,2025-12-12,10,Kundenservice,Schnelle Hilfe erhalten
4610,3643,2024-12-26,5,Kundenservice,
4611,8588,2025-03-14,9,Produkt,Wallbox perfekt installiert
4612,5990,2024-10-28,5,Installation,Chaos bei der Installation
4613,11945,2024-12-30,9,Preis-Leistung,Günstiger als erwartet
4614,4113,2024-06-28,10,Installation,
4615,10066,2024-04-08,8,App & Digital,
4616,11810,2024-07-22,9,Gesamtzufriedenheit,
4617,14485,2024-01-28,9,Preis-Leistung,Gutes Preis-Leistungs-Verhältnis
4618,15976,2024-06-19,10,Gesamtzufriedenheit,Sehr zufrieden mit EPOWER
4619,18107,2025-12-07,9,App & Digital,Übersichtliches Portal
4620,15717,2025-05-03,3,Preis-Leistung,Nicht transparent
4621,15734,2025-08-28,1,Kundenservice,Beschwerde ignoriert
4622,3785,2025-08-29,5,Produkt,Defekt nach kurzer Zeit
4623,11830,2025-07-09,7,Produkt,
4624,1178,2024-06-16,8,Preis-Leistung,
4625,12266,2025-09-04,5,Gesamtzufriedenheit,Erwartungen nicht erfüllt
4626,6428,2024-02-29,10,Gesamtzufriedenheit,
4627,14390,2025-08-24,7,Kundenservice,Service war in Ordnung
4628,3063,2024-01-15,8,Kundenservice,
4629,9597,2024-05-10,7,Gesamtzufriedenheit,Durchschnittlich
4630,6036,2025-05-09,9,Gesamtzufriedenheit,Alles bestens
4631,14832,2025-11-21,5,Kundenservice,
4632,2604,2024-11-14,9,Gesamtzufriedenheit,
4633,3412,2024-08-05,7,Gesamtzufriedenheit,Durchschnittlich
4634,8977,2025-12-01,10,Produkt,Solaranlage läuft einwandfrei
4635,7200,2024-11-02,7,Installation,
4636,16588,2024-09-28,7,Installation,Kleine Verzögerung
4637,8328,2024-09-21,0,Preis-Leistung,Versteckte Kosten
4638,17929,2024-08-30,7,Gesamtzufriedenheit,Durchschnittlich
4639,13836,2024-01-24,9,Preis-Leistung,Günstiger als erwartet
4640,5159,2025-11-13,4,App & Digital,
4641,14192,2025-10-28,8,Produkt,
4642,16539,2025-10-25,6,App & Digital,
4643,5398,2024-10-02,7,Preis-Leistung,Vergleichbar mit anderen
4644,17829,2025-10-13,5,Kundenservice,
4645,18416,2024-03-14,0,Kundenservice,Keine Lösung erhalten
4646,5229,2024-09-10,3,App & Digital,Keine Echtzeit-Daten
4647,14479,2024-04-19,8,Installation,Hat etwas gedauert
4648,13889,2024-09-06,5,App & Digital,
4649,9281,2024-05-01,7,App & Digital,
4650,16708,2025-10-07,7,Installation,"War okay, nichts Besonderes"
4651,6991,2024-03-06,9,App & Digital,
4652,6141,2024-04-23,9,Installation,Installation top organisiert
4653,1290,2024-12-02,0,Kundenservice,
4654,3461,2025-09-29,7,App & Digital,
4655,18917,2024-07-08,4,Preis-Leistung,Versteckte Kosten
4656,2121,2024-10-18,8,Preis-Leistung,Etwas teuer
4657,13132,2024-03-26,10,Produkt,
4658,6621,2025-10-16,9,Kundenservice,Kompetente Beratung
4659,18410,2025-11-04,9,Preis-Leistung,
4660,4913,2025-04-28,7,App & Digital,
4661,4108,2025-12-24,7,App & Digital,
4662,1645,2025-10-08,8,Gesamtzufriedenheit,
4663,14561,2025-01-07,9,Installation,Installation top organisiert
4664,15519,2025-09-26,5,Gesamtzufriedenheit,
4665,2305,2024-02-12,7,Preis-Leistung,
4666,3822,2025-10-05,8,Installation,Hat etwas gedauert
4667,2578,2024-01-31,9,Gesamtzufriedenheit,
4668,1324,2024-07-29,8,Preis-Leistung,Etwas teuer
4669,14954,2024-02-05,7,Kundenservice,Service war in Ordnung
4670,18835,2024-05-05,9,Kundenservice,
4671,16455,2024-11-23,9,Installation,Installation top organisiert
4672,4505,2024-12-28,9,Produkt,Solaranlage läuft einwandfrei
4673,11705,2024-06-28,8,App & Digital,Funktioniert meistens
4674,16007,2024-07-20,5,Installation,Chaos bei der Installation
4675,15460,2024-08-08,5,Preis-Leistung,Preiserhöhung nicht akzeptabel
4676,10220,2025-04-05,4,Preis-Leistung,Nicht transparent
4677,8908,2024-02-06,8,Installation,
4678,15113,2025-10-22,7,Kundenservice,Service war in Ordnung
4679,9966,2025-01-15,8,Produkt,Leistung könnte besser sein
4680,19143,2025-12-23,9,Kundenservice,
4681,1059,2024-01-14,9,Kundenservice,Kompetente Beratung
4682,10478,2025-09-20,3,App & Digital,
4683,4722,2025-08-19,8,Preis-Leistung,
4684,10805,2024-03-30,9,Preis-Leistung,Gutes Preis-Leistungs-Verhältnis
4685,16019,2024-05-08,9,App & Digital,
4686,13870,2025-06-22,9,App & Digital,Einfache Bedienung
4687,74,2025-12-27,7,Gesamtzufriedenheit,Könnte besser sein
4688,10984,2024-10-16,8,Installation,
4689,19885,2025-04-28,8,App & Digital,
4690,4865,2025-01-15,9,Installation,Handwerker sehr professionell
4691,12454,2025-03-04,6,Preis-Leistung,
4692,15636,2025-12-10,7,App & Digital,Funktioniert meistens
4693,11383,2024-07-21,8,Installation,Hat etwas gedauert
4694,6063,2024-06-05,5,Installation,Unsaubere Arbeit
4695,688,2024-10-16,9,App & Digital,
4696,1782,2025-09-27,4,Installation,Nachbesserung nötig
4697,9167,2024-07-14,6,Preis-Leistung,
4698,19428,2024-03-12,8,Installation,"War okay, nichts Besonderes"
4699,9753,2024-10-20,6,Produkt,Störungen häufig
4700,16508,2024-12-14,9,Installation,
4701,8470,2024-12-20,0,Preis-Leistung,Zu teuer
4702,11174,2025-03-14,7,Kundenservice,Service war in Ordnung
4703,13953,2024-04-18,6,Gesamtzufriedenheit,Bin enttäuscht
4704,6298,2024-06-18,0,Gesamtzufriedenheit,Würde nicht erneut wählen
4705,7178,2024-04-12,4,Kundenservice,Beschwerde ignoriert
4706,17262,2025-01-24,3,Installation,Termin dreimal verschoben
4707,7941,2025-03-30,5,Installation,
4708,10126,2024-08-26,8,Preis-Leistung,
4709,12126,2024-10-13,7,Kundenservice,Service war in Ordnung
4710,19476,2024-09-04,10,App & Digital,App funktioniert super
4711,5288,2025-11-09,0,App & Digital,Keine Echtzeit-Daten
4712,16198,2025-07-31,7,Installation,Kleine Verzögerung
4713,15339,2025-05-07,8,Installation,"War okay, nichts Besonderes"
4714,348,2024-04-20,4,Produkt,Nicht wie versprochen
4715,15071,2024-04-28,4,Preis-Leistung,Versteckte Kosten
4716,4368,2025-08-19,10,Preis-Leistung,
4717,16155,2025-08-26,5,Kundenservice,Niemand erreichbar
4718,16472,2024-08-01,1,App & Digital,Sehr langsam
4719,13442,2025-08-07,9,Kundenservice,Sehr freundliche Mitarbeiter
4720,1899,2025-12-10,10,Installation,
4721,5673,2024-11-22,7,Installation,"War okay, nichts Besonderes"
4722,3360,2025-09-24,10,Preis-Leistung,Preis stimmt
4723,5871,2025-05-04,9,Produkt,
4724,2938,2024-03-29,3,Produkt,Nicht wie versprochen
4725,19762,2025-05-11,6,Gesamtzufriedenheit,Erwartungen nicht erfüllt
4726,15272,2025-12-26,6,Kundenservice,Niemand erreichbar
4727,16931,2025-05-30,9,Produkt,
4728,16038,2025-10-10,10,Produkt,
4729,17747,2024-10-20,10,App & Digital,
4730,16482,2024-06-08,9,Gesamtzufriedenheit,Kann ich nur weiterempfehlen
4731,17652,2025-03-25,9,Installation,
4732,202,2024-10-05,9,Gesamtzufriedenheit,Top Anbieter
4733,17470,2024-12-09,9,Installation,
4734,17693,2025-10-26,1,Produkt,
4735,7754,2024-01-18,8,Installation,Hat etwas gedauert
4736,17208,2024-01-24,8,Produkt,
4737,8189,2024-07-17,9,Produkt,Smart Meter sehr nützlich
4738,4674,2024-07-19,7,App & Digital,Design veraltet
4739,14196,2025-10-29,10,Installation,Handwerker sehr professionell
4740,2546,2024-05-23,10,Produkt,
4741,6825,2024-06-13,6,Preis-Leistung,Versteckte Kosten
4742,17240,2025-02-10,7,Gesamtzufriedenheit,
4743,13975,2024-03-30,7,Gesamtzufriedenheit,
4744,5907,2024-07-19,10,Produkt,
4745,3669,2024-02-22,9,Produkt,Solaranlage läuft einwandfrei
4746,13671,2024-03-06,7,Gesamtzufriedenheit,Nichts Besonderes
4747,9267,2024-02-05,9,Gesamtzufriedenheit,
4748,13434,2024-12-04,9,App & Digital,
4749,9330,2025-12-31,7,Produkt,
4750,11748,2025-08-24,9,Preis-Leistung,
4751,10640,2024-11-11,9,App & Digital,
4752,5076,2024-04-30,10,Kundenservice,
4753,637,2025-09-10,3,App & Digital,
4754,18459,2024-09-01,8,Installation,
4755,12743,2025-06-01,5,App & Digital,Login funktioniert nicht
4756,2195,2025-04-30,5,Kundenservice,
4757,2629,2025-09-30,9,Kundenservice,Problemlos gelöst
4758,4067,2024-02-29,8,Gesamtzufriedenheit,Nichts Besonderes
4759,17632,2024-10-05,10,Kundenservice,
4760,19051,2024-02-26,9,Produkt,Wallbox perfekt installiert
4761,8910,2024-06-05,9,App & Digital,Einfache Bedienung
4762,11879,2024-03-17,6,Produkt,Qualität mangelhaft
4763,1689,2025-03-01,5,Produkt,Defekt nach kurzer Zeit
4764,18886,2024-09-22,7,Produkt,Ganz okay
4765,1454,2024-11-11,8,App & Digital,Funktioniert meistens
4766,18043,2025-02-23,8,Produkt,
4767,5197,2024-10-10,8,Produkt,
4768,1011,2025-08-12,7,Gesamtzufriedenheit,Durchschnittlich
4769,17129,2025-02-16,5,App & Digital,Login funktioniert nicht
4770,12186,2025-12-03,8,App & Digital,
4771,18287,2025-01-12,10,App & Digital,
4772,16274,2024-07-22,10,App & Digital,
4773,12345,2024-06-12,5,Installation,Unsaubere Arbeit
4774,11364,2025-05-17,10,Gesamtzufriedenheit,Top Anbieter
4775,7713,2025-11-13,10,Kundenservice,Kompetente Beratung
4776,15446,2025-08-21,9,Preis-Leistung,Fairer Preis
4777,5317,2025-04-28,7,Installation,
4778,18385,2025-04-05,7,Produkt,
4779,10113,2024-03-17,10,Produkt,
4780,10578,2024-02-07,8,App & Digital,
4781,4387,2024-11-16,9,Kundenservice,Kompetente Beratung
4782,19099,2025-06-21,8,Preis-Leistung,Vergleichbar mit anderen
4783,6398,2025-04-04,9,Produkt,
4784,5482,2024-02-01,9,Produkt,Solaranlage läuft einwandfrei
4785,7570,2025-11-03,9,App & Digital,Einfache Bedienung
4786,13916,2024-08-30,8,App & Digital,Design veraltet
4787,14858,2024-05-14,5,App & Digital,Sehr langsam
4788,4932,2025-02-10,10,App & Digital,Übersichtliches Portal
4789,18382,2025-01-06,10,App & Digital,Einfache Bedienung
4790,10782,2025-07-21,8,Installation,"War okay, nichts Besonderes"
4791,17148,2024-07-14,8,Kundenservice,Lange Wartezeit am Telefon
4792,11767,2025-05-08,1,Produkt,Defekt nach kurzer Zeit
4793,13767,2025-08-14,6,Gesamtzufriedenheit,
4794,9948,2024-01-31,4,App & Digital,
4795,2054,2025-08-08,8,Produkt,Ganz okay
4796,8299,2025-12-16,8,Installation,
4797,15176,2025-11-30,9,App & Digital,
4798,2995,2025-11-08,7,Produkt,Funktioniert wie erwartet
4799,2276,2024-04-05,10,Gesamtzufriedenheit,Kann ich nur weiterempfehlen
4800,7959,2025-11-04,5,Kundenservice,Unfreundlich am Telefon
4801,11605,2024-10-15,8,Gesamtzufriedenheit,Durchschnittlich
4802,9492,2024-11-05,10,Kundenservice,Kompetente Beratung
4803,8769,2024-01-02,4,Gesamtzufriedenheit,Schlechte Erfahrung
4804,6256,2024-12-01,7,Gesamtzufriedenheit,
4805,10826,2024-08-04,10,App & Digital,Übersichtliches Portal
4806,6317,2024-06-29,8,Preis-Leistung,Vergleichbar mit anderen
4807,310,2024-06-19,6,Produkt,
4808,7528,2025-03-12,8,App & Digital,
4809,16092,2024-05-20,8,Preis-Leistung,Preis ist okay
4810,13045,2024-09-20,0,Produkt,Qualität mangelhaft
4811,14368,2025-11-27,4,Gesamtzufriedenheit,Schlechte Erfahrung
4812,14373,2024-01-03,7,App & Digital,Design veraltet
4813,17855,2024-01-12,7,Gesamtzufriedenheit,Im Großen und Ganzen okay
4814,12308,2025-11-24,10,Preis-Leistung,Preis stimmt
4815,1549,2025-05-07,6,Gesamtzufriedenheit,Bin enttäuscht
4816,8242,2024-07-31,6,Produkt,Störungen häufig
4817,545,2025-01-29,9,Kundenservice,Kompetente Beratung
4818,1331,2024-04-18,7,Installation,
4819,4264,2024-10-03,7,Installation,
4820,2635,2024-11-14,9,Preis-Leistung,Fairer Preis
4821,4176,2024-01-10,7,Kundenservice,Service war in Ordnung
4822,9535,2024-03-13,8,Preis-Leistung,
4823,3141,2025-10-08,7,Gesamtzufriedenheit,
4824,12974,2024-09-01,6,Produkt,Nicht wie versprochen
4825,6942,2024-04-25,5,Gesamtzufriedenheit,
4826,6178,2024-10-06,8,Gesamtzufriedenheit,Nichts Besonderes
4827,8855,2025-01-06,7,Produkt,
4828,5507,2024-06-23,6,App & Digital,
4829,12558,2024-09-03,9,Kundenservice,
4830,15072,2024-11-12,9,Produkt,Wärmepumpe spart enorm
4831,14004,2025-02-09,9,Kundenservice,Schnelle Hilfe erhalten
4832,10321,2024-08-15,10,Gesamtzufriedenheit,Alles bestens
4833,3698,2024-12-25,0,Kundenservice,Niemand erreichbar
4834,17468,2025-02-17,9,Produkt,Solaranlage läuft einwandfrei
4835,2061,2024-07-30,1,Produkt,Störungen häufig
4836,4425,2025-09-08,4,Installation,Unsaubere Arbeit
4837,16906,2025-04-01,4,Produkt,Nicht wie versprochen
4838,2257,2025-10-15,7,App & Digital,Funktioniert meistens
4839,12183,2024-03-03,6,Installation,
4840,5789,2024-12-24,6,Produkt,Störungen häufig
4841,12015,2024-02-29,8,Installation,"War okay, nichts Besonderes"
4842,18568,2025-04-17,1,Kundenservice,Niemand erreichbar
4843,313,2024-04-01,8,Kundenservice,
4844,16145,2024-04-25,10,Kundenservice,
4845,17530,2024-12-29,8,Kundenservice,
4846,8557,2025-10-30,3,Installation,Nachbesserung nötig
4847,1722,2025-08-19,9,Gesamtzufriedenheit,Kann ich nur weiterempfehlen
4848,19429,2025-04-13,0,Kundenservice,
4849,13540,2025-12-20,1,Gesamtzufriedenheit,Erwartungen nicht erfüllt
4850,8218,2025-08-15,9,Kundenservice,
4851,19291,2024-11-13,10,App & Digital,Verbrauch immer im Blick
4852,4410,2024-03-01,6,Installation,Termin dreimal verschoben
4853,7019,2025-10-20,10,Kundenservice,Problemlos gelöst
4854,6273,2024-06-01,9,Gesamtzufriedenheit,
4855,2079,2025-10-10,10,App & Digital,App funktioniert super
4856,15479,2025-08-27,8,Kundenservice,
4857,1279,2025-08-25,0,Gesamtzufriedenheit,Würde nicht erneut wählen
4858,7,2024-10-15,6,Produkt,
4859,10514,2024-06-12,2,Installation,Chaos bei der Installation
4860,15092,2025-03-22,9,App & Digital,
4861,18216,2024-08-19,9,Produkt,Wärmepumpe spart enorm
4862,5457,2025-05-08,7,App & Digital,App stürzt manchmal ab
4863,18822,2025-07-04,4,Gesamtzufriedenheit,Würde nicht erneut wählen
4864,11424,2025-04-17,9,Gesamtzufriedenheit,
4865,9831,2024-03-29,4,Produkt,
4866,2557,2025-02-09,9,Installation,
4867,2874,2025-03-28,9,Preis-Leistung,
4868,15282,2024-05-13,3,Installation,Unsaubere Arbeit
4869,17669,2025-08-14,8,App & Digital,Design veraltet
4870,12644,2024-04-18,10,Kundenservice,Kompetente Beratung
4871,19103,2025-02-21,5,Kundenservice,
4872,16756,2025-10-02,7,Gesamtzufriedenheit,Könnte besser sein
4873,13262,2025-05-18,9,Kundenservice,Schnelle Hilfe erhalten
4874,17818,2024-05-19,9,Installation,Schnell und sauber
4875,11753,2025-08-23,10,Preis-Leistung,Fairer Preis
4876,3396,2025-02-05,10,Kundenservice,
4877,12511,2025-06-10,10,App & Digital,
4878,18472,2025-03-15,10,Preis-Leistung,Gutes Preis-Leistungs-Verhältnis
4879,4052,2025-01-12,7,Installation,
4880,1033,2024-03-27,7,Produkt,
4881,7938,2024-09-12,9,Kundenservice,
4882,794,2024-03-23,10,Produkt,
4883,12173,2024-09-12,4,Produkt,
4884,6561,2025-04-24,3,Installation,
4885,5974,2024-08-13,9,App & Digital,
4886,19571,2024-11-30,2,Preis-Leistung,Versteckte Kosten
4887,4220,2024-02-25,10,Gesamtzufriedenheit,
4888,16762,2024-06-03,6,App & Digital,Keine Echtzeit-Daten
4889,14705,2024-01-16,6,Produkt,
4890,6431,2025-11-16,1,Preis-Leistung,Versteckte Kosten
4891,2942,2024-12-27,8,App & Digital,
4892,10184,2025-03-20,6,Preis-Leistung,
4893,13646,2024-05-03,8,Preis-Leistung,
4894,10187,2024-07-09,7,Gesamtzufriedenheit,
4895,6141,2024-05-11,9,Gesamtzufriedenheit,Rundum zufrieden
4896,8553,2024-11-05,0,Kundenservice,Keine Lösung erhalten
4897,15014,2024-10-19,7,Preis-Leistung,
4898,11773,2024-11-05,8,Kundenservice,Lange Wartezeit am Telefon
4899,18824,2025-06-29,0,Installation,
4900,4262,2025-07-31,5,App & Digital,Login funktioniert nicht
4901,19662,2025-04-03,1,Kundenservice,Niemand erreichbar
4902,3631,2025-03-30,9,Kundenservice,Kompetente Beratung
4903,13278,2024-06-22,9,Produkt,
4904,16851,2024-07-10,9,Installation,
4905,11364,2025-05-28,7,Gesamtzufriedenheit,
4906,2989,2025-05-11,10,Installation,Handwerker sehr professionell
4907,11599,2025-02-17,9,Installation,Termingerecht fertig
4908,9316,2025-01-06,4,Kundenservice,
4909,3539,2024-11-06,7,App & Digital,Design veraltet
4910,12141,2025-05-13,10,Gesamtzufriedenheit,Kann ich nur weiterempfehlen
4911,199,2025-12-30,8,Installation,Hat etwas gedauert
4912,10902,2025-01-19,9,Produkt,
4913,5890,2024-10-18,8,Gesamtzufriedenheit,Durchschnittlich
4914,8732,2025-06-08,4,Gesamtzufriedenheit,
4915,450,2025-11-22,10,Preis-Leistung,
4916,6165,2024-04-15,7,Kundenservice,
4917,17477,2025-12-19,8,Kundenservice,
4918,18260,2025-08-27,6,Preis-Leistung,Preiserhöhung nicht akzeptabel
4919,4191,2025-07-08,9,Preis-Leistung,Preis stimmt
4920,1833,2025-10-17,2,Produkt,Nicht wie versprochen
4921,12968,2024-09-10,8,Preis-Leistung,Preis ist okay
4922,9082,2024-07-31,7,Preis-Leistung,Vergleichbar mit anderen
4923,5308,2025-07-29,10,Produkt,Solaranlage läuft einwandfrei
4924,57,2024-08-04,8,App & Digital,
4925,2364,2025-01-02,8,Installation,Kleine Verzögerung
4926,170,2025-11-16,7,Kundenservice,Musste mehrfach anrufen
4927,10429,2025-08-21,5,Kundenservice,
4928,3172,2024-08-19,9,App & Digital,
4929,1258,2024-03-11,0,Installation,
4930,12833,2025-09-30,5,App & Digital,
4931,18035,2024-10-18,4,Preis-Leistung,
4932,72,2024-03-10,9,Produkt,
4933,12201,2024-09-14,8,App & Digital,Funktioniert meistens
4934,10814,2025-08-12,9,Kundenservice,Kompetente Beratung
4935,4010,2025-11-11,8,Installation,Hat etwas gedauert
4936,14696,2024-10-21,1,Kundenservice,
4937,15957,2024-04-27,1,Installation,Termin dreimal verschoben
4938,7459,2025-12-07,9,Produkt,Wallbox perfekt installiert
4939,11421,2025-10-04,8,Installation,
4940,2130,2024-09-07,7,App & Digital,
4941,4665,2024-10-11,9,Gesamtzufriedenheit,
4942,16787,2025-05-23,10,Kundenservice,Kompetente Beratung
4943,7176,2024-03-26,9,Installation,Installation top organisiert
4944,10201,2025-01-29,9,App & Digital,
4945,12078,2025-12-23,10,Preis-Leistung,Fairer Preis
4946,9239,2024-11-26,8,Produkt,Ganz okay
4947,14262,2024-06-18,9,App & Digital,Einfache Bedienung
4948,3113,2025-09-30,8,Kundenservice,Musste mehrfach anrufen
4949,8423,2024-10-17,10,Gesamtzufriedenheit,
4950,17436,2024-03-10,7,App & Digital,Design veraltet
4951,3102,2025-03-25,7,Produkt,
4952,15761,2025-07-11,9,Kundenservice,Schnelle Hilfe erhalten
4953,10871,2024-08-15,10,Installation,Schnell und sauber
4954,949,2025-11-15,10,Preis-Leistung,Fairer Preis
4955,7868,2024-12-10,8,Gesamtzufriedenheit,Könnte besser sein
4956,14192,2024-02-21,10,Preis-Leistung,
4957,17956,2024-04-08,9,Gesamtzufriedenheit,Top Anbieter
4958,3662,2025-01-29,10,App & Digital,
4959,9183,2024-10-18,10,Installation,Termingerecht fertig
4960,9889,2025-04-26,2,Installation,
4961,11640,2024-07-21,8,Kundenservice,Lange Wartezeit am Telefon
4962,3371,2025-08-16,4,Produkt,
4963,17408,2025-10-31,8,Produkt,
4964,4885,2024-12-23,10,Produkt,
4965,14205,2024-07-18,1,Installation,Unsaubere Arbeit
4966,1995,2025-04-24,7,Gesamtzufriedenheit,Durchschnittlich
4967,7447,2024-08-24,5,Kundenservice,Niemand erreichbar
4968,18703,2025-04-20,7,Installation,
4969,19318,2025-09-25,8,Gesamtzufriedenheit,
4970,6016,2025-05-01,10,Kundenservice,Schnelle Hilfe erhalten
4971,14170,2024-11-21,8,Preis-Leistung,Vergleichbar mit anderen
4972,5875,2024-09-03,9,Gesamtzufriedenheit,Top Anbieter
4973,19682,2025-06-25,7,Produkt,Ganz okay
4974,5132,2024-11-22,8,Gesamtzufriedenheit,Durchschnittlich
4975,3491,2024-04-01,4,Gesamtzufriedenheit,
4976,15372,2025-11-26,10,App & Digital,
4977,12160,2025-04-18,9,Gesamtzufriedenheit,Rundum zufrieden
4978,12375,2025-05-26,0,App & Digital,Sehr langsam
4979,12928,2024-10-30,10,Produkt,
4980,16695,2025-09-09,9,App & Digital,App funktioniert super
4981,15804,2025-07-25,7,Kundenservice,
4982,11981,2024-09-08,9,Installation,Handwerker sehr professionell
4983,7653,2025-05-12,3,Kundenservice,Beschwerde ignoriert
4984,1367,2025-04-27,6,Kundenservice,
4985,17104,2025-10-23,10,App & Digital,Einfache Bedienung
4986,8721,2025-01-07,8,Kundenservice,
4987,3263,2024-04-16,7,Preis-Leistung,
4988,6758,2024-11-07,8,Gesamtzufriedenheit,Könnte besser sein
4989,13893,2024-05-16,10,Produkt,Solaranlage läuft einwandfrei
4990,5164,2025-07-21,8,Installation,
4991,18724,2025-04-30,9,Preis-Leistung,
4992,17015,2024-05-24,10,Preis-Leistung,Fairer Preis
4993,8712,2024-08-28,9,Installation,
4994,18389,2024-09-10,7,Kundenservice,Service war in Ordnung
4995,18750,2025-02-21,9,Preis-Leistung,
4996,4501,2024-10-25,1,Preis-Leistung,Preiserhöhung nicht akzeptabel
4997,11116,2024-10-03,8,Installation,
4998,19520,2024-02-27,9,Preis-Leistung,Günstiger als erwartet
4999,17291,2025-06-29,7,Kundenservice,Lange Wartezeit am Telefon
5000,17267,2025-11-14,7,App & Digital,App stürzt manchmal ab
