hr_fact_id,date,employee_key,department_key,job_key,location_key,salary,attrition_flag
1,2025-02-27,1,32,812,900,73843,0
2,2021-05-20,2,31,805,903,71526,0
3,2022-02-12,2,15,801,900,71526,0
4,2022-08-17,2,14,803,910,71526,0
5,2023-03-03,2,37,809,908,71526,0
6,2024-02-20,2,20,807,909,71526,0
7,2024-09-26,2,37,806,908,71526,0
8,2023-04-05,3,32,814,910,57785,0
9,2024-01-16,3,36,804,901,62865,0
10,2024-10-19,3,26,805,905,62865,0
11,2025-06-11,3,28,810,908,62865,0
12,2017-07-24,4,13,801,910,45471,0
13,2018-05-15,4,40,806,908,47467,0
14,2019-03-07,4,30,811,905,47467,0
15,2019-11-17,4,26,810,910,51274,0
16,2020-05-22,4,31,806,904,51274,0
17,2021-04-11,4,30,802,910,51274,0
18,2022-03-03,4,13,811,908,51274,0
19,2023-02-14,4,21,802,902,51274,0
20,2023-11-11,4,36,810,904,51274,0
21,2024-07-01,4,36,804,906,53852,0
22,2025-01-28,4,33,804,901,53852,0
23,2024-01-19,5,10,811,909,72543,0
24,2024-09-02,5,23,810,902,72543,0
25,2025-03-17,5,29,815,902,72543,0
26,2020-11-14,6,39,800,906,83549,0
27,2021-06-16,6,11,813,901,83549,0
28,2022-01-29,6,38,815,910,83549,0
29,2023-01-14,6,18,812,900,83549,0
30,2023-11-13,6,30,806,903,83549,0
31,2024-07-24,6,39,801,907,87648,0
32,2025-05-08,6,16,805,905,87648,0
33,2024-09-06,7,21,800,900,61044,0
34,2024-07-18,8,13,815,903,82095,0
35,2025-04-30,8,36,806,900,82095,0
36,2019-08-17,9,28,802,904,58546,0
37,2020-03-05,9,37,801,904,58546,0
38,2020-09-28,9,34,807,905,58546,0
39,2021-06-05,9,28,804,909,58546,0
40,2022-04-10,9,39,807,902,58546,0
41,2023-02-01,9,11,800,905,58546,0
42,2023-09-18,9,34,806,908,58546,0
43,2024-08-21,9,14,806,906,61797,0
44,2024-10-05,10,22,815,902,41791,0
45,2023-04-20,11,28,807,905,79713,0
46,2023-11-04,11,36,812,906,79713,0
47,2024-09-26,11,15,812,903,79713,0
48,2018-06-23,12,19,806,906,66367,0
49,2019-06-06,12,29,800,900,66367,0
50,2020-02-13,12,36,805,900,66367,0
51,2020-08-26,12,31,808,904,66367,0
52,2021-06-26,12,25,813,906,66367,0
53,2022-04-15,12,37,812,901,66367,0
54,2022-12-07,12,15,809,900,66367,0
55,2023-07-13,12,23,805,902,66367,0
56,2024-04-11,12,40,815,908,66367,0
57,2024-10-26,12,29,810,901,66367,0
58,2017-12-09,13,15,803,909,77913,0
59,2018-06-20,13,34,815,905,77913,0
60,2019-05-30,13,37,807,906,77913,0
61,2019-12-25,13,40,813,904,77913,0
62,2020-10-20,13,36,812,902,77913,0
63,2021-07-04,13,15,810,909,77913,0
64,2022-01-31,13,12,800,903,77913,0
65,2022-09-12,13,30,800,908,77913,0
66,2023-04-26,13,33,801,909,77913,0
67,2023-12-02,13,39,803,907,77913,0
68,2024-08-25,13,35,814,908,85259,0
69,2025-03-19,13,11,801,900,85259,0
70,2023-08-14,14,36,810,911,43737,0
71,2024-05-05,14,39,807,911,43737,0
72,2024-12-29,14,20,815,901,43737,0
73,2018-07-03,16,24,800,909,66035,0
74,2019-03-15,16,34,811,906,66035,0
75,2019-11-29,16,31,801,900,66035,0
76,2020-11-03,16,16,811,908,66035,0
77,2021-08-26,16,10,812,905,66035,0
78,2022-07-31,16,26,810,904,66035,0
79,2023-01-28,16,29,810,907,66035,0
80,2023-10-20,16,37,811,904,66035,0
81,2024-07-19,16,27,802,900,66035,0
82,2025-04-09,16,33,813,911,66035,0
83,2024-05-14,17,17,811,904,36193,0
84,2025-03-16,17,11,810,906,36193,0
85,2021-11-30,18,40,810,900,58475,0
86,2022-07-22,18,30,802,911,58475,0
87,2023-04-14,18,22,809,905,58475,0
88,2023-11-26,18,26,809,903,58475,0
89,2024-06-04,18,40,805,903,58475,0
90,2025-01-31,18,15,806,901,58475,0
91,2021-02-16,19,23,809,908,63869,0
92,2021-09-06,19,15,815,903,63869,0
93,2022-05-13,19,10,805,908,69575,0
94,2022-12-02,19,20,804,906,69575,0
95,2023-11-20,19,36,811,909,69575,0
96,2024-08-06,19,14,809,908,72786,0
97,2025-04-26,19,25,815,903,72786,0
98,2023-04-26,20,27,802,909,63856,0
99,2024-03-01,20,35,806,908,63856,0
100,2024-10-16,20,38,802,910,63856,0
101,2022-09-14,21,17,805,909,51354,0
102,2023-05-26,21,27,815,906,51354,0
103,2024-01-12,21,27,813,910,51354,0
104,2024-12-15,21,21,815,906,51354,0
105,2017-06-21,22,35,802,904,42843,0
106,2018-05-05,22,27,809,906,42843,0
107,2018-11-22,22,35,806,910,42843,0
108,2019-09-17,22,27,813,908,42843,0
109,2020-05-26,22,35,809,910,42843,0
110,2021-04-30,22,22,810,906,42843,0
111,2021-12-25,22,25,805,906,42843,0
112,2022-11-09,22,29,805,906,42843,0
113,2023-05-19,22,12,807,902,42843,0
114,2024-03-09,22,13,801,903,42843,0
115,2024-11-07,22,31,803,906,42843,0
116,2021-11-11,23,22,809,904,63908,0
117,2022-10-15,23,26,807,909,69297,0
118,2023-09-05,23,16,804,903,69297,0
119,2024-06-21,23,33,813,902,69297,0
120,2025-02-12,23,18,803,910,69297,0
121,2021-04-02,24,24,813,903,72306,0
122,2022-03-13,24,19,809,908,77157,0
123,2022-12-17,24,28,814,904,77157,0
124,2023-07-04,24,13,814,902,77157,0
125,2024-04-18,24,21,806,904,77157,0
126,2025-02-21,24,18,806,908,77157,0
127,2025-04-10,25,15,815,910,43074,0
128,2016-10-13,26,34,806,906,49990,0
129,2017-08-23,26,13,808,901,49990,0
130,2018-06-21,26,10,805,903,49990,0
131,2019-05-23,26,12,812,902,49990,0
132,2020-03-12,26,28,809,901,49990,0
133,2020-10-19,26,27,808,903,49990,0
134,2021-10-04,26,23,808,900,51657,0
135,2022-05-12,26,22,814,908,51657,0
136,2023-04-03,26,26,812,903,51657,0
137,2024-01-27,26,36,810,904,51657,0
138,2024-10-04,26,38,801,911,51657,0
139,2025-05-04,26,25,803,910,51657,0
140,2022-07-28,27,39,815,902,75492,0
141,2023-04-28,27,30,806,902,75492,0
142,2024-03-12,27,36,810,905,75492,0
143,2024-10-11,27,20,814,908,75492,0
144,2025-06-09,27,20,815,904,75492,0
145,2022-12-30,28,19,811,903,75353,0
146,2023-08-21,28,21,807,910,75353,0
147,2024-04-29,28,27,813,906,75353,0
148,2025-04-10,28,22,803,904,75353,0
149,2022-12-26,29,38,802,900,64684,0
150,2023-08-18,29,17,807,905,64684,0
151,2024-04-28,29,19,805,905,64684,0
152,2025-02-25,29,23,812,902,64684,0
153,2022-03-06,30,23,802,906,44803,0
154,2022-11-11,30,21,808,908,48445,0
155,2023-07-11,30,35,814,907,48445,0
156,2024-03-29,30,23,806,904,48445,0
157,2024-10-02,30,23,814,906,48445,0
158,2025-06-10,30,26,814,902,49953,0
159,2025-04-06,31,36,812,902,52201,0
160,2021-01-30,32,12,813,904,40973,0
161,2021-11-01,32,14,805,903,40973,0
162,2022-09-07,32,39,803,900,40973,0
163,2023-08-17,32,28,815,911,40973,0
164,2024-07-26,32,17,802,910,40973,0
165,2025-02-22,32,14,806,906,40973,0
166,2016-10-07,33,37,807,910,55412,0
167,2017-05-22,33,37,803,902,55412,0
168,2018-02-15,33,32,811,901,59368,0
169,2019-01-19,33,13,804,910,59368,0
170,2019-09-02,33,21,801,909,59368,0
171,2020-05-31,33,25,806,905,59368,0
172,2020-12-27,33,34,806,907,59368,0
173,2021-10-02,33,24,805,900,59368,0
174,2022-04-01,33,11,815,908,59368,0
175,2023-02-16,33,12,809,905,59368,0
176,2023-11-05,33,19,814,911,59368,0
177,2024-10-01,33,36,812,908,59368,0
178,2025-05-03,33,11,810,908,59368,0
179,2019-12-15,34,14,803,900,37233,0
180,2020-11-10,34,18,810,900,37233,0
181,2021-09-12,34,24,802,905,39259,0
182,2022-03-11,34,14,812,905,39259,0
183,2022-11-26,34,35,800,901,39259,0
184,2023-09-13,34,35,808,902,41285,0
185,2024-05-03,34,21,802,910,41285,0
186,2025-03-30,34,23,800,900,41285,0
187,2021-10-13,35,33,810,908,69547,0
188,2022-06-07,35,25,801,908,69547,0
189,2023-01-31,35,25,811,900,69547,0
190,2023-12-19,35,22,808,911,69547,0
191,2024-06-27,35,28,810,903,69547,0
192,2025-03-21,35,23,801,909,69547,0
193,2021-08-25,37,20,805,901,63742,0
194,2022-03-24,37,12,815,902,63742,0
195,2023-01-15,37,20,815,909,63742,0
196,2023-07-18,37,34,806,907,63742,0
197,2024-05-24,37,30,804,911,63742,0
198,2025-05-08,37,27,800,905,63742,0
199,2017-01-27,38,12,807,902,49816,0
200,2018-01-09,38,39,812,904,49816,0
201,2018-07-14,38,35,810,904,49816,0
202,2019-06-04,38,30,800,908,49816,0
203,2020-01-23,38,29,813,911,49816,0
204,2020-12-02,38,25,804,911,49816,0
205,2021-08-18,38,34,810,910,49816,0
206,2022-07-22,38,10,808,901,49816,0
207,2023-02-16,38,20,802,911,49816,0
208,2024-01-16,38,30,815,911,49816,0
209,2024-12-27,38,13,810,904,51577,0
210,2019-03-24,39,29,804,903,70785,0
211,2019-10-24,39,30,811,906,70785,0
212,2020-07-10,39,17,815,910,70785,0
213,2021-01-20,39,17,800,906,70785,0
214,2021-12-25,39,22,803,907,70785,0
215,2022-11-23,39,24,811,907,70785,0
216,2023-11-11,39,11,812,908,75304,0
217,2024-07-19,39,35,804,907,75304,0
218,2025-05-27,39,18,810,901,75304,0
219,2024-08-10,40,12,801,902,59301,0
220,2025-05-23,40,20,813,910,59301,0
221,2025-05-30,41,24,812,907,35896,0
222,2020-07-21,42,36,814,911,76732,0
223,2021-02-19,42,38,812,903,79251,0
224,2021-12-23,42,39,814,904,79251,0
225,2022-08-27,42,12,810,903,79251,0
226,2023-07-10,42,39,808,907,79251,0
227,2024-04-05,42,18,802,905,79251,0
228,2024-10-29,42,15,802,904,79251,0
229,2025-05-07,42,29,804,905,79251,0
230,2021-07-07,43,23,803,906,80394,0
231,2022-01-29,43,15,810,911,87167,0
232,2022-08-22,43,40,800,903,87167,0
233,2023-03-30,43,18,807,908,87167,0
234,2024-01-11,43,10,803,908,87167,0
235,2024-08-11,43,18,811,907,94595,0
236,2025-06-30,43,21,815,907,94595,0
237,2020-08-29,44,23,806,902,62103,0
238,2021-05-14,44,39,815,906,62103,0
239,2022-01-06,44,24,803,903,64304,0
240,2022-12-29,44,11,803,907,64304,0
241,2023-07-08,44,16,815,909,64304,0
242,2024-03-16,44,36,809,905,64304,0
243,2025-03-04,44,29,809,902,64304,0
244,2018-10-02,46,15,810,903,65354,0
245,2019-04-19,46,23,815,902,65354,0
246,2020-02-11,46,25,808,909,65354,0
247,2020-08-28,46,29,807,909,65354,0
248,2021-03-07,46,12,803,910,68907,0
249,2022-02-08,46,27,809,907,68907,0
250,2022-11-21,46,11,809,910,68907,0
251,2023-06-13,46,23,800,900,68907,0
252,2024-01-21,46,13,804,900,68907,0
253,2024-12-30,46,32,804,900,68907,0
254,2023-04-03,47,27,809,909,47271,0
255,2024-01-08,47,13,803,901,47271,0
256,2024-10-07,47,11,806,904,47271,0
257,2025-04-08,47,15,815,900,47271,0
258,2024-08-03,48,15,810,905,65999,0
259,2024-03-18,49,37,809,905,71213,0
260,2024-10-29,49,17,810,910,71213,0
261,2023-04-26,50,34,811,905,60151,0
262,2023-10-28,50,38,804,903,60151,0
263,2024-09-24,50,24,814,902,60151,0
264,2025-05-19,50,29,803,911,60151,0
265,2024-02-22,52,30,815,907,74389,0
266,2025-02-02,52,34,810,904,74389,0
267,2020-03-07,53,20,805,906,38884,0
268,2020-11-28,53,22,810,911,38884,0
269,2021-09-24,53,28,800,910,38884,0
270,2022-05-26,53,14,811,908,38884,0
271,2023-05-10,53,25,802,908,38884,0
272,2023-11-17,53,40,808,908,38884,0
273,2024-11-03,53,10,803,901,41739,0
274,2025-06-16,53,40,807,905,41739,0
275,2024-02-05,54,38,815,903,51704,0
276,2024-10-14,54,16,803,910,51704,0
277,2025-04-15,54,15,813,908,51704,0
278,2024-12-07,55,28,808,909,78725,0
279,2023-07-05,56,28,800,903,61480,0
280,2024-02-11,56,15,804,904,61480,0
281,2024-12-14,56,18,803,900,65016,0
282,2016-06-01,57,14,807,907,80726,0
283,2017-03-21,57,14,808,908,80726,0
284,2017-09-20,57,36,808,911,80726,0
285,2018-08-06,57,31,809,906,80726,0
286,2019-04-18,57,35,803,900,80726,0
287,2020-03-31,57,15,812,911,80726,0
288,2020-10-03,57,23,810,900,80726,0
289,2021-06-19,57,28,806,909,80726,0
290,2022-03-11,57,32,812,900,87724,0
291,2023-01-07,57,25,809,908,92391,0
292,2023-08-18,57,32,808,902,92391,0
293,2024-04-15,57,16,815,903,92391,0
294,2024-12-21,57,26,814,903,95746,0
295,2017-06-18,58,10,815,907,49608,0
296,2018-03-18,58,30,805,907,49608,0
297,2019-03-13,58,20,814,901,49608,0
298,2020-01-27,58,38,812,901,51756,0
299,2021-01-18,58,22,803,910,51756,0
300,2021-08-19,58,12,805,901,51756,0
301,2022-03-17,58,14,802,901,51756,0
302,2022-12-11,58,24,813,904,51756,0
303,2023-09-16,58,16,809,910,51756,0
304,2024-05-11,58,26,809,902,51756,0
305,2024-11-11,58,36,813,910,51756,0
306,2021-06-21,59,16,811,910,48764,0
307,2022-02-10,59,29,812,904,48764,0
308,2022-10-07,59,30,809,908,48764,0
309,2023-06-05,59,24,806,907,48764,0
310,2024-02-25,59,29,814,909,48764,0
311,2024-08-24,59,24,812,906,48764,0
312,2018-10-08,60,15,800,906,48420,0
313,2019-07-10,60,12,811,909,48420,0
314,2020-02-02,60,29,814,911,48420,0
315,2020-11-12,60,16,811,904,48420,0
316,2021-07-28,60,15,802,901,48420,0
317,2022-04-17,60,17,804,907,48420,0
318,2022-12-02,60,34,803,901,48420,0
319,2023-10-01,60,17,800,909,48420,0
320,2024-08-23,60,28,801,902,48420,0
321,2025-03-31,60,30,806,911,48420,0
322,2017-11-02,61,40,808,910,37939,0
323,2018-09-15,61,23,814,908,40235,0
324,2019-03-16,61,29,806,903,40235,0
325,2019-10-03,61,13,800,905,40235,0
326,2020-07-11,61,22,811,902,43171,0
327,2021-05-21,61,20,807,902,43171,0
328,2021-12-10,61,10,813,904,43171,0
329,2022-06-24,61,26,811,900,43171,0
330,2023-03-07,61,31,808,908,43171,0
331,2023-12-06,61,36,812,901,45812,0
332,2024-11-06,61,28,804,911,45812,0
333,2025-06-28,61,40,814,911,45812,0
334,2022-10-15,62,40,800,904,76652,0
335,2023-07-30,62,38,815,911,76652,0
336,2024-04-08,62,21,811,901,76652,0
337,2025-01-27,62,11,813,911,76652,0
338,2018-09-20,63,26,810,902,84933,0
339,2019-05-15,63,39,813,910,84933,0
340,2020-01-21,63,30,800,908,88948,0
341,2020-07-23,63,30,808,910,88948,0
342,2021-02-25,63,25,807,911,88948,0
343,2021-09-22,63,13,803,908,88948,0
344,2022-05-15,63,26,814,902,88948,0
345,2023-04-29,63,34,803,906,88948,0
346,2024-03-29,63,38,807,909,88948,0
347,2024-12-18,63,39,808,910,96508,0
348,2019-10-16,64,18,810,903,82349,0
349,2020-08-01,64,12,810,908,82349,0
350,2021-05-17,64,39,803,903,82349,0
351,2021-12-20,64,34,809,907,82349,0
352,2022-07-05,64,18,811,902,82349,0
353,2023-01-06,64,26,804,911,82349,0
354,2023-08-27,64,22,815,907,82349,0
355,2024-08-15,64,15,805,905,82349,0
356,2020-05-31,65,30,809,907,67887,0
357,2021-01-24,65,29,809,900,67887,0
358,2021-12-17,65,20,801,902,67887,0
359,2022-09-25,65,27,800,906,67887,0
360,2023-07-30,65,11,810,905,67887,0
361,2024-05-13,65,28,814,904,67887,0
362,2024-12-01,65,10,801,903,67887,0
363,2025-06-30,65,21,812,902,67887,0
364,2017-02-24,66,39,808,900,53787,0
365,2017-11-03,66,26,813,904,53787,0
366,2018-06-27,66,31,814,904,53787,0
367,2019-06-07,66,36,802,900,53787,0
368,2020-01-31,66,13,810,911,53787,0
369,2020-12-31,66,14,808,903,53787,0
370,2021-10-31,66,19,807,906,53787,0
371,2022-06-28,66,13,810,909,53787,0
372,2023-03-16,66,39,805,900,53787,0
373,2024-02-24,66,26,802,900,53787,0
374,2024-11-02,66,20,803,906,53787,0
375,2025-03-28,67,37,805,909,75778,0
376,2021-08-30,68,31,811,903,72469,0
377,2022-04-12,68,26,810,907,72469,0
378,2022-10-25,68,30,810,910,79539,0
379,2023-08-17,68,31,808,904,79539,0
380,2024-04-12,68,11,812,903,79539,0
381,2024-11-18,68,33,814,905,79539,0
382,2019-01-18,69,26,806,904,54417,0
383,2019-12-21,69,16,815,906,54417,0
384,2020-08-17,69,23,803,900,54417,0
385,2021-06-30,69,34,804,906,54417,0
386,2022-03-31,69,10,802,908,54417,0
387,2023-01-07,69,15,809,903,54417,0
388,2023-10-19,69,18,809,900,57253,0
389,2024-05-29,69,13,807,906,57253,0
390,2024-11-28,69,26,807,905,62132,0
391,2017-08-25,71,24,800,902,78701,0
392,2018-04-01,71,22,807,903,78701,0
393,2019-03-22,71,11,815,906,81426,0
394,2020-02-22,71,40,812,905,81426,0
395,2020-11-13,71,31,809,905,81426,0
396,2021-08-14,71,15,808,910,81426,0
397,2022-05-01,71,23,812,904,81426,0
398,2023-02-11,71,30,802,911,81426,0
399,2023-12-26,71,15,804,906,81426,0
400,2024-06-23,71,25,814,909,81426,0
401,2025-01-21,71,37,802,906,81426,0
402,2023-02-16,73,28,801,908,36531,0
403,2023-09-27,73,30,802,905,36531,0
404,2024-08-02,73,18,801,910,36531,0
405,2025-02-22,73,14,815,906,36531,0
406,2021-05-26,74,39,805,904,62625,0
407,2022-02-16,74,25,814,908,62625,0
408,2022-11-21,74,33,812,905,62625,0
409,2023-11-01,74,11,813,906,62625,0
410,2024-08-22,74,20,801,908,62625,0
411,2019-10-02,75,27,805,902,65509,0
412,2020-08-09,75,33,800,911,65509,0
413,2021-07-13,75,40,815,900,65509,0
414,2022-06-03,75,30,808,902,65509,0
415,2023-02-22,75,34,809,909,65509,0
416,2023-09-11,75,36,802,909,65509,0
417,2024-07-02,75,30,810,909,69508,0
418,2025-01-27,75,25,812,910,69508,0
419,2018-06-27,76,13,811,901,43069,0
420,2019-04-16,76,24,804,911,43069,0
421,2019-10-21,76,32,808,906,43069,0
422,2020-10-01,76,35,805,908,43069,0
423,2021-04-30,76,24,813,908,43069,0
424,2022-01-21,76,34,805,911,43069,0
425,2022-11-19,76,33,813,911,43069,0
426,2023-08-22,76,25,800,909,43069,0
427,2024-07-12,76,11,802,908,43069,0
428,2025-03-05,76,25,809,900,43069,0
429,2019-02-10,78,26,815,910,43966,0
430,2019-08-31,78,40,813,908,43966,0
431,2020-04-22,78,20,812,900,43966,0
432,2020-10-31,78,12,808,905,45976,0
433,2021-09-01,78,29,810,905,45976,0
434,2022-04-07,78,14,806,908,45976,0
435,2023-01-31,78,24,812,910,45976,0
436,2023-08-03,78,28,814,900,45976,0
437,2024-06-08,78,20,804,907,45976,0
438,2024-12-11,78,12,811,902,45976,0
439,2016-07-13,79,37,810,911,71289,0
440,2017-02-15,79,21,810,910,71289,0
441,2018-01-03,79,12,808,906,77110,0
442,2018-10-16,79,34,815,905,77110,0
443,2019-05-05,79,34,803,905,84263,0
444,2019-11-29,79,24,805,911,84263,0
445,2020-11-21,79,30,805,910,84263,0
446,2021-09-13,79,21,803,911,84263,0
447,2022-06-19,79,24,815,901,84263,0
448,2023-04-30,79,31,804,902,84263,0
449,2023-11-20,79,18,804,906,84263,0
450,2024-05-23,79,32,810,911,84263,0
451,2025-02-22,79,10,813,911,84263,0
452,2018-10-24,80,29,814,906,61413,0
453,2019-07-02,80,33,810,905,61413,0
454,2020-03-21,80,39,813,906,61413,0
455,2021-02-13,80,27,811,910,61413,0
456,2021-09-25,80,37,802,909,61413,0
457,2022-07-26,80,24,802,910,61413,0
458,2023-03-26,80,24,813,906,61413,0
459,2023-10-13,80,31,800,910,61413,0
460,2024-08-21,80,37,806,905,61413,0
461,2025-04-08,80,21,815,902,61413,0
462,2019-05-08,81,28,815,911,70143,0
463,2019-11-30,81,16,802,907,76632,0
464,2020-10-19,81,37,804,900,76632,0
465,2021-08-03,81,29,806,910,76632,0
466,2022-07-09,81,26,802,903,76632,0
467,2023-01-10,81,22,807,902,76632,0
468,2023-12-28,81,21,804,902,76632,0
469,2024-10-29,81,28,807,907,81646,0
470,2025-05-01,81,19,809,906,88328,0
471,2018-02-19,82,18,813,908,62956,0
472,2018-09-25,82,20,815,911,62956,0
473,2019-07-15,82,22,815,907,62956,0
474,2020-03-28,82,24,809,910,62956,0
475,2021-01-17,82,23,805,904,62956,0
476,2021-07-22,82,17,802,902,62956,0
477,2022-05-05,82,23,800,905,62956,0
478,2023-01-18,82,23,811,906,62956,0
479,2023-09-29,82,20,808,904,62956,0
480,2024-04-04,82,12,812,909,62956,0
481,2024-12-28,82,25,809,906,62956,0
482,2024-12-25,84,36,812,901,53671,0
483,2022-12-23,85,34,810,908,66225,0
484,2023-09-16,85,16,804,901,66225,0
485,2024-06-18,85,33,814,904,68973,0
486,2025-02-18,85,33,808,906,68973,0
487,2019-12-24,86,40,811,910,60888,0
488,2020-11-05,86,30,806,903,60888,0
489,2021-10-23,86,18,809,900,60888,0
490,2022-07-18,86,35,811,905,60888,0
491,2023-02-17,86,38,802,911,60888,0
492,2023-09-19,86,21,812,910,60888,0
493,2024-06-26,86,26,811,903,60888,0
494,2025-06-08,86,35,809,906,60888,0
495,2024-04-06,87,27,800,902,66632,0
496,2025-03-11,87,17,801,904,66632,0
497,2017-02-26,88,30,808,911,43570,0
498,2018-01-31,88,38,811,900,43570,0
499,2018-09-07,88,27,800,911,43570,0
500,2019-05-19,88,37,815,905,43570,0
501,2020-02-09,88,27,804,911,43570,0
502,2020-10-05,88,34,807,910,43570,0
503,2021-07-31,88,34,810,909,43570,0
504,2022-03-09,88,38,806,904,43570,0
505,2022-11-17,88,15,805,907,43570,0
506,2023-09-11,88,10,807,910,43570,0
507,2024-08-14,88,14,810,904,43570,0
508,2025-06-15,88,25,805,903,43570,0
509,2025-02-23,89,26,815,903,81801,0
510,2021-01-16,90,36,814,911,82910,0
511,2021-12-14,90,11,811,902,82910,0
512,2022-10-06,90,17,811,902,82910,0
513,2023-04-23,90,32,810,909,82910,0
514,2024-03-04,90,13,811,911,82910,0
515,2024-12-19,90,13,813,906,82910,0
516,2023-05-27,91,22,815,909,53030,0
517,2024-05-18,91,38,813,905,54867,0
518,2025-03-31,91,12,813,905,54867,0
519,2016-08-02,92,40,811,904,66353,0
520,2017-07-05,92,33,808,906,66353,0
521,2018-03-08,92,34,811,904,66353,0
522,2018-12-08,92,38,800,902,66353,0
523,2019-06-23,92,25,814,905,66353,0
524,2020-01-08,92,37,815,902,66353,0
525,2020-07-07,92,23,815,900,71311,0
526,2021-01-12,92,19,805,900,71311,0
527,2021-11-29,92,14,813,911,71311,0
528,2022-11-12,92,38,809,902,71311,0
529,2023-08-26,92,18,800,910,71311,0
530,2024-03-11,92,21,813,904,71311,0
531,2024-12-27,92,28,804,906,71311,0
532,2022-07-12,93,25,813,901,44976,0
533,2023-03-02,93,34,803,907,44976,0
534,2023-12-23,93,21,809,907,44976,0
535,2024-08-04,93,30,813,900,44976,0
536,2025-05-25,93,18,806,907,44976,0
537,2020-03-17,94,21,800,909,52724,0
538,2020-12-13,94,37,812,905,52724,0
539,2021-07-23,94,25,814,911,54794,0
540,2022-03-20,94,40,813,910,54794,0
541,2022-11-17,94,22,806,905,54794,0
542,2023-07-08,94,31,814,907,54794,0
543,2024-05-19,94,33,804,902,54794,0
544,2025-01-10,94,14,801,909,54794,0
545,2024-12-17,95,35,803,901,69587,0
546,2025-06-19,95,30,804,904,69587,0
547,2024-12-31,96,37,813,904,59764,0
548,2021-05-23,97,23,802,901,66398,0
549,2022-04-11,97,26,806,904,66398,0
550,2023-03-04,97,25,807,907,66398,0
551,2023-12-25,97,26,815,910,66398,0
552,2024-11-28,97,24,803,910,66398,0
553,2021-12-26,98,15,804,910,80615,0
554,2022-09-07,98,16,800,907,80615,0
555,2023-07-10,98,39,805,904,80615,0
556,2024-05-26,98,27,814,907,80615,0
557,2024-12-01,98,40,800,906,80615,0
558,2018-08-07,99,40,814,910,58260,0
559,2019-07-28,99,31,804,909,58260,0
560,2020-03-22,99,14,811,907,58260,0
561,2021-02-13,99,33,813,906,58260,0
562,2022-01-23,99,21,815,908,58260,0
563,2022-08-16,99,33,811,900,58260,0
564,2023-07-13,99,24,803,900,58260,0
565,2024-04-17,99,21,806,907,58260,0
566,2024-12-27,99,25,804,908,58260,0
567,2017-06-30,100,13,800,901,56912,0
568,2018-04-13,100,20,810,909,56912,0
569,2019-03-23,100,15,810,909,56912,0
570,2019-09-19,100,32,808,902,56912,0
571,2020-05-22,100,25,811,908,56912,0
572,2021-03-12,100,22,800,900,56912,0
573,2021-10-30,100,28,809,905,62046,0
574,2022-06-26,100,21,804,902,62046,0
575,2023-03-12,100,13,800,910,62046,0
576,2023-09-19,100,29,815,900,62046,0
577,2024-08-15,100,15,801,902,62046,0
578,2025-02-23,100,13,808,905,62046,0
579,2021-05-19,101,28,805,910,62391,0
580,2022-01-04,101,38,802,909,62391,0
581,2022-09-18,101,19,805,902,62391,0
582,2023-06-08,101,33,805,905,62391,0
583,2024-01-05,101,15,802,911,62391,0
584,2024-12-12,101,12,801,906,62391,0
585,2023-03-24,102,29,810,911,67224,0
586,2023-10-20,102,11,804,903,67224,0
587,2024-10-08,102,39,809,903,67224,0
588,2025-06-14,102,30,809,905,67224,0
589,2019-07-25,103,33,802,902,47373,0
590,2020-06-23,103,11,806,909,47373,0
591,2021-05-04,103,37,809,907,47373,0
592,2021-12-10,103,34,807,908,47373,0
593,2022-09-26,103,20,813,904,47373,0
594,2023-03-31,103,16,813,909,47373,0
595,2023-10-30,103,39,805,903,47373,0
596,2024-10-23,103,17,802,905,51788,0
597,2025-05-20,103,29,802,909,51788,0
598,2018-11-14,104,14,806,902,77381,0
599,2019-10-24,104,10,813,905,77381,0
600,2020-10-08,104,18,803,911,77381,0
601,2021-09-30,104,11,811,908,77381,0
602,2022-06-09,104,19,815,901,77381,0
603,2023-02-03,104,39,811,906,77381,0
604,2023-09-13,104,14,812,900,77381,0
605,2024-05-07,104,13,805,903,77381,0
606,2025-02-28,104,35,801,905,77381,0
607,2024-05-08,105,34,815,906,60761,0
608,2025-01-12,105,14,803,905,60761,0
609,2023-03-17,106,18,810,905,83650,0
610,2023-10-16,106,23,811,909,83650,0
611,2024-07-18,106,39,800,904,83650,0
612,2025-01-23,106,23,813,911,83650,0
613,2022-01-16,107,17,813,910,64009,0
614,2022-11-14,107,32,811,911,64009,0
615,2023-06-27,107,27,808,901,64009,0
616,2024-03-05,107,25,812,908,64009,0
617,2025-02-27,107,23,804,909,64009,0
618,2021-08-26,108,27,802,906,62392,0
619,2022-04-15,108,23,800,901,62392,0
620,2023-01-25,108,17,807,911,62392,0
621,2023-08-01,108,27,806,910,62392,0
622,2024-02-11,108,15,803,904,62392,0
623,2024-12-04,108,26,812,900,62392,0
624,2021-09-17,109,13,803,910,64776,0
625,2022-08-20,109,16,806,911,64776,0
626,2023-08-15,109,12,809,907,64776,0
627,2024-02-15,109,11,807,901,64776,0
628,2024-11-23,109,29,801,903,64776,0
629,2018-11-27,110,38,804,907,35643,0
630,2019-07-17,110,33,811,901,35643,0
631,2020-03-18,110,17,808,906,37119,0
632,2020-12-30,110,32,808,910,37119,0
633,2021-08-31,110,27,800,907,37119,0
634,2022-04-15,110,25,806,906,37119,0
635,2023-02-27,110,26,811,904,39657,0
636,2023-10-16,110,17,802,902,39657,0
637,2024-08-28,110,12,802,909,39657,0
638,2023-07-22,111,38,800,903,48030,0
639,2024-05-07,111,39,803,901,48030,0
640,2025-02-24,111,36,810,909,48030,0
641,2019-11-05,112,24,801,900,39206,0
642,2020-07-18,112,37,809,909,39206,0
643,2021-05-25,112,11,809,900,39206,0
644,2022-02-16,112,15,806,906,39206,0
645,2022-10-04,112,14,805,905,41511,0
646,2023-05-15,112,24,801,904,41511,0
647,2024-04-10,112,14,812,906,44675,0
648,2024-11-14,112,10,802,903,44675,0
649,2019-04-02,115,30,814,907,65934,0
650,2019-11-26,115,11,813,904,65934,0
651,2020-09-10,115,27,814,901,69642,0
652,2021-04-19,115,39,815,910,69642,0
653,2022-02-20,115,24,805,911,69642,0
654,2022-11-22,115,39,800,901,69642,0
655,2023-10-09,115,11,800,904,69642,0
656,2024-07-22,115,17,810,911,69642,0
657,2025-01-27,115,35,804,900,69642,0
658,2017-09-28,116,39,801,903,44067,0
659,2018-04-23,116,29,809,908,44067,0
660,2018-12-20,116,39,803,908,44067,0
661,2019-09-18,116,39,815,900,44067,0
662,2020-08-01,116,27,807,908,44067,0
663,2021-03-09,116,15,807,900,47835,0
664,2022-03-01,116,31,815,905,47835,0
665,2023-01-07,116,26,803,903,47835,0
666,2023-09-11,116,38,814,909,47835,0
667,2024-05-12,116,28,805,901,47835,0
668,2025-02-20,116,31,811,907,47835,0
669,2017-04-03,117,34,807,901,70845,0
670,2017-12-25,117,11,811,910,70845,0
671,2018-12-10,117,18,806,902,70845,0
672,2019-11-08,117,12,807,905,70845,0
673,2020-07-05,117,39,808,900,75753,0
674,2021-06-11,117,33,810,903,75753,0
675,2021-12-23,117,10,810,902,75753,0
676,2022-06-21,117,40,800,900,75753,0
677,2023-04-07,117,24,807,901,75753,0
678,2024-03-31,117,33,801,902,75753,0
679,2024-10-28,117,19,805,907,75753,0
680,2025-06-09,117,31,813,908,75753,0
681,2023-01-08,118,10,813,909,53731,0
682,2023-07-30,118,33,805,901,53731,0
683,2024-02-29,118,28,812,906,53731,0
684,2025-02-19,118,20,803,902,53731,0
685,2019-03-18,119,32,809,901,53013,0
686,2019-12-01,119,24,810,901,53013,0
687,2020-11-05,119,18,803,905,53013,0
688,2021-06-12,119,15,807,907,56687,0
689,2022-01-23,119,20,808,902,56687,0
690,2022-08-09,119,22,802,908,56687,0
691,2023-07-19,119,24,810,906,56687,0
692,2024-07-03,119,20,815,908,56687,0
693,2025-05-28,119,25,800,906,56687,0
694,2025-01-30,120,11,806,902,50138,0
695,2019-07-24,121,20,812,907,69284,0
696,2020-03-11,121,40,807,908,69284,0
697,2020-12-29,121,39,814,908,69284,0
698,2021-09-26,121,40,803,902,71999,0
699,2022-05-23,121,33,814,909,71999,0
700,2023-03-04,121,14,805,903,71999,0
701,2023-10-04,121,18,813,900,71999,0
702,2024-05-02,121,25,813,901,71999,0
703,2025-03-06,121,15,810,908,71999,0
704,2022-08-19,122,25,801,904,65741,0
705,2023-08-08,122,12,801,902,65741,0
706,2024-05-27,122,29,803,909,65741,0
707,2025-01-31,122,24,800,905,65741,0
708,2022-10-03,123,20,808,909,69365,0
709,2023-04-30,123,32,807,906,69365,0
710,2024-01-03,123,32,801,903,71617,0
711,2024-09-29,123,11,802,904,71617,0
712,2016-12-27,124,10,810,907,64417,0
713,2017-07-19,124,38,808,909,64417,0
714,2018-05-24,124,17,804,911,67312,0
715,2019-03-11,124,30,802,910,67312,0
716,2019-10-16,124,29,813,907,71981,0
717,2020-08-25,124,20,806,906,74431,0
718,2021-07-14,124,31,805,908,74431,0
719,2022-05-22,124,29,801,909,74431,0
720,2023-05-16,124,30,812,907,74431,0
721,2023-11-28,124,39,802,905,74431,0
722,2024-11-14,124,31,811,911,74431,0
723,2018-08-23,125,20,808,900,50216,0
724,2019-07-21,125,27,800,900,50216,0
725,2020-06-22,125,15,800,906,50216,0
726,2021-01-03,125,18,815,910,50216,0
727,2021-08-20,125,31,801,902,50216,0
728,2022-07-18,125,21,806,903,52665,0
729,2023-05-18,125,34,815,907,52665,0
730,2024-01-17,125,33,812,902,52665,0
731,2024-07-29,125,11,806,900,52665,0
732,2025-03-12,125,20,811,911,52665,0
733,2022-09-30,126,39,811,906,83213,0
734,2023-03-29,126,10,809,904,83213,0
735,2024-03-13,126,40,801,908,83213,0
736,2024-12-22,126,11,812,903,83213,0
737,2022-04-03,127,40,802,903,56412,0
738,2023-02-14,127,17,808,903,56412,0
739,2023-09-27,127,31,804,907,56412,0
740,2024-06-28,127,26,807,909,56412,0
741,2025-06-02,127,30,801,911,56412,0
742,2017-03-01,128,26,809,908,60753,0
743,2017-10-08,128,36,805,904,60753,0
744,2018-06-15,128,19,800,904,60753,0
745,2019-05-26,128,18,803,901,64276,0
746,2019-12-24,128,15,806,903,64276,0
747,2020-07-07,128,17,806,910,64276,0
748,2021-02-24,128,34,803,905,64276,0
749,2021-10-29,128,14,815,904,64276,0
750,2022-09-06,128,28,805,909,64276,0
751,2023-05-29,128,37,802,904,64276,0
752,2024-04-11,128,13,800,907,64276,0
753,2025-03-23,128,33,815,907,64276,0
754,2019-12-02,129,14,809,909,58178,0
755,2020-07-20,129,31,805,904,63266,0
756,2021-02-22,129,34,812,902,63266,0
757,2021-12-16,129,38,801,909,63266,0
758,2022-11-08,129,30,811,903,63266,0
759,2023-06-14,129,21,808,902,63266,0
760,2024-03-23,129,22,812,910,63266,0
761,2024-11-26,129,17,808,911,63266,0
762,2025-06-04,129,30,813,908,63266,0
763,2021-01-10,130,33,813,908,46691,0
764,2021-11-21,130,30,812,909,46691,0
765,2022-09-16,130,18,804,905,46691,0
766,2023-06-23,130,29,813,902,50913,0
767,2024-05-05,130,38,809,903,50913,0
768,2024-12-15,130,28,815,902,50913,0
769,2022-10-25,131,30,809,901,78569,0
770,2023-10-17,131,10,804,900,78569,0
771,2024-04-25,131,18,800,908,78569,0
772,2025-03-06,131,40,815,905,78569,0
773,2017-02-13,132,26,803,910,35549,0
774,2017-08-17,132,25,806,900,38728,0
775,2018-05-14,132,31,812,905,38728,0
776,2019-04-28,132,29,814,910,38728,0
777,2020-04-18,132,28,813,901,42278,0
778,2020-11-10,132,22,813,903,44337,0
779,2021-10-06,132,35,807,908,44337,0
780,2022-09-05,132,17,800,908,44337,0
781,2023-07-03,132,14,806,910,44337,0
782,2024-05-21,132,23,801,902,44337,0
783,2024-12-18,132,32,803,904,44337,0
784,2022-02-06,133,34,814,910,39798,0
785,2022-08-08,133,17,808,905,39798,0
786,2023-06-15,133,26,807,909,39798,0
787,2024-01-24,133,12,806,911,39798,0
788,2024-09-29,133,30,809,905,39798,0
789,2025-06-05,133,26,805,907,39798,0
790,2022-09-19,134,32,812,906,73217,0
791,2023-05-14,134,37,807,901,73217,0
792,2024-03-03,134,18,807,904,73217,0
793,2025-02-05,134,24,802,901,73217,0
794,2022-07-30,135,38,802,905,81817,0
795,2023-04-28,135,16,806,900,81817,0
796,2024-03-30,135,38,801,908,81817,0
797,2024-12-31,135,15,811,900,81817,0
798,2020-12-23,137,24,812,904,40628,0
799,2021-06-27,137,13,813,908,40628,0
800,2022-03-05,137,33,803,910,40628,0
801,2023-02-25,137,37,805,908,40628,0
802,2024-02-16,137,28,805,906,40628,0
803,2024-11-01,137,34,804,906,43746,0
804,2023-05-04,138,35,810,901,35350,0
805,2023-11-29,138,19,801,910,35350,0
806,2024-05-31,138,33,805,901,35350,0
807,2025-03-23,138,10,805,906,35350,0
808,2024-04-01,139,15,805,908,36669,0
809,2024-10-02,139,35,803,903,36669,0
810,2025-04-06,139,21,811,906,36669,0
811,2019-11-04,140,18,803,911,50792,0
812,2020-06-25,140,40,805,901,55591,0
813,2021-05-08,140,12,803,909,55591,0
814,2022-01-13,140,38,800,910,55591,0
815,2022-11-19,140,21,811,904,60920,0
816,2023-07-28,140,16,809,903,60920,0
817,2024-03-02,140,26,815,904,60920,0
818,2024-10-04,140,39,802,911,60920,0
819,2025-04-20,140,15,810,911,60920,0
820,2021-09-17,141,40,802,903,41025,0
821,2022-08-19,141,17,801,902,41025,0
822,2023-06-27,141,30,807,904,41025,0
823,2024-06-20,141,16,811,909,41025,0
824,2025-02-05,141,40,804,908,41025,0
825,2020-02-19,142,13,807,904,53753,0
826,2020-12-22,142,36,810,903,53753,0
827,2021-11-10,142,18,806,908,53753,0
828,2022-10-04,142,19,806,907,53753,0
829,2023-05-06,142,26,812,908,53753,0
830,2024-01-03,142,24,813,905,53753,0
831,2024-10-01,142,36,812,911,53753,0
832,2025-05-08,142,23,802,900,53753,0
833,2017-07-19,143,25,802,903,40282,0
834,2018-01-17,143,23,815,902,40282,0
835,2018-10-14,143,26,805,900,40282,0
836,2019-10-08,143,11,806,900,40282,0
837,2020-07-15,143,12,805,903,40282,0
838,2021-05-05,143,13,813,908,42127,0
839,2022-04-16,143,36,809,907,42127,0
840,2023-02-11,143,30,814,911,42127,0
841,2023-09-14,143,25,809,904,42127,0
842,2024-05-26,143,29,800,906,42127,0
843,2025-04-17,143,27,807,910,42127,0
844,2025-01-21,144,23,800,911,44907,0
845,2024-06-25,145,36,804,908,68799,0
846,2025-05-27,145,33,801,904,68799,0
847,2019-12-01,146,27,812,905,55581,0
848,2020-06-09,146,17,801,907,55581,0
849,2021-02-08,146,22,808,910,55581,0
850,2021-08-25,146,23,807,906,55581,0
851,2022-04-14,146,17,806,901,55581,0
852,2022-12-05,146,35,801,903,55581,0
853,2023-07-15,146,35,800,903,55581,0
854,2024-03-26,146,14,800,904,55581,0
855,2024-10-07,146,11,801,901,55581,0
856,2025-05-23,146,18,815,909,55581,0
857,2023-09-13,147,39,807,901,44168,0
858,2024-06-26,147,22,813,906,44168,0
859,2025-02-10,147,36,801,905,44168,0
860,2020-11-12,148,12,808,907,46627,0
861,2021-11-07,148,29,807,908,46627,0
862,2022-06-24,148,36,813,906,46627,0
863,2023-06-09,148,31,814,900,46627,0
864,2024-01-23,148,10,802,909,46627,0
865,2024-12-25,148,13,802,901,46627,0
866,2021-04-09,149,22,815,908,46372,0
867,2022-03-08,149,18,809,905,46372,0
868,2022-12-17,149,35,803,911,46372,0
869,2023-07-08,149,37,814,900,46372,0
870,2024-01-09,149,20,812,908,46372,0
871,2024-09-08,149,18,808,910,46372,0
872,2025-05-28,149,23,801,910,46372,0
873,2016-10-04,150,29,809,903,75322,0
874,2017-09-06,150,31,805,908,75322,0
875,2018-05-05,150,28,810,910,75322,0
876,2019-01-07,150,33,804,901,75322,0
877,2019-09-03,150,40,802,900,75322,0
878,2020-05-07,150,18,805,910,75322,0
879,2021-01-10,150,15,813,901,75322,0
880,2021-09-21,150,14,812,904,75322,0
881,2022-09-13,150,15,810,903,75322,0
882,2023-07-14,150,24,814,909,75322,0
883,2024-04-13,150,24,808,908,75322,0
884,2024-10-21,150,36,811,903,75322,0
885,2021-08-11,151,32,809,902,41959,0
886,2022-05-16,151,23,803,908,46023,0
887,2023-03-03,151,28,803,908,46023,0
888,2024-02-06,151,13,808,902,46023,0
889,2024-09-15,151,17,815,907,46023,0
890,2025-04-22,151,37,813,902,46023,0
891,2024-03-02,152,40,810,905,52340,0
892,2024-10-09,152,40,803,910,52340,0
893,2021-01-15,153,39,810,903,37709,0
894,2021-10-23,153,40,802,911,37709,0
895,2022-09-30,153,35,815,904,37709,0
896,2023-08-09,153,29,810,909,37709,0
897,2024-05-05,153,26,815,907,37709,0
898,2025-02-10,153,18,801,908,37709,0
899,2021-05-14,155,22,809,910,45490,0
900,2022-01-19,155,11,801,903,47713,0
901,2022-11-03,155,35,803,906,47713,0
902,2023-10-23,155,27,814,911,47713,0
903,2024-07-09,155,23,805,905,47713,0
904,2025-01-18,155,18,800,911,47713,0
905,2020-10-31,156,38,806,901,43923,0
906,2021-06-15,156,10,807,911,43923,0
907,2021-12-18,156,39,810,909,43923,0
908,2022-12-10,156,21,811,907,43923,0
909,2023-06-27,156,21,807,905,43923,0
910,2024-02-23,156,16,812,908,43923,0
911,2024-11-13,156,34,808,905,43923,0
912,2016-05-25,157,30,806,911,53487,0
913,2017-01-18,157,27,810,908,53487,0
914,2017-09-19,157,40,802,911,56229,0
915,2018-06-24,157,13,812,907,56229,0
916,2019-05-01,157,32,807,911,56229,0
917,2019-12-10,157,24,808,901,56229,0
918,2020-07-28,157,22,801,905,56229,0
919,2021-05-06,157,24,813,908,56229,0
920,2022-03-16,157,25,813,903,56229,0
921,2022-11-09,157,36,803,911,56229,0
922,2023-06-28,157,11,800,902,56229,0
923,2024-05-09,157,28,812,906,56229,0
924,2025-05-04,157,15,811,910,56229,0
925,2018-07-18,159,15,810,909,69055,0
926,2019-04-27,159,13,807,904,69055,0
927,2020-02-14,159,10,813,901,69055,0
928,2020-08-13,159,29,811,900,69055,0
929,2021-04-22,159,29,805,903,69055,0
930,2021-12-28,159,13,808,908,69055,0
931,2022-09-14,159,37,810,908,71245,0
932,2023-06-25,159,23,805,902,71245,0
933,2024-02-05,159,35,812,910,71245,0
934,2025-01-18,159,29,801,900,71245,0
935,2023-03-03,160,17,804,902,54195,0
936,2023-11-29,160,21,804,902,54195,0
937,2024-07-26,160,40,809,902,54195,0
938,2025-03-17,160,21,801,901,54195,0
939,2025-03-28,161,13,805,907,79091,0
940,2023-11-19,163,22,804,901,54277,0
941,2024-08-25,163,25,807,903,54277,0
942,2025-04-18,163,19,801,911,54277,0
943,2016-12-01,164,18,801,906,49663,0
944,2017-09-21,164,30,813,908,49663,0
945,2018-05-09,164,39,802,901,49663,0
946,2018-11-10,164,27,813,901,49663,0
947,2019-05-27,164,40,808,911,49663,0
948,2020-04-03,164,31,813,902,49663,0
949,2021-02-08,164,10,803,905,49663,0
950,2021-09-30,164,31,815,909,49663,0
951,2022-06-05,164,29,807,907,49663,0
952,2023-04-21,164,23,807,903,49663,0
953,2023-12-09,164,35,800,909,49663,0
954,2024-11-21,164,21,812,900,49663,0
955,2020-10-01,165,12,813,901,81415,0
956,2021-09-26,165,15,804,910,85658,0
957,2022-09-09,165,24,809,903,85658,0
958,2023-06-03,165,37,812,903,88977,0
959,2023-12-26,165,29,807,911,88977,0
960,2024-08-14,165,27,812,905,88977,0
961,2025-05-11,165,26,801,910,88977,0
962,2023-02-02,166,32,805,911,36846,0
963,2023-10-13,166,20,814,904,36846,0
964,2024-05-17,166,16,800,910,36846,0
965,2024-11-29,166,19,815,901,36846,0
966,2018-04-02,167,32,814,911,83270,0
967,2018-10-24,167,21,800,909,83270,0
968,2019-08-30,167,13,802,908,83270,0
969,2020-03-09,167,36,806,909,83270,0
970,2020-09-23,167,21,811,904,83270,0
971,2021-07-01,167,19,808,903,83270,0
972,2022-06-17,167,34,806,908,83270,0
973,2023-01-05,167,34,807,902,83270,0
974,2023-12-08,167,27,804,905,83270,0
975,2024-10-09,167,13,806,911,83270,0
976,2019-03-09,168,22,804,904,72717,0
977,2020-03-01,168,35,811,911,72717,0
978,2021-01-19,168,37,804,904,72717,0
979,2021-12-02,168,32,801,900,72717,0
980,2022-09-04,168,40,801,908,72717,0
981,2023-08-22,168,25,802,900,72717,0
982,2024-05-07,168,36,814,909,72717,0
983,2025-01-09,168,21,805,910,72717,0
984,2017-02-25,169,38,804,903,65170,0
985,2018-02-08,169,33,810,904,65170,0
986,2018-08-13,169,26,807,904,65170,0
987,2019-04-13,169,24,806,908,65170,0
988,2019-12-08,169,16,814,909,65170,0
989,2020-11-17,169,20,812,901,65170,0
990,2021-09-07,169,11,813,906,65170,0
991,2022-06-04,169,16,812,902,65170,0
992,2023-04-22,169,10,809,905,65170,0
993,2024-02-25,169,36,802,903,70988,0
994,2025-01-15,169,24,801,904,75689,0
995,2022-09-30,170,23,812,906,80271,0
996,2023-04-11,170,19,810,910,80271,0
997,2024-03-28,170,27,801,902,80271,0
998,2024-10-05,170,22,806,908,80271,0
999,2025-06-17,170,13,801,907,80271,0
1000,2020-05-02,171,40,807,904,69620,0
1001,2021-01-24,171,28,813,909,69620,0
1002,2021-11-29,171,34,814,901,69620,0
1003,2022-08-21,171,38,809,907,69620,0
1004,2023-06-17,171,40,800,903,74217,0
1005,2024-02-12,171,40,801,907,74217,0
1006,2024-09-02,171,23,807,907,79504,0
1007,2025-04-30,171,21,813,900,79504,0
1008,2020-10-06,172,29,809,900,65325,0
1009,2021-09-09,172,34,807,907,65325,0
1010,2022-04-18,172,27,807,901,65325,0
1011,2023-01-25,172,15,806,906,65325,0
1012,2023-12-02,172,36,813,900,65325,0
1013,2024-08-30,172,37,808,903,65325,0
1014,2022-09-05,173,30,812,904,45960,0
1015,2023-08-03,173,18,807,910,45960,0
1016,2024-03-11,173,37,801,909,45960,0
1017,2024-09-10,173,10,814,900,45960,0
1018,2020-08-03,174,18,809,903,59544,0
1019,2021-02-26,174,35,809,909,59544,0
1020,2021-11-22,174,34,813,900,59544,0
1021,2022-07-20,174,38,806,910,59544,0
1022,2023-02-16,174,13,805,903,59544,0
1023,2023-12-09,174,23,807,903,59544,0
1024,2024-08-11,174,19,801,905,59544,0
1025,2025-05-14,174,32,808,908,59544,0
1026,2018-11-15,175,17,800,910,63724,0
1027,2019-10-23,175,35,815,902,63724,0
1028,2020-05-06,175,18,810,909,63724,0
1029,2021-03-04,175,37,811,901,63724,0
1030,2021-10-13,175,25,804,910,63724,0
1031,2022-04-11,175,18,815,911,63724,0
1032,2022-10-26,175,36,814,908,63724,0
1033,2023-10-16,175,26,801,909,63724,0
1034,2024-05-04,175,33,808,901,63724,0
1035,2025-02-15,175,19,810,906,63724,0
1036,2024-02-28,176,36,811,900,61793,0
1037,2024-10-04,176,17,813,906,61793,0
1038,2019-01-10,177,30,806,910,83036,0
1039,2019-12-02,177,40,806,901,83036,0
1040,2020-08-08,177,32,808,910,83036,0
1041,2021-07-25,177,29,800,901,83036,0
1042,2022-05-30,177,17,814,910,83036,0
1043,2023-02-10,177,39,808,900,83036,0
1044,2023-11-22,177,36,801,905,83036,0
1045,2024-10-30,177,15,809,902,86046,0
1046,2021-04-16,178,31,804,906,52852,0
1047,2022-01-02,178,20,807,907,52852,0
1048,2022-08-05,178,34,803,906,52852,0
1049,2023-02-28,178,16,801,910,52852,0
1050,2023-10-21,178,17,814,907,52852,0
1051,2024-09-21,178,37,811,905,52852,0
1052,2018-10-31,179,36,812,905,62891,0
1053,2019-10-10,179,17,810,904,62891,0
1054,2020-05-30,179,23,811,904,62891,0
1055,2021-05-15,179,27,803,907,62891,0
1056,2022-03-05,179,34,800,903,62891,0
1057,2022-09-27,179,30,804,902,62891,0
1058,2023-08-16,179,18,811,901,62891,0
1059,2024-05-11,179,18,807,907,62891,0
1060,2025-01-26,179,38,800,906,62891,0
1061,2020-08-08,180,23,806,905,54232,0
1062,2021-03-03,180,25,815,902,54232,0
1063,2021-09-24,180,27,807,910,54232,0
1064,2022-09-13,180,15,806,902,54232,0
1065,2023-05-17,180,15,814,902,54232,0
1066,2023-11-22,180,29,801,906,54232,0
1067,2024-10-30,180,21,806,905,57401,0
1068,2025-05-06,180,10,808,906,57401,0
1069,2025-01-08,181,30,802,905,66307,0
1070,2017-07-21,182,12,802,902,42117,0
1071,2018-05-09,182,11,806,906,45725,0
1072,2019-02-23,182,22,800,911,45725,0
1073,2019-09-25,182,40,805,906,45725,0
1074,2020-07-07,182,15,809,907,45725,0
1075,2021-06-03,182,31,810,909,45725,0
1076,2022-01-25,182,27,810,909,45725,0
1077,2022-11-10,182,13,809,902,47524,0
1078,2023-08-19,182,38,805,904,47524,0
1079,2024-06-22,182,40,803,903,47524,0
1080,2024-12-19,182,28,805,900,47524,0
1081,2024-03-23,183,19,811,904,44339,0
1082,2025-01-18,183,33,804,904,44339,0
1083,2021-02-16,184,39,805,901,44998,0
1084,2021-11-30,184,24,801,911,44998,0
1085,2022-07-13,184,14,813,910,44998,0
1086,2023-05-06,184,10,806,908,44998,0
1087,2023-12-12,184,10,813,911,48601,0
1088,2024-12-06,184,27,812,904,48601,0
1089,2025-01-11,185,31,805,901,48320,0
1090,2017-02-25,186,28,815,906,36835,0
1091,2017-10-04,186,23,803,905,36835,0
1092,2018-06-25,186,37,808,900,36835,0
1093,2019-01-06,186,11,803,911,36835,0
1094,2019-08-01,186,34,807,906,36835,0
1095,2020-04-20,186,22,812,903,36835,0
1096,2020-12-23,186,39,805,903,36835,0
1097,2021-09-15,186,34,806,905,36835,0
1098,2022-08-23,186,17,801,902,36835,0
1099,2023-04-28,186,15,808,905,36835,0
1100,2024-03-02,186,34,801,908,36835,0
1101,2024-11-01,186,15,804,911,36835,0
1102,2022-11-04,187,31,815,901,75108,0
1103,2023-06-10,187,28,805,905,75108,0
1104,2024-02-02,187,33,815,908,82589,0
1105,2024-09-18,187,23,803,904,90330,0
1106,2025-04-08,187,24,804,903,90330,0
1107,2018-04-10,188,34,807,901,36980,0
1108,2018-10-15,188,30,801,905,36980,0
1109,2019-06-15,188,19,810,906,36980,0
1110,2019-12-24,188,34,801,911,38788,0
1111,2020-07-03,188,27,812,906,38788,0
1112,2021-01-12,188,25,813,910,38788,0
1113,2021-08-09,188,14,804,907,38788,0
1114,2022-02-13,188,33,814,910,38788,0
1115,2022-10-31,188,36,800,903,38788,0
1116,2023-10-18,188,38,800,901,38788,0
1117,2024-08-15,188,14,802,900,38788,0
1118,2025-01-17,189,16,813,909,83746,0
1119,2019-04-27,190,36,815,901,63960,0
1120,2020-02-24,190,28,815,900,63960,0
1121,2021-01-29,190,30,802,900,63960,0
1122,2021-11-13,190,11,806,909,63960,0
1123,2022-10-08,190,21,800,901,63960,0
1124,2023-06-18,190,31,813,903,63960,0
1125,2024-03-23,190,16,812,905,63960,0
1126,2025-03-02,190,17,805,903,63960,0
1127,2020-06-10,191,12,810,905,39015,0
1128,2020-12-18,191,25,815,911,39015,0
1129,2021-11-02,191,12,814,904,39015,0
1130,2022-08-31,191,27,806,904,39015,0
1131,2023-03-25,191,22,809,902,39015,0
1132,2024-01-26,191,15,812,908,39015,0
1133,2024-10-06,191,30,807,900,39015,0
1134,2025-05-23,191,37,804,901,39015,0
1135,2019-08-23,192,33,805,907,63303,0
1136,2020-07-25,192,19,810,911,63303,0
1137,2021-03-21,192,27,802,903,63303,0
1138,2022-02-23,192,31,813,900,66796,0
1139,2023-01-29,192,22,804,905,66796,0
1140,2023-08-01,192,32,811,910,70894,0
1141,2024-03-09,192,19,806,909,70894,0
1142,2025-02-13,192,11,807,908,70894,0
1143,2017-02-11,194,16,815,908,56376,0
1144,2017-09-24,194,22,812,904,56376,0
1145,2018-09-04,194,11,807,900,56376,0
1146,2019-03-26,194,33,814,908,56376,0
1147,2019-10-23,194,27,803,911,56376,0
1148,2020-06-14,194,21,813,902,56376,0
1149,2021-04-13,194,40,813,901,60825,0
1150,2021-12-01,194,29,812,903,60825,0
1151,2022-07-14,194,37,810,908,60825,0
1152,2023-06-13,194,32,802,905,60825,0
1153,2024-05-09,194,22,802,911,64856,0
1154,2025-03-20,194,10,810,903,64856,0
1155,2017-03-28,195,13,802,911,83717,0
1156,2018-01-30,195,17,808,908,83717,0
1157,2018-08-05,195,29,808,904,83717,0
1158,2019-05-22,195,11,811,901,83717,0
1159,2020-03-21,195,40,801,908,83717,0
1160,2021-01-23,195,27,802,900,83717,0
1161,2021-12-11,195,10,805,900,83717,0
1162,2022-11-01,195,14,810,901,83717,0
1163,2023-05-26,195,15,806,900,83717,0
1164,2024-02-09,195,11,806,908,83717,0
1165,2024-12-06,195,19,804,911,83717,0
1166,2025-06-09,195,24,811,901,83717,0
1167,2023-04-08,196,33,801,903,43615,0
1168,2023-10-27,196,33,803,906,43615,0
1169,2024-06-16,196,35,811,907,43615,0
1170,2025-03-16,196,22,814,908,43615,0
1171,2020-06-26,197,30,805,910,71956,0
1172,2021-04-11,197,36,814,911,71956,0
1173,2021-12-31,197,35,801,900,71956,0
1174,2022-09-29,197,10,809,911,71956,0
1175,2023-05-21,197,39,806,909,71956,0
1176,2023-12-16,197,28,806,910,71956,0
1177,2024-11-27,197,23,815,902,71956,0
1178,2025-05-31,197,25,812,904,71956,0
1179,2019-09-11,198,16,800,909,76206,0
1180,2020-04-18,198,37,802,901,76206,0
1181,2020-12-26,198,18,803,900,76206,0
1182,2021-11-18,198,14,809,903,82724,0
1183,2022-09-19,198,12,808,907,82724,0
1184,2023-07-27,198,18,808,901,82724,0
1185,2024-07-17,198,18,806,910,82724,0
1186,2025-04-02,198,28,810,901,82724,0
1187,2018-12-26,199,29,810,909,45629,0
1188,2019-11-12,199,24,814,905,45629,0
1189,2020-08-19,199,27,814,906,45629,0
1190,2021-06-30,199,38,804,906,45629,0
1191,2022-03-21,199,15,815,908,45629,0
1192,2023-01-07,199,40,804,907,45629,0
1193,2023-11-09,199,26,810,906,45629,0
1194,2024-06-30,199,39,805,907,45629,0
1195,2025-03-17,199,40,801,903,45629,0
1196,2024-11-02,200,11,805,906,76947,0
1197,2017-03-30,201,20,807,906,60232,0
1198,2017-12-25,201,29,806,901,60232,0
1199,2018-08-07,201,25,801,909,60232,0
1200,2019-03-13,201,16,815,908,60232,0
1201,2020-02-04,201,26,811,910,60232,0
1202,2020-09-04,201,37,810,901,60232,0
1203,2021-05-18,201,12,801,906,60232,0
1204,2022-01-20,201,20,812,902,60232,0
1205,2023-01-14,201,31,813,907,60232,0
1206,2023-10-18,201,23,810,901,60232,0
1207,2024-09-16,201,35,814,902,60232,0
1208,2025-06-04,201,31,807,900,60232,0
1209,2018-12-18,202,39,807,908,46936,0
1210,2019-07-05,202,11,814,905,46936,0
1211,2020-06-24,202,10,814,906,46936,0
1212,2021-02-15,202,32,810,905,46936,0
1213,2021-12-30,202,33,803,907,46936,0
1214,2022-09-06,202,25,802,902,46936,0
1215,2023-04-30,202,25,803,900,46936,0
1216,2024-04-21,202,38,814,909,46936,0
1217,2025-01-18,202,15,809,907,46936,0
1218,2022-11-17,203,32,806,905,82941,0
1219,2023-10-11,203,30,804,911,82941,0
1220,2024-08-31,203,27,800,901,82941,0
1221,2025-06-15,203,38,813,902,82941,0
1222,2021-03-01,204,30,810,900,63034,0
1223,2021-09-22,204,10,815,909,63034,0
1224,2022-07-21,204,12,805,900,63034,0
1225,2023-06-11,204,37,808,903,63034,0
1226,2024-05-22,204,39,800,909,63034,0
1227,2024-11-19,204,31,806,909,63034,0
1228,2025-06-02,204,13,801,908,63034,0
1229,2019-01-05,205,35,805,908,42134,0
1230,2019-08-01,205,37,800,904,42134,0
1231,2020-02-29,205,31,805,900,45806,0
1232,2021-01-07,205,38,811,907,45806,0
1233,2021-07-16,205,13,808,910,45806,0
1234,2022-06-23,205,23,810,908,45806,0
1235,2023-02-26,205,24,808,900,45806,0
1236,2023-12-01,205,37,803,908,45806,0
1237,2024-10-02,205,32,804,900,45806,0
1238,2017-11-11,206,21,814,909,70544,0
1239,2018-09-17,206,18,801,902,70544,0
1240,2019-04-24,206,23,808,911,70544,0
1241,2020-04-01,206,28,815,905,70544,0
1242,2021-01-14,206,37,810,910,76248,0
1243,2022-01-01,206,25,803,906,76248,0
1244,2022-10-22,206,23,803,907,81224,0
1245,2023-06-04,206,25,804,907,81224,0
1246,2023-12-03,206,40,810,908,88527,0
1247,2024-10-03,206,36,803,906,88527,0
1248,2019-02-11,207,19,807,903,75776,0
1249,2019-09-26,207,16,805,904,75776,0
1250,2020-08-07,207,14,813,902,75776,0
1251,2021-07-15,207,33,801,911,75776,0
1252,2022-04-09,207,27,801,907,75776,0
1253,2023-02-27,207,39,800,911,75776,0
1254,2024-01-19,207,10,807,911,75776,0
1255,2024-10-23,207,11,800,900,75776,0
1256,2025-05-03,207,17,815,901,75776,0
1257,2018-07-12,208,18,801,901,35967,0
1258,2019-01-19,208,27,815,904,35967,0
1259,2019-07-26,208,23,804,901,35967,0
1260,2020-05-16,208,10,807,907,35967,0
1261,2021-04-10,208,36,804,907,35967,0
1262,2021-10-09,208,28,813,902,35967,0
1263,2022-07-03,208,10,812,909,35967,0
1264,2023-06-17,208,29,815,906,37885,0
1265,2024-01-12,208,26,800,907,37885,0
1266,2024-11-17,208,20,814,900,37885,0
1267,2025-06-29,208,21,801,904,37885,0
1268,2023-01-19,209,40,800,906,59641,0
1269,2023-10-19,209,32,810,901,59641,0
1270,2024-09-03,209,30,813,907,59641,0
1271,2025-05-16,209,25,806,906,59641,0
1272,2024-09-12,210,32,808,909,79034,0
1273,2022-09-26,212,33,808,909,83686,0
1274,2023-07-24,212,14,800,909,83686,0
1275,2024-06-28,212,21,812,910,83686,0
1276,2025-02-10,212,21,807,905,83686,0
1277,2025-05-29,213,24,811,902,44010,0
1278,2016-11-09,214,12,812,901,83545,0
1279,2017-06-01,214,30,809,903,83545,0
1280,2018-04-04,214,22,812,907,83545,0
1281,2019-01-11,214,22,805,909,83545,0
1282,2019-08-19,214,16,814,907,83545,0
1283,2020-07-24,214,23,806,902,83545,0
1284,2021-03-15,214,26,813,901,83545,0
1285,2021-09-24,214,24,808,906,83545,0
1286,2022-07-01,214,34,814,902,83545,0
1287,2023-04-08,214,27,809,901,83545,0
1288,2024-01-26,214,21,800,904,83545,0
1289,2024-11-01,214,25,810,908,89112,0
1290,2025-06-13,214,11,807,911,89112,0
1291,2022-03-12,215,27,802,902,66242,0
1292,2022-10-25,215,20,801,906,66242,0
1293,2023-07-08,215,14,814,903,66242,0
1294,2024-01-29,215,34,812,905,66242,0
1295,2024-10-10,215,10,802,900,66242,0
1296,2019-03-03,216,14,802,909,54293,0
1297,2019-10-14,216,27,805,900,54293,0
1298,2020-05-10,216,39,804,908,54293,0
1299,2021-03-29,216,20,801,910,54293,0
1300,2022-01-05,216,14,809,901,54293,0
1301,2022-11-03,216,20,807,911,58606,0
1302,2023-08-09,216,13,812,901,58606,0
1303,2024-06-21,216,27,815,901,58606,0
1304,2025-04-08,216,21,802,902,58606,0
1305,2023-06-24,217,14,805,908,73088,0
1306,2024-02-20,217,37,814,908,73088,0
1307,2024-08-19,217,25,805,910,73088,0
1308,2022-11-02,218,10,800,900,37942,0
1309,2023-07-07,218,27,801,908,37942,0
1310,2024-06-11,218,32,803,906,37942,0
1311,2024-12-10,218,12,815,901,37942,0
1312,2017-04-26,219,16,812,904,39102,0
1313,2018-02-04,219,36,800,907,39102,0
1314,2019-01-06,219,16,811,902,39102,0
1315,2019-12-13,219,28,808,907,39102,0
1316,2020-07-10,219,24,803,904,39102,0
1317,2021-05-19,219,25,812,906,39102,0
1318,2022-01-12,219,36,806,905,39102,0
1319,2022-10-16,219,20,815,900,39102,0
1320,2023-04-14,219,15,800,900,39102,0
1321,2024-01-22,219,18,815,905,39102,0
1322,2024-11-30,219,13,801,907,39102,0
1323,2025-06-11,219,12,812,909,39102,0
1324,2022-01-12,220,30,809,905,54621,0
1325,2022-09-06,220,25,803,901,54621,0
1326,2023-05-27,220,18,814,902,54621,0
1327,2024-04-05,220,39,805,910,56400,0
1328,2024-12-18,220,17,802,903,58325,0
1329,2017-08-21,221,18,803,911,68667,0
1330,2018-06-21,221,32,802,904,68667,0
1331,2019-03-05,221,15,800,908,68667,0
1332,2020-01-21,221,35,812,905,68667,0
1333,2020-09-05,221,34,815,902,68667,0
1334,2021-06-29,221,12,813,911,68667,0
1335,2022-06-06,221,35,812,911,68667,0
1336,2023-03-22,221,26,810,908,68667,0
1337,2023-10-02,221,27,808,908,68667,0
1338,2024-07-16,221,21,807,911,68667,0
1339,2025-01-14,221,30,812,902,68667,0
1340,2019-12-24,222,35,815,909,82353,0
1341,2020-07-19,222,27,809,902,82353,0
1342,2021-07-05,222,23,801,900,85026,0
1343,2022-06-26,222,11,802,905,85026,0
1344,2023-03-10,222,11,812,904,85026,0
1345,2023-11-17,222,27,812,903,85026,0
1346,2024-06-10,222,27,808,910,85026,0
1347,2024-12-29,222,14,806,908,85026,0
1348,2024-12-29,223,36,810,907,76519,0
1349,2023-10-19,224,26,813,904,82171,0
1350,2024-10-03,224,26,814,909,82171,0
1351,2025-06-19,225,33,812,907,77361,0
1352,2018-02-05,226,24,808,902,81158,0
1353,2019-01-07,226,20,804,900,81158,0
1354,2019-10-13,226,21,809,904,85255,0
1355,2020-09-26,226,31,805,911,93248,0
1356,2021-04-27,226,23,810,903,93248,0
1357,2022-02-25,226,23,811,905,93248,0
1358,2023-02-10,226,31,804,903,93248,0
1359,2023-10-18,226,33,800,903,93248,0
1360,2024-08-25,226,31,812,901,93248,0
1361,2025-05-16,226,17,807,905,93248,0
1362,2025-06-24,227,40,815,905,71009,0
1363,2020-07-05,228,40,800,906,60451,0
1364,2021-05-20,228,18,803,901,60451,0
1365,2022-04-21,228,39,811,903,60451,0
1366,2023-03-11,228,11,809,907,60451,0
1367,2024-02-05,228,20,807,908,60451,0
1368,2024-10-03,228,25,800,911,60451,0
1369,2020-05-13,229,14,812,906,78340,0
1370,2020-12-07,229,28,811,901,78340,0
1371,2021-09-27,229,27,807,907,78340,0
1372,2022-05-23,229,30,815,903,78340,0
1373,2023-05-05,229,24,805,904,78340,0
1374,2024-04-02,229,37,810,905,78340,0
1375,2025-02-19,229,11,801,909,82445,0
1376,2024-06-18,230,30,810,905,63104,0
1377,2025-04-11,230,27,807,911,63104,0
1378,2022-06-30,231,28,802,906,37942,0
1379,2023-03-09,231,32,803,906,37942,0
1380,2024-02-08,231,32,803,904,37942,0
1381,2024-10-04,231,35,812,905,37942,0
1382,2019-08-18,232,33,805,906,65179,0
1383,2020-03-24,232,33,813,901,65179,0
1384,2021-01-09,232,17,804,903,65179,0
1385,2021-07-25,232,23,803,907,65179,0
1386,2022-06-27,232,31,808,907,65179,0
1387,2023-01-28,232,35,800,902,65179,0
1388,2023-10-04,232,39,811,910,68640,0
1389,2024-04-22,232,27,805,909,68640,0
1390,2024-12-10,232,15,807,907,68640,0
1391,2018-06-18,233,32,808,900,77551,0
1392,2019-01-09,233,33,811,909,77551,0
1393,2019-11-26,233,29,802,900,84484,0
1394,2020-09-01,233,31,807,901,87607,0
1395,2021-03-05,233,37,811,901,87607,0
1396,2021-09-03,233,39,802,901,95530,0
1397,2022-07-15,233,10,805,906,95530,0
1398,2023-05-12,233,23,812,909,95530,0
1399,2024-03-06,233,35,806,907,95530,0
1400,2024-12-29,233,35,807,907,95530,0
1401,2019-11-21,234,32,812,909,49652,0
1402,2020-07-07,234,31,808,909,52775,0
1403,2021-01-04,234,25,810,911,52775,0
1404,2021-08-08,234,39,813,911,52775,0
1405,2022-02-16,234,23,808,901,52775,0
1406,2023-01-25,234,21,811,904,57147,0
1407,2023-12-15,234,28,808,900,62532,0
1408,2024-09-16,234,21,803,909,68684,0
1409,2025-04-28,234,29,810,905,68684,0
1410,2024-12-12,235,13,813,903,44770,0
1411,2023-05-07,236,21,801,903,80160,0
1412,2023-12-19,236,25,810,908,80160,0
1413,2024-11-27,236,18,811,908,80160,0
1414,2023-07-21,237,18,815,910,66175,0
1415,2024-07-02,237,40,805,909,66175,0
1416,2025-01-08,237,10,803,902,66175,0
1417,2017-05-27,238,18,805,910,81160,0
1418,2018-03-15,238,22,800,900,81160,0
1419,2018-09-21,238,14,809,905,81160,0
1420,2019-05-26,238,34,800,904,81160,0
1421,2020-03-20,238,33,813,902,81160,0
1422,2021-03-01,238,37,807,903,81160,0
1423,2021-11-06,238,10,801,901,81160,0
1424,2022-06-02,238,37,813,910,81160,0
1425,2022-12-14,238,26,812,902,81160,0
1426,2023-07-03,238,32,811,903,81160,0
1427,2024-02-05,238,10,807,908,81160,0
1428,2024-08-30,238,15,803,906,81160,0
1429,2023-12-05,239,32,801,903,52199,0
1430,2024-10-16,239,35,803,905,57134,0
1431,2023-01-10,240,16,800,901,52796,0
1432,2023-09-13,240,34,806,908,52796,0
1433,2024-08-10,240,28,808,906,52796,0
1434,2025-03-08,240,37,804,909,52796,0
1435,2017-08-26,241,18,810,900,72740,0
1436,2018-05-07,241,24,802,906,72740,0
1437,2018-11-08,241,33,813,902,72740,0
1438,2019-08-10,241,20,800,905,72740,0
1439,2020-07-29,241,31,810,906,72740,0
1440,2021-04-25,241,32,809,908,75843,0
1441,2021-10-30,241,21,809,909,75843,0
1442,2022-07-21,241,12,800,902,75843,0
1443,2023-02-22,241,38,815,905,75843,0
1444,2023-10-22,241,25,809,901,75843,0
1445,2024-04-30,241,12,808,905,75843,0
1446,2025-01-22,241,40,803,910,75843,0
1447,2017-12-23,242,35,803,905,81688,0
1448,2018-07-09,242,25,807,906,81688,0
1449,2019-05-11,242,30,805,901,81688,0
1450,2020-02-20,242,15,803,907,81688,0
1451,2020-09-13,242,21,805,902,87115,0
1452,2021-05-19,242,34,814,902,87115,0
1453,2022-05-06,242,15,812,906,87115,0
1454,2022-11-17,242,33,812,900,87115,0
1455,2023-06-29,242,20,809,909,87115,0
1456,2023-12-30,242,34,811,909,87115,0
1457,2024-12-22,242,15,804,907,87115,0
1458,2020-02-13,243,39,814,900,61565,0
1459,2020-12-20,243,19,802,902,61565,0
1460,2021-10-22,243,34,809,902,61565,0
1461,2022-10-02,243,18,803,902,61565,0
1462,2023-07-31,243,26,810,906,61565,0
1463,2024-03-24,243,23,812,911,61565,0
1464,2025-02-26,243,21,811,907,61565,0
1465,2024-11-24,244,31,814,903,67699,0
1466,2018-05-14,248,12,808,907,62401,0
1467,2018-12-21,248,19,803,909,62401,0
1468,2019-09-15,248,15,806,909,62401,0
1469,2020-04-22,248,29,808,904,62401,0
1470,2021-03-21,248,36,807,909,62401,0
1471,2022-02-03,248,27,811,903,62401,0
1472,2022-11-15,248,13,806,907,62401,0
1473,2023-06-08,248,38,801,906,62401,0
1474,2024-02-22,248,15,806,909,62401,0
1475,2024-12-25,248,15,803,908,62401,0
1476,2017-12-14,249,34,808,909,44756,0
1477,2018-06-26,249,38,815,901,44756,0
1478,2019-04-17,249,24,808,901,44756,0
1479,2019-11-02,249,17,814,909,44756,0
1480,2020-09-05,249,30,805,906,44756,0
1481,2021-06-23,249,32,806,901,44756,0
1482,2022-01-02,249,19,809,906,44756,0
1483,2022-08-27,249,38,808,905,44756,0
1484,2023-02-27,249,18,806,906,44756,0
1485,2023-09-16,249,26,805,900,44756,0
1486,2024-06-03,249,18,811,903,48205,0
1487,2025-03-09,249,26,810,901,48205,0
1488,2019-10-16,250,27,812,909,71282,0
1489,2020-10-04,250,26,809,910,71282,0
1490,2021-05-25,250,22,802,910,71282,0
1491,2021-12-24,250,20,805,906,71282,0
1492,2022-08-20,250,15,800,908,71282,0
1493,2023-08-12,250,22,815,901,71282,0
1494,2024-07-10,250,37,812,907,71282,0
1495,2025-03-10,250,20,802,905,71282,0
1496,2021-03-20,251,12,810,903,61985,0
1497,2022-03-11,251,23,809,904,61985,0
1498,2023-02-23,251,38,812,903,61985,0
1499,2023-10-04,251,25,804,900,61985,0
1500,2024-07-19,251,27,813,900,61985,0
1501,2025-03-09,251,15,811,910,61985,0
1502,2022-06-23,252,16,810,902,43435,0
1503,2023-02-03,252,28,804,902,43435,0
1504,2023-09-06,252,39,802,905,43435,0
1505,2024-08-31,252,35,814,907,43435,0
1506,2025-06-17,252,23,814,907,43435,0
1507,2019-03-13,253,37,803,906,51882,0
1508,2020-02-19,253,35,806,902,51882,0
1509,2020-12-15,253,13,811,910,51882,0
1510,2021-06-15,253,19,814,903,51882,0
1511,2022-05-25,253,37,809,900,51882,0
1512,2023-05-11,253,32,806,908,51882,0
1513,2023-12-31,253,12,805,903,51882,0
1514,2024-09-17,253,29,805,908,51882,0
1515,2019-06-28,254,31,809,901,51477,0
1516,2020-03-07,254,18,802,901,51477,0
1517,2021-01-16,254,33,811,902,51477,0
1518,2022-01-04,254,18,804,910,51477,0
1519,2022-11-16,254,21,815,910,51477,0
1520,2023-06-16,254,33,800,911,51477,0
1521,2024-05-30,254,10,815,901,51477,0
1522,2025-02-03,254,15,808,902,51477,0
1523,2016-05-26,255,36,804,907,54744,0
1524,2017-04-07,255,18,811,905,54744,0
1525,2018-03-30,255,25,809,904,54744,0
1526,2018-11-24,255,32,801,910,54744,0
1527,2019-07-29,255,11,809,905,54744,0
1528,2020-06-07,255,15,807,911,54744,0
1529,2021-05-09,255,21,804,905,54744,0
1530,2021-11-10,255,35,809,907,54744,0
1531,2022-08-03,255,27,814,908,54744,0
1532,2023-03-01,255,38,812,900,54744,0
1533,2023-11-18,255,19,806,906,54744,0
1534,2024-08-30,255,21,808,909,54744,0
1535,2025-03-04,255,32,808,909,54744,0
1536,2020-03-26,256,28,806,908,63440,0
1537,2020-12-05,256,24,806,909,63440,0
1538,2021-11-08,256,21,802,900,63440,0
1539,2022-09-29,256,12,804,908,63440,0
1540,2023-05-05,256,26,807,905,63440,0
1541,2024-01-05,256,15,805,910,63440,0
1542,2024-09-06,256,18,806,908,63440,0
1543,2025-04-05,256,24,802,904,63440,0
1544,2019-11-12,257,40,808,909,39970,0
1545,2020-07-03,257,22,800,903,39970,0
1546,2021-06-06,257,37,804,910,39970,0
1547,2021-12-25,257,12,803,907,39970,0
1548,2022-07-09,257,39,805,911,39970,0
1549,2023-05-04,257,33,807,902,39970,0
1550,2024-04-24,257,32,810,909,39970,0
1551,2025-04-05,257,24,804,900,39970,0
1552,2017-08-25,258,29,804,908,38672,0
1553,2018-07-06,258,33,811,910,38672,0
1554,2019-01-02,258,24,815,908,38672,0
1555,2019-07-18,258,39,815,904,38672,0
1556,2020-02-24,258,35,800,907,38672,0
1557,2021-02-07,258,28,805,901,38672,0
1558,2021-08-07,258,40,812,907,38672,0
1559,2022-07-13,258,32,810,910,41810,0
1560,2023-03-01,258,31,814,904,41810,0
1561,2023-09-08,258,17,814,900,41810,0
1562,2024-06-03,258,29,806,901,41810,0
1563,2025-04-02,258,37,806,907,41810,0
1564,2022-12-29,259,17,812,904,79403,0
1565,2023-09-12,259,11,808,910,79403,0
1566,2024-06-21,259,37,810,910,79403,0
1567,2025-01-18,259,12,812,905,79403,0
1568,2022-02-18,260,18,809,909,68054,0
1569,2022-10-15,260,25,807,910,68054,0
1570,2023-10-01,260,23,811,900,68054,0
1571,2024-09-01,260,28,812,901,68054,0
1572,2023-11-25,261,30,808,911,65844,0
1573,2024-09-08,261,34,810,901,65844,0
1574,2021-04-22,262,31,809,902,58915,0
1575,2022-02-02,262,15,801,903,58915,0
1576,2022-11-13,262,27,814,911,58915,0
1577,2023-11-03,262,25,807,900,58915,0
1578,2024-07-13,262,23,806,911,58915,0
1579,2025-06-30,262,12,807,902,58915,0
1580,2023-01-20,263,29,800,901,70767,0
1581,2023-07-23,263,14,810,906,70767,0
1582,2024-02-12,263,35,811,904,74659,0
1583,2024-09-06,263,32,806,904,74659,0
1584,2025-06-18,263,19,801,910,74659,0
1585,2020-08-07,264,11,803,904,60469,0
1586,2021-04-03,264,13,812,907,60469,0
1587,2021-12-31,264,19,802,902,60469,0
1588,2022-07-27,264,39,815,906,60469,0
1589,2023-06-13,264,35,805,911,60469,0
1590,2024-04-21,264,29,813,904,60469,0
1591,2025-02-11,264,12,803,900,60469,0
1592,2016-05-15,265,39,811,910,58422,0
1593,2016-11-17,265,12,814,906,63137,0
1594,2017-08-12,265,23,813,900,63137,0
1595,2018-06-03,265,10,804,900,63137,0
1596,2019-03-10,265,16,801,900,63137,0
1597,2020-02-16,265,28,805,903,63137,0
1598,2020-10-05,265,10,804,911,63137,0
1599,2021-06-14,265,11,806,909,63137,0
1600,2021-12-13,265,23,811,903,63137,0
1601,2022-10-24,265,39,804,903,63137,0
1602,2023-07-14,265,37,807,908,63137,0
1603,2024-01-20,265,19,801,910,63137,0
1604,2024-08-19,265,18,815,910,63137,0
1605,2025-04-22,265,39,810,910,63137,0
1606,2019-05-17,266,19,800,903,61555,0
1607,2019-12-03,266,31,801,907,61555,0
1608,2020-07-03,266,37,806,904,61555,0
1609,2021-05-27,266,11,809,900,61555,0
1610,2022-03-23,266,11,803,904,61555,0
1611,2022-12-29,266,28,810,901,61555,0
1612,2023-08-01,266,27,800,903,64283,0
1613,2024-03-16,266,26,800,906,64283,0
1614,2025-01-06,266,22,812,902,64283,0
1615,2022-06-29,267,23,803,900,72019,0
1616,2023-04-07,267,29,803,911,72019,0
1617,2023-10-18,267,28,810,902,72019,0
1618,2024-09-23,267,29,806,910,72019,0
1619,2025-03-28,267,38,807,906,72019,0
1620,2018-01-06,268,14,813,908,49616,0
1621,2018-08-01,268,30,806,909,49616,0
1622,2019-07-11,268,27,814,909,49616,0
1623,2020-01-20,268,35,805,907,49616,0
1624,2020-08-18,268,26,807,907,49616,0
1625,2021-05-18,268,35,811,904,52018,0
1626,2022-05-12,268,12,815,908,52018,0
1627,2022-11-14,268,32,808,906,52018,0
1628,2023-08-02,268,27,813,904,54768,0
1629,2024-04-02,268,39,807,911,54768,0
1630,2025-03-18,268,18,815,911,54768,0
1631,2020-08-30,269,12,808,904,64501,0
1632,2021-04-29,269,15,805,900,64501,0
1633,2021-10-28,269,31,807,908,64501,0
1634,2022-05-13,269,28,809,911,64501,0
1635,2023-02-06,269,39,805,900,64501,0
1636,2023-10-29,269,25,811,905,68176,0
1637,2024-05-26,269,10,810,900,68176,0
1638,2025-05-11,269,40,813,906,68176,0
1639,2025-01-29,270,20,811,900,42773,0
1640,2021-11-10,271,28,807,906,40208,0
1641,2022-09-18,271,11,803,908,40208,0
1642,2023-08-05,271,27,815,904,40208,0
1643,2024-06-03,271,25,812,902,40208,0
1644,2025-04-06,271,25,805,909,40208,0
1645,2024-12-01,272,14,811,909,83953,0
1646,2022-10-12,273,27,803,904,81793,0
1647,2023-09-18,273,28,803,902,81793,0
1648,2024-07-07,273,22,809,911,81793,0
1649,2025-04-28,273,13,812,905,81793,0
1650,2021-07-05,274,32,811,901,71166,0
1651,2022-01-16,274,27,805,901,71166,0
1652,2022-11-01,274,31,806,911,71166,0
1653,2023-05-18,274,26,814,905,71166,0
1654,2024-01-09,274,15,811,901,71166,0
1655,2024-07-18,274,22,815,903,71166,0
1656,2025-02-25,274,23,809,903,71166,0
1657,2024-08-20,275,34,801,911,41086,0
1658,2025-05-22,275,20,811,905,41086,0
1659,2017-07-08,276,26,803,903,52563,0
1660,2018-02-27,276,12,805,905,52563,0
1661,2018-11-04,276,21,806,903,52563,0
1662,2019-07-07,276,35,813,903,52563,0
1663,2020-05-14,276,14,815,910,52563,0
1664,2021-01-19,276,15,812,900,52563,0
1665,2021-12-18,276,17,812,900,52563,0
1666,2022-09-18,276,38,806,901,52563,0
1667,2023-05-24,276,10,800,907,52563,0
1668,2024-02-16,276,19,806,906,52563,0
1669,2024-08-31,276,17,805,907,52563,0
1670,2025-06-12,276,36,813,907,52563,0
1671,2018-04-28,277,38,808,910,61450,0
1672,2019-03-26,277,39,815,910,61450,0
1673,2019-12-21,277,35,806,910,61450,0
1674,2020-10-05,277,37,804,910,61450,0
1675,2021-09-08,277,29,808,910,61450,0
1676,2022-07-08,277,31,802,900,61450,0
1677,2023-07-01,277,39,813,905,61450,0
1678,2024-03-11,277,11,804,911,61450,0
1679,2024-11-26,277,33,803,902,61450,0
1680,2021-04-11,278,32,811,911,57498,0
1681,2022-01-11,278,34,813,906,61329,0
1682,2022-08-16,278,32,800,908,61329,0
1683,2023-05-25,278,15,800,904,61329,0
1684,2024-05-16,278,25,805,902,61329,0
1685,2025-03-22,278,35,812,903,61329,0
1686,2023-08-31,279,12,802,908,78080,0
1687,2024-06-17,279,12,801,907,78080,0
1688,2025-03-25,279,14,807,911,78080,0
1689,2018-01-15,280,30,801,909,67387,0
1690,2018-11-05,280,19,809,900,67387,0
1691,2019-06-18,280,28,806,907,67387,0
1692,2020-01-05,280,35,810,908,67387,0
1693,2020-10-13,280,11,800,910,67387,0
1694,2021-06-08,280,15,801,901,67387,0
1695,2021-12-23,280,31,803,902,67387,0
1696,2022-10-11,280,15,809,905,67387,0
1697,2023-07-10,280,34,811,906,67387,0
1698,2024-01-17,280,16,804,900,67387,0
1699,2024-12-02,280,11,804,905,70850,0
1700,2024-04-26,281,22,804,905,77627,0
1701,2024-11-12,281,12,809,911,77627,0
1702,2021-12-24,282,21,800,909,46116,0
1703,2022-08-13,282,13,809,909,46116,0
1704,2023-02-09,282,12,802,900,46116,0
1705,2023-09-22,282,19,810,902,46116,0
1706,2024-07-15,282,40,812,901,46116,0
1707,2025-05-24,282,36,815,909,46116,0
1708,2022-02-01,283,17,804,908,36040,0
1709,2022-10-16,283,31,805,905,37595,0
1710,2023-06-01,283,17,805,901,37595,0
1711,2024-04-16,283,28,805,910,37595,0
1712,2024-11-16,283,33,810,907,37595,0
1713,2025-06-26,283,15,811,910,37595,0
1714,2018-09-08,285,26,813,911,78481,0
1715,2019-05-31,285,24,813,904,78481,0
1716,2020-01-04,285,27,807,903,78481,0
1717,2020-08-05,285,38,807,905,78481,0
1718,2021-07-22,285,22,815,904,78481,0
1719,2022-02-13,285,34,804,907,78481,0
1720,2022-09-28,285,18,811,907,78481,0
1721,2023-05-17,285,38,811,900,78481,0
1722,2024-01-20,285,40,815,910,78481,0
1723,2024-09-30,285,31,815,910,84092,0
1724,2025-06-19,285,34,807,909,84092,0
1725,2016-05-30,286,16,815,900,38092,0
1726,2016-12-30,286,17,802,901,38092,0
1727,2017-10-12,286,20,813,909,38092,0
1728,2018-07-15,286,10,811,908,38092,0
1729,2019-06-28,286,33,805,908,40988,0
1730,2020-03-15,286,22,809,911,40988,0
1731,2020-12-25,286,29,801,911,40988,0
1732,2021-07-04,286,40,809,904,40988,0
1733,2022-02-02,286,27,808,909,40988,0
1734,2022-09-09,286,36,802,911,40988,0
1735,2023-04-15,286,25,805,900,40988,0
1736,2023-12-14,286,18,809,900,40988,0
1737,2024-09-11,286,20,811,906,43436,0
1738,2016-06-28,287,10,800,903,83805,0
1739,2017-03-22,287,26,803,907,83805,0
1740,2018-03-02,287,14,808,903,83805,0
1741,2018-09-20,287,25,809,907,83805,0
1742,2019-04-22,287,26,812,911,83805,0
1743,2019-12-17,287,18,801,906,83805,0
1744,2020-10-24,287,27,813,900,83805,0
1745,2021-09-17,287,15,801,901,91503,0
1746,2022-04-16,287,15,812,904,91503,0
1747,2023-01-28,287,27,802,904,91503,0
1748,2023-09-15,287,12,806,900,91503,0
1749,2024-06-01,287,40,811,908,91503,0
1750,2025-03-14,287,36,801,907,91503,0
1751,2024-03-27,288,35,805,903,71927,0
1752,2025-01-19,288,27,801,910,71927,0
1753,2021-10-14,289,14,801,906,78170,0
1754,2022-07-31,289,13,815,900,78170,0
1755,2023-06-17,289,19,805,911,78170,0
1756,2024-03-09,289,15,800,905,78170,0
1757,2024-10-25,289,13,812,911,78170,0
1758,2021-06-05,290,32,803,904,40353,0
1759,2022-04-04,290,33,811,902,40353,0
1760,2023-01-25,290,19,812,907,40353,0
1761,2023-09-22,290,21,806,903,40353,0
1762,2024-08-22,290,18,810,908,40353,0
1763,2017-12-25,291,24,812,901,78124,0
1764,2018-09-07,291,28,813,910,78124,0
1765,2019-03-08,291,34,804,904,78124,0
1766,2020-02-04,291,19,802,909,78124,0
1767,2020-08-02,291,24,811,909,78124,0
1768,2021-06-06,291,14,805,906,78124,0
1769,2021-12-21,291,38,802,900,78124,0
1770,2022-09-02,291,25,815,900,78124,0
1771,2023-04-03,291,34,801,903,78124,0
1772,2024-01-03,291,11,809,910,78124,0
1773,2024-09-19,291,21,808,904,78124,0
1774,2025-06-05,291,13,813,902,78124,0
1775,2017-07-15,292,39,813,903,35965,0
1776,2018-01-21,292,15,800,905,35965,0
1777,2019-01-06,292,11,809,904,35965,0
1778,2019-12-19,292,19,803,902,35965,0
1779,2020-07-12,292,25,815,907,35965,0
1780,2021-06-21,292,36,815,902,35965,0
1781,2022-04-21,292,26,814,904,35965,0
1782,2022-11-11,292,35,811,904,35965,0
1783,2023-10-29,292,11,810,910,35965,0
1784,2024-06-15,292,19,811,907,35965,0
1785,2025-01-14,292,18,807,901,35965,0
1786,2018-03-27,293,25,801,908,64172,0
1787,2019-02-07,293,39,815,908,64172,0
1788,2019-08-27,293,23,800,910,64172,0
1789,2020-04-07,293,34,815,905,64172,0
1790,2021-03-22,293,19,813,902,64172,0
1791,2021-11-05,293,13,815,900,68706,0
1792,2022-05-06,293,12,807,900,68706,0
1793,2022-11-23,293,11,800,910,68706,0
1794,2023-06-16,293,18,815,904,68706,0
1795,2024-02-28,293,12,804,905,72067,0
1796,2024-12-09,293,39,809,909,72067,0
1797,2025-06-24,293,40,811,903,72067,0
1798,2016-07-31,294,27,815,905,49507,0
1799,2017-03-17,294,30,813,907,49507,0
1800,2017-11-11,294,24,812,908,49507,0
1801,2018-06-23,294,37,815,907,49507,0
1802,2019-05-11,294,34,805,911,49507,0
1803,2020-03-23,294,18,809,901,49507,0
1804,2021-03-18,294,32,801,902,49507,0
1805,2021-09-29,294,38,806,900,52564,0
1806,2022-07-05,294,37,811,900,52564,0
1807,2023-01-09,294,14,812,900,52564,0
1808,2023-12-29,294,34,807,904,54663,0
1809,2024-09-20,294,20,806,904,54663,0
1810,2025-05-07,294,21,803,908,54663,0
1811,2022-02-22,295,34,803,905,46397,0
1812,2022-10-10,295,18,807,902,46397,0
1813,2023-05-05,295,36,804,907,46397,0
1814,2023-12-21,295,30,802,903,46397,0
1815,2024-10-30,295,15,808,904,46397,0
1816,2020-10-14,296,11,811,905,56680,0
1817,2021-05-22,296,20,812,906,60539,0
1818,2021-11-19,296,21,805,903,60539,0
1819,2022-10-14,296,14,801,905,60539,0
1820,2023-08-12,296,10,808,908,60539,0
1821,2024-05-10,296,14,813,905,60539,0
1822,2025-05-02,296,18,815,907,65846,0
1823,2018-09-18,297,38,805,904,42200,0
1824,2019-07-21,297,36,803,911,42200,0
1825,2020-06-17,297,34,806,900,42200,0
1826,2020-12-24,297,40,802,902,42200,0
1827,2021-10-24,297,11,801,902,42200,0
1828,2022-07-01,297,20,812,902,42200,0
1829,2023-02-13,297,20,815,907,42200,0
1830,2023-09-12,297,22,811,900,42200,0
1831,2024-05-12,297,25,809,902,42200,0
1832,2024-11-30,297,31,809,910,42200,0
1833,2023-07-28,298,36,803,901,73638,0
1834,2024-02-27,298,14,804,904,77575,0
1835,2024-12-05,298,30,808,907,77575,0
1836,2022-07-03,299,16,800,905,39487,0
1837,2023-02-15,299,32,809,900,39487,0
1838,2023-10-20,299,30,815,904,39487,0
1839,2024-04-22,299,14,806,907,39487,0
1840,2025-02-09,299,40,812,900,39487,0
1841,2017-10-29,300,34,809,903,52264,0
1842,2018-05-26,300,37,811,903,52264,0
1843,2019-01-14,300,32,809,908,57336,0
1844,2019-11-02,300,33,804,906,57336,0
1845,2020-09-11,300,24,814,906,57336,0
1846,2021-07-18,300,29,801,905,57336,0
1847,2022-05-06,300,23,811,906,57336,0
1848,2022-12-15,300,30,808,909,57336,0
1849,2023-07-26,300,32,814,906,57336,0
1850,2024-02-15,300,36,803,902,57336,0
1851,2024-11-30,300,29,804,909,57336,0
1852,2023-04-06,301,14,814,906,72724,0
1853,2023-10-05,301,11,811,903,72724,0
1854,2024-09-09,301,35,803,908,72724,0
1855,2023-05-09,302,19,803,905,57625,0
1856,2024-03-28,302,30,813,909,57625,0
1857,2025-03-17,302,17,812,902,57625,0
1858,2022-08-27,303,40,803,904,42545,0
1859,2023-04-15,303,40,805,900,42545,0
1860,2024-01-11,303,25,813,901,42545,0
1861,2024-07-29,303,26,807,910,42545,0
1862,2025-03-17,303,19,815,903,42545,0
1863,2023-04-07,305,35,811,906,80835,0
1864,2024-03-27,305,19,813,908,80835,0
1865,2025-01-27,305,15,809,909,80835,0
1866,2017-03-08,307,20,805,910,81900,0
1867,2017-12-13,307,29,811,906,81900,0
1868,2018-07-23,307,27,806,902,81900,0
1869,2019-03-25,307,35,814,906,84450,0
1870,2019-09-21,307,31,812,909,84450,0
1871,2020-05-28,307,37,805,908,84450,0
1872,2021-04-21,307,25,812,906,84450,0
1873,2021-11-03,307,20,807,911,84450,0
1874,2022-08-08,307,10,800,904,84450,0
1875,2023-05-15,307,30,814,904,84450,0
1876,2024-04-30,307,16,810,900,84450,0
1877,2025-04-01,307,23,808,901,84450,0
1878,2025-01-22,308,15,809,902,37999,0
1879,2022-05-14,309,24,805,902,36501,0
1880,2023-04-27,309,11,807,906,36501,0
1881,2023-12-03,309,36,813,901,36501,0
1882,2024-07-11,309,13,801,907,36501,0
1883,2025-05-25,309,31,811,911,37834,0
1884,2023-05-31,310,23,807,910,58582,0
1885,2024-02-26,310,11,811,910,58582,0
1886,2024-11-30,310,28,806,904,63540,0
1887,2018-04-02,311,36,807,908,83722,0
1888,2018-11-07,311,10,807,905,83722,0
1889,2019-06-12,311,12,815,906,83722,0
1890,2020-03-02,311,21,809,907,89054,0
1891,2020-10-16,311,31,815,911,89054,0
1892,2021-06-22,311,34,811,904,89054,0
1893,2022-02-23,311,33,800,902,89054,0
1894,2022-11-24,311,16,806,902,95514,0
1895,2023-05-30,311,28,806,911,95514,0
1896,2023-12-31,311,38,804,904,95514,0
1897,2024-07-24,311,37,800,905,102835,0
1898,2025-02-11,311,31,804,903,102835,0
1899,2022-08-10,312,16,813,903,43881,0
1900,2023-07-30,312,34,814,906,43881,0
1901,2024-03-30,312,38,812,905,43881,0
1902,2024-11-16,312,26,808,901,45556,0
1903,2025-06-26,312,17,807,901,45556,0
1904,2018-02-28,313,26,804,910,53497,0
1905,2018-12-24,313,21,806,901,53497,0
1906,2019-10-27,313,24,809,904,53497,0
1907,2020-06-10,313,39,801,903,53497,0
1908,2021-06-03,313,14,807,902,53497,0
1909,2022-02-15,313,27,806,905,53497,0
1910,2023-01-16,313,10,801,911,53497,0
1911,2023-11-02,313,19,811,907,53497,0
1912,2024-07-19,313,37,813,909,53497,0
1913,2025-01-29,313,39,815,909,53497,0
1914,2023-11-25,314,32,813,907,42347,0
1915,2024-07-31,314,12,807,904,42347,0
1916,2025-01-28,314,30,809,911,42347,0
1917,2021-09-11,315,38,803,900,42629,0
1918,2022-06-26,315,24,807,903,42629,0
1919,2023-01-28,315,36,815,905,42629,0
1920,2023-11-13,315,13,809,901,42629,0
1921,2024-07-11,315,40,811,910,42629,0
1922,2025-02-15,315,15,805,902,42629,0
1923,2021-10-14,317,40,815,909,75369,0
1924,2022-07-03,317,11,807,902,75369,0
1925,2023-04-22,317,10,814,904,75369,0
1926,2024-03-17,317,17,804,911,75369,0
1927,2024-10-05,317,34,810,903,75369,0
1928,2017-01-03,318,37,803,910,72226,0
1929,2017-10-26,318,34,804,905,72226,0
1930,2018-06-03,318,32,801,907,72226,0
1931,2019-03-18,318,28,806,908,78986,0
1932,2019-12-16,318,25,800,903,85645,0
1933,2020-07-08,318,14,811,905,85645,0
1934,2021-02-01,318,24,815,901,85645,0
1935,2021-09-04,318,13,809,902,85645,0
1936,2022-07-28,318,31,813,906,85645,0
1937,2023-06-20,318,38,802,900,85645,0
1938,2024-04-09,318,20,805,910,91463,0
1939,2025-03-05,318,26,811,910,91463,0
1940,2017-06-28,319,14,812,904,48726,0
1941,2018-02-11,319,39,804,908,48726,0
1942,2019-01-15,319,22,813,903,48726,0
1943,2019-08-26,319,30,804,906,48726,0
1944,2020-06-23,319,31,811,905,48726,0
1945,2021-05-11,319,13,802,900,48726,0
1946,2022-04-09,319,22,800,909,48726,0
1947,2022-11-23,319,39,807,903,48726,0
1948,2023-08-21,319,40,804,901,48726,0
1949,2024-05-15,319,31,805,908,48726,0
1950,2024-12-30,319,15,807,902,48726,0
1951,2022-05-04,320,11,804,907,82978,0
1952,2022-11-22,320,27,812,905,82978,0
1953,2023-05-21,320,32,804,901,82978,0
1954,2024-05-01,320,39,803,900,82978,0
1955,2025-04-10,320,12,801,911,82978,0
1956,2023-08-14,321,13,806,910,73417,0
1957,2024-06-30,321,35,806,911,73417,0
1958,2025-06-03,321,14,801,900,73417,0
1959,2019-09-22,322,22,803,907,76031,0
1960,2020-08-28,322,29,815,906,76031,0
1961,2021-07-06,322,15,803,907,76031,0
1962,2022-02-05,322,29,802,910,76031,0
1963,2023-01-07,322,20,807,909,76031,0
1964,2023-08-04,322,25,810,907,76031,0
1965,2024-03-06,322,21,800,902,76031,0
1966,2024-12-07,322,31,802,902,76031,0
1967,2020-08-05,323,34,810,903,78024,0
1968,2021-03-17,323,34,801,911,78024,0
1969,2022-02-27,323,33,814,904,84131,0
1970,2022-12-25,323,29,801,910,84131,0
1971,2023-11-19,323,20,812,900,84131,0
1972,2024-09-22,323,24,802,904,84131,0
1973,2025-05-02,323,17,811,906,84131,0
1974,2017-04-01,324,17,806,902,59523,0
1975,2017-10-22,324,15,801,906,59523,0
1976,2018-07-18,324,35,807,907,59523,0
1977,2019-04-08,324,17,810,906,59523,0
1978,2019-10-30,324,27,802,904,59523,0
1979,2020-05-08,324,25,809,905,59523,0
1980,2020-12-07,324,12,807,911,59523,0
1981,2021-07-19,324,14,803,910,59523,0
1982,2022-01-19,324,11,800,902,59523,0
1983,2022-08-08,324,35,805,909,59523,0
1984,2023-02-15,324,11,810,908,59523,0
1985,2023-09-01,324,16,814,904,59523,0
1986,2024-06-13,324,20,813,907,59523,0
1987,2025-03-04,324,40,801,909,59523,0
1988,2022-01-13,326,13,809,911,83897,0
1989,2022-10-22,326,14,801,907,83897,0
1990,2023-09-17,326,24,807,908,83897,0
1991,2024-04-11,326,33,802,904,83897,0
1992,2025-02-13,326,28,807,900,83897,0
1993,2024-08-15,327,11,812,904,36891,0
1994,2018-11-05,328,12,802,902,40912,0
1995,2019-05-20,328,36,812,907,40912,0
1996,2020-05-01,328,36,810,901,40912,0
1997,2020-11-15,328,36,810,909,40912,0
1998,2021-09-14,328,12,808,903,40912,0
1999,2022-07-16,328,37,801,901,43997,0
2000,2023-01-20,328,20,814,903,43997,0
2001,2023-11-18,328,31,810,910,43997,0
2002,2024-09-28,328,25,807,903,43997,0
2003,2025-05-22,328,19,815,906,43997,0
2004,2018-09-19,329,27,810,903,44328,0
2005,2019-06-13,329,31,804,906,44328,0
2006,2020-03-14,329,15,801,908,44328,0
2007,2020-12-03,329,35,812,908,44328,0
2008,2021-07-14,329,33,810,908,44328,0
2009,2022-03-29,329,36,802,906,44328,0
2010,2023-01-03,329,30,808,905,44328,0
2011,2023-11-22,329,15,805,907,44328,0
2012,2024-07-18,329,11,810,905,44328,0
2013,2025-03-18,329,14,800,907,44328,0
2014,2021-07-03,331,12,812,903,68218,0
2015,2022-05-08,331,37,812,902,68218,0
2016,2023-02-03,331,40,812,900,68218,0
2017,2024-01-22,331,29,808,902,68218,0
2018,2024-11-11,331,31,811,904,68218,0
2019,2021-03-27,332,16,808,905,72584,0
2020,2022-02-27,332,25,809,908,72584,0
2021,2022-09-02,332,13,806,901,72584,0
2022,2023-04-02,332,10,804,908,75980,0
2023,2024-01-16,332,21,800,909,75980,0
2024,2024-11-01,332,32,810,905,75980,0
2025,2017-01-06,333,20,801,904,57886,0
2026,2017-11-24,333,19,802,909,57886,0
2027,2018-06-15,333,14,800,910,60638,0
2028,2019-04-27,333,22,810,908,60638,0
2029,2019-12-08,333,29,804,908,60638,0
2030,2020-08-23,333,22,814,904,60638,0
2031,2021-03-11,333,25,813,905,60638,0
2032,2021-11-01,333,28,814,906,64729,0
2033,2022-08-16,333,32,802,910,64729,0
2034,2023-04-27,333,28,814,911,64729,0
2035,2023-12-18,333,26,801,909,64729,0
2036,2024-08-16,333,23,815,905,64729,0
2037,2025-05-09,333,25,800,904,64729,0
2038,2019-03-20,334,10,803,904,64779,0
2039,2020-03-12,334,24,811,905,64779,0
2040,2020-11-25,334,13,800,911,64779,0
2041,2021-08-20,334,36,801,910,64779,0
2042,2022-06-30,334,25,801,904,64779,0
2043,2023-05-07,334,15,803,906,64779,0
2044,2023-12-10,334,31,815,904,64779,0
2045,2024-11-01,334,36,803,901,64779,0
2046,2025-04-16,335,34,811,910,79487,0
2047,2021-09-14,336,23,800,909,39265,0
2048,2022-05-23,336,13,802,904,39265,0
2049,2023-05-15,336,12,815,906,39265,0
2050,2024-04-01,336,11,802,911,39265,0
2051,2024-12-04,336,14,810,900,39265,0
2052,2016-11-10,337,27,810,903,51536,0
2053,2017-05-31,337,33,813,911,51536,0
2054,2018-02-25,337,19,811,906,51536,0
2055,2018-10-12,337,35,808,907,51536,0
2056,2019-07-08,337,18,805,904,51536,0
2057,2020-01-09,337,17,813,906,51536,0
2058,2020-12-28,337,22,805,907,51536,0
2059,2021-09-27,337,24,815,905,51536,0
2060,2022-09-15,337,20,812,908,51536,0
2061,2023-06-10,337,13,807,906,51536,0
2062,2024-01-29,337,14,809,911,51536,0
2063,2024-09-20,337,28,804,907,51536,0
2064,2025-06-21,337,27,801,907,51536,0
2065,2016-09-13,338,11,804,903,53830,0
2066,2017-05-31,338,16,807,904,53830,0
2067,2018-03-15,338,38,800,902,53830,0
2068,2018-12-25,338,40,811,909,53830,0
2069,2019-11-27,338,39,812,909,53830,0
2070,2020-10-18,338,19,811,909,53830,0
2071,2021-08-19,338,30,807,902,53830,0
2072,2022-06-20,338,11,800,903,53830,0
2073,2023-01-11,338,37,802,911,53830,0
2074,2023-09-26,338,36,811,901,53830,0
2075,2024-08-27,338,37,809,905,53830,0
2076,2025-05-20,338,17,809,908,53830,0
2077,2019-08-17,339,14,802,905,70748,0
2078,2020-07-10,339,29,814,904,70748,0
2079,2021-03-31,339,15,810,911,70748,0
2080,2022-01-31,339,29,804,903,74662,0
2081,2022-08-09,339,39,814,910,74662,0
2082,2023-02-25,339,10,810,902,74662,0
2083,2023-11-03,339,32,807,902,74662,0
2084,2024-06-15,339,19,810,909,74662,0
2085,2025-04-21,339,16,806,905,74662,0
2086,2023-05-19,340,12,810,908,35049,0
2087,2023-12-29,340,23,804,905,35049,0
2088,2024-09-08,340,33,814,908,35049,0
2089,2025-04-17,340,28,813,902,35049,0
2090,2020-05-04,341,15,807,909,45461,0
2091,2020-12-27,341,33,813,902,45461,0
2092,2021-07-02,341,30,811,905,45461,0
2093,2022-04-02,341,20,804,908,45461,0
2094,2022-11-14,341,31,801,907,48381,0
2095,2023-10-13,341,21,800,902,48381,0
2096,2024-09-05,341,10,803,903,48381,0
2097,2025-06-22,341,20,801,904,48381,0
2098,2019-04-01,342,13,808,906,57346,0
2099,2019-10-10,342,30,801,904,57346,0
2100,2020-07-09,342,17,807,907,60701,0
2101,2021-05-01,342,40,808,903,60701,0
2102,2022-04-16,342,31,802,901,60701,0
2103,2023-03-19,342,40,805,904,60701,0
2104,2024-03-06,342,35,808,902,60701,0
2105,2024-09-18,342,24,814,909,60701,0
2106,2025-05-17,342,37,809,900,60701,0
2107,2016-05-24,343,27,801,901,59116,0
2108,2017-02-22,343,36,810,904,59116,0
2109,2017-09-08,343,15,807,910,59116,0
2110,2018-05-30,343,20,808,911,64183,0
2111,2018-12-14,343,29,805,905,64183,0
2112,2019-09-16,343,26,810,908,64183,0
2113,2020-04-12,343,28,811,902,64183,0
2114,2020-11-03,343,30,803,905,68231,0
2115,2021-08-22,343,35,809,901,68231,0
2116,2022-07-01,343,10,805,911,70963,0
2117,2023-06-11,343,34,810,911,70963,0
2118,2024-05-25,343,40,814,900,70963,0
2119,2024-12-02,343,24,802,901,70963,0
2120,2019-02-23,344,29,812,903,69279,0
2121,2020-01-13,344,20,811,900,69279,0
2122,2020-08-04,344,13,805,905,69279,0
2123,2021-05-19,344,30,805,908,69279,0
2124,2021-12-31,344,15,812,911,69279,0
2125,2022-12-16,344,21,804,907,69279,0
2126,2023-10-20,344,31,813,909,69279,0
2127,2024-06-30,344,36,805,910,69279,0
2128,2025-06-25,344,11,807,904,69279,0
2129,2020-11-02,345,36,813,902,74302,0
2130,2021-05-28,345,37,807,903,74302,0
2131,2022-02-07,345,18,802,908,74302,0
2132,2023-01-30,345,28,804,903,74302,0
2133,2023-11-01,345,35,802,904,74302,0
2134,2024-06-03,345,16,806,904,74302,0
2135,2025-01-15,345,25,801,902,74302,0
2136,2020-10-12,346,20,806,903,36814,0
2137,2021-08-07,346,30,812,901,36814,0
2138,2022-02-20,346,38,807,905,36814,0
2139,2022-09-03,346,20,814,903,36814,0
2140,2023-06-27,346,14,801,900,36814,0
2141,2024-03-15,346,18,811,902,40383,0
2142,2024-11-24,346,33,806,905,40383,0
2143,2024-05-30,347,25,802,902,38936,0
2144,2024-12-21,347,23,808,909,41371,0
2145,2024-08-29,348,39,812,905,75700,0
2146,2025-04-12,348,36,812,901,78741,0
2147,2019-08-25,349,25,810,905,68549,0
2148,2020-06-09,349,35,804,902,68549,0
2149,2020-12-28,349,35,802,910,68549,0
2150,2021-11-02,349,19,804,904,68549,0
2151,2022-07-28,349,22,813,906,68549,0
2152,2023-03-11,349,36,805,911,68549,0
2153,2023-09-24,349,32,800,903,68549,0
2154,2024-07-03,349,32,806,903,68549,0
2155,2025-06-16,349,12,805,904,75171,0
2156,2023-04-09,350,21,810,900,69041,0
2157,2023-10-19,350,25,808,910,69041,0
2158,2024-10-13,350,24,813,910,69041,0
2159,2025-04-14,350,18,806,906,69041,0
2160,2021-08-14,351,31,811,900,73620,0
2161,2022-03-01,351,10,813,901,73620,0
2162,2022-11-21,351,16,810,907,73620,0
2163,2023-11-13,351,25,807,908,73620,0
2164,2024-10-05,351,34,802,909,73620,0
2165,2025-05-16,351,32,812,909,73620,0
2166,2019-09-09,352,39,807,910,79491,0
2167,2020-06-07,352,26,803,902,79491,0
2168,2021-03-25,352,12,809,903,79491,0
2169,2021-11-28,352,29,805,911,79491,0
2170,2022-09-09,352,33,810,906,79491,0
2171,2023-05-29,352,36,805,900,79491,0
2172,2024-05-11,352,22,815,908,79491,0
2173,2025-03-16,352,26,805,911,79491,0
2174,2024-04-18,353,20,807,905,81088,0
2175,2025-03-11,353,11,800,903,81088,0
2176,2023-09-08,354,27,815,911,37878,0
2177,2024-03-15,354,24,805,911,37878,0
2178,2024-10-03,354,32,804,900,39476,0
2179,2018-10-01,356,35,807,900,74918,0
2180,2019-08-25,356,20,801,900,74918,0
2181,2020-05-25,356,23,811,903,74918,0
2182,2021-01-15,356,25,809,907,74918,0
2183,2021-08-20,356,26,805,910,74918,0
2184,2022-07-22,356,35,810,903,74918,0
2185,2023-07-17,356,12,806,907,74918,0
2186,2024-02-24,356,13,812,908,74918,0
2187,2024-11-22,356,31,806,901,78967,0
2188,2021-01-03,357,38,814,910,41451,0
2189,2021-12-29,357,25,807,908,42994,0
2190,2022-09-09,357,18,806,903,42994,0
2191,2023-06-08,357,38,812,907,42994,0
2192,2024-03-21,357,27,803,900,42994,0
2193,2024-11-06,357,25,807,910,42994,0
2194,2021-01-03,358,31,810,907,52792,0
2195,2021-07-10,358,38,806,910,52792,0
2196,2022-04-12,358,21,814,905,52792,0
2197,2022-11-14,358,29,803,902,52792,0
2198,2023-08-13,358,32,813,907,56555,0
2199,2024-02-12,358,28,810,902,56555,0
2200,2024-08-30,358,20,812,909,56555,0
2201,2025-05-15,358,12,807,904,56555,0
2202,2018-02-04,359,15,809,902,45689,0
2203,2018-12-03,359,23,802,906,45689,0
2204,2019-06-11,359,16,814,910,45689,0
2205,2020-05-01,359,36,807,900,45689,0
2206,2021-01-09,359,12,804,903,45689,0
2207,2021-10-02,359,38,813,901,45689,0
2208,2022-09-17,359,13,810,901,45689,0
2209,2023-04-23,359,32,804,910,45689,0
2210,2024-02-08,359,33,803,903,45689,0
2211,2025-01-25,359,18,811,909,45689,0
2212,2021-10-22,360,13,804,903,43926,0
2213,2022-10-16,360,32,801,903,43926,0
2214,2023-08-18,360,29,808,905,43926,0
2215,2024-06-10,360,19,814,904,43926,0
2216,2025-02-27,360,10,808,906,43926,0
2217,2023-07-14,361,16,811,904,58865,0
2218,2024-07-02,361,25,810,903,58865,0
2219,2025-02-07,361,20,806,904,58865,0
2220,2020-10-06,362,36,807,904,57697,0
2221,2021-07-07,362,23,809,901,57697,0
2222,2022-03-01,362,17,812,903,57697,0
2223,2022-12-17,362,32,813,907,57697,0
2224,2023-09-30,362,38,800,910,57697,0
2225,2024-08-04,362,39,809,907,57697,0
2226,2025-05-31,362,29,806,901,61778,0
2227,2024-11-16,363,36,802,902,35474,0
2228,2024-12-17,364,27,811,911,74909,0
2229,2020-04-03,365,21,811,903,83772,0
2230,2021-01-25,365,27,813,901,86311,0
2231,2022-01-08,365,17,805,909,86311,0
2232,2022-11-11,365,24,810,910,93873,0
2233,2023-05-15,365,38,813,906,93873,0
2234,2024-01-07,365,13,803,907,93873,0
2235,2024-09-25,365,17,804,906,93873,0
2236,2016-12-23,366,11,803,910,64540,0
2237,2017-08-04,366,17,813,906,64540,0
2238,2018-06-09,366,19,805,903,64540,0
2239,2018-12-17,366,16,800,905,64540,0
2240,2019-08-10,366,10,814,910,64540,0
2241,2020-07-02,366,34,811,900,64540,0
2242,2021-02-15,366,16,809,910,64540,0
2243,2022-01-26,366,34,814,900,64540,0
2244,2022-12-09,366,37,807,906,64540,0
2245,2023-11-06,366,28,804,903,64540,0
2246,2024-08-06,366,21,808,900,64540,0
2247,2025-04-30,366,19,802,903,64540,0
2248,2020-10-20,367,38,804,900,57960,0
2249,2021-04-29,367,18,809,904,57960,0
2250,2021-12-26,367,35,803,910,57960,0
2251,2022-08-25,367,29,811,904,57960,0
2252,2023-03-21,367,15,812,905,57960,0
2253,2024-03-07,367,19,807,908,57960,0
2254,2025-02-18,367,28,810,906,57960,0
2255,2018-03-15,368,27,812,900,44770,0
2256,2019-02-07,368,19,804,900,44770,0
2257,2019-09-15,368,17,813,906,44770,0
2258,2020-04-01,368,13,807,911,44770,0
2259,2021-02-18,368,15,810,909,44770,0
2260,2022-01-19,368,33,815,907,44770,0
2261,2022-11-05,368,37,808,909,44770,0
2262,2023-08-24,368,38,805,911,46232,0
2263,2024-03-08,368,24,815,906,46232,0
2264,2024-12-29,368,15,809,900,46232,0
2265,2021-10-25,369,21,805,910,78584,0
2266,2022-07-18,369,17,815,903,78584,0
2267,2023-04-18,369,36,811,903,78584,0
2268,2024-04-01,369,23,811,902,78584,0
2269,2025-03-22,369,21,812,904,78584,0
2270,2017-03-30,370,35,807,905,64541,0
2271,2017-10-08,370,11,812,904,64541,0
2272,2018-05-01,370,27,808,904,64541,0
2273,2018-11-12,370,11,801,901,64541,0
2274,2019-11-03,370,18,802,909,64541,0
2275,2020-08-26,370,23,809,911,64541,0
2276,2021-05-02,370,27,804,902,64541,0
2277,2021-12-24,370,32,814,902,64541,0
2278,2022-11-07,370,22,808,911,64541,0
2279,2023-09-22,370,14,805,901,64541,0
2280,2024-04-25,370,35,812,905,64541,0
2281,2024-12-10,370,12,814,900,64541,0
2282,2024-11-25,371,23,800,911,51683,0
2283,2025-02-24,373,12,812,905,41996,0
2284,2020-08-04,375,18,802,910,55718,0
2285,2021-02-08,375,39,805,901,57602,0
2286,2021-10-18,375,11,800,908,57602,0
2287,2022-05-19,375,30,811,909,57602,0
2288,2023-04-04,375,21,809,909,57602,0
2289,2024-03-08,375,12,808,904,57602,0
2290,2025-01-03,375,10,804,910,57602,0
2291,2020-07-29,376,30,806,911,53585,0
2292,2021-04-07,376,37,814,902,53585,0
2293,2022-03-01,376,35,805,904,53585,0
2294,2022-11-15,376,39,812,902,55990,0
2295,2023-05-16,376,18,800,901,55990,0
2296,2024-05-08,376,38,806,908,55990,0
2297,2025-04-05,376,13,801,901,55990,0
2298,2024-07-13,377,29,813,903,48890,0
2299,2020-12-09,378,25,814,901,68986,0
2300,2021-09-03,378,36,802,904,68986,0
2301,2022-08-24,378,20,804,911,68986,0
2302,2023-05-21,378,30,806,910,68986,0
2303,2024-04-04,378,24,801,905,68986,0
2304,2024-11-20,378,38,812,908,75093,0
2305,2021-03-24,379,24,806,911,69177,0
2306,2022-01-10,379,30,801,903,69177,0
2307,2022-08-16,379,18,811,911,69177,0
2308,2023-06-07,379,29,803,900,71838,0
2309,2023-12-29,379,28,810,907,71838,0
2310,2024-10-16,379,32,801,901,71838,0
2311,2025-05-06,379,10,807,905,71838,0
2312,2019-05-05,380,13,808,903,70304,0
2313,2020-02-08,380,38,803,911,70304,0
2314,2020-12-11,380,39,811,910,70304,0
2315,2021-11-11,380,18,801,904,70304,0
2316,2022-08-05,380,13,808,907,70304,0
2317,2023-03-23,380,22,815,901,70304,0
2318,2023-11-20,380,26,815,911,74369,0
2319,2024-07-15,380,19,808,906,74369,0
2320,2025-04-26,380,32,803,901,74369,0
2321,2017-05-28,381,38,810,909,47789,0
2322,2018-05-20,381,13,803,902,47789,0
2323,2019-01-11,381,19,811,906,47789,0
2324,2019-09-14,381,19,810,908,47789,0
2325,2020-08-22,381,29,807,911,47789,0
2326,2021-08-03,381,20,811,903,47789,0
2327,2022-03-19,381,39,808,907,47789,0
2328,2023-01-11,381,10,803,903,47789,0
2329,2023-12-10,381,15,808,903,47789,0
2330,2024-11-29,381,29,806,910,47789,0
2331,2022-04-21,382,34,813,909,44082,0
2332,2022-12-07,382,19,801,910,44082,0
2333,2023-10-18,382,20,812,908,44082,0
2334,2024-09-08,382,13,806,909,44082,0
2335,2024-03-14,383,27,814,902,55630,0
2336,2025-01-25,383,26,806,900,55630,0
2337,2019-02-21,384,20,805,904,40854,0
2338,2019-12-17,384,40,804,910,40854,0
2339,2020-07-04,384,33,813,908,40854,0
2340,2021-06-19,384,14,800,905,43356,0
2341,2022-02-02,384,16,805,905,43356,0
2342,2022-10-09,384,38,800,909,43356,0
2343,2023-06-20,384,39,810,909,43356,0
2344,2024-04-20,384,39,815,903,43356,0
2345,2024-12-22,384,32,807,910,46530,0
2346,2020-09-28,385,17,803,905,55499,0
2347,2021-06-07,385,33,814,904,57674,0
2348,2022-05-28,385,11,810,902,57674,0
2349,2022-12-22,385,22,809,902,57674,0
2350,2023-11-14,385,18,810,905,57674,0
2351,2024-08-30,385,11,814,910,57674,0
2352,2025-06-02,385,12,815,903,57674,0
2353,2023-02-14,386,26,806,906,71073,0
2354,2023-12-13,386,29,813,900,71073,0
2355,2024-07-13,386,10,803,909,71073,0
2356,2025-05-10,386,34,805,909,71073,0
2357,2025-02-09,387,12,813,905,39647,0
2358,2024-01-03,388,38,805,902,40402,0
2359,2024-11-03,388,40,812,902,40402,0
2360,2025-06-06,388,24,809,907,40402,0
2361,2024-12-06,389,33,807,904,77026,0
2362,2017-03-19,390,29,810,902,77808,0
2363,2017-11-18,390,22,806,907,77808,0
2364,2018-07-30,390,14,801,907,77808,0
2365,2019-06-18,390,16,808,901,77808,0
2366,2020-04-04,390,10,800,905,77808,0
2367,2020-11-25,390,32,802,909,77808,0
2368,2021-08-09,390,31,807,905,77808,0
2369,2022-05-06,390,38,805,907,77808,0
2370,2022-11-16,390,28,804,902,77808,0
2371,2023-08-15,390,37,813,910,77808,0
2372,2024-06-27,390,18,805,907,77808,0
2373,2025-04-14,390,29,802,910,77808,0
2374,2019-09-22,391,15,810,911,45894,0
2375,2020-08-06,391,40,802,903,45894,0
2376,2021-07-25,391,22,803,906,45894,0
2377,2022-01-29,391,23,803,906,45894,0
2378,2022-11-24,391,32,810,901,45894,0
2379,2023-07-06,391,31,801,907,45894,0
2380,2024-02-26,391,40,804,902,45894,0
2381,2024-11-04,391,39,807,911,45894,0
2382,2025-06-27,391,26,806,903,45894,0
2383,2017-08-21,392,15,814,900,71405,0
2384,2018-05-09,392,19,800,910,71405,0
2385,2018-11-16,392,34,809,908,71405,0
2386,2019-10-28,392,34,804,908,71405,0
2387,2020-08-31,392,29,802,911,71405,0
2388,2021-03-03,392,31,808,901,71405,0
2389,2022-02-09,392,18,800,905,71405,0
2390,2023-01-07,392,40,804,901,71405,0
2391,2023-12-18,392,37,809,900,71405,0
2392,2024-11-09,392,20,803,903,71405,0
2393,2025-06-01,392,17,806,902,74409,0
2394,2022-12-03,393,23,803,911,80191,0
2395,2023-06-03,393,38,802,902,80191,0
2396,2023-12-21,393,40,811,910,80191,0
2397,2024-10-16,393,16,808,903,80191,0
2398,2024-08-13,394,31,807,900,39373,0
2399,2025-03-31,394,18,807,906,43099,0
2400,2024-02-10,396,16,803,905,75113,0
2401,2025-01-12,396,35,809,907,75113,0
2402,2016-11-18,397,25,812,907,65221,0
2403,2017-08-10,397,40,812,906,65221,0
2404,2018-04-16,397,20,804,908,65221,0
2405,2019-01-07,397,24,812,904,65221,0
2406,2019-10-24,397,15,812,908,65221,0
2407,2020-07-07,397,28,803,905,65221,0
2408,2021-02-20,397,10,804,903,65221,0
2409,2022-01-26,397,31,803,909,65221,0
2410,2022-07-31,397,36,813,902,65221,0
2411,2023-02-08,397,33,807,902,65221,0
2412,2024-01-27,397,30,804,900,65221,0
2413,2024-08-07,397,22,813,909,70760,0
2414,2025-03-10,397,34,803,902,70760,0
2415,2018-08-05,398,24,803,905,58567,0
2416,2019-05-21,398,21,813,908,58567,0
2417,2020-02-20,398,35,803,902,58567,0
2418,2020-08-28,398,34,801,905,58567,0
2419,2021-04-21,398,15,814,904,58567,0
2420,2022-01-12,398,20,811,905,58567,0
2421,2022-07-18,398,29,811,906,58567,0
2422,2023-03-04,398,16,808,901,58567,0
2423,2024-02-08,398,35,808,910,58567,0
2424,2024-12-21,398,29,812,900,58567,0
2425,2020-05-10,399,16,811,905,45258,0
2426,2020-11-14,399,40,811,900,45258,0
2427,2021-10-12,399,33,815,900,45258,0
2428,2022-05-10,399,21,813,901,45258,0
2429,2023-04-08,399,26,812,903,45258,0
2430,2024-02-04,399,25,806,910,45258,0
2431,2024-10-22,399,20,806,900,45258,0
2432,2025-05-08,399,37,808,903,45258,0
2433,2020-11-23,400,17,801,901,66115,0
2434,2021-07-21,400,18,815,905,66115,0
2435,2022-07-03,400,32,814,902,66115,0
2436,2023-06-03,400,12,803,907,69405,0
2437,2023-12-28,400,15,810,910,73784,0
2438,2024-09-26,400,34,814,904,73784,0
2439,2025-04-11,400,28,802,911,73784,0
2440,2017-07-01,401,21,807,909,78941,0
2441,2018-04-30,401,24,808,904,78941,0
2442,2019-03-20,401,33,800,900,78941,0
2443,2019-12-24,401,23,805,902,78941,0
2444,2020-10-25,401,28,802,911,78941,0
2445,2021-10-03,401,20,815,900,78941,0
2446,2022-06-15,401,18,815,900,78941,0
2447,2023-04-01,401,31,802,909,78941,0
2448,2023-10-16,401,34,808,904,78941,0
2449,2024-07-23,401,37,810,905,78941,0
2450,2025-04-08,401,28,807,909,78941,0
2451,2019-04-26,402,20,815,905,74354,0
2452,2019-11-07,402,26,813,905,74354,0
2453,2020-06-19,402,26,815,904,74354,0
2454,2021-01-25,402,23,803,909,74354,0
2455,2021-12-24,402,14,803,905,74354,0
2456,2022-07-09,402,34,815,905,74354,0
2457,2023-03-02,402,26,800,902,74354,0
2458,2024-01-28,402,36,805,903,74354,0
2459,2024-08-05,402,32,813,903,74354,0
2460,2025-03-03,402,24,810,910,74354,0
2461,2024-02-18,404,36,802,904,73052,0
2462,2025-01-27,404,25,800,901,73052,0
2463,2018-09-29,405,25,810,903,78662,0
2464,2019-04-04,405,26,815,909,78662,0
2465,2019-12-14,405,34,803,901,78662,0
2466,2020-06-24,405,18,813,900,78662,0
2467,2021-03-05,405,34,805,909,78662,0
2468,2022-02-13,405,18,810,911,78662,0
2469,2022-12-20,405,26,806,902,78662,0
2470,2023-12-13,405,32,815,910,78662,0
2471,2024-11-23,405,11,804,904,78662,0
2472,2025-06-04,405,35,801,905,81174,0
2473,2017-06-22,406,14,802,911,52249,0
2474,2018-06-07,406,10,805,905,52249,0
2475,2019-04-14,406,10,808,904,52249,0
2476,2020-02-18,406,12,802,902,52249,0
2477,2020-12-18,406,23,805,900,52249,0
2478,2021-11-15,406,17,800,905,54084,0
2479,2022-10-13,406,18,806,909,54084,0
2480,2023-08-08,406,28,805,901,58870,0
2481,2024-07-01,406,34,810,903,58870,0
2482,2025-04-12,406,36,803,901,63045,0
2483,2020-07-07,407,12,800,911,58913,0
2484,2021-06-20,407,27,807,901,58913,0
2485,2022-04-28,407,11,805,908,58913,0
2486,2023-04-18,407,31,807,900,58913,0
2487,2024-02-12,407,40,806,900,58913,0
2488,2025-01-14,407,29,814,900,58913,0
2489,2021-01-12,408,23,809,903,79573,0
2490,2021-11-10,408,28,812,908,79573,0
2491,2022-10-09,408,33,809,907,79573,0
2492,2023-07-13,408,13,803,911,82312,0
2493,2024-04-24,408,29,804,900,87578,0
2494,2024-10-21,408,30,813,900,87578,0
2495,2018-04-22,409,38,813,908,47088,0
2496,2019-02-05,409,29,809,903,47088,0
2497,2019-09-01,409,39,813,904,47088,0
2498,2020-05-29,409,10,814,911,47088,0
2499,2021-02-12,409,31,812,901,49643,0
2500,2021-11-09,409,13,808,908,49643,0
2501,2022-05-18,409,17,813,902,49643,0
2502,2023-02-14,409,21,813,909,49643,0
2503,2023-12-14,409,31,808,903,49643,0
2504,2024-11-30,409,37,809,902,49643,0
2505,2017-04-28,412,14,814,902,68183,0
2506,2018-04-22,412,32,806,910,68183,0
2507,2019-01-07,412,24,800,908,68183,0
2508,2019-12-08,412,29,805,910,68183,0
2509,2020-06-09,412,24,815,904,68183,0
2510,2021-01-03,412,15,807,905,74148,0
2511,2021-07-28,412,39,806,904,74148,0
2512,2022-02-24,412,17,809,909,74148,0
2513,2023-02-13,412,28,807,900,74148,0
2514,2023-09-21,412,20,808,907,74148,0
2515,2024-06-21,412,25,815,903,74148,0
2516,2025-05-04,412,20,809,909,74148,0
2517,2024-08-07,413,39,808,909,51665,0
2518,2025-04-22,413,11,812,907,51665,0
2519,2018-12-29,414,23,813,902,64600,0
2520,2019-07-14,414,10,801,907,64600,0
2521,2020-07-03,414,23,805,903,64600,0
2522,2021-05-23,414,35,814,900,64600,0
2523,2021-12-04,414,21,804,903,64600,0
2524,2022-08-11,414,25,811,911,64600,0
2525,2023-05-10,414,36,804,900,64600,0
2526,2023-11-18,414,34,807,909,64600,0
2527,2024-07-21,414,12,815,911,64600,0
2528,2025-01-26,414,30,812,911,64600,0
2529,2017-05-28,416,17,814,901,36236,0
2530,2018-01-15,416,30,807,905,36236,0
2531,2018-11-25,416,12,806,903,36236,0
2532,2019-10-01,416,17,807,900,36236,0
2533,2020-06-08,416,22,809,908,36236,0
2534,2020-12-28,416,16,806,911,36236,0
2535,2021-11-24,416,36,815,905,36236,0
2536,2022-08-12,416,12,811,901,37809,0
2537,2023-04-05,416,39,814,909,37809,0
2538,2024-02-20,416,17,812,908,37809,0
2539,2025-02-07,416,35,802,905,37809,0
2540,2019-04-09,417,11,813,904,79890,0
2541,2019-12-19,417,12,813,910,79890,0
2542,2020-07-27,417,25,810,909,79890,0
2543,2021-01-26,417,35,800,910,79890,0
2544,2021-07-25,417,24,809,902,87525,0
2545,2022-07-03,417,17,806,906,87525,0
2546,2023-05-21,417,24,807,902,87525,0
2547,2024-03-09,417,10,807,909,87525,0
2548,2025-02-16,417,19,800,911,87525,0
2549,2023-07-02,418,27,804,910,50286,0
2550,2024-05-01,418,12,807,905,53014,0
2551,2024-12-21,418,19,805,900,53014,0
2552,2023-06-16,419,14,808,901,81634,0
2553,2024-05-23,419,35,807,907,81634,0
2554,2025-01-03,419,29,808,906,81634,0
2555,2025-04-27,420,23,809,911,80425,0
2556,2023-06-24,421,13,802,906,70216,0
2557,2024-01-19,421,38,811,901,77012,0
2558,2024-09-20,421,40,804,901,77012,0
2559,2025-04-05,421,33,803,901,77012,0
2560,2020-11-17,422,36,803,909,52187,0
2561,2021-05-18,422,31,804,911,52187,0
2562,2022-01-18,422,35,802,901,52187,0
2563,2022-09-23,422,15,813,907,52187,0
2564,2023-06-08,422,27,812,904,52187,0
2565,2024-02-27,422,16,805,906,52187,0
2566,2024-10-20,422,33,807,902,52187,0
2567,2017-08-05,423,23,806,908,54095,0
2568,2018-02-10,423,17,811,901,54095,0
2569,2018-09-13,423,40,815,909,54095,0
2570,2019-05-07,423,29,801,902,54095,0
2571,2020-02-02,423,14,807,907,54095,0
2572,2020-12-10,423,33,805,900,54095,0
2573,2021-07-11,423,25,811,901,54095,0
2574,2022-01-08,423,11,814,910,57960,0
2575,2022-12-09,423,16,813,910,57960,0
2576,2023-12-03,423,18,806,904,57960,0
2577,2024-06-20,423,14,810,910,57960,0
2578,2025-04-24,423,19,801,902,57960,0
2579,2019-10-10,425,24,805,908,77335,0
2580,2020-06-14,425,40,813,900,84456,0
2581,2021-02-22,425,28,814,902,84456,0
2582,2021-12-22,425,40,803,907,84456,0
2583,2022-12-17,425,16,807,903,84456,0
2584,2023-11-07,425,21,810,911,84456,0
2585,2024-06-08,425,28,809,900,84456,0
2586,2024-12-06,425,10,811,904,84456,0
2587,2023-07-30,426,31,814,906,70783,0
2588,2024-04-15,426,26,803,903,70783,0
2589,2025-03-28,426,26,811,907,70783,0
2590,2018-09-04,428,13,801,904,78233,0
2591,2019-04-17,428,36,809,911,78233,0
2592,2020-02-20,428,22,809,903,78233,0
2593,2020-09-26,428,17,807,900,78233,0
2594,2021-05-25,428,30,802,911,78233,0
2595,2022-02-08,428,29,813,905,78233,0
2596,2022-10-30,428,12,808,909,78233,0
2597,2023-07-19,428,26,809,901,81661,0
2598,2024-01-28,428,31,804,902,81661,0
2599,2024-08-20,428,33,812,910,81661,0
2600,2025-05-24,428,32,812,907,81661,0
2601,2019-06-24,429,11,804,906,78762,0
2602,2020-03-05,429,38,815,901,78762,0
2603,2021-01-24,429,38,806,901,78762,0
2604,2021-10-19,429,39,809,911,78762,0
2605,2022-10-01,429,33,812,911,78762,0
2606,2023-09-02,429,16,814,909,85098,0
2607,2024-03-30,429,15,804,909,85098,0
2608,2024-09-27,429,14,803,907,85098,0
2609,2025-04-03,429,15,814,906,85098,0
2610,2023-09-22,430,34,811,902,44989,0
2611,2024-08-18,430,11,813,906,44989,0
2612,2025-05-14,430,27,813,901,44989,0
2613,2024-06-23,431,35,801,908,69195,0
2614,2025-02-11,431,25,813,904,69195,0
2615,2017-09-13,433,13,808,903,51069,0
2616,2018-03-18,433,12,804,909,51069,0
2617,2018-11-11,433,28,811,901,51069,0
2618,2019-06-14,433,33,814,907,51069,0
2619,2020-02-26,433,32,808,902,51069,0
2620,2021-01-28,433,31,801,911,54036,0
2621,2021-10-22,433,23,804,907,54036,0
2622,2022-08-03,433,22,803,906,54036,0
2623,2023-05-20,433,27,808,904,54036,0
2624,2024-01-13,433,25,815,904,54036,0
2625,2025-01-04,433,13,802,907,54036,0
2626,2024-09-30,434,28,813,902,37892,0
2627,2025-06-26,434,35,805,909,37892,0
2628,2024-06-25,435,35,801,902,46871,0
2629,2025-04-14,435,32,805,903,46871,0
2630,2016-11-03,436,40,803,910,39612,0
2631,2017-08-06,436,11,800,906,39612,0
2632,2018-05-27,436,28,804,905,39612,0
2633,2019-05-15,436,23,805,905,39612,0
2634,2020-05-06,436,11,801,900,39612,0
2635,2020-12-17,436,14,810,901,39612,0
2636,2021-08-31,436,31,807,905,41768,0
2637,2022-08-22,436,17,815,911,41768,0
2638,2023-07-03,436,28,800,906,41768,0
2639,2024-06-12,436,13,803,902,41768,0
2640,2025-02-04,436,13,805,901,41768,0
2641,2017-04-20,437,22,801,900,36884,0
2642,2017-11-20,437,25,800,900,38352,0
2643,2018-11-04,437,17,806,900,38352,0
2644,2019-06-15,437,35,807,903,38352,0
2645,2020-03-22,437,29,815,903,38352,0
2646,2020-10-09,437,33,812,909,38352,0
2647,2021-09-23,437,38,808,911,38352,0
2648,2022-08-10,437,17,805,909,38352,0
2649,2023-06-13,437,33,813,903,38352,0
2650,2024-02-16,437,33,805,900,38352,0
2651,2024-09-19,437,21,810,903,38352,0
2652,2025-04-08,437,13,803,911,38352,0
2653,2022-06-29,438,20,804,908,53409,0
2654,2023-02-23,438,35,801,909,53409,0
2655,2023-12-10,438,13,801,909,53409,0
2656,2024-11-01,438,34,801,908,53409,0
2657,2025-06-27,438,13,814,906,53409,0
2658,2024-01-10,439,16,812,909,77333,0
2659,2024-07-12,439,12,809,909,77333,0
2660,2025-04-24,439,40,806,905,77333,0
2661,2018-03-24,440,16,809,909,73142,0
2662,2019-03-09,440,37,805,904,73142,0
2663,2019-11-04,440,37,801,910,73142,0
2664,2020-10-06,440,37,806,904,73142,0
2665,2021-04-22,440,21,813,900,73142,0
2666,2022-02-26,440,27,806,908,73142,0
2667,2023-01-29,440,28,805,904,73142,0
2668,2023-09-06,440,29,806,909,73142,0
2669,2024-06-11,440,14,803,900,73142,0
2670,2024-12-30,440,32,812,908,73142,0
2671,2019-10-09,441,34,801,904,74228,0
2672,2020-06-18,441,35,809,910,74228,0
2673,2021-04-08,441,40,800,902,74228,0
2674,2022-01-18,441,24,813,905,74228,0
2675,2022-10-06,441,31,807,901,80655,0
2676,2023-06-04,441,31,815,910,80655,0
2677,2024-02-24,441,22,806,911,80655,0
2678,2024-11-09,441,12,812,900,80655,0
2679,2024-06-21,442,22,807,903,50697,0
2680,2025-01-08,442,21,812,904,50697,0
2681,2018-05-15,443,34,802,910,70555,0
2682,2019-03-06,443,15,803,910,70555,0
2683,2019-09-13,443,15,812,911,70555,0
2684,2020-04-09,443,27,810,902,70555,0
2685,2021-01-14,443,34,810,909,70555,0
2686,2021-09-08,443,27,804,904,70555,0
2687,2022-03-13,443,10,808,908,70555,0
2688,2022-11-21,443,29,810,903,70555,0
2689,2023-06-09,443,18,800,904,70555,0
2690,2024-04-11,443,21,815,901,70555,0
2691,2024-10-14,443,26,808,904,70555,0
2692,2023-03-22,444,15,804,903,68090,0
2693,2023-12-08,444,31,809,903,68090,0
2694,2024-06-22,444,38,807,911,68090,0
2695,2025-03-11,444,29,813,902,68090,0
2696,2023-06-05,445,37,811,904,56888,0
2697,2024-04-26,445,14,812,907,56888,0
2698,2024-11-20,445,31,815,903,56888,0
2699,2018-01-12,446,15,810,908,54703,0
2700,2018-07-22,446,15,801,903,54703,0
2701,2019-02-21,446,20,801,910,54703,0
2702,2019-09-08,446,29,800,901,54703,0
2703,2020-03-10,446,26,812,901,54703,0
2704,2020-12-27,446,10,801,903,54703,0
2705,2021-09-07,446,15,807,903,54703,0
2706,2022-07-06,446,15,800,901,60086,0
2707,2023-03-25,446,39,813,907,60086,0
2708,2023-10-30,446,20,810,908,60086,0
2709,2024-06-29,446,27,800,905,60086,0
2710,2025-06-09,446,37,801,911,60086,0
2711,2021-08-27,447,30,815,902,42002,0
2712,2022-07-13,447,34,802,908,42002,0
2713,2023-05-04,447,21,811,906,42002,0
2714,2024-01-23,447,38,813,909,42002,0
2715,2024-09-16,447,18,809,908,42002,0
2716,2025-05-30,447,30,806,902,42002,0
2717,2024-04-22,449,32,801,905,66775,0
2718,2024-10-28,449,32,811,902,66775,0
2719,2022-01-31,450,25,809,907,41140,0
2720,2023-01-23,450,39,811,901,41140,0
2721,2023-10-29,450,38,807,906,41140,0
2722,2024-07-07,450,38,812,908,41140,0
2723,2025-05-17,450,32,800,900,41140,0
2724,2018-12-06,451,35,806,910,76457,0
2725,2019-07-28,451,31,802,908,76457,0
2726,2020-01-28,451,16,808,900,76457,0
2727,2020-12-08,451,22,814,902,76457,0
2728,2021-11-28,451,30,807,906,76457,0
2729,2022-06-29,451,27,801,908,76457,0
2730,2023-01-03,451,40,801,911,76457,0
2731,2023-10-28,451,36,809,907,76457,0
2732,2024-06-28,451,39,802,909,76457,0
2733,2025-01-05,451,15,802,908,76457,0
2734,2019-10-16,452,17,805,910,74957,0
2735,2020-07-20,452,26,812,903,74957,0
2736,2021-04-21,452,33,806,907,74957,0
2737,2022-03-07,452,32,811,900,74957,0
2738,2022-09-13,452,23,804,908,74957,0
2739,2023-07-01,452,19,802,910,74957,0
2740,2024-05-09,452,33,800,906,74957,0
2741,2024-11-26,452,26,801,910,74957,0
2742,2019-01-08,454,31,813,905,57564,0
2743,2019-09-21,454,32,800,905,57564,0
2744,2020-03-21,454,10,808,911,57564,0
2745,2021-03-16,454,17,813,904,57564,0
2746,2021-12-26,454,26,801,905,57564,0
2747,2022-08-27,454,33,814,901,57564,0
2748,2023-03-18,454,11,811,910,57564,0
2749,2023-12-16,454,13,813,909,57564,0
2750,2024-10-20,454,23,806,901,57564,0
2751,2021-12-11,455,23,813,907,55940,0
2752,2022-08-30,455,33,802,905,55940,0
2753,2023-03-05,455,16,809,902,55940,0
2754,2024-01-10,455,19,804,905,60516,0
2755,2024-08-15,455,19,815,901,60516,0
2756,2025-05-07,455,34,805,906,60516,0
2757,2023-07-03,456,20,810,910,36618,0
2758,2024-06-12,456,32,815,906,36618,0
2759,2025-03-01,456,10,801,904,36618,0
2760,2024-05-07,457,30,814,907,38989,0
2761,2024-12-23,457,32,803,905,38989,0
2762,2024-05-29,458,10,803,905,41821,0
2763,2025-05-22,458,32,805,904,41821,0
2764,2021-08-14,459,31,810,909,54623,0
2765,2022-02-21,459,35,806,909,54623,0
2766,2022-11-18,459,33,811,904,54623,0
2767,2023-10-05,459,18,812,908,54623,0
2768,2024-06-02,459,22,810,901,54623,0
2769,2025-04-28,459,13,800,904,54623,0
2770,2025-01-31,460,20,801,901,82034,0
2771,2017-03-03,461,12,806,906,63222,0
2772,2017-12-21,461,28,800,905,63222,0
2773,2018-07-20,461,28,807,910,63222,0
2774,2019-05-26,461,16,812,907,63222,0
2775,2019-12-10,461,10,807,908,63222,0
2776,2020-06-16,461,22,814,903,63222,0
2777,2020-12-30,461,34,813,900,63222,0
2778,2021-08-11,461,24,807,902,63222,0
2779,2022-06-30,461,15,801,911,63222,0
2780,2023-05-21,461,17,808,911,63222,0
2781,2024-02-03,461,37,805,908,63222,0
2782,2024-11-04,461,19,803,911,63222,0
2783,2022-08-29,462,16,814,902,83853,0
2784,2023-05-08,462,32,805,909,83853,0
2785,2024-04-11,462,37,813,906,83853,0
2786,2025-03-18,462,19,815,909,83853,0
2787,2018-12-07,463,11,813,903,82102,0
2788,2019-10-20,463,33,813,906,82102,0
2789,2020-10-12,463,28,815,906,82102,0
2790,2021-04-28,463,32,801,908,82102,0
2791,2022-03-24,463,23,800,906,82102,0
2792,2023-01-04,463,24,805,900,82102,0
2793,2023-08-22,463,34,801,908,89042,0
2794,2024-05-21,463,33,806,902,89042,0
2795,2025-05-14,463,36,811,902,89042,0
2796,2017-01-03,464,30,804,900,59066,0
2797,2017-09-18,464,31,813,908,59066,0
2798,2018-05-30,464,33,809,901,59066,0
2799,2019-03-10,464,17,802,909,59066,0
2800,2019-09-09,464,25,808,901,59066,0
2801,2020-07-08,464,24,809,901,59066,0
2802,2021-06-20,464,40,815,905,59066,0
2803,2022-06-03,464,34,815,907,61329,0
2804,2023-05-01,464,40,811,900,61329,0
2805,2024-02-02,464,14,812,911,61329,0
2806,2024-11-04,464,28,808,909,61329,0
2807,2019-01-24,465,24,800,902,37001,0
2808,2020-01-03,465,17,810,901,37001,0
2809,2020-08-05,465,39,811,911,37001,0
2810,2021-05-04,465,35,810,904,37001,0
2811,2022-01-14,465,21,806,910,37001,0
2812,2022-07-27,465,19,813,910,37001,0
2813,2023-04-05,465,16,802,904,38172,0
2814,2023-11-27,465,34,802,902,41518,0
2815,2024-10-29,465,23,807,902,41518,0
2816,2019-03-08,466,11,806,907,68195,0
2817,2020-02-06,466,11,805,908,68195,0
2818,2020-11-06,466,38,805,910,68195,0
2819,2021-08-17,466,25,813,909,68195,0
2820,2022-06-15,466,13,811,908,68195,0
2821,2022-12-24,466,13,811,901,68195,0
2822,2023-10-23,466,14,814,907,68195,0
2823,2024-05-14,466,19,807,901,68195,0
2824,2025-04-12,466,19,812,902,74045,0
2825,2018-06-25,467,31,813,904,64511,0
2826,2019-05-17,467,11,803,901,64511,0
2827,2020-04-30,467,34,805,907,64511,0
2828,2021-01-10,467,23,815,911,70575,0
2829,2021-07-12,467,11,815,906,70575,0
2830,2022-05-15,467,16,807,906,70575,0
2831,2023-04-07,467,25,807,908,70575,0
2832,2024-02-23,467,14,803,903,70575,0
2833,2024-09-08,467,39,808,901,70575,0
2834,2020-01-13,468,16,805,900,76778,0
2835,2020-10-17,468,21,805,908,81827,0
2836,2021-07-14,468,38,800,906,81827,0
2837,2022-03-17,468,16,806,904,81827,0
2838,2023-02-22,468,13,800,911,81827,0
2839,2023-10-27,468,34,812,901,81827,0
2840,2024-05-01,468,36,803,908,81827,0
2841,2024-12-14,468,10,809,901,81827,0
2842,2022-01-28,469,10,801,907,73893,0
2843,2022-09-21,469,19,808,911,79270,0
2844,2023-05-25,469,19,802,907,86754,0
2845,2024-04-14,469,14,803,901,86754,0
2846,2024-12-15,469,27,812,909,86754,0
2847,2020-10-12,470,24,809,906,61540,0
2848,2021-06-14,470,16,800,906,61540,0
2849,2022-02-27,470,36,812,911,61540,0
2850,2022-12-17,470,37,812,911,61540,0
2851,2023-08-18,470,39,814,902,61540,0
2852,2024-03-22,470,40,805,910,61540,0
2853,2024-12-13,470,29,809,908,61540,0
2854,2024-04-21,471,40,803,907,79132,0
2855,2024-12-11,471,15,804,900,79132,0
2856,2016-12-20,472,22,801,906,62230,0
2857,2017-08-14,472,26,809,901,62230,0
2858,2018-07-07,472,13,812,900,62230,0
2859,2019-05-14,472,20,803,908,65831,0
2860,2020-01-30,472,19,807,910,65831,0
2861,2020-11-01,472,16,812,901,65831,0
2862,2021-06-15,472,30,800,900,65831,0
2863,2022-01-22,472,36,805,908,65831,0
2864,2022-11-02,472,28,813,910,65831,0
2865,2023-10-13,472,23,806,903,65831,0
2866,2024-09-22,472,24,810,902,65831,0
2867,2025-06-16,472,36,802,909,65831,0
2868,2024-11-22,473,14,810,909,57070,0
2869,2017-12-22,474,26,812,911,66667,0
2870,2018-11-19,474,25,811,907,66667,0
2871,2019-11-02,474,30,801,911,66667,0
2872,2020-06-05,474,24,815,901,66667,0
2873,2021-03-31,474,34,815,909,66667,0
2874,2022-02-12,474,38,804,905,66667,0
2875,2022-08-15,474,13,809,904,66667,0
2876,2023-05-07,474,36,800,908,66667,0
2877,2024-04-30,474,18,805,900,66667,0
2878,2025-04-17,474,20,809,909,66667,0
2879,2024-07-13,475,16,812,906,65680,0
2880,2025-02-14,475,24,810,910,65680,0
2881,2024-03-13,476,38,807,911,64690,0
2882,2024-11-16,476,21,812,911,64690,0
2883,2021-06-19,477,35,813,910,72897,0
2884,2022-05-18,477,10,814,908,72897,0
2885,2023-02-21,477,32,811,904,72897,0
2886,2023-11-13,477,31,812,901,72897,0
2887,2024-09-22,477,19,810,909,79716,0
2888,2025-04-28,477,33,807,903,79716,0
2889,2016-07-01,478,13,811,904,51507,0
2890,2017-01-19,478,12,805,906,51507,0
2891,2017-11-04,478,14,813,901,51507,0
2892,2018-09-25,478,24,801,905,51507,0
2893,2019-08-03,478,22,810,907,51507,0
2894,2020-05-31,478,32,811,911,51507,0
2895,2021-03-06,478,13,801,902,51507,0
2896,2021-09-27,478,18,815,911,51507,0
2897,2022-06-27,478,24,801,909,51507,0
2898,2022-12-29,478,22,801,909,54451,0
2899,2023-10-08,478,13,807,909,59883,0
2900,2024-06-03,478,12,805,901,59883,0
2901,2025-05-16,478,29,814,904,64243,0
2902,2019-10-06,479,11,808,900,42131,0
2903,2020-04-06,479,29,813,907,42131,0
2904,2021-01-24,479,38,803,902,42131,0
2905,2022-01-09,479,29,803,901,42131,0
2906,2022-11-11,479,40,802,902,44951,0
2907,2023-07-21,479,21,805,901,44951,0
2908,2024-04-10,479,19,814,901,44951,0
2909,2025-03-05,479,16,808,910,44951,0
2910,2021-06-17,480,25,808,909,59198,0
2911,2022-01-24,480,33,810,910,59198,0
2912,2022-07-25,480,31,806,903,59198,0
2913,2023-06-07,480,25,812,902,59198,0
2914,2024-02-04,480,40,807,906,59198,0
2915,2024-08-08,480,30,815,910,59198,0
2916,2025-06-25,480,27,815,901,59198,0
2917,2017-03-26,481,39,815,910,80707,0
2918,2018-03-15,481,18,805,910,80707,0
2919,2018-11-02,481,11,806,911,80707,0
2920,2019-05-16,481,12,815,901,80707,0
2921,2019-11-26,481,28,808,900,80707,0
2922,2020-05-24,481,30,810,911,80707,0
2923,2020-11-27,481,26,807,911,80707,0
2924,2021-09-28,481,10,806,902,80707,0
2925,2022-08-30,481,36,806,911,80707,0
2926,2023-03-28,481,16,810,905,86078,0
2927,2024-03-17,481,24,808,908,86078,0
2928,2024-10-28,481,25,811,902,86078,0
2929,2019-09-14,482,40,801,909,54478,0
2930,2020-04-30,482,17,804,900,58883,0
2931,2021-01-26,482,29,808,907,58883,0
2932,2021-11-06,482,29,813,904,58883,0
2933,2022-08-26,482,21,815,908,58883,0
2934,2023-02-27,482,27,809,908,58883,0
2935,2023-09-01,482,26,801,907,58883,0
2936,2024-05-15,482,29,802,909,58883,0
2937,2025-01-17,482,21,808,911,58883,0
2938,2020-12-26,484,22,805,905,47915,0
2939,2021-07-29,484,35,803,908,47915,0
2940,2022-06-11,484,39,813,904,47915,0
2941,2023-05-08,484,11,801,911,47915,0
2942,2024-04-26,484,34,807,904,47915,0
2943,2025-04-04,484,25,813,910,47915,0
2944,2024-08-24,485,36,805,909,36043,0
2945,2025-05-04,485,23,810,904,37640,0
2946,2020-06-17,486,10,811,909,55598,0
2947,2021-05-07,486,24,805,902,55598,0
2948,2021-12-02,486,25,802,906,55598,0
2949,2022-08-08,486,39,805,910,55598,0
2950,2023-07-26,486,32,801,903,55598,0
2951,2024-03-27,486,27,808,900,55598,0
2952,2024-12-16,486,34,802,906,55598,0
2953,2025-06-20,486,33,804,902,55598,0
2954,2024-10-28,487,25,805,909,75731,0
2955,2025-06-22,487,16,811,910,75731,0
2956,2020-11-21,488,23,812,903,78832,0
2957,2021-08-07,488,29,805,908,78832,0
2958,2022-05-07,488,35,807,911,78832,0
2959,2023-03-28,488,14,802,905,78832,0
2960,2023-11-14,488,38,800,910,78832,0
2961,2024-07-05,488,16,804,907,78832,0
2962,2025-01-01,488,35,813,906,78832,0
2963,2019-04-30,489,16,804,911,46951,0
2964,2020-02-27,489,20,803,911,46951,0
2965,2020-09-11,489,35,805,904,46951,0
2966,2021-04-19,489,20,807,902,46951,0
2967,2022-03-12,489,16,804,901,46951,0
2968,2022-09-26,489,12,813,901,46951,0
2969,2023-05-26,489,19,808,906,46951,0
2970,2024-02-01,489,33,804,903,46951,0
2971,2024-10-18,489,30,810,906,46951,0
2972,2021-10-22,490,23,810,909,47070,0
2973,2022-05-09,490,23,800,906,47070,0
2974,2023-03-23,490,38,802,904,47070,0
2975,2023-12-20,490,36,813,911,47070,0
2976,2024-12-07,490,17,807,907,47070,0
2977,2019-09-14,491,40,808,906,50532,0
2978,2020-07-15,491,14,807,911,50532,0
2979,2021-03-13,491,20,806,909,50532,0
2980,2021-12-18,491,23,809,910,50532,0
2981,2022-08-23,491,36,807,904,50532,0
2982,2023-05-17,491,26,811,901,55161,0
2983,2023-12-06,491,31,811,904,55161,0
2984,2024-08-25,491,29,808,900,55161,0
2985,2025-03-13,491,18,804,910,59647,0
2986,2022-12-02,492,33,811,901,36904,0
2987,2023-09-02,492,13,809,902,38558,0
2988,2024-03-08,492,35,803,907,38558,0
2989,2024-11-13,492,22,803,909,38558,0
2990,2024-05-12,493,18,804,911,80639,0
2991,2025-03-07,493,33,800,902,80639,0
2992,2018-05-30,494,27,808,900,63247,0
2993,2019-05-22,494,20,807,900,63247,0
2994,2020-02-12,494,11,811,909,63247,0
2995,2020-10-27,494,23,800,905,63247,0
2996,2021-05-14,494,31,811,908,63247,0
2997,2022-01-05,494,36,803,907,63247,0
2998,2022-10-22,494,31,808,908,63247,0
2999,2023-06-13,494,22,808,906,63247,0
3000,2024-01-30,494,22,811,908,63247,0
3001,2024-08-06,494,12,805,909,63247,0
3002,2025-03-24,494,36,809,910,63247,0
3003,2025-02-15,495,38,808,910,82500,0
3004,2016-08-08,496,16,810,901,43280,0
3005,2017-05-02,496,14,811,906,43280,0
3006,2018-02-06,496,26,800,911,43280,0
3007,2018-10-06,496,39,800,900,43280,0
3008,2019-09-18,496,25,814,903,43280,0
3009,2020-05-29,496,25,808,911,43280,0
3010,2021-02-10,496,38,801,911,43280,0
3011,2022-01-21,496,22,801,905,43280,0
3012,2022-12-06,496,30,801,909,45587,0
3013,2023-08-27,496,38,802,900,45587,0
3014,2024-05-02,496,40,814,901,45587,0
3015,2025-01-22,496,35,807,902,45587,0
3016,2023-06-28,497,25,809,909,54999,0
3017,2024-04-24,497,27,801,911,54999,0
3018,2025-01-01,497,35,812,908,54999,0
3019,2025-02-18,498,16,804,908,60241,0
3020,2016-10-27,499,26,800,903,84241,0
3021,2017-09-20,499,16,800,910,91945,0
3022,2018-04-20,499,10,810,908,91945,0
3023,2019-02-15,499,10,811,908,91945,0
3024,2020-01-23,499,37,808,907,91945,0
3025,2020-08-28,499,10,813,906,91945,0
3026,2021-04-15,499,17,802,906,91945,0
3027,2021-11-16,499,40,811,905,91945,0
3028,2022-09-23,499,36,814,905,91945,0
3029,2023-05-11,499,35,815,907,91945,0
3030,2023-12-31,499,29,801,900,91945,0
3031,2024-11-08,499,24,812,906,95172,0
3032,2023-05-02,500,17,803,910,67034,0
3033,2024-03-31,500,10,803,901,67034,0
3034,2025-03-09,500,26,808,904,67034,0
3035,2023-06-10,501,13,811,907,57912,0
3036,2024-02-29,501,30,805,910,59741,0
3037,2024-11-25,501,11,800,906,59741,0
3038,2023-01-11,502,12,800,905,72147,0
3039,2023-10-13,502,38,809,908,78912,0
3040,2024-05-10,502,17,807,907,78912,0
3041,2025-02-13,502,38,809,905,84193,0
3042,2022-03-03,503,11,812,909,67622,0
3043,2022-12-24,503,38,807,904,67622,0
3044,2023-11-12,503,31,815,905,67622,0
3045,2024-09-18,503,33,815,900,67622,0
3046,2025-06-03,503,30,815,901,67622,0
3047,2024-08-28,504,37,804,906,78845,0
3048,2023-09-03,505,22,813,905,77966,0
3049,2024-08-08,505,10,803,908,77966,0
3050,2025-04-16,505,31,813,900,77966,0
3051,2019-09-09,506,22,810,910,44118,0
3052,2020-04-29,506,38,801,909,44118,0
3053,2021-04-01,506,19,802,910,44118,0
3054,2021-10-21,506,11,804,900,44118,0
3055,2022-08-24,506,16,804,901,44118,0
3056,2023-05-17,506,32,812,906,44118,0
3057,2024-04-18,506,23,812,901,44118,0
3058,2024-10-30,506,35,810,900,44118,0
3059,2019-09-30,507,23,804,903,50820,0
3060,2020-08-24,507,21,805,901,50820,0
3061,2021-07-29,507,12,802,904,50820,0
3062,2022-04-24,507,25,808,905,50820,0
3063,2023-01-30,507,17,812,900,50820,0
3064,2023-08-09,507,27,801,908,50820,0
3065,2024-05-23,507,33,813,911,50820,0
3066,2025-04-05,507,34,813,909,50820,0
3067,2020-09-06,508,34,801,909,61782,0
3068,2021-05-29,508,33,803,905,61782,0
3069,2022-03-27,508,19,814,911,61782,0
3070,2022-11-06,508,38,801,907,61782,0
3071,2023-09-07,508,19,808,907,61782,0
3072,2024-06-12,508,33,809,910,61782,0
3073,2025-03-29,508,34,808,902,61782,0
3074,2022-03-07,509,17,812,903,48489,0
3075,2022-09-16,509,19,801,908,50193,0
3076,2023-09-01,509,16,814,908,50193,0
3077,2024-06-20,509,16,807,904,50193,0
3078,2025-02-23,509,19,801,900,50193,0
3079,2022-09-17,510,12,808,909,69373,0
3080,2023-04-11,510,16,808,907,69373,0
3081,2023-11-17,510,24,814,911,69373,0
3082,2024-06-21,510,11,800,909,69373,0
3083,2025-02-15,510,39,802,908,69373,0
3084,2018-06-21,511,13,805,905,84477,0
3085,2019-03-28,511,22,800,908,84477,0
3086,2019-11-12,511,17,808,906,84477,0
3087,2020-06-25,511,39,805,909,84477,0
3088,2021-01-22,511,20,813,904,84477,0
3089,2021-07-23,511,35,800,909,84477,0
3090,2022-03-30,511,20,812,906,84477,0
3091,2023-03-24,511,27,800,911,84477,0
3092,2024-02-08,511,40,807,905,84477,0
3093,2024-12-26,511,40,800,900,84477,0
3094,2018-02-13,512,35,804,905,36522,0
3095,2018-11-05,512,28,804,906,38868,0
3096,2019-05-18,512,37,806,904,38868,0
3097,2019-12-17,512,26,802,909,38868,0
3098,2020-06-14,512,14,802,903,41317,0
3099,2021-02-02,512,12,804,911,41317,0
3100,2021-08-28,512,27,808,906,41317,0
3101,2022-07-17,512,15,811,909,41317,0
3102,2023-04-15,512,35,814,911,41317,0
3103,2023-10-17,512,23,805,904,41317,0
3104,2024-09-23,512,26,805,910,41317,0
3105,2025-03-24,512,27,813,902,41317,0
3106,2023-08-21,513,18,809,901,48448,0
3107,2024-02-17,513,30,808,910,48448,0
3108,2024-12-16,513,16,810,911,48448,0
3109,2025-06-19,513,39,809,902,48448,0
3110,2023-05-06,514,39,810,903,45717,0
3111,2023-12-11,514,16,810,904,45717,0
3112,2024-06-18,514,34,800,901,47456,0
3113,2024-12-22,514,28,811,904,47456,0
3114,2020-02-12,515,34,805,900,37752,0
3115,2020-12-13,515,11,811,902,37752,0
3116,2021-11-17,515,35,803,901,37752,0
3117,2022-07-27,515,34,802,908,37752,0
3118,2023-07-16,515,39,812,901,37752,0
3119,2024-03-06,515,22,812,900,37752,0
3120,2024-11-13,515,22,807,900,37752,0
3121,2025-02-26,516,12,803,904,58035,0
3122,2017-11-27,517,17,806,908,47235,0
3123,2018-10-18,517,21,806,905,47235,0
3124,2019-07-21,517,16,806,903,47235,0
3125,2020-02-06,517,17,815,907,47235,0
3126,2020-09-18,517,14,804,911,49466,0
3127,2021-05-13,517,26,806,900,49466,0
3128,2021-11-11,517,22,805,901,49466,0
3129,2022-07-17,517,13,811,905,49466,0
3130,2023-06-28,517,24,810,910,49466,0
3131,2024-04-25,517,39,811,910,49466,0
3132,2025-03-20,517,17,803,906,49466,0
3133,2016-07-03,518,12,810,907,52853,0
3134,2017-05-05,518,19,814,908,52853,0
3135,2018-04-21,518,20,807,908,52853,0
3136,2018-12-29,518,28,808,910,52853,0
3137,2019-12-23,518,33,804,910,52853,0
3138,2020-07-03,518,25,814,909,52853,0
3139,2021-02-24,518,22,805,910,52853,0
3140,2022-01-01,518,32,814,904,54675,0
3141,2022-11-14,518,11,813,903,54675,0
3142,2023-10-05,518,19,804,904,54675,0
3143,2024-07-13,518,37,812,911,54675,0
3144,2025-03-31,518,28,813,908,54675,0
3145,2020-12-28,519,15,800,911,65118,0
3146,2021-10-25,519,31,801,908,65118,0
3147,2022-05-31,519,32,804,910,65118,0
3148,2022-12-22,519,38,808,908,70622,0
3149,2023-06-21,519,28,810,907,70622,0
3150,2024-05-28,519,23,800,909,70622,0
3151,2025-04-02,519,24,807,904,70622,0
3152,2024-03-07,520,25,810,904,41639,0
3153,2024-12-05,520,37,814,905,41639,0
3154,2024-04-19,521,25,808,905,83896,0
3155,2024-12-29,521,29,808,900,83896,0
3156,2021-08-25,522,33,801,910,62119,0
3157,2022-05-24,522,13,801,905,62119,0
3158,2023-02-16,522,34,803,909,62119,0
3159,2023-12-01,522,16,801,910,62119,0
3160,2024-07-30,522,23,815,901,62119,0
3161,2022-09-09,523,27,815,908,64620,0
3162,2023-03-26,523,36,805,905,64620,0
3163,2024-01-23,523,12,815,909,64620,0
3164,2024-07-29,523,11,801,903,64620,0
3165,2025-02-25,523,31,806,907,64620,0
3166,2025-04-04,524,33,800,910,52952,0
3167,2022-12-20,526,27,810,905,45416,0
3168,2023-07-22,526,26,811,905,45416,0
3169,2024-03-13,526,20,805,904,45416,0
3170,2024-11-11,526,28,813,911,45416,0
3171,2025-05-10,526,25,804,908,45416,0
3172,2025-01-17,527,37,805,911,37970,0
3173,2022-09-29,529,18,802,900,69684,0
3174,2023-05-26,529,32,815,906,69684,0
3175,2024-01-13,529,30,800,905,69684,0
3176,2024-08-21,529,37,807,910,69684,0
3177,2025-05-04,529,10,815,903,69684,0
3178,2016-10-25,530,21,808,901,51465,0
3179,2017-08-10,530,18,814,904,51465,0
3180,2018-03-28,530,22,807,903,51465,0
3181,2019-03-02,530,16,815,911,51465,0
3182,2020-02-10,530,24,812,904,51465,0
3183,2020-11-03,530,28,815,909,51465,0
3184,2021-05-28,530,34,809,900,53144,0
3185,2021-11-27,530,10,801,902,53144,0
3186,2022-10-23,530,11,811,909,53144,0
3187,2023-10-05,530,33,815,911,53144,0
3188,2024-08-15,530,21,804,906,53144,0
3189,2025-06-21,530,30,811,908,55883,0
3190,2022-11-12,531,40,809,901,63478,0
3191,2023-06-30,531,36,801,906,63478,0
3192,2024-04-22,531,25,807,911,63478,0
3193,2024-11-01,531,17,809,907,63478,0
3194,2016-05-31,532,27,802,908,59530,0
3195,2017-03-21,532,16,810,906,59530,0
3196,2017-11-30,532,28,807,909,59530,0
3197,2018-09-23,532,10,809,909,59530,0
3198,2019-06-02,532,34,802,906,59530,0
3199,2020-05-05,532,22,803,901,59530,0
3200,2020-12-06,532,32,813,903,59530,0
3201,2021-07-14,532,37,810,905,59530,0
3202,2022-06-16,532,24,813,904,61584,0
3203,2023-04-01,532,28,807,907,61584,0
3204,2024-02-01,532,30,811,902,61584,0
3205,2024-10-28,532,20,812,911,61584,0
3206,2025-04-26,532,37,804,909,61584,0
3207,2022-05-21,533,18,804,905,74564,0
3208,2023-01-03,533,12,812,904,77240,0
3209,2023-10-26,533,24,810,910,77240,0
3210,2024-09-23,533,39,803,906,84886,0
3211,2025-06-29,533,16,809,900,84886,0
3212,2016-11-02,534,10,806,910,48300,0
3213,2017-06-09,534,23,802,905,48300,0
3214,2018-02-14,534,19,812,906,48300,0
3215,2019-01-27,534,18,807,907,49775,0
3216,2019-09-05,534,32,807,904,49775,0
3217,2020-05-12,534,33,813,900,49775,0
3218,2020-11-25,534,19,809,901,49775,0
3219,2021-11-03,534,26,801,908,49775,0
3220,2022-07-17,534,10,805,909,52040,0
3221,2023-02-06,534,20,815,900,52040,0
3222,2023-09-04,534,24,811,900,52040,0
3223,2024-03-25,534,12,809,900,52040,0
3224,2025-01-23,534,17,808,909,52040,0
3225,2022-03-22,535,17,812,905,47732,0
3226,2022-12-19,535,28,811,910,47732,0
3227,2023-10-24,535,28,814,900,47732,0
3228,2024-07-29,535,19,812,900,47732,0
3229,2025-04-16,535,23,812,907,47732,0
3230,2016-08-12,536,20,809,910,58983,0
3231,2017-08-05,536,39,810,901,58983,0
3232,2018-03-24,536,23,805,900,58983,0
3233,2019-02-15,536,31,810,904,58983,0
3234,2019-09-26,536,34,807,904,58983,0
3235,2020-09-05,536,34,807,901,63705,0
3236,2021-05-16,536,27,812,904,63705,0
3237,2022-01-09,536,20,803,908,63705,0
3238,2022-07-24,536,27,807,900,63705,0
3239,2023-06-30,536,29,811,904,63705,0
3240,2024-02-26,536,27,813,909,63705,0
3241,2024-09-09,536,37,812,909,63705,0
3242,2025-06-29,536,26,815,903,63705,0
3243,2018-01-27,537,12,809,907,81459,0
3244,2019-01-19,537,17,800,902,88907,0
3245,2019-10-03,537,32,807,908,88907,0
3246,2020-07-15,537,16,800,911,88907,0
3247,2021-05-05,537,38,801,908,88907,0
3248,2021-11-09,537,10,800,903,88907,0
3249,2022-08-08,537,35,810,902,88907,0
3250,2023-05-30,537,11,809,909,88907,0
3251,2023-12-18,537,40,810,909,88907,0
3252,2024-09-18,537,39,813,909,88907,0
3253,2020-11-01,538,29,813,903,62104,0
3254,2021-05-21,538,35,808,903,62104,0
3255,2021-12-02,538,25,810,900,62104,0
3256,2022-09-23,538,15,806,901,62104,0
3257,2023-04-23,538,23,807,910,62104,0
3258,2023-11-05,538,23,800,903,62104,0
3259,2024-07-23,538,10,805,902,66540,0
3260,2025-03-29,538,13,811,907,66540,0
3261,2019-06-13,539,17,802,909,58396,0
3262,2020-04-26,539,27,802,905,58396,0
3263,2020-11-30,539,39,803,906,63205,0
3264,2021-09-22,539,33,810,902,65724,0
3265,2022-05-04,539,30,814,911,65724,0
3266,2022-12-23,539,35,812,911,65724,0
3267,2023-07-31,539,40,809,900,65724,0
3268,2024-07-24,539,31,807,908,65724,0
3269,2025-04-25,539,27,815,909,65724,0
3270,2018-12-20,540,35,810,911,79212,0
3271,2019-08-28,540,22,809,909,79212,0
3272,2020-08-04,540,25,801,900,79212,0
3273,2021-02-02,540,21,807,900,79212,0
3274,2021-12-22,540,31,800,909,79212,0
3275,2022-12-09,540,14,808,900,79212,0
3276,2023-08-28,540,16,803,911,79212,0
3277,2024-05-08,540,17,812,903,79212,0
3278,2024-11-20,540,33,804,909,79212,0
3279,2024-11-01,541,13,800,910,38682,0
3280,2022-08-26,544,26,805,902,37732,0
3281,2023-03-27,544,27,809,900,41302,0
3282,2023-09-29,544,38,800,907,44338,0
3283,2024-04-02,544,34,803,900,44338,0
3284,2025-02-25,544,31,811,909,44338,0
3285,2023-02-09,545,36,804,900,64494,0
3286,2024-01-08,545,22,804,910,64494,0
3287,2024-12-18,545,21,813,901,64494,0
3288,2024-10-31,546,34,806,905,43777,0
3289,2021-01-27,547,26,810,908,39549,0
3290,2021-08-08,547,17,808,904,39549,0
3291,2022-04-24,547,39,802,903,39549,0
3292,2023-01-03,547,39,805,903,39549,0
3293,2023-07-04,547,31,809,900,39549,0
3294,2024-04-25,547,33,804,906,39549,0
3295,2025-02-09,547,33,811,902,39549,0
3296,2025-05-27,548,10,808,911,70850,0
3297,2021-01-14,549,22,806,903,79787,0
3298,2021-11-27,549,31,805,901,79787,0
3299,2022-07-01,549,31,812,903,79787,0
3300,2023-03-14,549,40,811,900,84301,0
3301,2024-02-15,549,13,809,907,84301,0
3302,2024-10-05,549,17,810,905,84301,0
3303,2025-05-15,549,32,805,900,84301,0
3304,2017-05-23,550,38,804,905,60709,0
3305,2017-11-29,550,28,815,904,60709,0
3306,2018-06-05,550,35,814,910,63991,0
3307,2019-01-26,550,10,814,906,63991,0
3308,2019-08-08,550,19,808,909,63991,0
3309,2020-07-07,550,18,815,904,63991,0
3310,2021-03-27,550,20,807,911,63991,0
3311,2022-01-21,550,15,805,907,66895,0
3312,2022-08-27,550,17,809,902,66895,0
3313,2023-08-06,550,24,808,905,66895,0
3314,2024-06-03,550,33,802,910,66895,0
3315,2025-04-29,550,17,808,902,69696,0
3316,2020-10-23,551,22,809,909,38469,0
3317,2021-09-13,551,11,802,903,38469,0
3318,2022-06-06,551,25,808,905,38469,0
3319,2023-02-13,551,40,813,901,38469,0
3320,2023-08-18,551,35,804,905,38469,0
3321,2024-03-08,551,37,808,904,38469,0
3322,2024-09-05,551,19,815,900,38469,0
3323,2018-06-05,553,17,814,901,47743,0
3324,2019-05-16,553,29,815,900,52008,0
3325,2020-02-07,553,32,813,905,55043,0
3326,2020-11-10,553,13,800,907,55043,0
3327,2021-09-02,553,29,811,904,55043,0
3328,2022-07-09,553,13,814,903,59994,0
3329,2023-01-10,553,28,812,902,59994,0
3330,2023-11-29,553,13,806,904,59994,0
3331,2024-09-23,553,29,811,904,59994,0
3332,2025-03-29,553,22,812,907,59994,0
3333,2018-09-24,554,21,805,901,64918,0
3334,2019-07-23,554,27,802,908,64918,0
3335,2020-07-05,554,16,814,910,64918,0
3336,2021-01-28,554,33,807,901,64918,0
3337,2022-01-15,554,15,800,907,64918,0
3338,2022-11-19,554,14,800,904,64918,0
3339,2023-11-04,554,19,807,907,64918,0
3340,2024-06-03,554,33,809,900,64918,0
3341,2025-02-08,554,40,812,909,64918,0
3342,2017-07-02,555,32,801,906,83400,0
3343,2018-03-24,555,24,801,901,83400,0
3344,2018-12-28,555,25,802,905,83400,0
3345,2019-11-27,555,24,801,909,83400,0
3346,2020-08-10,555,31,800,910,83400,0
3347,2021-03-30,555,31,808,906,83400,0
3348,2021-12-31,555,37,813,907,83400,0
3349,2022-10-13,555,15,806,901,83400,0
3350,2023-10-08,555,37,803,900,83400,0
3351,2024-07-26,555,14,800,910,83400,0
3352,2025-06-15,555,37,811,905,83400,0
3353,2022-03-30,556,37,803,910,36340,0
3354,2023-03-24,556,32,807,903,36340,0
3355,2023-10-22,556,19,804,905,36340,0
3356,2024-05-21,556,11,809,901,36340,0
3357,2024-12-13,556,19,801,902,36340,0
3358,2019-06-22,557,16,809,902,55576,0
3359,2020-04-13,557,22,802,911,55576,0
3360,2020-12-24,557,17,808,909,55576,0
3361,2021-10-24,557,30,805,903,55576,0
3362,2022-09-12,557,19,813,909,55576,0
3363,2023-06-09,557,21,804,906,55576,0
3364,2024-01-16,557,40,806,900,55576,0
3365,2024-08-26,557,14,807,909,57761,0
3366,2019-05-17,558,15,805,902,49739,0
3367,2020-04-23,558,15,807,907,49739,0
3368,2020-11-11,558,13,808,909,49739,0
3369,2021-05-11,558,20,804,901,49739,0
3370,2021-12-15,558,27,802,906,54552,0
3371,2022-11-04,558,30,810,905,54552,0
3372,2023-07-03,558,19,806,910,54552,0
3373,2024-06-12,558,29,806,911,54552,0
3374,2025-05-25,558,31,810,909,54552,0
3375,2018-11-05,559,33,806,911,68064,0
3376,2019-08-22,559,38,800,903,68064,0
3377,2020-07-03,559,39,800,910,68064,0
3378,2021-05-19,559,31,809,908,68064,0
3379,2021-11-19,559,31,800,911,73740,0
3380,2022-11-10,559,33,800,903,73740,0
3381,2023-09-20,559,11,802,911,73740,0
3382,2024-04-22,559,38,813,904,73740,0
3383,2025-03-02,559,20,801,909,73740,0
3384,2016-06-19,560,23,810,907,47777,0
3385,2017-06-13,560,13,804,910,47777,0
3386,2018-01-31,560,15,813,905,51966,0
3387,2018-12-02,560,21,811,904,51966,0
3388,2019-08-26,560,31,806,900,51966,0
3389,2020-07-07,560,33,807,902,51966,0
3390,2021-04-03,560,36,810,911,51966,0
3391,2021-10-23,560,21,807,911,51966,0
3392,2022-08-01,560,36,808,901,51966,0
3393,2023-02-09,560,29,805,905,51966,0
3394,2023-10-09,560,21,806,904,51966,0
3395,2024-05-05,560,20,812,906,51966,0
3396,2025-04-30,560,19,805,911,51966,0
3397,2022-12-12,561,38,812,911,55967,0
3398,2023-07-14,561,19,809,903,55967,0
3399,2024-05-31,561,22,803,908,55967,0
3400,2025-01-16,561,25,801,906,55967,0
3401,2022-01-30,562,34,809,908,49200,0
3402,2022-12-09,562,13,806,900,49200,0
3403,2023-09-04,562,31,815,904,49200,0
3404,2024-08-05,562,28,802,904,52629,0
3405,2025-03-28,562,10,814,910,52629,0
3406,2016-11-24,563,19,807,902,63951,0
3407,2017-11-02,563,20,812,902,63951,0
3408,2018-10-17,563,31,810,907,63951,0
3409,2019-10-09,563,33,803,911,63951,0
3410,2020-07-17,563,18,804,911,63951,0
3411,2021-03-30,563,20,812,908,63951,0
3412,2021-11-13,563,39,801,905,63951,0
3413,2022-09-15,563,25,800,905,63951,0
3414,2023-09-06,563,39,807,910,63951,0
3415,2024-07-08,563,10,800,901,63951,0
3416,2025-02-24,563,15,810,908,63951,0
3417,2016-10-26,564,12,807,900,63859,0
3418,2017-06-22,564,19,811,907,63859,0
3419,2018-04-09,564,17,805,906,63859,0
3420,2019-01-05,564,40,803,911,63859,0
3421,2019-10-16,564,36,815,902,63859,0
3422,2020-04-27,564,28,805,904,63859,0
3423,2021-01-14,564,31,807,910,63859,0
3424,2021-12-22,564,31,803,902,63859,0
3425,2022-08-30,564,36,803,903,63859,0
3426,2023-08-24,564,36,812,904,63859,0
3427,2024-05-29,564,26,812,907,63859,0
3428,2024-11-25,564,22,809,910,63859,0
3429,2024-06-27,565,40,809,904,46247,0
3430,2025-04-13,565,38,800,908,46247,0
3431,2025-03-24,567,10,804,908,56147,0
3432,2018-03-24,568,14,801,900,67468,0
3433,2018-12-25,568,19,803,900,67468,0
3434,2019-10-30,568,13,814,908,67468,0
3435,2020-05-16,568,21,806,902,73404,0
3436,2021-02-01,568,31,812,902,73404,0
3437,2021-11-19,568,19,803,904,73404,0
3438,2022-10-23,568,34,806,903,73404,0
3439,2023-04-26,568,28,804,904,73404,0
3440,2023-11-15,568,19,803,911,73404,0
3441,2024-06-10,568,27,815,900,75975,0
3442,2025-01-22,568,25,811,907,75975,0
3443,2019-08-03,569,24,815,900,35801,0
3444,2020-04-26,569,32,808,904,35801,0
3445,2020-11-11,569,25,815,910,35801,0
3446,2021-09-01,569,34,812,907,35801,0
3447,2022-05-21,569,35,811,903,35801,0
3448,2022-12-10,569,36,811,907,35801,0
3449,2023-10-26,569,17,804,909,35801,0
3450,2024-08-30,569,13,804,910,35801,0
3451,2025-05-02,569,20,810,911,35801,0
3452,2023-11-11,570,25,805,901,41752,0
3453,2024-09-06,570,28,810,903,41752,0
3454,2016-10-18,571,14,808,907,53500,0
3455,2017-04-21,571,25,812,903,53500,0
3456,2018-03-17,571,15,805,905,53500,0
3457,2019-01-18,571,23,812,901,53500,0
3458,2019-09-08,571,10,804,909,53500,0
3459,2020-05-04,571,12,804,903,53500,0
3460,2021-03-28,571,14,805,910,53500,0
3461,2022-01-30,571,38,813,902,53500,0
3462,2022-12-07,571,12,812,910,53500,0
3463,2023-09-19,571,22,807,904,57589,0
3464,2024-09-07,571,15,809,900,57589,0
3465,2025-05-09,571,23,811,904,57589,0
3466,2024-03-25,572,32,809,910,46359,0
3467,2025-01-12,572,32,801,903,46359,0
3468,2020-06-18,573,16,809,911,64368,0
3469,2020-12-29,573,21,805,907,64368,0
3470,2021-09-10,573,40,800,900,64368,0
3471,2022-04-02,573,39,808,906,64368,0
3472,2023-01-04,573,28,813,906,64368,0
3473,2023-07-31,573,24,806,911,64368,0
3474,2024-04-04,573,13,815,908,64368,0
3475,2025-02-23,573,30,802,911,64368,0
3476,2019-02-10,574,36,801,910,76803,0
3477,2019-12-06,574,32,808,900,76803,0
3478,2020-06-11,574,16,807,900,76803,0
3479,2021-05-01,574,27,800,903,76803,0
3480,2021-12-28,574,12,815,907,76803,0
3481,2022-08-29,574,22,814,903,76803,0
3482,2023-07-04,574,19,815,910,80151,0
3483,2024-02-03,574,24,804,911,80151,0
3484,2024-12-30,574,14,804,906,80151,0
3485,2016-12-21,575,38,815,909,51416,0
3486,2017-11-22,575,10,811,903,51416,0
3487,2018-10-07,575,22,808,909,51416,0
3488,2019-09-09,575,23,814,900,54700,0
3489,2020-04-01,575,20,803,901,54700,0
3490,2021-03-04,575,15,805,901,54700,0
3491,2022-01-30,575,13,806,909,54700,0
3492,2022-11-28,575,15,813,910,54700,0
3493,2023-10-04,575,37,813,904,59054,0
3494,2024-04-14,575,19,805,910,59054,0
3495,2025-03-09,575,27,802,911,59054,0
3496,2022-08-29,576,11,803,911,57189,0
3497,2023-07-07,576,16,804,906,57189,0
3498,2024-06-22,576,33,802,911,57189,0
3499,2025-06-16,576,13,803,905,57189,0
3500,2020-09-23,577,16,812,906,75088,0
3501,2021-04-02,577,26,807,902,75088,0
3502,2022-01-19,577,32,805,901,75088,0
3503,2022-11-14,577,31,803,901,75088,0
3504,2023-10-29,577,26,801,910,81253,0
3505,2024-10-22,577,17,802,910,81253,0
3506,2025-05-04,577,26,806,901,88044,0
3507,2024-02-12,578,29,812,904,60907,0
3508,2024-12-07,578,29,811,908,60907,0
3509,2017-09-06,579,36,808,904,40095,0
3510,2018-04-24,579,34,805,911,40095,0
3511,2018-10-22,579,38,804,910,41831,0
3512,2019-08-12,579,10,811,909,41831,0
3513,2020-06-08,579,21,803,908,45184,0
3514,2021-03-17,579,32,803,909,45184,0
3515,2022-03-01,579,28,803,910,45184,0
3516,2022-09-05,579,16,800,910,45184,0
3517,2023-07-07,579,10,802,907,45184,0
3518,2024-05-16,579,17,808,900,45184,0
3519,2025-03-11,579,32,803,902,45184,0
3520,2024-08-23,581,12,813,909,43687,0
3521,2025-06-23,581,10,802,909,43687,0
3522,2019-02-18,582,10,808,906,78278,0
3523,2019-10-08,582,34,800,908,78278,0
3524,2020-04-16,582,27,801,911,84384,0
3525,2020-11-22,582,11,815,904,84384,0
3526,2021-06-28,582,22,810,904,84384,0
3527,2022-03-27,582,27,800,906,84384,0
3528,2023-01-25,582,14,805,901,84384,0
3529,2023-12-14,582,32,802,903,84384,0
3530,2024-12-04,582,27,815,901,84384,0
3531,2021-11-08,583,25,815,904,49121,0
3532,2022-10-22,583,12,811,906,49121,0
3533,2023-08-19,583,11,804,900,49121,0
3534,2024-04-14,583,11,807,908,49121,0
3535,2025-02-19,583,22,801,911,49121,0
3536,2024-12-07,585,19,805,902,35530,0
3537,2021-12-08,586,37,810,903,61584,0
3538,2022-06-20,586,27,800,902,61584,0
3539,2023-06-06,586,37,813,903,61584,0
3540,2024-01-23,586,36,811,901,61584,0
3541,2024-12-28,586,31,803,908,61584,0
3542,2020-11-15,587,25,808,901,80147,0
3543,2021-10-27,587,15,812,901,80147,0
3544,2022-10-01,587,38,804,901,80147,0
3545,2023-09-23,587,31,802,907,80147,0
3546,2024-09-12,587,28,814,902,80147,0
3547,2022-12-15,588,23,804,909,70692,0
3548,2023-08-12,588,18,804,903,70692,0
3549,2024-04-13,588,33,804,910,70692,0
3550,2025-03-04,588,36,809,904,70692,0
3551,2017-06-15,589,35,811,905,75666,0
3552,2018-02-12,589,40,812,904,75666,0
3553,2018-12-25,589,16,810,903,75666,0
3554,2019-07-06,589,27,800,906,75666,0
3555,2020-02-03,589,38,809,902,75666,0
3556,2020-09-23,589,12,803,902,75666,0
3557,2021-04-07,589,19,802,906,75666,0
3558,2021-12-21,589,10,812,910,75666,0
3559,2022-07-22,589,19,814,900,75666,0
3560,2023-01-28,589,27,815,902,75666,0
3561,2023-08-09,589,29,814,908,75666,0
3562,2024-05-16,589,35,807,905,75666,0
3563,2024-12-08,589,27,808,904,75666,0
3564,2022-05-12,590,38,811,900,75878,0
3565,2022-12-16,590,14,801,902,75878,0
3566,2023-10-24,590,34,804,908,75878,0
3567,2024-10-11,590,14,813,905,75878,0
3568,2019-08-18,591,31,808,903,42833,0
3569,2020-05-13,591,38,815,910,42833,0
3570,2020-12-26,591,11,809,901,42833,0
3571,2021-09-14,591,33,815,903,42833,0
3572,2022-05-15,591,23,801,904,42833,0
3573,2023-02-24,591,31,804,909,42833,0
3574,2024-02-02,591,40,810,911,46222,0
3575,2024-10-19,591,35,805,908,46222,0
3576,2022-09-11,592,21,808,908,82825,0
3577,2023-07-24,592,27,815,907,82825,0
3578,2024-07-09,592,10,805,903,82825,0
3579,2025-06-18,592,19,805,909,82825,0
3580,2016-07-18,593,14,809,902,61754,0
3581,2017-06-10,593,40,800,911,64865,0
3582,2018-05-12,593,24,801,911,64865,0
3583,2019-02-21,593,16,812,900,64865,0
3584,2019-12-04,593,39,802,908,64865,0
3585,2020-08-02,593,30,800,900,64865,0
3586,2021-03-24,593,37,812,907,64865,0
3587,2021-12-27,593,10,813,911,64865,0
3588,2022-09-21,593,11,805,902,64865,0
3589,2023-08-09,593,36,807,904,69062,0
3590,2024-07-30,593,10,814,903,69062,0
3591,2025-05-17,593,23,810,901,69062,0
3592,2024-01-26,594,14,814,909,78030,0
3593,2024-08-24,594,27,814,911,78030,0
3594,2025-05-01,594,12,812,903,78030,0
3595,2017-10-31,595,37,814,909,55264,0
3596,2018-09-30,595,11,811,911,55264,0
3597,2019-07-04,595,13,808,906,55264,0
3598,2020-03-26,595,31,807,910,55264,0
3599,2021-01-30,595,19,800,902,55264,0
3600,2021-08-30,595,31,803,909,55264,0
3601,2022-08-17,595,13,809,910,55264,0
3602,2023-08-11,595,10,809,910,55264,0
3603,2024-05-28,595,32,812,904,55264,0
3604,2025-05-05,595,37,801,901,55264,0
3605,2022-09-24,596,40,808,906,82332,0
3606,2023-07-25,596,36,802,903,82332,0
3607,2024-04-18,596,40,805,901,89922,0
3608,2025-01-01,596,19,807,904,89922,0
3609,2023-09-03,597,23,808,909,52006,0
3610,2024-08-02,597,25,815,905,52006,0
3611,2025-05-19,597,10,815,906,52006,0
3612,2019-07-04,598,31,813,900,77208,0
3613,2020-06-09,598,14,809,902,77208,0
3614,2021-05-24,598,17,808,908,77208,0
3615,2022-03-08,598,10,801,904,77208,0
3616,2023-01-14,598,37,812,907,77208,0
3617,2023-12-12,598,37,810,902,77208,0
3618,2024-10-09,598,13,815,909,77208,0
3619,2022-06-18,599,31,811,910,71591,0
3620,2023-04-22,599,39,814,909,71591,0
3621,2024-03-14,599,18,813,907,78095,0
3622,2025-03-05,599,36,815,903,78095,0
3623,2017-08-23,600,26,806,904,46055,0
3624,2018-03-04,600,12,808,908,46055,0
3625,2018-10-01,600,39,804,907,46055,0
3626,2019-07-11,600,35,808,908,46055,0
3627,2020-03-21,600,40,812,904,46055,0
3628,2021-02-24,600,32,800,910,46055,0
3629,2021-12-17,600,25,809,908,46055,0
3630,2022-07-25,600,15,805,906,46055,0
3631,2023-07-13,600,25,807,911,46055,0
3632,2024-05-30,600,13,812,908,46055,0
3633,2025-05-08,600,21,806,906,46055,0
3634,2016-07-29,601,21,807,910,40794,0
3635,2017-04-11,601,20,802,910,40794,0
3636,2017-12-29,601,15,807,911,40794,0
3637,2018-08-12,601,22,813,904,40794,0
3638,2019-04-19,601,14,806,901,40794,0
3639,2020-02-24,601,34,804,904,40794,0
3640,2020-12-26,601,30,814,905,40794,0
3641,2021-07-09,601,39,812,910,40794,0
3642,2022-06-13,601,36,813,901,40794,0
3643,2023-03-09,601,25,811,910,40794,0
3644,2024-03-03,601,20,801,909,40794,0
3645,2025-01-05,601,18,809,904,43548,0
3646,2024-07-23,602,30,807,904,42914,0
3647,2025-06-26,602,21,804,911,42914,0
3648,2018-08-23,603,27,800,911,42224,0
3649,2019-06-17,603,36,803,901,42224,0
3650,2020-06-06,603,20,806,901,42224,0
3651,2021-05-06,603,14,805,908,42224,0
3652,2022-02-25,603,13,808,909,42224,0
3653,2022-11-13,603,34,802,907,45896,0
3654,2023-09-14,603,20,804,904,47963,0
3655,2024-08-14,603,15,808,907,47963,0
3656,2025-03-19,603,25,802,901,47963,0
3657,2017-09-30,604,17,809,903,39538,0
3658,2018-04-13,604,27,802,908,39538,0
3659,2019-03-06,604,36,805,907,39538,0
3660,2020-02-21,604,21,811,907,39538,0
3661,2020-09-23,604,26,806,904,39538,0
3662,2021-06-25,604,11,809,905,39538,0
3663,2021-12-24,604,26,802,901,39538,0
3664,2022-09-13,604,10,813,906,39538,0
3665,2023-04-28,604,25,804,910,39538,0
3666,2024-03-10,604,38,800,908,39538,0
3667,2025-02-13,604,37,811,911,39538,0
3668,2025-03-05,605,13,802,904,64496,0
3669,2021-12-05,606,36,805,907,77529,0
3670,2022-07-12,606,37,808,902,77529,0
3671,2023-02-20,606,17,815,910,77529,0
3672,2023-09-09,606,23,809,903,77529,0
3673,2024-08-16,606,37,804,906,77529,0
3674,2025-06-30,606,20,803,903,77529,0
3675,2021-10-19,607,14,813,907,44850,0
3676,2022-09-07,607,15,806,911,44850,0
3677,2023-08-22,607,11,810,908,44850,0
3678,2024-05-28,607,32,809,903,47028,0
3679,2025-05-06,607,32,805,910,47028,0
3680,2018-01-12,608,23,805,904,82783,0
3681,2018-11-29,608,30,811,906,82783,0
3682,2019-08-29,608,13,813,906,82783,0
3683,2020-05-21,608,18,808,910,82783,0
3684,2020-12-12,608,38,815,911,82783,0
3685,2021-06-29,608,12,808,911,89340,0
3686,2022-05-27,608,18,815,907,89340,0
3687,2023-01-22,608,18,801,901,94632,0
3688,2023-07-26,608,20,807,910,94632,0
3689,2024-06-10,608,14,801,901,94632,0
3690,2025-03-02,608,18,813,909,94632,0
3691,2017-08-20,609,27,806,901,60600,0
3692,2018-06-25,609,18,800,906,60600,0
3693,2019-04-26,609,13,811,903,60600,0
3694,2020-04-20,609,27,812,900,60600,0
3695,2021-04-15,609,14,807,901,62551,0
3696,2022-01-05,609,31,809,902,62551,0
3697,2022-10-25,609,18,800,900,64448,0
3698,2023-09-04,609,17,800,901,64448,0
3699,2024-03-18,609,12,812,908,64448,0
3700,2024-10-22,609,24,814,906,64448,0
3701,2025-05-01,609,40,815,906,64448,0
3702,2024-12-10,610,22,809,907,63404,0
3703,2022-01-13,611,24,810,905,79419,0
3704,2022-10-12,611,34,812,910,79419,0
3705,2023-08-10,611,35,808,911,79419,0
3706,2024-02-27,611,23,804,905,79419,0
3707,2025-01-04,611,14,810,906,79419,0
3708,2023-06-09,612,23,800,908,75618,0
3709,2024-04-12,612,39,805,908,75618,0
3710,2025-03-28,612,35,802,905,75618,0
3711,2018-10-07,613,38,807,905,35779,0
3712,2019-09-12,613,11,808,909,35779,0
3713,2020-04-22,613,40,810,910,35779,0
3714,2021-03-18,613,10,815,903,35779,0
3715,2021-09-19,613,31,804,908,35779,0
3716,2022-09-14,613,30,802,904,35779,0
3717,2023-08-05,613,35,809,900,35779,0
3718,2024-07-20,613,13,806,909,35779,0
3719,2025-06-28,613,15,804,905,35779,0
3720,2023-07-10,614,34,811,910,73102,0
3721,2024-05-04,614,25,811,908,73102,0
3722,2024-11-08,614,33,803,900,73102,0
3723,2019-10-24,615,36,810,900,36792,0
3724,2020-07-13,615,14,811,905,36792,0
3725,2021-03-05,615,18,805,911,36792,0
3726,2021-11-23,615,24,801,901,36792,0
3727,2022-05-24,615,13,805,911,36792,0
3728,2023-03-07,615,30,806,906,40096,0
3729,2023-12-15,615,12,815,910,40096,0
3730,2024-12-09,615,18,800,906,40096,0
3731,2018-12-09,616,27,800,910,41523,0
3732,2019-06-30,616,38,803,911,41523,0
3733,2020-03-06,616,20,813,906,41523,0
3734,2020-12-03,616,15,802,902,41523,0
3735,2021-09-28,616,26,807,906,45627,0
3736,2022-06-07,616,24,804,909,45627,0
3737,2023-02-16,616,12,800,908,45627,0
3738,2024-01-18,616,24,808,910,45627,0
3739,2024-12-07,616,22,813,907,45627,0
3740,2023-07-06,617,38,806,900,52632,0
3741,2024-02-09,617,35,808,906,52632,0
3742,2024-11-02,617,20,814,903,52632,0
3743,2025-06-07,617,35,804,904,52632,0
3744,2025-06-14,619,20,801,910,44791,0
3745,2024-12-19,620,34,805,904,46936,0
3746,2018-11-24,621,28,808,900,84721,0
3747,2019-07-21,621,26,810,904,84721,0
3748,2020-06-19,621,33,808,909,84721,0
3749,2020-12-20,621,10,801,911,92795,0
3750,2021-08-15,621,12,801,911,92795,0
3751,2022-07-16,621,36,811,911,92795,0
3752,2023-06-24,621,24,804,911,95748,0
3753,2024-05-10,621,39,809,900,95748,0
3754,2024-11-22,621,35,809,903,95748,0
3755,2025-06-29,621,23,811,901,95748,0
3756,2021-08-12,622,36,806,901,65303,0
3757,2022-05-23,622,23,814,904,65303,0
3758,2023-02-18,622,22,807,909,65303,0
3759,2023-12-19,622,29,802,908,65303,0
3760,2024-11-15,622,11,813,902,65303,0
3761,2017-10-25,623,38,812,906,84952,0
3762,2018-05-16,623,40,805,911,84952,0
3763,2019-04-16,623,10,811,901,90155,0
3764,2019-12-26,623,30,805,900,90155,0
3765,2020-08-20,623,35,812,906,90155,0
3766,2021-05-22,623,21,800,907,90155,0
3767,2022-01-09,623,14,802,905,90155,0
3768,2023-01-02,623,28,806,904,90155,0
3769,2023-11-09,623,32,809,906,90155,0
3770,2024-08-04,623,26,805,902,90155,0
3771,2020-05-14,624,29,812,906,73169,0
3772,2021-01-25,624,36,813,904,73169,0
3773,2022-01-11,624,37,814,904,73169,0
3774,2022-07-31,624,14,805,905,73169,0
3775,2023-03-16,624,16,800,911,77042,0
3776,2024-02-16,624,36,804,900,77042,0
3777,2025-01-06,624,35,811,900,77042,0
3778,2024-03-08,625,31,808,906,81890,0
3779,2024-10-03,625,20,807,910,81890,0
3780,2025-06-02,625,30,804,908,81890,0
3781,2018-10-19,626,11,810,907,47601,0
3782,2019-09-01,626,37,814,905,47601,0
3783,2020-05-25,626,38,805,901,47601,0
3784,2020-11-28,626,13,812,910,47601,0
3785,2021-11-11,626,12,810,911,47601,0
3786,2022-08-08,626,22,806,906,47601,0
3787,2023-07-19,626,34,813,909,47601,0
3788,2024-05-28,626,23,804,909,47601,0
3789,2024-12-04,626,20,804,910,47601,0
3790,2025-06-08,626,23,811,909,47601,0
3791,2021-03-12,627,26,812,909,82182,0
3792,2022-01-31,627,30,801,909,82182,0
3793,2022-12-28,627,25,806,909,82182,0
3794,2023-11-08,627,20,806,903,89613,0
3795,2024-08-11,627,33,814,911,89613,0
3796,2025-06-01,627,35,810,902,89613,0
3797,2019-12-04,628,17,801,906,77431,0
3798,2020-09-08,628,15,801,907,77431,0
3799,2021-03-29,628,34,813,903,77431,0
3800,2021-10-17,628,22,806,910,77431,0
3801,2022-07-27,628,28,810,909,77431,0
3802,2023-02-17,628,31,800,905,77431,0
3803,2023-11-06,628,40,801,900,80437,0
3804,2024-06-23,628,22,808,909,80437,0
3805,2025-03-15,628,17,801,906,80437,0
3806,2023-08-21,629,37,814,910,62660,0
3807,2024-07-22,629,33,806,903,62660,0
3808,2025-05-08,629,10,813,902,62660,0
3809,2018-08-18,630,25,813,900,74112,0
3810,2019-06-20,630,13,814,908,78154,0
3811,2020-03-16,630,10,814,906,78154,0
3812,2020-12-21,630,36,801,909,78154,0
3813,2021-10-21,630,10,806,910,78154,0
3814,2022-05-03,630,36,800,906,78154,0
3815,2022-12-10,630,22,802,900,78154,0
3816,2023-11-14,630,18,802,907,78154,0
3817,2024-08-19,630,32,812,910,78154,0
3818,2025-04-24,630,33,802,908,78154,0
3819,2018-06-26,631,35,814,908,64248,0
3820,2018-12-31,631,31,814,900,64248,0
3821,2019-12-11,631,15,812,910,64248,0
3822,2020-09-03,631,37,810,909,64248,0
3823,2021-06-26,631,31,802,910,64248,0
3824,2022-02-21,631,14,806,907,64248,0
3825,2022-09-30,631,38,805,903,64248,0
3826,2023-09-21,631,32,810,900,64248,0
3827,2024-04-12,631,28,815,908,64248,0
3828,2025-03-13,631,22,810,904,64248,0
3829,2021-09-15,632,25,807,905,37377,0
3830,2022-04-01,632,26,806,910,37377,0
3831,2023-02-20,632,39,811,902,38581,0
3832,2023-09-28,632,15,815,904,38581,0
3833,2024-04-11,632,26,810,911,38581,0
3834,2025-03-13,632,37,801,905,38581,0
3835,2016-12-04,633,23,813,906,36929,0
3836,2017-06-30,633,26,809,905,36929,0
3837,2018-05-10,633,30,800,901,36929,0
3838,2019-05-04,633,40,806,909,36929,0
3839,2020-01-20,633,37,812,905,36929,0
3840,2020-09-09,633,12,811,907,36929,0
3841,2021-03-16,633,21,806,902,36929,0
3842,2021-11-08,633,21,815,910,36929,0
3843,2022-10-18,633,37,808,903,36929,0
3844,2023-04-20,633,39,803,909,36929,0
3845,2023-12-22,633,13,812,904,36929,0
3846,2024-07-09,633,16,801,907,36929,0
3847,2025-06-03,633,29,812,908,36929,0
3848,2023-02-26,634,26,802,911,62370,0
3849,2023-11-04,634,11,813,903,62370,0
3850,2024-06-10,634,15,810,904,62370,0
3851,2025-03-30,634,26,804,910,62370,0
3852,2025-03-24,636,37,807,908,66558,0
3853,2023-02-17,637,10,805,906,70383,0
3854,2024-01-16,637,36,806,907,75860,0
3855,2024-08-18,637,14,814,910,75860,0
3856,2025-02-14,637,25,808,900,75860,0
3857,2022-09-08,638,38,800,909,54866,0
3858,2023-03-25,638,34,813,908,54866,0
3859,2023-09-26,638,14,805,910,54866,0
3860,2024-09-15,638,35,814,901,54866,0
3861,2025-02-27,639,21,814,910,80168,0
3862,2018-12-27,640,32,814,907,48638,0
3863,2019-07-13,640,15,809,903,48638,0
3864,2020-02-09,640,40,811,906,48638,0
3865,2020-11-28,640,38,802,907,48638,0
3866,2021-07-15,640,12,804,911,48638,0
3867,2022-05-05,640,34,815,905,48638,0
3868,2023-02-22,640,19,806,902,48638,0
3869,2023-12-20,640,15,804,908,48638,0
3870,2024-08-04,640,38,806,903,48638,0
3871,2025-05-04,640,36,808,908,48638,0
3872,2020-08-19,641,14,813,906,81476,0
3873,2021-04-01,641,28,800,907,81476,0
3874,2022-03-10,641,34,814,909,81476,0
3875,2022-11-14,641,16,808,904,81476,0
3876,2023-09-09,641,38,815,908,81476,0
3877,2024-06-18,641,38,813,906,83949,0
3878,2025-03-03,641,28,809,901,83949,0
3879,2017-11-17,642,28,801,908,76195,0
3880,2018-09-25,642,28,801,900,76195,0
3881,2019-06-30,642,35,811,908,76195,0
3882,2020-05-13,642,20,803,902,76195,0
3883,2021-01-22,642,20,813,911,76195,0
3884,2021-10-19,642,10,815,903,76195,0
3885,2022-05-21,642,10,812,906,76195,0
3886,2023-03-10,642,29,812,900,76195,0
3887,2023-12-03,642,15,810,911,76195,0
3888,2024-07-12,642,12,806,905,76195,0
3889,2025-03-09,642,14,809,906,76195,0
3890,2023-04-19,643,18,806,901,66031,0
3891,2024-03-07,643,29,801,907,66031,0
3892,2025-01-02,643,15,803,903,66031,0
3893,2020-10-29,644,21,815,906,37893,0
3894,2021-10-05,644,32,805,905,37893,0
3895,2022-07-30,644,23,802,900,37893,0
3896,2023-02-18,644,29,802,905,37893,0
3897,2023-10-27,644,23,804,905,37893,0
3898,2024-06-02,644,16,807,902,37893,0
3899,2025-05-26,644,27,810,900,37893,0
3900,2020-04-12,645,16,802,902,43345,0
3901,2021-03-08,645,39,814,907,43345,0
3902,2021-09-16,645,14,803,905,43345,0
3903,2022-05-29,645,21,806,905,43345,0
3904,2022-12-22,645,15,800,908,43345,0
3905,2023-10-24,645,37,812,900,43345,0
3906,2024-09-18,645,26,805,900,43345,0
3907,2025-06-19,645,11,807,909,43345,0
3908,2018-11-04,646,16,807,904,36792,0
3909,2019-08-18,646,24,814,900,36792,0
3910,2020-03-20,646,10,808,910,36792,0
3911,2020-11-14,646,24,815,907,36792,0
3912,2021-08-15,646,38,812,909,36792,0
3913,2022-03-02,646,27,814,908,36792,0
3914,2022-11-18,646,34,804,903,36792,0
3915,2023-07-10,646,33,815,906,36792,0
3916,2024-01-19,646,24,808,911,36792,0
3917,2024-12-10,646,30,814,904,36792,0
3918,2020-11-24,647,37,813,910,38456,0
3919,2021-11-17,647,16,800,900,38456,0
3920,2022-09-01,647,15,815,907,38456,0
3921,2023-03-11,647,13,807,904,38456,0
3922,2024-02-24,647,14,808,900,38456,0
3923,2024-12-12,647,13,810,901,38456,0
3924,2018-12-21,648,14,812,901,70953,0
3925,2019-08-07,648,18,803,908,70953,0
3926,2020-04-13,648,25,815,903,70953,0
3927,2021-03-11,648,29,805,907,70953,0
3928,2022-02-26,648,33,803,902,70953,0
3929,2022-10-09,648,24,810,909,70953,0
3930,2023-08-27,648,27,808,906,70953,0
3931,2024-07-30,648,19,805,910,70953,0
3932,2025-06-08,648,36,806,906,75783,0
3933,2021-04-10,649,34,802,911,64291,0
3934,2022-01-12,649,33,810,906,68003,0
3935,2022-12-17,649,29,808,904,68003,0
3936,2023-10-01,649,23,802,901,68003,0
3937,2024-05-19,649,11,814,908,68003,0
3938,2024-12-08,649,36,808,902,68003,0
3939,2021-03-31,650,31,803,902,43222,0
3940,2021-11-28,650,25,806,907,43222,0
3941,2022-09-27,650,35,808,906,43222,0
3942,2023-05-17,650,33,802,900,43222,0
3943,2024-04-02,650,24,814,900,43222,0
3944,2025-03-13,650,23,814,903,43222,0
3945,2018-09-19,651,16,806,907,39885,0
3946,2019-06-16,651,27,808,904,39885,0
3947,2019-12-29,651,35,809,902,39885,0
3948,2020-08-14,651,30,812,904,39885,0
3949,2021-03-14,651,28,802,907,39885,0
3950,2021-09-22,651,25,811,905,39885,0
3951,2022-08-21,651,14,806,902,39885,0
3952,2023-03-09,651,38,803,905,39885,0
3953,2024-02-03,651,15,805,909,39885,0
3954,2024-10-01,651,31,811,902,42501,0
3955,2025-04-04,651,37,808,905,42501,0
3956,2024-11-07,652,33,809,905,64037,0
3957,2018-08-11,654,36,806,911,67428,0
3958,2019-03-21,654,37,808,904,67428,0
3959,2020-01-21,654,24,807,906,67428,0
3960,2020-08-20,654,36,802,910,67428,0
3961,2021-03-21,654,16,809,907,67428,0
3962,2022-01-17,654,34,800,910,67428,0
3963,2022-10-23,654,12,809,904,67428,0
3964,2023-05-25,654,21,811,906,67428,0
3965,2024-03-11,654,15,805,910,67428,0
3966,2024-12-11,654,27,809,901,67428,0
3967,2021-03-01,655,24,800,910,37767,0
3968,2021-10-05,655,18,805,900,37767,0
3969,2022-06-19,655,24,806,902,37767,0
3970,2023-01-11,655,21,814,907,37767,0
3971,2023-09-22,655,27,811,909,37767,0
3972,2024-04-27,655,33,813,901,37767,0
3973,2025-03-09,655,26,814,909,37767,0
3974,2023-06-08,656,34,806,904,38698,0
3975,2024-05-31,656,22,807,911,38698,0
3976,2025-04-10,656,32,804,911,38698,0
3977,2022-07-15,657,20,801,909,61824,0
3978,2023-04-07,657,30,800,910,61824,0
3979,2024-02-11,657,38,813,908,61824,0
3980,2024-12-16,657,39,808,903,61824,0
3981,2021-06-17,658,21,808,908,51258,0
3982,2022-04-26,658,18,811,906,51258,0
3983,2023-02-10,658,26,809,909,51258,0
3984,2024-01-07,658,28,808,902,51258,0
3985,2024-08-17,658,37,814,902,55340,0
3986,2025-06-09,658,22,815,900,55340,0
3987,2020-01-22,659,24,801,900,76843,0
3988,2020-09-07,659,38,809,905,76843,0
3989,2021-08-29,659,31,806,910,76843,0
3990,2022-02-25,659,19,802,906,76843,0
3991,2022-09-21,659,21,806,908,76843,0
3992,2023-04-12,659,36,812,910,76843,0
3993,2024-01-13,659,15,815,909,76843,0
3994,2025-01-07,659,21,800,900,76843,0
3995,2023-09-21,660,25,801,907,47483,0
3996,2024-03-24,660,37,804,910,47483,0
3997,2024-11-03,660,38,813,911,52198,0
3998,2025-06-07,660,24,808,904,52198,0
3999,2022-01-29,661,34,809,902,83494,0
4000,2022-08-03,661,33,806,906,83494,0
4001,2023-02-07,661,32,804,911,83494,0
4002,2023-11-21,661,35,805,902,83494,0
4003,2024-06-08,661,16,800,904,83494,0
4004,2025-02-15,661,24,801,902,83494,0
4005,2019-01-27,662,36,813,903,79547,0
4006,2019-12-05,662,19,812,903,79547,0
4007,2020-06-04,662,40,800,911,79547,0
4008,2021-05-15,662,34,807,910,79547,0
4009,2021-12-06,662,16,800,903,79547,0
4010,2022-06-30,662,34,804,902,79547,0
4011,2023-04-24,662,18,810,911,83729,0
4012,2024-02-02,662,11,811,900,83729,0
4013,2024-08-23,662,23,811,901,83729,0
4014,2025-04-22,662,30,802,907,83729,0
4015,2021-10-11,663,36,813,904,50025,0
4016,2022-08-28,663,19,810,910,50025,0
4017,2023-08-17,663,11,815,902,50025,0
4018,2024-03-20,663,20,803,910,50025,0
4019,2025-01-22,663,29,814,901,50025,0
4020,2020-12-27,664,18,813,908,70815,0
4021,2021-10-23,664,27,814,909,75107,0
4022,2022-05-07,664,11,813,910,75107,0
4023,2023-03-28,664,18,802,911,75107,0
4024,2024-01-31,664,39,802,901,79375,0
4025,2024-11-04,664,35,802,901,79375,0
4026,2022-03-14,665,25,800,911,58974,0
4027,2022-11-27,665,14,808,905,58974,0
4028,2023-11-02,665,28,808,911,58974,0
4029,2024-09-11,665,16,802,911,58974,0
4030,2025-03-11,665,23,804,905,58974,0
4031,2025-06-09,666,11,800,909,58924,0
4032,2018-06-22,667,23,809,903,39450,0
4033,2019-04-19,667,28,809,910,39450,0
4034,2019-12-23,667,22,802,902,39450,0
4035,2020-07-20,667,34,811,907,39450,0
4036,2021-04-08,667,23,814,910,42570,0
4037,2022-02-07,667,34,811,903,42570,0
4038,2022-12-25,667,14,814,904,42570,0
4039,2023-08-16,667,17,806,900,42570,0
4040,2024-08-07,667,38,811,905,42570,0
4041,2025-03-12,667,10,809,903,42570,0
4042,2020-07-24,668,25,808,908,71566,0
4043,2021-02-15,668,14,807,903,71566,0
4044,2021-09-17,668,11,814,901,71566,0
4045,2022-04-11,668,26,804,908,71566,0
4046,2023-01-14,668,40,814,904,71566,0
4047,2023-11-17,668,32,804,904,74162,0
4048,2024-11-11,668,24,815,907,74162,0
4049,2025-05-29,668,33,812,910,74162,0
4050,2024-09-01,669,37,807,902,66331,0
4051,2024-01-19,670,28,811,910,39771,0
4052,2024-09-22,670,19,815,904,43187,0
4053,2022-02-25,671,39,808,909,81432,0
4054,2023-01-27,671,34,804,911,81432,0
4055,2023-10-11,671,22,814,907,81432,0
4056,2024-08-27,671,29,801,909,81432,0
4057,2025-03-28,671,29,800,901,81432,0
4058,2021-02-28,672,17,805,906,36867,0
4059,2021-09-02,672,40,815,908,39368,0
4060,2022-07-04,672,37,805,904,39368,0
4061,2023-06-02,672,32,815,910,39368,0
4062,2024-05-02,672,35,815,903,39368,0
4063,2024-11-30,672,12,813,909,39368,0
4064,2024-10-31,673,19,803,906,65797,0
4065,2022-03-26,674,39,812,900,82001,0
4066,2023-03-19,674,12,815,907,82001,0
4067,2023-10-07,674,26,807,908,82001,0
4068,2024-04-22,674,16,810,910,82001,0
4069,2024-12-03,674,11,812,910,82001,0
4070,2017-03-08,675,20,802,910,40404,0
4071,2017-12-12,675,33,806,904,43628,0
4072,2018-10-30,675,36,814,902,43628,0
4073,2019-07-16,675,27,808,906,43628,0
4074,2020-02-08,675,30,808,909,43628,0
4075,2020-12-16,675,29,807,902,43628,0
4076,2021-09-28,675,12,809,901,43628,0
4077,2022-07-13,675,38,807,910,43628,0
4078,2023-06-27,675,11,806,905,47267,0
4079,2024-05-03,675,25,815,902,47267,0
4080,2025-03-09,675,18,806,901,47267,0
4081,2023-01-20,676,18,804,911,61915,0
4082,2023-12-03,676,28,810,905,61915,0
4083,2024-06-15,676,19,808,911,61915,0
4084,2025-06-05,676,40,813,900,61915,0
4085,2019-09-16,677,29,813,901,80075,0
4086,2020-05-25,677,32,809,903,80075,0
4087,2020-12-01,677,30,804,909,80075,0
4088,2021-07-13,677,34,810,900,80075,0
4089,2022-02-21,677,33,809,907,80075,0
4090,2023-01-09,677,34,812,903,80075,0
4091,2023-12-15,677,13,814,910,80075,0
4092,2024-10-07,677,38,813,904,80075,0
4093,2025-04-26,677,37,808,905,80075,0
4094,2017-09-21,679,35,806,901,37571,0
4095,2018-06-02,679,11,812,910,37571,0
4096,2018-12-12,679,16,805,909,37571,0
4097,2019-07-07,679,38,810,900,37571,0
4098,2020-05-15,679,33,804,905,37571,0
4099,2021-04-13,679,26,815,904,37571,0
4100,2022-03-28,679,21,814,911,37571,0
4101,2022-12-01,679,26,806,907,37571,0
4102,2023-07-19,679,24,811,900,37571,0
4103,2024-02-10,679,20,802,901,37571,0
4104,2024-09-24,679,30,807,900,37571,0
4105,2016-07-13,680,23,808,908,46472,0
4106,2017-05-17,680,20,800,909,46472,0
4107,2018-04-08,680,22,800,908,46472,0
4108,2019-01-31,680,12,813,902,46472,0
4109,2020-01-13,680,32,812,910,46472,0
4110,2020-10-31,680,20,808,910,46472,0
4111,2021-09-28,680,33,800,911,46472,0
4112,2022-05-25,680,39,810,900,46472,0
4113,2023-01-07,680,35,811,909,46472,0
4114,2023-10-26,680,34,801,907,46472,0
4115,2024-09-02,680,39,811,905,48761,0
4116,2017-12-12,682,13,808,903,57095,0
4117,2018-07-07,682,37,804,904,57095,0
4118,2019-01-18,682,28,808,906,57095,0
4119,2019-10-23,682,30,809,902,57095,0
4120,2020-10-04,682,20,811,910,57095,0
4121,2021-04-04,682,22,808,900,57095,0
4122,2021-11-16,682,40,801,904,57095,0
4123,2022-05-17,682,12,803,908,57095,0
4124,2022-11-28,682,13,800,908,57095,0
4125,2023-06-18,682,34,800,911,57095,0
4126,2023-12-29,682,31,804,906,57095,0
4127,2024-07-30,682,11,815,907,59350,0
4128,2025-06-05,682,11,802,908,59350,0
4129,2021-03-28,683,20,807,908,47015,0
4130,2021-11-02,683,35,807,908,47015,0
4131,2022-09-24,683,27,810,900,47015,0
4132,2023-08-08,683,28,806,904,47015,0
4133,2024-03-31,683,30,814,905,47015,0
4134,2025-02-22,683,27,800,908,47015,0
4135,2023-05-18,684,35,811,903,52406,0
4136,2024-04-25,684,15,804,908,52406,0
4137,2025-04-12,684,24,808,908,52406,0
4138,2020-03-15,685,39,804,904,82565,0
4139,2020-11-28,685,33,804,905,82565,0
4140,2021-07-16,685,38,807,908,82565,0
4141,2022-05-17,685,11,810,911,86479,0
4142,2023-02-13,685,24,812,905,86479,0
4143,2023-09-25,685,24,815,910,86479,0
4144,2024-03-29,685,30,802,900,86479,0
4145,2025-03-04,685,38,812,910,86479,0
4146,2020-10-03,686,22,810,906,64869,0
4147,2021-08-06,686,14,805,909,64869,0
4148,2022-02-06,686,32,802,905,69589,0
4149,2022-11-03,686,16,806,903,69589,0
4150,2023-10-18,686,33,813,906,69589,0
4151,2024-05-23,686,13,815,909,69589,0
4152,2024-11-28,686,20,801,905,73706,0
4153,2020-10-03,687,17,804,903,53571,0
4154,2021-09-12,687,29,806,905,57387,0
4155,2022-06-15,687,15,806,910,57387,0
4156,2022-12-27,687,25,815,902,57387,0
4157,2023-11-27,687,19,807,910,57387,0
4158,2024-06-06,687,29,814,902,57387,0
4159,2025-04-01,687,25,812,905,57387,0
4160,2022-11-25,688,30,805,911,50110,0
4161,2023-09-23,688,12,808,902,50110,0
4162,2024-04-02,688,18,812,900,50110,0
4163,2025-03-12,688,18,800,908,50110,0
4164,2019-11-22,689,13,809,903,72798,0
4165,2020-07-02,689,26,815,906,72798,0
4166,2021-02-24,689,40,806,905,77290,0
4167,2021-11-06,689,27,804,909,77290,0
4168,2022-08-28,689,19,802,910,77290,0
4169,2023-05-12,689,10,801,909,84030,0
4170,2024-03-11,689,39,815,904,84030,0
4171,2025-02-22,689,18,811,908,84030,0
4172,2019-03-26,691,27,815,905,72957,0
4173,2019-11-30,691,25,802,901,72957,0
4174,2020-08-26,691,14,814,909,72957,0
4175,2021-08-19,691,28,814,907,72957,0
4176,2022-03-09,691,17,808,908,72957,0
4177,2022-09-28,691,29,811,901,72957,0
4178,2023-04-08,691,26,802,904,76368,0
4179,2024-01-08,691,40,811,909,76368,0
4180,2024-09-28,691,25,805,906,82996,0
4181,2025-06-29,691,40,812,908,86317,0
4182,2024-04-15,692,36,814,911,77692,0
4183,2025-01-23,692,34,810,907,77692,0
4184,2024-03-06,693,37,811,905,71080,0
4185,2024-11-28,693,21,815,905,71080,0
4186,2023-12-07,694,23,809,905,53112,0
4187,2024-11-20,694,39,812,906,53112,0
4188,2017-08-16,695,11,808,903,45840,0
4189,2018-05-26,695,35,802,904,48919,0
4190,2019-02-28,695,23,801,911,51664,0
4191,2019-09-23,695,31,803,901,51664,0
4192,2020-05-06,695,23,810,908,51664,0
4193,2021-01-21,695,37,805,900,51664,0
4194,2021-12-06,695,11,806,905,51664,0
4195,2022-09-16,695,33,802,903,51664,0
4196,2023-05-18,695,34,805,904,51664,0
4197,2023-12-05,695,10,801,911,51664,0
4198,2024-06-19,695,30,812,910,51664,0
4199,2025-05-24,695,13,808,903,51664,0
4200,2021-03-03,696,33,813,908,62193,0
4201,2022-02-02,696,27,804,901,62193,0
4202,2022-11-28,696,32,813,909,62193,0
4203,2023-09-20,696,32,806,900,62193,0
4204,2024-06-15,696,11,809,900,62193,0
4205,2025-02-07,696,39,801,903,67763,0
4206,2019-08-16,697,11,812,907,47060,0
4207,2020-06-27,697,24,803,910,47060,0
4208,2021-03-18,697,28,812,906,47060,0
4209,2021-11-25,697,16,810,904,47060,0
4210,2022-07-09,697,19,813,900,47060,0
4211,2023-05-31,697,33,812,911,47060,0
4212,2024-03-26,697,10,802,909,47060,0
4213,2024-10-29,697,32,813,900,47060,0
4214,2025-06-19,698,18,815,905,66368,0
4215,2016-08-07,699,12,803,910,82564,0
4216,2017-04-26,699,33,806,908,82564,0
4217,2018-03-22,699,20,803,902,82564,0
4218,2019-01-28,699,16,802,902,85075,0
4219,2019-11-20,699,12,813,906,85075,0
4220,2020-06-15,699,39,807,910,85075,0
4221,2021-01-11,699,30,811,903,85075,0
4222,2021-11-30,699,16,806,907,91215,0
4223,2022-09-02,699,39,815,909,91215,0
4224,2023-04-07,699,21,802,903,91215,0
4225,2024-02-01,699,31,804,907,91215,0
4226,2024-07-30,699,20,811,902,91215,0
4227,2025-04-22,699,30,802,903,91215,0
4228,2024-09-06,701,33,808,910,39960,0
4229,2025-04-21,701,37,805,901,39960,0
4230,2021-02-17,702,35,812,910,82938,0
4231,2021-09-06,702,14,811,907,82938,0
4232,2022-03-11,702,17,800,908,82938,0
4233,2022-12-24,702,20,806,900,89384,0
4234,2023-11-25,702,34,805,903,89384,0
4235,2024-05-26,702,32,806,905,89384,0
4236,2024-11-25,702,23,805,907,89384,0
4237,2025-06-16,702,23,813,904,89384,0
4238,2021-10-07,703,19,814,901,60641,0
4239,2022-09-17,703,22,803,907,60641,0
4240,2023-08-08,703,13,810,902,60641,0
4241,2024-07-20,703,27,813,909,60641,0
4242,2025-05-18,703,36,815,905,62756,0
4243,2018-03-24,704,21,810,910,81582,0
4244,2018-11-20,704,30,803,904,81582,0
4245,2019-07-11,704,25,806,902,81582,0
4246,2020-02-03,704,16,802,908,81582,0
4247,2020-09-30,704,27,805,902,81582,0
4248,2021-09-25,704,40,811,901,81582,0
4249,2022-06-11,704,26,805,904,81582,0
4250,2022-12-28,704,31,809,901,81582,0
4251,2023-11-09,704,28,800,908,81582,0
4252,2024-09-03,704,35,803,902,81582,0
4253,2017-04-02,705,30,806,901,46305,0
4254,2018-02-03,705,14,800,905,46305,0
4255,2018-11-08,705,23,801,902,46305,0
4256,2019-07-20,705,31,811,908,46305,0
4257,2020-03-03,705,31,813,909,46305,0
4258,2020-11-11,705,37,800,900,46305,0
4259,2021-06-06,705,10,806,904,46305,0
4260,2022-04-16,705,30,809,902,46305,0
4261,2023-02-15,705,23,809,908,46305,0
4262,2023-11-17,705,16,814,909,46305,0
4263,2024-09-28,705,33,800,911,46305,0
4264,2017-12-22,706,17,809,911,72788,0
4265,2018-11-27,706,23,811,903,76569,0
4266,2019-09-22,706,23,801,907,76569,0
4267,2020-04-04,706,31,813,903,83442,0
4268,2021-03-07,706,24,805,905,83442,0
4269,2021-10-17,706,12,810,908,83442,0
4270,2022-07-07,706,39,810,905,83442,0
4271,2023-02-14,706,16,814,906,83442,0
4272,2023-11-29,706,33,813,904,83442,0
4273,2024-08-19,706,27,809,900,83442,0
4274,2025-06-25,706,36,811,909,83442,0
4275,2025-02-06,707,30,809,907,63701,0
4276,2019-11-13,708,40,803,911,39039,0
4277,2020-09-07,708,11,808,906,39039,0
4278,2021-06-17,708,23,811,902,39039,0
4279,2021-12-15,708,27,808,903,42479,0
4280,2022-09-04,708,19,802,900,42479,0
4281,2023-05-04,708,29,803,901,42479,0
4282,2023-12-04,708,16,812,902,42479,0
4283,2024-08-16,708,25,813,901,42479,0
4284,2025-06-23,708,37,807,901,42479,0
4285,2025-06-27,709,10,808,900,79127,0
4286,2023-06-16,710,34,813,907,44717,0
4287,2024-01-30,710,13,805,908,48197,0
4288,2024-08-27,710,14,800,910,48197,0
4289,2025-06-26,710,24,813,900,48197,0
4290,2024-07-12,711,39,803,911,39709,0
4291,2025-03-06,711,20,803,906,39709,0
4292,2019-06-26,712,40,813,911,37048,0
4293,2020-02-25,712,28,813,904,37048,0
4294,2020-09-04,712,34,808,903,37048,0
4295,2021-04-19,712,11,812,907,37048,0
4296,2021-11-14,712,15,814,903,37048,0
4297,2022-10-26,712,19,808,904,37048,0
4298,2023-10-09,712,27,800,904,37048,0
4299,2024-08-06,712,25,810,902,37048,0
4300,2025-02-11,712,31,806,908,37048,0
4301,2020-11-10,713,24,804,907,42388,0
4302,2021-10-01,713,37,800,901,42388,0
4303,2022-07-13,713,30,804,905,42388,0
4304,2023-03-08,713,27,815,907,42388,0
4305,2023-09-18,713,22,808,906,42388,0
4306,2024-08-29,713,24,814,902,42388,0
4307,2025-06-18,713,20,805,904,42388,0
4308,2023-03-06,714,21,804,906,78526,0
4309,2024-01-31,714,10,806,908,78526,0
4310,2024-12-10,714,18,811,902,78526,0
4311,2020-08-27,715,31,811,906,65846,0
4312,2021-08-13,715,40,803,909,65846,0
4313,2022-06-24,715,25,805,910,72346,0
4314,2023-02-09,715,33,800,903,72346,0
4315,2023-10-31,715,29,815,909,72346,0
4316,2024-05-28,715,39,807,907,72346,0
4317,2024-11-30,715,13,804,911,72346,0
4318,2017-03-21,716,28,806,903,55668,0
4319,2018-01-01,716,15,803,908,58909,0
4320,2018-11-21,716,34,813,907,58909,0
4321,2019-05-23,716,27,808,910,58909,0
4322,2020-04-19,716,32,800,911,58909,0
4323,2020-10-29,716,34,811,904,58909,0
4324,2021-05-27,716,11,815,907,58909,0
4325,2022-05-01,716,40,808,900,62439,0
4326,2022-11-30,716,32,808,900,62439,0
4327,2023-06-17,716,19,815,904,62439,0
4328,2023-12-19,716,23,811,905,62439,0
4329,2024-09-02,716,33,800,905,62439,0
4330,2024-12-06,717,15,809,905,52260,0
4331,2021-07-17,718,34,801,911,58625,0
4332,2022-07-07,718,21,806,908,58625,0
4333,2023-06-13,718,14,812,905,62492,0
4334,2024-04-21,718,27,808,903,62492,0
4335,2025-03-19,718,15,806,905,62492,0
4336,2018-02-18,719,25,809,902,65555,0
4337,2019-01-22,719,16,802,910,65555,0
4338,2019-08-09,719,13,806,902,65555,0
4339,2020-04-15,719,20,814,904,65555,0
4340,2020-11-23,719,35,813,910,65555,0
4341,2021-11-02,719,13,806,904,71124,0
4342,2022-09-27,719,27,813,903,71124,0
4343,2023-04-02,719,14,806,901,77379,0
4344,2024-03-27,719,31,807,904,77379,0
4345,2024-10-18,719,38,814,900,83801,0
4346,2024-03-30,721,11,814,909,57632,0
4347,2024-10-14,721,35,800,900,57632,0
4348,2021-02-23,722,18,814,901,78948,0
4349,2021-11-04,722,12,803,902,78948,0
4350,2022-08-06,722,18,800,909,78948,0
4351,2023-04-09,722,35,809,909,78948,0
4352,2024-02-18,722,31,809,906,78948,0
4353,2024-12-24,722,23,809,903,78948,0
4354,2018-01-29,723,20,807,910,36330,0
4355,2018-10-28,723,25,809,904,36330,0
4356,2019-07-07,723,16,806,909,36330,0
4357,2020-01-21,723,33,809,908,36330,0
4358,2020-09-23,723,32,804,909,36330,0
4359,2021-03-26,723,22,815,910,36330,0
4360,2021-12-03,723,39,814,906,36330,0
4361,2022-06-02,723,24,811,900,36330,0
4362,2023-05-16,723,40,807,908,36330,0
4363,2023-11-16,723,25,812,903,36330,0
4364,2024-05-27,723,29,807,910,36330,0
4365,2025-05-05,723,13,809,905,36330,0
4366,2017-05-22,724,29,802,905,43669,0
4367,2017-12-07,724,38,811,904,43669,0
4368,2018-11-21,724,11,811,910,43669,0
4369,2019-05-30,724,36,809,904,43669,0
4370,2020-04-13,724,23,809,910,43669,0
4371,2021-01-24,724,21,804,903,43669,0
4372,2021-08-10,724,34,808,901,43669,0
4373,2022-03-10,724,13,815,909,43669,0
4374,2022-10-11,724,39,807,905,43669,0
4375,2023-09-07,724,17,811,911,46636,0
4376,2024-08-04,724,33,802,903,46636,0
4377,2025-05-15,724,23,800,909,46636,0
4378,2017-09-02,725,28,804,907,50482,0
4379,2018-08-22,725,30,804,909,50482,0
4380,2019-04-27,725,21,804,911,50482,0
4381,2019-11-29,725,21,809,902,50482,0
4382,2020-11-15,725,16,804,911,50482,0
4383,2021-05-24,725,20,810,910,50482,0
4384,2021-12-02,725,35,802,905,50482,0
4385,2022-10-28,725,25,800,909,50482,0
4386,2023-08-08,725,37,815,910,50482,0
4387,2024-07-21,725,33,806,904,50482,0
4388,2025-06-19,725,39,815,905,50482,0
4389,2021-03-28,726,24,811,910,40686,0
4390,2022-01-14,726,26,811,911,40686,0
4391,2022-10-23,726,38,808,907,40686,0
4392,2023-05-07,726,16,802,910,40686,0
4393,2024-01-18,726,25,813,900,40686,0
4394,2024-07-28,726,17,800,903,40686,0
4395,2025-06-12,726,24,813,904,40686,0
4396,2018-11-28,727,14,815,911,77817,0
4397,2019-10-24,727,31,812,900,77817,0
4398,2020-06-12,727,34,804,907,77817,0
4399,2021-02-03,727,27,803,904,77817,0
4400,2022-01-22,727,27,808,910,77817,0
4401,2023-01-17,727,12,803,904,77817,0
4402,2023-11-03,727,32,813,909,77817,0
4403,2024-05-12,727,23,805,911,77817,0
4404,2024-11-27,727,26,812,907,85481,0
4405,2019-11-30,728,28,806,906,37464,0
4406,2020-10-09,728,21,807,900,37464,0
4407,2021-09-04,728,31,810,907,37464,0
4408,2022-07-20,728,36,805,907,37464,0
4409,2023-04-05,728,29,803,902,37464,0
4410,2023-11-07,728,12,809,900,37464,0
4411,2024-07-14,728,16,801,908,37464,0
4412,2025-04-29,728,16,810,900,37464,0
4413,2018-10-27,729,22,802,908,77016,0
4414,2019-10-13,729,31,809,908,77016,0
4415,2020-09-03,729,22,806,911,77016,0
4416,2021-07-06,729,36,806,906,77016,0
4417,2022-04-10,729,39,811,908,77016,0
4418,2022-12-05,729,13,815,901,77016,0
4419,2023-10-16,729,23,812,904,77016,0
4420,2024-06-16,729,14,803,911,77016,0
4421,2025-02-20,729,37,814,906,77016,0
4422,2021-10-10,730,21,813,910,77255,0
4423,2022-05-30,730,13,815,901,77255,0
4424,2023-01-18,730,30,802,909,77255,0
4425,2023-10-12,730,15,811,908,77255,0
4426,2024-08-26,730,20,815,908,77255,0
4427,2025-06-14,730,22,801,906,77255,0
4428,2021-03-07,731,27,808,902,49484,0
4429,2021-10-28,731,23,811,910,49484,0
4430,2022-09-12,731,10,803,908,49484,0
4431,2023-03-20,731,24,803,905,49484,0
4432,2023-11-17,731,14,807,900,49484,0
4433,2024-06-25,731,30,806,906,49484,0
4434,2025-03-23,731,29,804,903,49484,0
4435,2025-06-25,732,16,807,906,61921,0
4436,2018-04-17,733,29,815,903,53455,0
4437,2018-12-01,733,11,813,901,53455,0
4438,2019-06-17,733,33,803,908,53455,0
4439,2020-02-15,733,29,811,910,53455,0
4440,2020-08-26,733,11,810,905,53455,0
4441,2021-04-01,733,33,808,906,58123,0
4442,2022-02-23,733,13,801,905,58123,0
4443,2022-12-19,733,25,807,902,58123,0
4444,2023-10-15,733,12,810,904,58123,0
4445,2024-04-20,733,10,800,906,58123,0
4446,2025-02-09,733,15,815,902,58123,0
4447,2022-05-02,734,16,800,901,55025,0
4448,2023-02-01,734,28,807,905,55025,0
4449,2023-07-31,734,16,814,901,55025,0
4450,2024-03-23,734,11,801,907,55025,0
4451,2025-03-07,734,14,800,903,55025,0
4452,2022-06-17,735,40,814,910,78250,0
4453,2023-01-28,735,26,801,903,82184,0
4454,2023-11-26,735,31,807,908,82184,0
4455,2024-05-30,735,35,808,906,82184,0
4456,2025-05-19,735,33,809,903,88180,0
4457,2020-07-10,736,22,811,903,53670,0
4458,2021-03-14,736,14,813,911,53670,0
4459,2022-01-23,736,40,803,910,55600,0
4460,2022-10-24,736,21,804,907,55600,0
4461,2023-06-23,736,37,809,910,55600,0
4462,2024-02-04,736,12,815,901,55600,0
4463,2024-10-11,736,27,809,902,59950,0
4464,2019-05-25,737,20,804,911,82657,0
4465,2020-05-09,737,29,812,903,82657,0
4466,2021-02-16,737,38,800,903,82657,0
4467,2021-12-10,737,36,804,903,82657,0
4468,2022-08-05,737,17,811,906,82657,0
4469,2023-03-06,737,12,809,900,82657,0
4470,2023-12-19,737,30,811,905,85575,0
4471,2024-06-21,737,39,810,906,93105,0
4472,2025-03-08,737,20,815,911,93105,0
4473,2023-09-23,738,10,801,911,49904,0
4474,2024-07-15,738,23,800,906,49904,0
4475,2025-06-29,738,32,810,904,49904,0
4476,2024-06-30,739,40,807,911,68456,0
4477,2025-06-01,739,15,807,904,68456,0
4478,2016-05-24,740,21,811,903,76613,0
4479,2017-01-25,740,34,802,902,76613,0
4480,2017-09-18,740,29,812,905,83224,0
4481,2018-07-20,740,37,800,901,83224,0
4482,2019-07-07,740,13,815,909,83224,0
4483,2020-06-15,740,18,813,911,83224,0
4484,2021-05-25,740,22,803,903,83224,0
4485,2022-01-06,740,26,808,901,83224,0
4486,2022-08-24,740,17,815,902,83224,0
4487,2023-06-30,740,11,803,900,83224,0
4488,2024-04-19,740,18,807,909,86280,0
4489,2024-10-22,740,20,813,907,86280,0
4490,2020-08-18,741,32,814,903,71841,0
4491,2021-08-01,741,28,813,904,71841,0
4492,2022-03-17,741,22,810,911,71841,0
4493,2022-12-30,741,13,804,905,71841,0
4494,2023-11-10,741,34,813,911,71841,0
4495,2024-06-20,741,14,810,901,71841,0
4496,2025-01-08,741,26,810,910,71841,0
4497,2016-10-04,742,27,815,905,71414,0
4498,2017-09-23,742,32,810,903,71414,0
4499,2018-05-27,742,32,807,909,71414,0
4500,2019-02-06,742,38,809,905,71414,0
4501,2020-01-31,742,29,802,908,71414,0
4502,2020-09-09,742,11,803,901,71414,0
4503,2021-07-28,742,38,814,900,71414,0
4504,2022-06-09,742,35,805,901,71414,0
4505,2023-04-01,742,25,808,903,71414,0
4506,2023-11-11,742,31,812,903,71414,0
4507,2024-06-15,742,10,807,909,71414,0
4508,2025-01-01,742,27,808,903,71414,0
4509,2023-03-14,743,20,804,911,43982,0
4510,2023-11-30,743,18,808,905,43982,0
4511,2024-09-14,743,30,809,911,43982,0
4512,2025-03-29,743,18,807,906,43982,0
4513,2020-01-01,745,33,802,906,75143,0
4514,2020-10-27,745,32,811,911,75143,0
4515,2021-09-05,745,31,806,910,75143,0
4516,2022-08-10,745,11,810,905,75143,0
4517,2023-07-07,745,31,807,903,75143,0
4518,2024-05-25,745,14,815,900,80070,0
4519,2025-01-27,745,22,808,900,80070,0
4520,2024-07-03,746,39,804,901,54139,0
4521,2025-04-06,746,32,812,900,54139,0
4522,2024-03-21,747,25,810,903,63717,0
4523,2025-01-06,747,38,815,901,63717,0
4524,2025-06-16,748,31,811,904,67895,0
4525,2025-04-23,749,32,814,906,38984,0
4526,2025-03-24,750,20,808,907,55529,0
4527,2019-01-21,751,37,808,905,61372,0
4528,2019-08-21,751,38,801,907,61372,0
4529,2020-03-06,751,12,814,907,61372,0
4530,2021-02-26,751,38,806,903,61372,0
4531,2022-02-14,751,12,814,900,61372,0
4532,2022-12-30,751,22,807,902,61372,0
4533,2023-09-27,751,12,812,911,61372,0
4534,2024-04-06,751,31,800,908,61372,0
4535,2025-03-22,751,28,802,900,61372,0
4536,2022-01-25,752,24,812,906,51923,0
4537,2022-09-30,752,38,815,907,51923,0
4538,2023-05-07,752,38,812,902,51923,0
4539,2024-01-17,752,36,813,904,51923,0
4540,2024-07-27,752,32,800,911,51923,0
4541,2025-03-27,752,17,806,901,51923,0
4542,2022-08-14,753,31,813,910,63416,0
4543,2023-02-25,753,24,815,911,63416,0
4544,2024-02-01,753,19,814,907,63416,0
4545,2024-08-07,753,35,800,901,69646,0
4546,2025-06-07,753,38,803,903,69646,0
4547,2021-10-28,754,22,808,902,53328,0
4548,2022-09-20,754,29,812,900,53328,0
4549,2023-06-19,754,31,808,906,53328,0
4550,2024-04-29,754,11,801,907,53328,0
4551,2025-01-31,754,35,800,902,53328,0
4552,2020-08-23,755,18,813,901,47127,0
4553,2021-06-22,755,28,811,904,49731,0
4554,2022-03-20,755,34,800,901,49731,0
4555,2022-10-26,755,28,805,908,49731,0
4556,2023-10-05,755,22,806,908,52413,0
4557,2024-07-26,755,22,812,902,52413,0
4558,2025-04-20,755,11,804,906,52413,0
4559,2020-10-13,756,17,813,908,57655,0
4560,2021-08-04,756,22,810,909,57655,0
4561,2022-06-09,756,23,806,906,57655,0
4562,2023-01-02,756,38,802,906,57655,0
4563,2023-08-02,756,26,800,910,57655,0
4564,2024-04-14,756,30,808,906,57655,0
4565,2025-03-24,756,37,815,910,57655,0
4566,2020-06-08,758,25,806,902,50126,0
4567,2020-12-12,758,13,813,909,50126,0
4568,2021-08-16,758,40,802,902,50126,0
4569,2022-07-22,758,10,813,902,50126,0
4570,2023-04-07,758,25,814,902,50126,0
4571,2024-02-27,758,16,800,907,50126,0
4572,2025-02-07,758,29,809,902,50126,0
4573,2018-03-06,759,11,804,905,59100,0
4574,2018-10-08,759,17,811,909,59100,0
4575,2019-07-07,759,22,803,906,59100,0
4576,2020-06-01,759,20,812,908,59100,0
4577,2020-12-03,759,25,806,905,63959,0
4578,2021-08-19,759,11,804,910,67217,0
4579,2022-06-04,759,18,800,904,67217,0
4580,2023-05-24,759,32,815,900,67217,0
4581,2024-04-12,759,35,802,907,67217,0
4582,2025-01-01,759,39,802,901,67217,0
4583,2022-06-15,760,32,809,907,60803,0
4584,2023-02-13,760,30,804,900,60803,0
4585,2023-09-29,760,19,809,908,60803,0
4586,2024-07-22,760,37,812,907,60803,0
4587,2025-04-25,760,12,812,903,60803,0
4588,2021-01-12,761,38,811,909,46145,0
4589,2021-08-04,761,39,804,909,46145,0
4590,2022-07-16,761,38,809,904,46145,0
4591,2023-04-26,761,36,804,901,46145,0
4592,2023-11-04,761,37,810,909,46145,0
4593,2024-06-05,761,30,814,909,46145,0
4594,2025-02-24,761,37,812,910,46145,0
4595,2017-06-24,762,21,802,907,76602,0
4596,2018-01-26,762,16,806,901,79805,0
4597,2018-10-05,762,33,805,901,79805,0
4598,2019-07-30,762,12,810,911,79805,0
4599,2020-07-03,762,28,815,906,79805,0
4600,2021-02-12,762,37,803,911,79805,0
4601,2021-11-21,762,40,811,904,79805,0
4602,2022-07-31,762,40,814,908,79805,0
4603,2023-06-12,762,23,803,900,79805,0
4604,2024-05-23,762,36,806,904,79805,0
4605,2024-12-01,762,28,806,905,79805,0
4606,2018-07-17,763,23,804,909,65624,0
4607,2019-01-14,763,23,808,905,65624,0
4608,2019-08-12,763,34,803,906,65624,0
4609,2020-06-27,763,17,815,906,65624,0
4610,2021-05-26,763,31,809,911,65624,0
4611,2022-01-20,763,14,806,910,65624,0
4612,2022-08-10,763,39,808,910,65624,0
4613,2023-07-13,763,11,805,905,65624,0
4614,2024-01-13,763,16,811,907,65624,0
4615,2024-11-13,763,23,800,901,65624,0
4616,2023-01-16,764,25,807,905,50016,0
4617,2023-12-23,764,10,814,908,50016,0
4618,2024-08-15,764,27,813,900,50016,0
4619,2025-04-16,764,27,804,904,50016,0
4620,2016-08-14,765,38,808,901,59044,0
4621,2017-05-13,765,39,806,910,59044,0
4622,2018-04-09,765,38,811,901,59044,0
4623,2019-03-03,765,19,805,906,59044,0
4624,2020-01-09,765,39,809,900,59044,0
4625,2020-10-20,765,34,808,904,59044,0
4626,2021-05-26,765,10,801,911,62591,0
4627,2022-05-10,765,11,811,900,62591,0
4628,2023-04-28,765,12,807,908,62591,0
4629,2024-03-15,765,23,813,909,62591,0
4630,2024-09-15,765,23,811,901,62591,0
4631,2025-06-15,765,32,805,911,62591,0
4632,2019-12-27,766,20,803,911,42493,0
4633,2020-08-14,766,17,800,900,42493,0
4634,2021-08-01,766,10,805,911,43768,0
4635,2022-04-06,766,29,808,906,43768,0
4636,2023-01-13,766,14,808,905,45600,0
4637,2023-10-07,766,28,805,903,49320,0
4638,2024-05-24,766,26,804,909,49320,0
4639,2025-01-17,766,22,804,909,49320,0
4640,2024-08-26,767,13,803,911,53172,0
4641,2017-01-28,768,27,803,900,76414,0
4642,2017-08-31,768,30,803,908,76414,0
4643,2018-06-30,768,25,805,909,76414,0
4644,2019-03-26,768,39,804,903,76414,0
4645,2019-10-27,768,25,804,908,76414,0
4646,2020-09-23,768,36,805,902,76414,0
4647,2021-09-08,768,37,815,902,81633,0
4648,2022-05-10,768,13,810,911,81633,0
4649,2022-12-18,768,11,812,904,81633,0
4650,2023-08-06,768,10,809,907,81633,0
4651,2024-06-01,768,37,810,906,81633,0
4652,2025-02-15,768,36,803,905,81633,0
4653,2024-06-11,769,18,811,907,64941,0
4654,2025-05-01,769,26,801,909,64941,0
4655,2023-06-16,770,32,810,902,36433,0
4656,2024-05-26,770,27,806,903,36433,0
4657,2025-05-14,770,21,804,901,36433,0
4658,2021-03-29,772,26,803,902,69624,0
4659,2021-11-04,772,35,814,905,69624,0
4660,2022-08-24,772,13,808,903,69624,0
4661,2023-03-19,772,34,810,908,69624,0
4662,2024-01-27,772,17,808,906,69624,0
4663,2024-08-12,772,30,808,905,69624,0
4664,2025-03-15,772,17,802,906,69624,0
4665,2022-09-18,773,15,813,908,58981,0
4666,2023-06-29,773,39,800,904,61826,0
4667,2024-06-11,773,16,811,902,61826,0
4668,2025-04-13,773,14,801,904,61826,0
4669,2018-11-24,775,14,805,910,58637,0
4670,2019-08-18,775,16,804,908,58637,0
4671,2020-07-04,775,32,810,905,58637,0
4672,2021-05-17,775,21,807,903,63580,0
4673,2021-11-14,775,40,805,905,63580,0
4674,2022-08-31,775,10,802,900,63580,0
4675,2023-06-19,775,12,809,903,63580,0
4676,2024-05-15,775,36,806,902,63580,0
4677,2024-12-03,775,26,812,904,63580,0
4678,2022-12-23,776,10,808,907,70593,0
4679,2023-06-21,776,28,815,904,70593,0
4680,2023-12-24,776,25,810,908,75801,0
4681,2024-12-03,776,23,805,906,75801,0
4682,2023-01-26,777,11,803,901,62649,0
4683,2023-11-15,777,23,807,901,62649,0
4684,2024-06-24,777,32,810,905,62649,0
4685,2025-01-01,777,37,803,907,62649,0
4686,2022-06-05,778,18,802,902,82951,0
4687,2023-01-28,778,18,800,909,82951,0
4688,2023-11-11,778,39,813,905,82951,0
4689,2024-06-20,778,32,800,906,82951,0
4690,2025-01-07,778,13,802,908,82951,0
4691,2020-08-02,779,24,803,904,41190,0
4692,2021-04-18,779,30,806,902,41190,0
4693,2021-12-29,779,12,802,907,45014,0
4694,2022-10-08,779,12,801,900,45014,0
4695,2023-09-21,779,20,808,902,45014,0
4696,2024-04-06,779,10,803,911,45014,0
4697,2024-12-29,779,33,807,911,45014,0
4698,2021-10-11,780,36,813,900,49557,0
4699,2022-07-25,780,17,800,907,49557,0
4700,2023-02-18,780,40,807,910,49557,0
4701,2024-02-08,780,23,810,911,51225,0
4702,2024-11-28,780,17,814,910,51225,0
4703,2018-05-17,781,25,805,900,58717,0
4704,2018-12-25,781,17,804,909,58717,0
4705,2019-07-26,781,29,807,901,58717,0
4706,2020-06-23,781,12,803,906,58717,0
4707,2021-01-07,781,18,815,911,58717,0
4708,2021-09-02,781,36,805,903,58717,0
4709,2022-03-19,781,31,812,906,58717,0
4710,2022-10-31,781,40,805,900,58717,0
4711,2023-10-06,781,32,805,904,58717,0
4712,2024-05-30,781,33,801,903,58717,0
4713,2025-03-17,781,21,808,911,63817,0
4714,2020-10-31,782,21,812,908,63614,0
4715,2021-06-17,782,14,806,911,63614,0
4716,2022-01-11,782,40,805,909,67717,0
4717,2022-09-24,782,28,807,901,70847,0
4718,2023-04-02,782,25,813,905,70847,0
4719,2024-01-07,782,13,800,900,70847,0
4720,2024-09-14,782,21,805,907,70847,0
4721,2020-08-01,783,38,815,906,53024,0
4722,2021-02-08,783,10,803,907,53024,0
4723,2021-11-24,783,21,804,909,56998,0
4724,2022-06-26,783,10,804,909,56998,0
4725,2023-01-02,783,33,810,905,62184,0
4726,2023-10-25,783,40,809,900,62184,0
4727,2024-05-01,783,11,808,906,62184,0
4728,2025-03-29,783,27,815,900,66339,0
4729,2023-06-25,784,13,803,908,37734,0
4730,2024-04-01,784,40,812,910,37734,0
4731,2024-10-07,784,40,803,904,39766,0
4732,2018-04-24,785,12,808,904,82109,0
4733,2018-11-04,785,16,804,901,82109,0
4734,2019-05-08,785,30,814,903,82109,0
4735,2020-02-24,785,35,810,910,82109,0
4736,2021-01-27,785,31,808,905,82109,0
4737,2021-09-14,785,27,809,905,82109,0
4738,2022-04-11,785,36,810,908,82109,0
4739,2023-03-09,785,19,812,909,82109,0
4740,2023-11-19,785,21,808,907,82109,0
4741,2024-08-10,785,34,812,907,82109,0
4742,2025-02-28,785,21,811,902,82109,0
4743,2020-07-23,787,30,801,910,41714,0
4744,2021-03-09,787,37,800,905,41714,0
4745,2021-09-12,787,34,808,903,43917,0
4746,2022-05-04,787,23,809,903,43917,0
4747,2023-03-20,787,37,804,905,43917,0
4748,2023-10-01,787,12,812,905,43917,0
4749,2024-08-09,787,36,804,908,43917,0
4750,2025-04-14,787,25,807,903,43917,0
4751,2019-09-01,788,29,809,906,56071,0
4752,2020-06-24,788,34,800,909,56071,0
4753,2021-03-11,788,26,814,911,58062,0
4754,2022-01-29,788,22,804,905,60610,0
4755,2022-08-02,788,39,807,911,66198,0
4756,2023-07-22,788,38,815,910,66198,0
4757,2024-04-16,788,13,807,910,66198,0
4758,2025-04-08,788,39,802,903,66198,0
4759,2023-06-02,790,19,804,903,43661,0
4760,2024-01-14,790,19,802,902,43661,0
4761,2024-08-31,790,34,812,905,43661,0
4762,2021-02-10,791,33,814,905,67191,0
4763,2021-08-25,791,33,802,901,67191,0
4764,2022-06-19,791,18,806,900,67191,0
4765,2023-01-13,791,16,800,906,67191,0
4766,2023-11-07,791,10,802,901,67191,0
4767,2024-08-17,791,16,814,900,67191,0
4768,2025-05-08,791,10,815,910,67191,0
4769,2019-04-20,792,16,811,901,59189,0
4770,2020-04-04,792,10,813,909,59189,0
4771,2021-02-10,792,30,805,905,59189,0
4772,2021-09-18,792,26,811,903,59189,0
4773,2022-09-01,792,34,803,908,59189,0
4774,2023-05-12,792,34,810,904,59189,0
4775,2023-12-27,792,30,807,908,59189,0
4776,2024-09-27,792,21,808,911,59189,0
4777,2016-08-07,793,27,806,901,51000,0
4778,2017-04-16,793,25,813,902,53190,0
4779,2018-02-11,793,15,809,907,53190,0
4780,2018-10-15,793,38,802,902,53190,0
4781,2019-04-15,793,18,803,907,53190,0
4782,2020-02-03,793,15,811,907,53190,0
4783,2020-08-18,793,16,813,901,53190,0
4784,2021-04-11,793,10,802,903,53190,0
4785,2021-12-02,793,31,808,900,53190,0
4786,2022-06-14,793,17,811,910,53190,0
4787,2023-05-31,793,36,807,909,53190,0
4788,2024-02-02,793,37,815,907,53190,0
4789,2024-08-20,793,40,815,902,53190,0
4790,2025-05-01,793,20,814,900,53190,0
4791,2022-09-28,794,24,804,900,61552,0
4792,2023-06-09,794,39,811,904,61552,0
4793,2024-04-08,794,38,810,903,61552,0
4794,2024-12-25,794,36,812,909,61552,0
4795,2021-11-20,795,35,812,900,82121,0
4796,2022-06-04,795,22,814,904,82121,0
4797,2023-01-31,795,31,815,901,82121,0
4798,2023-11-16,795,34,812,908,82121,0
4799,2024-08-28,795,26,811,908,82121,0
4800,2025-06-27,795,24,800,901,82121,0
4801,2024-12-25,796,38,807,904,35062,0
4802,2018-09-06,797,35,812,901,67624,0
4803,2019-06-15,797,30,801,911,67624,0
4804,2020-01-29,797,27,802,906,67624,0
4805,2020-11-05,797,24,813,905,67624,0
4806,2021-09-11,797,30,800,906,67624,0
4807,2022-03-31,797,31,807,901,67624,0
4808,2022-10-21,797,31,813,903,67624,0
4809,2023-06-25,797,36,813,911,67624,0
4810,2024-01-07,797,22,800,910,67624,0
4811,2024-12-21,797,19,801,900,72936,0
4812,2025-06-25,797,16,812,908,80205,0
4813,2019-06-13,798,30,813,910,80007,0
4814,2020-01-26,798,18,810,909,80007,0
4815,2020-08-28,798,24,800,901,80007,0
4816,2021-05-23,798,33,811,911,80007,0
4817,2022-01-20,798,26,814,908,80007,0
4818,2022-10-20,798,15,805,901,85777,0
4819,2023-05-15,798,31,805,909,85777,0
4820,2024-01-06,798,18,813,901,85777,0
4821,2024-07-16,798,12,804,906,85777,0
4822,2025-03-20,798,27,811,903,85777,0
4823,2020-08-15,799,29,814,911,82124,0
4824,2021-08-03,799,29,810,904,88077,0
4825,2022-03-21,799,20,801,904,88077,0
4826,2022-10-06,799,33,812,909,88077,0
4827,2023-06-03,799,36,815,901,88077,0
4828,2024-02-20,799,10,812,902,88077,0
4829,2025-02-11,799,38,800,904,88077,0
4830,2017-12-26,801,27,812,901,51708,0
4831,2018-11-22,801,40,812,910,51708,0
4832,2019-07-02,801,21,802,911,51708,0
4833,2020-06-15,801,19,802,907,51708,0
4834,2021-03-13,801,12,809,903,51708,0
4835,2021-12-07,801,35,802,908,51708,0
4836,2022-08-27,801,22,807,903,51708,0
4837,2023-03-03,801,39,808,911,51708,0
4838,2023-11-14,801,33,812,908,51708,0
4839,2024-07-28,801,30,806,900,51708,0
4840,2025-04-23,801,14,808,909,51708,0
4841,2022-01-04,802,31,806,909,36902,0
4842,2022-07-30,802,27,815,907,36902,0
4843,2023-04-25,802,18,805,904,36902,0
4844,2024-01-15,802,25,814,906,36902,0
4845,2024-11-23,802,26,802,911,36902,0
4846,2024-08-02,803,30,811,910,70196,0
4847,2025-03-07,803,37,806,903,70196,0
4848,2016-08-18,804,36,810,909,45521,0
4849,2017-06-18,804,27,802,904,45521,0
4850,2017-12-17,804,16,802,900,47862,0
4851,2018-07-29,804,19,805,911,50705,0
4852,2019-01-27,804,27,814,906,50705,0
4853,2019-09-08,804,29,807,902,50705,0
4854,2020-04-02,804,22,807,902,54370,0
4855,2021-01-31,804,17,803,902,54370,0
4856,2022-01-10,804,23,807,901,54370,0
4857,2022-11-15,804,32,814,904,54370,0
4858,2023-10-18,804,24,800,900,54370,0
4859,2024-08-11,804,38,815,905,54370,0
4860,2025-05-17,804,33,807,907,56660,0
4861,2018-09-30,805,10,815,907,61922,0
4862,2019-05-02,805,24,813,901,61922,0
4863,2019-12-06,805,33,814,906,61922,0
4864,2020-11-07,805,21,802,909,61922,0
4865,2021-06-06,805,39,811,904,61922,0
4866,2022-04-07,805,39,801,909,64070,0
4867,2022-10-28,805,25,815,909,64070,0
4868,2023-08-07,805,19,800,906,64070,0
4869,2024-07-08,805,13,808,904,70361,0
4870,2025-03-06,805,21,810,908,70361,0
4871,2023-12-25,806,14,802,905,49952,0
4872,2024-11-12,806,22,801,905,49952,0
4873,2025-05-12,806,15,811,908,49952,0
4874,2020-05-20,808,26,802,903,65329,0
4875,2021-05-01,808,37,811,909,65329,0
4876,2022-04-01,808,12,805,900,65329,0
4877,2022-12-16,808,11,804,908,65329,0
4878,2023-10-22,808,11,808,905,65329,0
4879,2024-10-12,808,29,815,908,65329,0
4880,2018-05-17,809,40,813,908,56948,0
4881,2019-04-18,809,22,806,907,56948,0
4882,2020-02-07,809,17,800,911,56948,0
4883,2020-10-24,809,14,813,907,56948,0
4884,2021-09-04,809,19,812,908,56948,0
4885,2022-04-01,809,24,803,909,56948,0
4886,2023-01-24,809,25,808,905,56948,0
4887,2024-01-07,809,39,813,902,56948,0
4888,2024-10-06,809,35,800,910,56948,0
4889,2019-08-28,810,10,802,900,46775,0
4890,2020-06-01,810,17,804,900,50329,0
4891,2021-04-06,810,37,813,902,50329,0
4892,2022-02-06,810,21,802,906,50329,0
4893,2022-12-24,810,31,801,907,50329,0
4894,2023-10-10,810,19,811,907,50329,0
4895,2024-06-11,810,16,815,908,53499,0
4896,2025-01-08,810,25,806,911,53499,0
4897,2023-08-16,811,15,801,905,80738,0
4898,2024-02-20,811,12,807,904,80738,0
4899,2024-11-01,811,34,814,900,80738,0
4900,2022-03-07,812,13,806,906,75356,0
4901,2022-09-10,812,10,800,910,75356,0
4902,2023-03-11,812,38,803,901,75356,0
4903,2023-12-27,812,33,805,900,75356,0
4904,2024-07-11,812,32,814,902,75356,0
4905,2025-01-31,812,28,806,903,75356,0
4906,2019-08-12,813,19,805,900,47238,0
4907,2020-02-25,813,22,804,907,47238,0
4908,2020-09-18,813,29,813,905,47238,0
4909,2021-04-28,813,40,800,905,49291,0
4910,2021-11-14,813,36,806,907,52426,0
4911,2022-08-02,813,17,812,900,52426,0
4912,2023-04-20,813,14,804,900,52426,0
4913,2023-10-31,813,19,811,903,52426,0
4914,2024-07-11,813,10,813,911,52426,0
4915,2025-02-13,813,16,813,900,52426,0
4916,2018-02-07,814,15,808,900,81737,0
4917,2019-01-28,814,28,815,904,81737,0
4918,2019-08-16,814,23,803,906,81737,0
4919,2020-06-13,814,11,810,904,81737,0
4920,2020-12-15,814,29,814,910,81737,0
4921,2021-07-27,814,22,807,907,85058,0
4922,2022-04-28,814,32,807,910,85058,0
4923,2022-11-27,814,15,814,910,85058,0
4924,2023-09-22,814,30,810,911,85058,0
4925,2024-04-11,814,23,808,909,85058,0
4926,2024-12-24,814,27,815,908,85058,0
4927,2020-08-30,815,26,800,904,41241,0
4928,2021-07-27,815,29,810,910,41241,0
4929,2022-02-21,815,26,800,911,41241,0
4930,2022-11-18,815,13,804,902,41241,0
4931,2023-09-25,815,25,811,911,41241,0
4932,2024-06-07,815,20,803,911,41241,0
4933,2025-03-20,815,39,813,908,44475,0
4934,2021-05-13,816,17,808,906,63709,0
4935,2022-01-30,816,29,815,907,65781,0
4936,2022-07-31,816,26,802,904,65781,0
4937,2023-05-15,816,28,811,908,65781,0
4938,2024-02-16,816,26,812,904,65781,0
4939,2024-12-25,816,11,807,907,65781,0
4940,2016-09-18,817,21,809,902,60643,0
4941,2017-09-03,817,14,810,902,60643,0
4942,2018-04-21,817,17,801,904,60643,0
4943,2018-11-17,817,40,808,911,60643,0
4944,2019-07-23,817,19,805,904,60643,0
4945,2020-02-07,817,10,814,903,60643,0
4946,2020-11-02,817,15,815,905,60643,0
4947,2021-09-09,817,30,803,908,60643,0
4948,2022-09-02,817,40,812,909,60643,0
4949,2023-07-06,817,40,802,904,60643,0
4950,2024-05-03,817,30,803,900,60643,0
4951,2025-01-07,817,39,813,909,60643,0
4952,2024-10-22,818,38,801,902,54193,0
4953,2016-07-24,819,24,806,904,65309,0
4954,2017-05-23,819,31,805,909,65309,0
4955,2018-03-31,819,11,810,906,65309,0
4956,2019-01-25,819,16,804,911,71207,0
4957,2019-08-12,819,35,810,910,71207,0
4958,2020-04-25,819,38,800,905,71207,0
4959,2021-02-08,819,18,809,904,71207,0
4960,2021-10-21,819,22,809,907,71207,0
4961,2022-06-19,819,17,815,908,71207,0
4962,2022-12-18,819,36,803,905,71207,0
4963,2023-09-29,819,15,814,907,71207,0
4964,2024-08-31,819,12,814,911,71207,0
4965,2025-06-26,819,21,810,910,71207,0
4966,2020-06-16,820,30,809,900,72877,0
4967,2021-01-31,820,15,810,904,72877,0
4968,2021-09-16,820,23,803,905,72877,0
4969,2022-08-21,820,18,800,900,72877,0
4970,2023-05-13,820,11,812,907,79194,0
4971,2023-11-12,820,16,805,903,79194,0
4972,2024-07-18,820,26,803,905,79194,0
4973,2025-03-15,820,11,804,902,79194,0
4974,2016-06-30,821,39,804,900,54112,0
4975,2017-04-20,821,20,815,907,54112,0
4976,2018-02-14,821,15,813,900,54112,0
4977,2018-12-06,821,29,813,908,54112,0
4978,2019-10-05,821,40,803,900,54112,0
4979,2020-04-06,821,33,813,901,54112,0
4980,2020-10-15,821,29,804,900,54112,0
4981,2021-06-30,821,19,813,902,54112,0
4982,2022-02-07,821,37,808,900,54112,0
4983,2022-09-21,821,17,806,904,54112,0
4984,2023-06-17,821,27,810,903,54112,0
4985,2024-01-08,821,26,804,910,54112,0
4986,2024-08-25,821,37,806,910,54112,0
4987,2023-04-22,822,31,803,910,50922,0
4988,2024-01-17,822,36,807,904,50922,0
4989,2024-12-14,822,18,801,911,50922,0
4990,2024-12-31,824,34,805,906,63002,0
4991,2017-12-25,825,19,801,909,74360,0
4992,2018-12-04,825,34,813,909,74360,0
4993,2019-09-09,825,36,814,904,74360,0
4994,2020-04-22,825,26,803,910,74360,0
4995,2020-10-23,825,10,814,909,74360,0
4996,2021-08-22,825,30,800,911,74360,0
4997,2022-03-11,825,11,802,903,74360,0
4998,2022-12-07,825,28,801,902,74360,0
4999,2023-09-26,825,24,800,905,74360,0
5000,2024-05-25,825,16,807,906,74360,0
5001,2024-12-28,825,21,802,904,74360,0
5002,2017-11-27,826,39,801,909,81539,0
5003,2018-06-15,826,31,803,907,81539,0
5004,2018-12-31,826,35,801,904,81539,0
5005,2019-07-04,826,24,801,905,81539,0
5006,2020-02-26,826,36,809,908,81539,0
5007,2021-02-03,826,39,801,901,81539,0
5008,2021-08-04,826,30,815,903,81539,0
5009,2022-03-23,826,34,815,907,81539,0
5010,2022-09-19,826,31,812,902,81539,0
5011,2023-04-08,826,29,805,902,81539,0
5012,2024-01-07,826,33,815,900,81539,0
5013,2024-10-28,826,36,804,905,81539,0
5014,2025-05-12,826,32,807,911,81539,0
5015,2020-01-19,827,23,814,901,47073,0
5016,2020-08-01,827,27,803,903,47073,0
5017,2021-02-11,827,14,801,906,47073,0
5018,2022-01-07,827,34,813,904,47073,0
5019,2022-12-02,827,32,813,908,48732,0
5020,2023-07-06,827,12,801,901,48732,0
5021,2024-02-19,827,39,815,907,48732,0
5022,2024-12-11,827,20,810,900,48732,0
5023,2021-01-02,829,20,815,907,52622,0
5024,2021-09-26,829,39,809,911,52622,0
5025,2022-08-16,829,14,811,904,52622,0
5026,2023-05-13,829,15,810,905,52622,0
5027,2024-01-16,829,20,814,908,52622,0
5028,2024-12-10,829,12,808,910,52622,0
5029,2020-02-16,830,23,803,903,68280,0
5030,2020-09-06,830,11,804,905,68280,0
5031,2021-04-08,830,19,810,904,68280,0
5032,2022-02-20,830,30,807,905,68280,0
5033,2022-11-15,830,23,812,909,68280,0
5034,2023-10-13,830,21,806,908,68280,0
5035,2024-09-07,830,24,814,900,68280,0
5036,2023-11-21,831,36,801,908,59583,0
5037,2024-11-10,831,13,803,903,59583,0
5038,2017-06-17,832,31,806,908,54658,0
5039,2018-05-27,832,33,800,901,54658,0
5040,2019-01-05,832,30,801,906,54658,0
5041,2019-10-02,832,15,801,904,54658,0
5042,2020-06-28,832,17,811,909,54658,0
5043,2021-06-13,832,15,814,903,54658,0
5044,2022-01-27,832,33,807,901,54658,0
5045,2022-08-07,832,17,803,908,54658,0
5046,2023-02-28,832,11,809,907,54658,0
5047,2024-02-23,832,34,801,906,54658,0
5048,2024-12-26,832,37,812,900,54658,0
5049,2021-02-09,833,16,800,906,72846,0
5050,2021-08-20,833,12,811,902,72846,0
5051,2022-07-12,833,22,801,905,72846,0
5052,2023-01-21,833,22,809,904,78388,0
5053,2023-12-14,833,12,803,909,84672,0
5054,2024-07-24,833,32,811,905,84672,0
5055,2020-12-22,834,13,814,906,63743,0
5056,2021-11-14,834,13,803,910,63743,0
5057,2022-07-16,834,12,815,910,63743,0
5058,2023-04-27,834,23,810,911,63743,0
5059,2023-12-05,834,40,807,910,63743,0
5060,2024-11-19,834,33,813,905,63743,0
5061,2016-07-25,835,17,800,905,37742,0
5062,2017-04-21,835,28,806,903,37742,0
5063,2017-12-30,835,12,808,911,37742,0
5064,2018-08-28,835,23,800,908,37742,0
5065,2019-06-23,835,18,803,909,37742,0
5066,2020-02-18,835,23,812,903,39904,0
5067,2020-10-21,835,24,802,901,39904,0
5068,2021-05-06,835,15,815,903,39904,0
5069,2022-04-20,835,19,814,910,39904,0
5070,2022-12-23,835,17,800,902,39904,0
5071,2023-08-02,835,29,802,906,39904,0
5072,2024-04-22,835,11,801,911,39904,0
5073,2025-03-23,835,16,809,904,39904,0
5074,2022-02-10,836,34,814,907,68777,0
5075,2022-10-29,836,12,811,903,68777,0
5076,2023-06-30,836,34,805,906,68777,0
5077,2024-02-26,836,23,810,904,68777,0
5078,2025-01-12,836,40,802,905,68777,0
5079,2021-11-03,837,29,808,909,69932,0
5080,2022-06-13,837,10,815,909,69932,0
5081,2023-01-11,837,31,809,909,69932,0
5082,2023-10-04,837,16,801,906,69932,0
5083,2024-04-29,837,28,811,903,69932,0
5084,2024-12-20,837,25,815,904,69932,0
5085,2018-08-05,838,27,804,907,42924,0
5086,2019-07-13,838,16,811,911,42924,0
5087,2020-01-23,838,25,808,903,42924,0
5088,2020-07-22,838,18,811,911,42924,0
5089,2021-03-28,838,35,810,903,42924,0
5090,2022-02-19,838,37,804,902,42924,0
5091,2022-09-07,838,32,815,910,42924,0
5092,2023-07-17,838,21,802,907,42924,0
5093,2024-05-16,838,37,810,910,42924,0
5094,2025-03-16,838,14,807,909,42924,0
5095,2018-08-18,839,10,802,905,72036,0
5096,2019-03-28,839,30,808,911,72036,0
5097,2020-01-18,839,35,807,904,72036,0
5098,2020-07-27,839,40,802,906,72036,0
5099,2021-03-19,839,37,805,902,72036,0
5100,2022-03-01,839,25,811,910,72036,0
5101,2022-09-24,839,18,814,900,72036,0
5102,2023-08-02,839,21,805,908,72036,0
5103,2024-03-08,839,31,811,905,72036,0
5104,2025-01-27,839,26,803,911,72036,0
5105,2019-03-27,840,37,815,908,65723,0
5106,2020-02-08,840,15,809,910,69833,0
5107,2020-12-04,840,21,810,909,69833,0
5108,2021-06-16,840,24,803,900,69833,0
5109,2022-02-04,840,15,814,910,69833,0
5110,2023-01-02,840,14,800,907,69833,0
5111,2023-07-08,840,35,812,903,76246,0
5112,2024-03-26,840,34,803,900,76246,0
5113,2024-11-09,840,21,802,911,76246,0
5114,2025-05-24,840,28,805,906,76246,0
5115,2017-06-06,842,19,806,903,49492,0
5116,2018-04-05,842,21,813,907,49492,0
5117,2019-03-13,842,30,805,908,49492,0
5118,2019-09-11,842,19,813,907,49492,0
5119,2020-05-06,842,35,802,902,49492,0
5120,2021-03-18,842,14,800,901,49492,0
5121,2021-10-11,842,19,803,908,49492,0
5122,2022-07-31,842,35,803,905,51185,0
5123,2023-04-25,842,24,804,907,51185,0
5124,2024-02-18,842,39,812,902,51185,0
5125,2024-09-21,842,18,810,909,51185,0
5126,2023-09-25,843,24,806,911,43819,0
5127,2024-08-08,843,18,802,902,43819,0
5128,2025-04-08,843,31,812,907,43819,0
5129,2021-12-18,844,33,805,902,65741,0
5130,2022-07-30,844,36,801,905,65741,0
5131,2023-05-03,844,31,810,902,69115,0
5132,2023-12-20,844,27,813,906,69115,0
5133,2024-11-21,844,39,803,907,69115,0
5134,2023-02-08,845,39,811,909,78211,0
5135,2023-09-12,845,19,805,900,81805,0
5136,2024-03-14,845,29,813,905,81805,0
5137,2024-12-14,845,32,813,904,81805,0
5138,2020-10-26,846,23,811,904,41619,0
5139,2021-09-25,846,39,809,909,43969,0
5140,2022-04-29,846,23,814,905,46574,0
5141,2023-04-21,846,21,801,901,46574,0
5142,2024-02-17,846,39,814,904,46574,0
5143,2024-09-09,846,38,809,902,46574,0
5144,2019-04-07,847,26,800,909,52531,0
5145,2019-12-15,847,36,813,907,52531,0
5146,2020-10-05,847,13,809,908,52531,0
5147,2021-09-17,847,34,813,902,52531,0
5148,2022-05-25,847,22,806,906,52531,0
5149,2023-03-07,847,36,812,905,52531,0
5150,2023-10-07,847,27,812,911,52531,0
5151,2024-08-18,847,16,803,908,52531,0
5152,2025-02-21,847,25,801,910,52531,0
5153,2020-01-11,848,23,801,907,38250,0
5154,2020-10-18,848,33,803,905,38250,0
5155,2021-08-06,848,26,802,904,40663,0
5156,2022-04-14,848,18,805,909,40663,0
5157,2023-03-23,848,35,803,902,40663,0
5158,2023-11-13,848,24,810,907,42309,0
5159,2024-06-13,848,18,815,902,42309,0
5160,2024-12-19,848,32,802,905,42309,0
5161,2022-12-10,850,26,801,911,63989,0
5162,2023-07-25,850,40,804,900,63989,0
5163,2024-03-07,850,32,803,911,63989,0
5164,2024-10-12,850,34,811,902,63989,0
5165,2022-04-15,851,12,815,904,49790,0
5166,2022-11-22,851,39,803,904,49790,0
5167,2023-10-24,851,26,804,900,49790,0
5168,2024-06-20,851,36,804,902,49790,0
5169,2025-06-06,851,25,804,902,49790,0
5170,2018-04-12,852,17,809,910,41271,0
5171,2019-03-10,852,38,800,907,41271,0
5172,2019-10-18,852,30,802,907,41271,0
5173,2020-08-31,852,11,800,904,41271,0
5174,2021-03-03,852,13,802,909,41271,0
5175,2022-01-26,852,17,812,904,41271,0
5176,2022-08-09,852,31,801,902,41271,0
5177,2023-06-24,852,27,807,906,41271,0
5178,2024-05-12,852,21,805,911,41271,0
5179,2025-05-03,852,15,814,906,41271,0
5180,2018-09-25,853,28,805,901,37556,0
5181,2019-07-04,853,19,802,900,37556,0
5182,2020-02-26,853,15,800,909,37556,0
5183,2020-12-22,853,19,806,910,37556,0
5184,2021-08-29,853,30,810,910,37556,0
5185,2022-08-23,853,29,815,904,37556,0
5186,2023-06-14,853,14,804,908,37556,0
5187,2024-02-01,853,33,807,900,37556,0
5188,2024-08-06,853,23,800,911,37556,0
5189,2025-04-15,853,26,809,908,37556,0
5190,2022-02-02,854,18,814,901,64184,0
5191,2023-01-19,854,15,809,908,64184,0
5192,2023-11-29,854,16,805,909,64184,0
5193,2024-07-25,854,39,800,905,64184,0
5194,2025-03-21,854,36,807,903,64184,0
5195,2023-09-02,855,34,806,903,80496,0
5196,2024-07-23,855,38,808,903,80496,0
5197,2025-06-05,855,15,810,904,80496,0
5198,2019-12-22,857,36,801,903,80691,0
5199,2020-08-24,857,33,811,906,80691,0
5200,2021-03-31,857,24,806,901,80691,0
5201,2022-03-06,857,27,814,903,80691,0
5202,2022-10-02,857,28,808,906,80691,0
5203,2023-07-19,857,27,811,905,80691,0
5204,2024-02-22,857,28,815,902,80691,0
5205,2024-10-27,857,34,805,911,80691,0
5206,2017-11-04,858,11,815,902,36276,0
5207,2018-06-28,858,25,808,910,36276,0
5208,2019-04-22,858,10,810,902,36276,0
5209,2020-02-28,858,13,806,901,39214,0
5210,2021-01-30,858,29,804,909,39214,0
5211,2021-09-15,858,11,808,907,39214,0
5212,2022-07-21,858,36,811,908,39214,0
5213,2023-03-27,858,33,804,907,39214,0
5214,2023-10-11,858,38,815,904,41483,0
5215,2024-05-16,858,23,807,909,41483,0
5216,2025-04-12,858,27,810,904,41483,0
5217,2016-09-28,859,22,810,909,48428,0
5218,2017-07-14,859,26,808,901,48428,0
5219,2018-06-18,859,24,812,907,48428,0
5220,2019-04-11,859,27,804,909,48428,0
5221,2019-12-17,859,13,802,911,48428,0
5222,2020-12-10,859,18,810,910,48428,0
5223,2021-10-17,859,38,800,900,51633,0
5224,2022-06-24,859,20,811,904,51633,0
5225,2023-01-07,859,21,806,900,51633,0
5226,2023-11-16,859,26,808,907,51633,0
5227,2024-10-23,859,31,805,902,51633,0
5228,2016-05-20,860,10,812,908,58476,0
5229,2017-04-06,860,36,815,900,58476,0
5230,2017-11-15,860,40,811,901,58476,0
5231,2018-08-30,860,14,807,909,58476,0
5232,2019-06-16,860,23,806,901,58476,0
5233,2020-05-07,860,30,812,904,58476,0
5234,2021-02-25,860,23,809,902,58476,0
5235,2021-11-16,860,13,811,908,58476,0
5236,2022-08-23,860,16,808,909,58476,0
5237,2023-05-30,860,30,807,908,58476,0
5238,2024-05-18,860,33,807,904,58476,0
5239,2025-05-01,860,34,812,911,58476,0
5240,2016-08-02,861,39,809,900,35543,0
5241,2017-07-12,861,11,809,902,35543,0
5242,2018-04-22,861,24,805,908,35543,0
5243,2019-04-16,861,17,811,903,38305,0
5244,2019-12-26,861,18,812,904,38305,0
5245,2020-08-16,861,37,806,901,40623,0
5246,2021-07-31,861,36,810,906,40623,0
5247,2022-05-24,861,28,800,904,40623,0
5248,2023-02-02,861,39,801,905,40623,0
5249,2023-12-25,861,15,814,905,40623,0
5250,2024-10-10,861,10,804,910,40623,0
5251,2025-05-12,861,30,802,905,40623,0
5252,2017-01-12,862,10,814,903,48454,0
5253,2017-10-21,862,10,814,905,48454,0
5254,2018-04-26,862,26,806,901,48454,0
5255,2018-11-14,862,29,813,903,48454,0
5256,2019-07-11,862,33,813,904,48454,0
5257,2020-03-31,862,18,809,900,48454,0
5258,2020-12-23,862,38,805,902,48454,0
5259,2021-09-02,862,12,812,906,51692,0
5260,2022-03-15,862,36,808,910,51692,0
5261,2022-11-01,862,33,815,910,56860,0
5262,2023-10-10,862,36,811,910,56860,0
5263,2024-04-24,862,38,812,905,56860,0
5264,2025-02-20,862,19,801,903,56860,0
5265,2016-09-14,863,16,812,906,58493,0
5266,2017-03-23,863,32,810,902,58493,0
5267,2017-10-26,863,28,808,900,58493,0
5268,2018-09-13,863,16,810,905,58493,0
5269,2019-05-07,863,18,802,908,58493,0
5270,2019-12-24,863,13,813,905,58493,0
5271,2020-11-20,863,37,802,900,58493,0
5272,2021-10-11,863,26,807,909,61991,0
5273,2022-05-14,863,16,810,908,61991,0
5274,2023-04-01,863,26,810,910,61991,0
5275,2024-02-20,863,25,808,901,61991,0
5276,2024-11-16,863,16,809,910,61991,0
5277,2021-01-30,864,34,805,909,65119,0
5278,2022-01-07,864,23,813,901,65119,0
5279,2022-08-29,864,25,810,910,65119,0
5280,2023-05-19,864,37,810,905,65119,0
5281,2024-02-08,864,30,802,910,65119,0
5282,2024-08-28,864,12,800,904,65119,0
5283,2025-05-16,864,28,804,904,65119,0
5284,2021-08-17,865,23,803,910,56062,0
5285,2022-07-17,865,30,810,904,56062,0
5286,2023-04-11,865,23,813,907,56062,0
5287,2024-02-29,865,10,800,908,56062,0
5288,2025-01-05,865,11,808,902,56062,0
5289,2019-11-02,866,34,802,909,53076,0
5290,2020-08-05,866,28,810,905,53076,0
5291,2021-05-09,866,22,809,906,53076,0
5292,2022-01-25,866,31,807,909,53076,0
5293,2022-09-12,866,31,803,901,53076,0
5294,2023-08-10,866,34,800,905,53076,0
5295,2024-06-20,866,18,805,900,53076,0
5296,2025-01-25,866,30,800,902,53076,0
5297,2018-01-08,868,30,804,902,62336,0
5298,2018-09-22,868,23,809,903,62336,0
5299,2019-05-18,868,20,803,911,62336,0
5300,2019-11-20,868,35,808,900,62336,0
5301,2020-10-14,868,16,810,901,62336,0
5302,2021-10-09,868,17,801,907,67288,0
5303,2022-07-25,868,33,808,904,67288,0
5304,2023-04-17,868,11,804,910,67288,0
5305,2023-10-19,868,37,802,903,67288,0
5306,2024-07-09,868,36,805,909,67288,0
5307,2025-05-09,868,29,815,908,67288,0
5308,2022-10-19,869,40,810,905,63591,0
5309,2023-06-19,869,31,803,901,63591,0
5310,2024-03-25,869,12,804,911,63591,0
5311,2024-11-25,869,23,815,910,63591,0
5312,2020-12-18,870,13,812,905,35319,0
5313,2021-10-22,870,36,800,908,36529,0
5314,2022-06-16,870,11,808,900,36529,0
5315,2023-02-21,870,25,808,908,36529,0
5316,2023-10-27,870,21,812,907,36529,0
5317,2024-10-11,870,27,813,906,36529,0
5318,2021-05-06,871,28,807,901,37974,0
5319,2021-11-12,871,36,810,909,37974,0
5320,2022-06-08,871,16,812,911,37974,0
5321,2023-02-13,871,33,808,902,37974,0
5322,2023-08-14,871,30,812,909,37974,0
5323,2024-02-23,871,37,805,907,40421,0
5324,2025-02-16,871,35,806,903,43535,0
5325,2025-01-15,872,22,815,911,55903,0
5326,2021-01-08,873,28,811,910,80471,0
5327,2021-12-26,873,28,801,911,80471,0
5328,2022-12-19,873,12,810,907,80471,0
5329,2023-06-19,873,39,814,907,80471,0
5330,2024-03-31,873,13,813,902,80471,0
5331,2025-02-20,873,15,806,900,80471,0
5332,2018-11-17,874,11,814,910,73954,0
5333,2019-09-28,874,22,812,908,80846,0
5334,2020-08-21,874,13,814,906,80846,0
5335,2021-06-24,874,29,813,910,80846,0
5336,2022-06-18,874,38,804,905,80846,0
5337,2023-05-18,874,16,802,905,80846,0
5338,2024-02-26,874,16,805,911,80846,0
5339,2024-12-18,874,24,815,902,80846,0
5340,2023-12-14,875,37,800,909,78886,0
5341,2024-06-24,875,27,805,900,78886,0
5342,2025-02-26,875,18,813,906,78886,0
5343,2017-03-11,876,30,802,901,45095,0
5344,2017-10-08,876,13,807,910,45095,0
5345,2018-09-12,876,14,805,908,45095,0
5346,2019-03-25,876,17,809,900,45095,0
5347,2019-10-06,876,23,800,900,48861,0
5348,2020-04-11,876,22,810,907,48861,0
5349,2020-11-03,876,37,808,910,48861,0
5350,2021-06-07,876,21,802,902,48861,0
5351,2021-12-12,876,39,814,900,48861,0
5352,2022-07-23,876,36,802,904,48861,0
5353,2023-06-23,876,24,805,907,50742,0
5354,2024-02-10,876,22,807,908,50742,0
5355,2024-08-25,876,40,805,907,54041,0
5356,2025-03-16,876,16,815,910,54041,0
5357,2016-11-28,877,17,802,909,77537,0
5358,2017-05-27,877,28,801,911,77537,0
5359,2018-01-03,877,18,800,901,77537,0
5360,2018-11-23,877,11,809,900,77537,0
5361,2019-09-11,877,28,802,911,77537,0
5362,2020-07-04,877,35,803,907,77537,0
5363,2021-06-14,877,26,801,901,77537,0
5364,2022-02-28,877,31,807,906,77537,0
5365,2022-10-19,877,14,805,909,77537,0
5366,2023-06-18,877,22,810,908,77537,0
5367,2024-03-11,877,29,813,904,77537,0
5368,2024-12-13,877,18,814,906,77537,0
5369,2019-06-06,878,17,808,908,59096,0
5370,2020-01-24,878,15,810,908,59096,0
5371,2020-12-16,878,31,813,901,59096,0
5372,2021-08-14,878,30,815,903,59096,0
5373,2022-07-07,878,39,803,904,59096,0
5374,2023-04-19,878,35,811,909,59096,0
5375,2024-01-04,878,10,811,909,59096,0
5376,2024-12-05,878,13,812,901,64489,0
5377,2020-04-09,879,10,803,905,42184,0
5378,2020-10-07,879,23,807,906,42184,0
5379,2021-09-21,879,30,800,907,42184,0
5380,2022-04-19,879,24,806,905,44018,0
5381,2022-10-28,879,21,804,910,44018,0
5382,2023-08-03,879,18,806,900,44018,0
5383,2024-07-21,879,37,802,908,44018,0
5384,2025-01-28,879,38,801,909,44018,0
5385,2019-12-26,880,11,812,904,36487,0
5386,2020-11-11,880,29,814,909,39801,0
5387,2021-06-28,880,35,806,902,39801,0
5388,2022-03-11,880,16,811,909,39801,0
5389,2022-09-18,880,16,814,905,39801,0
5390,2023-06-12,880,26,811,906,39801,0
5391,2024-04-26,880,19,800,910,39801,0
5392,2024-11-23,880,28,805,911,39801,0
5393,2024-10-16,881,34,810,901,35761,0
5394,2025-04-28,881,33,808,910,35761,0
5395,2018-09-16,882,34,810,907,39400,0
5396,2019-08-24,882,16,814,911,39400,0
5397,2020-06-25,882,35,814,902,39400,0
5398,2021-01-13,882,19,813,906,39400,0
5399,2021-12-18,882,35,803,911,39400,0
5400,2022-12-11,882,24,804,900,39400,0
5401,2023-07-22,882,15,813,910,39400,0
5402,2024-02-03,882,36,802,904,39400,0
5403,2024-11-25,882,19,808,900,39400,0
5404,2019-09-27,883,38,812,911,66620,0
5405,2020-05-22,883,36,804,909,66620,0
5406,2021-02-05,883,27,806,900,66620,0
5407,2021-09-29,883,14,813,904,66620,0
5408,2022-06-17,883,39,815,909,71073,0
5409,2023-01-04,883,29,813,903,76890,0
5410,2023-12-24,883,17,804,907,76890,0
5411,2024-06-24,883,22,806,908,76890,0
5412,2025-05-27,883,16,803,903,76890,0
5413,2018-06-23,884,34,802,904,36132,0
5414,2019-05-31,884,11,812,906,36132,0
5415,2020-03-25,884,17,805,903,36132,0
5416,2020-12-21,884,33,809,906,38338,0
5417,2021-07-05,884,24,815,901,38338,0
5418,2022-03-10,884,40,810,909,38338,0
5419,2023-02-18,884,22,802,900,38338,0
5420,2024-01-27,884,17,802,909,38338,0
5421,2024-10-12,884,28,801,910,38338,0
5422,2025-05-03,884,14,813,907,38338,0
5423,2025-04-26,885,16,812,904,60732,0
5424,2018-12-07,886,22,802,900,84194,0
5425,2019-11-19,886,40,805,902,84194,0
5426,2020-08-13,886,14,804,901,84194,0
5427,2021-04-06,886,38,809,902,84194,0
5428,2021-12-16,886,25,812,902,84194,0
5429,2022-09-22,886,26,809,900,84194,0
5430,2023-07-03,886,17,808,907,84194,0
5431,2024-02-26,886,27,809,908,84194,0
5432,2024-08-28,886,10,814,909,84194,0
5433,2025-05-07,886,16,810,905,84194,0
5434,2018-11-09,887,38,800,905,69259,0
5435,2019-06-28,887,19,802,911,69259,0
5436,2020-01-11,887,35,809,903,75612,0
5437,2020-08-11,887,24,810,909,75612,0
5438,2021-02-16,887,35,802,910,75612,0
5439,2022-01-20,887,32,805,906,75612,0
5440,2022-11-10,887,11,806,904,75612,0
5441,2023-06-30,887,33,803,906,75612,0
5442,2024-06-20,887,20,805,908,80173,0
5443,2025-04-19,887,26,805,903,80173,0
5444,2021-10-12,889,33,803,904,42927,0
5445,2022-05-16,889,23,810,907,42927,0
5446,2023-04-11,889,35,807,900,42927,0
5447,2024-01-04,889,14,802,905,42927,0
5448,2024-08-18,889,29,801,908,42927,0
5449,2025-05-16,889,40,805,906,42927,0
5450,2021-04-25,890,29,806,910,47062,0
5451,2022-01-11,890,35,814,900,47062,0
5452,2022-10-13,890,27,813,909,47062,0
5453,2023-05-05,890,28,808,905,51391,0
5454,2024-03-27,890,11,808,903,51391,0
5455,2025-03-05,890,24,803,910,51391,0
5456,2023-04-15,891,13,812,903,36788,0
5457,2024-01-24,891,26,800,902,36788,0
5458,2024-11-07,891,24,811,906,36788,0
5459,2019-01-26,892,15,802,903,50268,0
5460,2019-08-30,892,28,807,904,50268,0
5461,2020-02-29,892,30,803,907,50268,0
5462,2020-12-14,892,13,813,900,50268,0
5463,2021-06-16,892,33,802,910,50268,0
5464,2022-01-09,892,11,802,901,50268,0
5465,2022-09-10,892,40,804,909,53785,0
5466,2023-04-17,892,20,808,905,53785,0
5467,2024-01-12,892,10,801,902,53785,0
5468,2024-09-02,892,26,802,901,53785,0
5469,2025-04-15,892,31,800,906,53785,0
5470,2022-03-16,893,12,803,910,60246,0
5471,2022-10-12,893,40,810,905,60246,0
5472,2023-05-13,893,21,800,911,63686,0
5473,2024-03-08,893,33,801,909,63686,0
5474,2024-12-10,893,21,813,911,63686,0
5475,2022-03-29,894,33,814,905,61757,0
5476,2023-01-05,894,27,801,910,61757,0
5477,2023-07-27,894,11,813,902,61757,0
5478,2024-03-24,894,25,812,903,61757,0
5479,2024-12-09,894,14,802,908,61757,0
5480,2023-05-02,895,15,815,906,82174,0
5481,2024-02-27,895,28,809,905,82174,0
5482,2025-01-05,895,29,807,909,82174,0
5483,2021-08-19,897,21,802,904,76550,0
5484,2022-06-07,897,23,806,901,79439,0
5485,2023-01-10,897,26,807,909,79439,0
5486,2023-10-05,897,15,805,904,79439,0
5487,2024-07-16,897,29,810,900,79439,0
5488,2025-02-09,897,30,802,907,86184,0
5489,2023-01-27,898,17,807,901,62879,0
5490,2023-09-04,898,35,812,902,62879,0
5491,2024-07-09,898,40,810,904,62879,0
5492,2025-05-18,898,38,811,902,62879,0
5493,2024-11-10,899,23,813,901,54400,0
5494,2021-01-15,900,38,812,909,47970,0
5495,2022-01-09,900,26,810,907,47970,0
5496,2022-10-20,900,22,808,902,47970,0
5497,2023-08-30,900,31,812,907,47970,0
5498,2024-04-06,900,16,812,910,47970,0
5499,2025-03-09,900,25,801,906,47970,0
5500,2024-10-12,901,25,810,902,61088,0
5501,2025-05-16,901,20,805,910,61088,0
5502,2022-03-06,902,35,806,911,35714,0
5503,2022-11-07,902,12,808,901,35714,0
5504,2023-09-08,902,11,811,905,35714,0
5505,2024-04-15,902,27,814,902,35714,0
5506,2025-02-06,902,27,806,909,35714,0
5507,2022-05-25,903,23,805,903,58454,0
5508,2023-03-16,903,33,803,904,63825,0
5509,2024-02-05,903,23,802,902,63825,0
5510,2024-09-05,903,37,807,903,63825,0
5511,2025-06-06,903,29,813,911,63825,0
5512,2023-06-12,904,22,811,910,61573,0
5513,2024-03-31,904,31,809,904,61573,0
5514,2024-10-26,904,23,802,904,67611,0
5515,2017-09-28,905,15,806,905,65485,0
5516,2018-04-19,905,16,810,910,65485,0
5517,2019-03-17,905,13,809,907,65485,0
5518,2019-11-29,905,37,809,902,65485,0
5519,2020-10-21,905,11,801,905,65485,0
5520,2021-09-16,905,34,812,910,65485,0
5521,2022-06-25,905,31,804,908,65485,0
5522,2023-01-13,905,29,810,909,65485,0
5523,2023-09-25,905,19,814,902,65485,0
5524,2024-06-09,905,37,803,908,65485,0
5525,2025-06-01,905,37,803,906,65485,0
5526,2020-03-21,906,24,810,906,71913,0
5527,2020-12-31,906,32,813,907,71913,0
5528,2021-08-06,906,13,804,908,76816,0
5529,2022-02-27,906,20,806,906,76816,0
5530,2023-01-27,906,34,804,901,76816,0
5531,2023-11-28,906,34,810,905,76816,0
5532,2024-10-13,906,15,815,910,76816,0
5533,2021-06-16,907,12,800,905,76122,0
5534,2022-06-08,907,24,803,905,76122,0
5535,2023-02-19,907,34,810,902,76122,0
5536,2024-02-14,907,35,810,901,76122,0
5537,2025-01-04,907,24,806,907,76122,0
5538,2022-06-16,908,38,809,901,62500,0
5539,2023-05-05,908,40,815,908,62500,0
5540,2024-02-01,908,32,803,911,62500,0
5541,2024-12-17,908,24,804,906,62500,0
5542,2018-03-08,909,35,800,905,40011,0
5543,2018-09-22,909,36,815,911,40011,0
5544,2019-04-24,909,13,809,910,40011,0
5545,2020-01-08,909,29,804,907,40011,0
5546,2020-12-18,909,15,810,902,40011,0
5547,2021-09-23,909,25,806,902,40011,0
5548,2022-05-29,909,37,804,907,40011,0
5549,2023-02-28,909,31,802,909,43843,0
5550,2023-10-27,909,20,805,904,43843,0
5551,2024-06-06,909,21,801,902,43843,0
5552,2025-02-24,909,19,809,908,43843,0
5553,2018-08-04,910,27,811,908,52991,0
5554,2019-03-13,910,33,802,902,52991,0
5555,2020-01-25,910,30,805,910,52991,0
5556,2020-10-07,910,26,812,903,52991,0
5557,2021-09-24,910,28,805,904,56516,0
5558,2022-07-02,910,10,801,907,59217,0
5559,2023-05-27,910,17,808,903,59217,0
5560,2023-11-23,910,26,802,906,61099,0
5561,2024-10-21,910,32,801,908,61099,0
5562,2025-04-19,910,15,809,909,65956,0
5563,2020-11-10,911,39,811,911,46069,0
5564,2021-09-21,911,22,806,904,46069,0
5565,2022-03-31,911,38,813,909,46069,0
5566,2023-01-12,911,36,804,903,49347,0
5567,2023-07-17,911,37,802,909,49347,0
5568,2024-05-09,911,17,815,903,49347,0
5569,2025-04-15,911,18,812,907,49347,0
5570,2019-04-07,912,22,814,905,72861,0
5571,2020-03-23,912,35,806,904,72861,0
5572,2021-01-16,912,28,801,902,72861,0
5573,2021-10-27,912,19,802,902,76551,0
5574,2022-05-27,912,35,806,900,76551,0
5575,2023-03-26,912,25,803,907,76551,0
5576,2024-01-24,912,31,802,907,76551,0
5577,2024-12-21,912,17,811,906,76551,0
5578,2020-02-12,913,40,815,908,73965,0
5579,2020-10-09,913,30,802,903,73965,0
5580,2021-09-25,913,30,805,900,73965,0
5581,2022-09-02,913,15,806,903,73965,0
5582,2023-07-11,913,38,809,909,73965,0
5583,2024-06-30,913,36,814,902,73965,0
5584,2025-04-27,913,25,805,901,77648,0
5585,2022-10-04,914,37,807,910,78847,0
5586,2023-04-30,914,12,804,901,83569,0
5587,2024-01-30,914,35,807,903,83569,0
5588,2024-12-20,914,11,809,908,91728,0
5589,2018-05-14,915,37,804,902,66906,0
5590,2019-05-02,915,13,801,911,66906,0
5591,2019-12-04,915,11,802,901,66906,0
5592,2020-08-14,915,32,815,904,66906,0
5593,2021-03-21,915,23,805,902,66906,0
5594,2021-11-04,915,11,814,909,66906,0
5595,2022-07-22,915,12,803,902,66906,0
5596,2023-05-25,915,32,810,910,66906,0
5597,2024-03-15,915,38,807,907,66906,0
5598,2024-09-18,915,31,810,911,66906,0
5599,2025-06-11,915,31,800,906,66906,0
5600,2023-07-15,917,12,808,909,71406,0
5601,2024-02-24,917,20,808,911,71406,0
5602,2024-09-20,917,36,812,902,71406,0
5603,2025-04-17,917,36,814,904,74874,0
5604,2019-12-05,918,33,801,911,44910,0
5605,2020-07-23,918,27,812,908,44910,0
5606,2021-04-21,918,13,811,906,46660,0
5607,2022-02-23,918,39,812,908,46660,0
5608,2022-12-26,918,15,811,902,46660,0
5609,2023-12-02,918,40,806,907,46660,0
5610,2024-08-31,918,30,803,910,46660,0
5611,2025-03-17,918,33,813,903,46660,0
5612,2019-05-14,919,33,804,911,68895,0
5613,2020-01-05,919,31,802,911,71403,0
5614,2020-11-11,919,25,800,900,71403,0
5615,2021-06-27,919,17,804,903,71403,0
5616,2022-03-26,919,28,803,903,71403,0
5617,2022-10-15,919,33,807,907,71403,0
5618,2023-05-02,919,39,814,906,71403,0
5619,2024-04-21,919,36,815,910,71403,0
5620,2025-04-09,919,33,813,910,77970,0
5621,2025-03-03,921,19,810,908,71941,0
5622,2023-06-28,922,35,807,911,69110,0
5623,2024-03-07,922,29,814,907,73271,0
5624,2024-09-10,922,35,815,904,73271,0
5625,2025-05-21,922,21,815,909,73271,0
5626,2020-06-18,925,32,804,905,43871,0
5627,2021-02-14,925,22,808,909,43871,0
5628,2021-11-27,925,11,812,907,45513,0
5629,2022-11-07,925,19,815,910,45513,0
5630,2023-07-29,925,21,811,900,45513,0
5631,2024-03-05,925,26,809,905,45513,0
5632,2025-02-11,925,14,814,901,45513,0
5633,2016-08-08,926,21,805,906,79019,0
5634,2017-06-05,926,20,813,909,79019,0
5635,2018-05-17,926,34,802,908,79019,0
5636,2019-01-01,926,14,811,908,79019,0
5637,2019-09-07,926,33,812,902,79019,0
5638,2020-08-18,926,33,809,900,79019,0
5639,2021-07-20,926,29,809,902,79019,0
5640,2022-07-11,926,22,808,911,79019,0
5641,2023-03-02,926,21,810,910,79019,0
5642,2023-10-28,926,18,809,908,79019,0
5643,2024-08-24,926,32,803,906,79019,0
5644,2025-03-17,926,17,808,901,79019,0
5645,2019-11-02,927,30,800,908,52885,0
5646,2020-06-20,927,29,806,904,52885,0
5647,2021-04-06,927,34,811,902,52885,0
5648,2022-02-16,927,16,811,902,52885,0
5649,2022-11-01,927,38,813,905,52885,0
5650,2023-06-01,927,36,808,903,58020,0
5651,2023-12-28,927,20,815,910,58020,0
5652,2024-09-09,927,34,807,909,58020,0
5653,2025-05-16,927,23,810,905,58020,0
5654,2016-10-19,928,32,803,910,52769,0
5655,2017-05-28,928,20,804,904,52769,0
5656,2018-05-02,928,26,807,906,52769,0
5657,2018-10-31,928,18,812,901,52769,0
5658,2019-06-01,928,27,803,900,56922,0
5659,2020-05-24,928,24,801,904,56922,0
5660,2021-02-12,928,29,800,905,56922,0
5661,2021-10-07,928,38,808,900,56922,0
5662,2022-09-09,928,29,803,905,56922,0
5663,2023-04-05,928,24,805,908,56922,0
5664,2023-11-09,928,34,808,906,56922,0
5665,2024-07-24,928,28,807,902,56922,0
5666,2025-02-19,928,11,812,900,56922,0
5667,2022-08-15,929,31,811,911,53305,0
5668,2023-04-30,929,30,813,903,53305,0
5669,2023-11-19,929,33,814,903,53305,0
5670,2024-05-17,929,26,815,911,53305,0
5671,2025-01-21,929,37,807,909,57654,0
5672,2020-05-18,930,19,806,901,67764,0
5673,2021-02-07,930,12,811,902,67764,0
5674,2021-08-27,930,16,804,905,67764,0
5675,2022-08-08,930,13,813,904,67764,0
5676,2023-07-19,930,10,800,910,67764,0
5677,2024-06-03,930,31,801,903,67764,0
5678,2025-02-21,930,28,801,908,67764,0
5679,2020-02-02,931,22,800,909,59525,0
5680,2021-01-18,931,25,800,908,64576,0
5681,2021-09-14,931,35,807,902,64576,0
5682,2022-05-20,931,28,809,900,64576,0
5683,2022-12-08,931,16,802,910,64576,0
5684,2023-10-21,931,25,804,900,64576,0
5685,2024-04-19,931,22,810,910,64576,0
5686,2025-01-27,931,30,807,905,64576,0
5687,2017-01-31,932,20,814,907,35209,0
5688,2017-08-05,932,23,810,910,35209,0
5689,2018-03-24,932,10,804,909,37760,0
5690,2019-02-13,932,20,808,903,40030,0
5691,2020-02-01,932,25,811,911,40030,0
5692,2020-09-14,932,40,806,907,40030,0
5693,2021-05-05,932,29,801,907,41641,0
5694,2022-01-25,932,39,808,903,41641,0
5695,2022-09-14,932,14,807,900,41641,0
5696,2023-08-18,932,26,813,903,41641,0
5697,2024-06-09,932,24,807,911,41641,0
5698,2025-05-12,932,26,814,906,41641,0
5699,2025-05-27,933,28,806,908,37173,0
5700,2025-03-09,934,34,806,904,72298,0
5701,2023-12-13,935,26,804,907,71015,0
5702,2024-08-12,935,38,807,906,71015,0
5703,2025-05-12,935,21,811,906,71015,0
5704,2018-03-24,936,15,807,909,39892,0
5705,2019-02-19,936,12,801,907,39892,0
5706,2020-01-24,936,27,811,901,39892,0
5707,2020-11-27,936,18,806,911,39892,0
5708,2021-08-09,936,18,802,905,39892,0
5709,2022-02-05,936,12,800,908,39892,0
5710,2022-11-28,936,36,812,901,39892,0
5711,2023-06-12,936,36,814,902,39892,0
5712,2024-02-09,936,29,809,904,39892,0
5713,2024-12-03,936,17,807,901,39892,0
5714,2025-02-16,937,15,811,909,72694,0
5715,2020-05-27,938,39,815,902,52962,0
5716,2020-12-13,938,25,809,902,52962,0
5717,2021-08-30,938,10,800,901,57314,0
5718,2022-06-06,938,14,811,901,57314,0
5719,2023-02-20,938,11,811,903,57314,0
5720,2023-11-15,938,31,811,910,57314,0
5721,2024-09-04,938,14,807,902,57314,0
5722,2025-03-08,938,40,804,906,57314,0
5723,2019-01-09,939,40,814,907,56027,0
5724,2019-09-26,939,22,811,900,56027,0
5725,2020-07-01,939,14,805,901,56027,0
5726,2021-04-13,939,25,807,901,56027,0
5727,2021-12-29,939,24,811,901,56027,0
5728,2022-09-20,939,38,804,904,56027,0
5729,2023-09-13,939,15,805,900,56027,0
5730,2024-06-17,939,38,804,909,56027,0
5731,2024-12-29,939,34,804,904,56027,0
5732,2024-11-28,940,33,811,903,43340,0
5733,2022-05-31,941,12,812,908,43847,0
5734,2023-05-10,941,34,806,902,47894,0
5735,2024-03-11,941,13,810,900,47894,0
5736,2025-01-12,941,28,815,911,47894,0
5737,2017-03-15,942,33,813,904,57641,0
5738,2018-01-11,942,16,813,903,57641,0
5739,2018-10-06,942,35,812,901,57641,0
5740,2019-05-08,942,35,804,909,57641,0
5741,2020-02-11,942,34,815,906,57641,0
5742,2020-12-12,942,12,806,900,57641,0
5743,2021-09-19,942,17,812,904,57641,0
5744,2022-07-20,942,10,805,905,57641,0
5745,2023-07-12,942,13,806,901,57641,0
5746,2024-06-22,942,37,811,907,57641,0
5747,2025-03-29,942,39,802,901,57641,0
5748,2023-01-10,943,17,810,902,78624,0
5749,2023-09-13,943,23,802,905,78624,0
5750,2024-05-27,943,26,802,904,78624,0
5751,2025-04-23,943,18,811,907,78624,0
5752,2016-09-08,944,39,815,907,79308,0
5753,2017-05-15,944,19,801,907,79308,0
5754,2018-02-07,944,17,805,900,86561,0
5755,2018-08-24,944,27,811,906,86561,0
5756,2019-03-25,944,24,811,906,86561,0
5757,2019-10-17,944,12,809,905,94525,0
5758,2020-08-15,944,22,811,900,94525,0
5759,2021-07-30,944,20,801,909,94525,0
5760,2022-05-09,944,33,806,902,94525,0
5761,2022-12-26,944,24,802,908,94525,0
5762,2023-07-26,944,32,803,901,102330,0
5763,2024-04-28,944,38,809,903,102330,0
5764,2025-04-22,944,35,804,909,102330,0
5765,2020-01-08,945,17,812,903,73332,0
5766,2020-10-06,945,40,807,903,73332,0
5767,2021-07-14,945,10,802,911,79868,0
5768,2022-05-12,945,35,810,907,79868,0
5769,2022-11-22,945,13,801,907,79868,0
5770,2023-09-27,945,11,806,900,79868,0
5771,2024-06-04,945,37,807,900,79868,0
5772,2025-02-26,945,17,808,900,79868,0
5773,2024-06-25,946,23,808,906,65089,0
5774,2025-03-13,946,34,814,902,65089,0
5775,2019-08-12,947,32,808,901,63455,0
5776,2020-04-30,947,29,809,911,63455,0
5777,2021-03-23,947,10,801,908,63455,0
5778,2021-10-25,947,24,801,910,63455,0
5779,2022-07-12,947,25,809,900,63455,0
5780,2023-03-23,947,12,804,909,63455,0
5781,2023-10-29,947,40,810,902,63455,0
5782,2024-04-29,947,36,802,907,63455,0
5783,2025-03-24,947,40,808,911,63455,0
5784,2024-02-12,949,22,809,902,54221,0
5785,2025-02-05,949,19,807,901,54221,0
5786,2022-10-29,950,12,801,907,69076,0
5787,2023-06-17,950,31,806,901,69076,0
5788,2024-04-30,950,11,804,906,69076,0
5789,2025-03-06,950,16,801,909,69076,0
5790,2018-06-18,951,12,813,901,74484,0
5791,2019-02-27,951,11,807,901,74484,0
5792,2019-12-20,951,24,814,908,74484,0
5793,2020-11-04,951,37,808,902,74484,0
5794,2021-10-21,951,15,815,904,74484,0
5795,2022-08-31,951,38,813,902,74484,0
5796,2023-03-16,951,20,803,902,74484,0
5797,2023-11-17,951,12,801,900,74484,0
5798,2024-07-26,951,38,810,900,74484,0
5799,2025-05-09,951,24,801,910,74484,0
5800,2021-08-13,952,13,805,911,61551,0
5801,2022-04-28,952,12,804,903,61551,0
5802,2022-12-07,952,10,815,905,61551,0
5803,2023-06-29,952,37,804,903,61551,0
5804,2024-04-08,952,20,814,904,65720,0
5805,2024-10-16,952,29,805,906,65720,0
5806,2025-01-29,953,11,805,906,82481,0
5807,2021-04-25,954,26,808,906,42826,0
5808,2021-12-17,954,29,813,905,42826,0
5809,2022-07-16,954,40,808,909,42826,0
5810,2023-02-11,954,13,805,905,42826,0
5811,2023-12-12,954,38,806,910,42826,0
5812,2024-09-09,954,40,801,900,42826,0
5813,2019-05-17,955,31,803,909,53775,0
5814,2020-03-23,955,35,803,901,53775,0
5815,2021-02-08,955,20,807,910,53775,0
5816,2021-09-12,955,33,809,908,57134,0
5817,2022-06-17,955,16,808,907,57134,0
5818,2022-12-23,955,24,802,907,57134,0
5819,2023-08-07,955,14,800,904,57134,0
5820,2024-05-04,955,12,812,909,57134,0
5821,2025-02-16,955,40,807,901,57134,0
5822,2018-04-06,956,10,815,910,63340,0
5823,2019-03-18,956,12,804,903,63340,0
5824,2020-01-13,956,19,801,900,63340,0
5825,2020-08-17,956,37,808,901,63340,0
5826,2021-03-10,956,17,804,906,63340,0
5827,2021-12-22,956,30,814,902,63340,0
5828,2022-11-19,956,27,805,901,63340,0
5829,2023-07-22,956,36,807,910,63340,0
5830,2024-03-16,956,32,813,910,63340,0
5831,2024-12-04,956,12,811,908,63340,0
5832,2017-11-07,957,38,813,906,80996,0
5833,2018-08-01,957,10,804,905,80996,0
5834,2019-02-13,957,28,815,911,80996,0
5835,2019-12-29,957,34,806,902,80996,0
5836,2020-10-17,957,32,805,911,80996,0
5837,2021-05-24,957,34,804,908,80996,0
5838,2022-05-08,957,23,811,902,80996,0
5839,2023-05-03,957,24,815,900,80996,0
5840,2024-01-06,957,15,805,910,80996,0
5841,2024-07-21,957,35,805,901,80996,0
5842,2025-02-17,957,28,808,907,80996,0
5843,2016-05-27,958,11,805,901,43117,0
5844,2017-03-28,958,39,802,902,43117,0
5845,2018-01-06,958,13,815,907,43117,0
5846,2018-12-23,958,20,812,905,43117,0
5847,2019-08-05,958,38,801,907,43117,0
5848,2020-05-22,958,39,808,910,43117,0
5849,2021-05-17,958,39,803,904,43117,0
5850,2022-04-14,958,19,814,900,43117,0
5851,2023-01-09,958,17,800,901,43117,0
5852,2023-10-17,958,33,808,904,43117,0
5853,2024-08-31,958,25,813,902,43117,0
5854,2019-12-11,959,29,805,901,68826,0
5855,2020-09-25,959,14,800,911,68826,0
5856,2021-09-20,959,40,814,900,68826,0
5857,2022-07-14,959,13,806,906,68826,0
5858,2023-03-20,959,13,802,908,71251,0
5859,2023-11-19,959,34,812,903,71251,0
5860,2024-10-25,959,37,801,906,71251,0
5861,2025-06-13,959,34,812,907,71251,0
5862,2019-02-24,960,15,814,903,81693,0
5863,2019-08-31,960,18,810,909,81693,0
5864,2020-07-03,960,15,808,901,81693,0
5865,2021-05-19,960,10,801,909,85717,0
5866,2022-01-05,960,17,815,904,85717,0
5867,2022-12-28,960,15,800,910,85717,0
5868,2023-09-03,960,16,804,905,85717,0
5869,2024-06-20,960,22,813,903,85717,0
5870,2025-04-01,960,11,811,903,85717,0
5871,2018-11-28,961,11,808,911,59968,0
5872,2019-07-10,961,32,815,904,61977,0
5873,2020-05-30,961,10,802,903,61977,0
5874,2021-03-22,961,39,808,911,61977,0
5875,2021-11-10,961,26,810,906,61977,0
5876,2022-10-06,961,33,814,900,61977,0
5877,2023-09-23,961,12,807,911,67353,0
5878,2024-08-01,961,23,811,909,69425,0
5879,2023-04-14,962,20,808,901,42717,0
5880,2023-12-19,962,19,815,909,42717,0
5881,2024-11-13,962,25,815,901,42717,0
5882,2021-11-06,963,36,808,900,77562,0
5883,2022-07-22,963,18,801,904,77562,0
5884,2023-04-01,963,11,810,910,77562,0
5885,2024-02-23,963,20,806,901,77562,0
5886,2025-01-24,963,36,811,903,77562,0
5887,2019-04-28,964,25,804,909,84067,0
5888,2019-11-02,964,37,811,911,84067,0
5889,2020-10-06,964,19,806,901,84067,0
5890,2021-04-07,964,39,814,911,84067,0
5891,2022-02-14,964,28,802,910,84067,0
5892,2022-11-28,964,39,811,909,84067,0
5893,2023-06-10,964,13,801,907,84067,0
5894,2024-01-18,964,21,801,902,84067,0
5895,2024-11-01,964,15,802,900,84067,0
5896,2023-11-26,965,37,810,910,59611,0
5897,2024-08-01,965,24,814,908,59611,0
5898,2025-04-29,965,36,803,902,59611,0
5899,2016-06-13,966,14,815,908,63470,0
5900,2017-02-24,966,28,814,904,69011,0
5901,2017-11-14,966,17,805,906,69011,0
5902,2018-09-07,966,28,800,906,69011,0
5903,2019-07-01,966,32,808,909,69011,0
5904,2020-01-25,966,11,804,909,69011,0
5905,2021-01-18,966,18,806,904,69011,0
5906,2021-11-02,966,34,811,911,69011,0
5907,2022-10-22,966,34,801,906,69011,0
5908,2023-08-26,966,11,808,908,69011,0
5909,2024-03-23,966,10,813,908,69011,0
5910,2025-02-27,966,32,815,910,69011,0
5911,2024-07-19,967,38,808,910,61636,0
5912,2025-04-15,967,24,805,905,61636,0
5913,2023-08-29,968,36,809,907,82048,0
5914,2024-08-17,968,14,806,900,82048,0
5915,2025-03-02,968,24,801,907,86194,0
5916,2019-02-19,969,40,807,908,62661,0
5917,2019-09-28,969,34,801,901,62661,0
5918,2020-04-04,969,17,804,909,62661,0
5919,2020-10-09,969,21,806,902,62661,0
5920,2021-08-17,969,12,809,907,62661,0
5921,2022-05-21,969,24,815,901,62661,0
5922,2022-11-27,969,11,806,906,62661,0
5923,2023-05-31,969,22,813,902,62661,0
5924,2024-03-03,969,19,802,903,62661,0
5925,2025-01-31,969,15,808,908,62661,0
5926,2017-09-08,970,23,802,900,48127,0
5927,2018-03-28,970,11,801,908,48127,0
5928,2019-02-09,970,30,811,902,48127,0
5929,2019-12-01,970,28,813,900,48127,0
5930,2020-08-08,970,39,806,904,48127,0
5931,2021-03-03,970,22,812,906,48127,0
5932,2022-02-07,970,34,811,910,48127,0
5933,2022-10-23,970,14,804,902,51065,0
5934,2023-07-10,970,20,807,907,51065,0
5935,2024-02-07,970,26,813,908,51065,0
5936,2024-12-16,970,21,802,911,51065,0
5937,2023-03-24,971,28,803,903,83180,0
5938,2023-12-11,971,29,806,908,83180,0
5939,2024-06-24,971,37,811,904,87935,0
5940,2025-04-20,971,23,815,901,87935,0
5941,2020-08-07,972,12,801,900,80046,0
5942,2021-03-18,972,22,801,900,80046,0
5943,2022-01-20,972,24,806,902,80046,0
5944,2022-12-10,972,10,811,904,80046,0
5945,2023-06-10,972,28,801,907,80046,0
5946,2024-05-07,972,30,815,904,80046,0
5947,2025-03-18,972,23,810,902,80046,0
5948,2018-02-18,973,22,811,905,51155,0
5949,2018-09-26,973,19,808,903,51155,0
5950,2019-07-04,973,31,807,911,51155,0
5951,2020-03-24,973,18,813,908,51155,0
5952,2020-12-31,973,21,813,900,51155,0
5953,2021-09-25,973,20,803,905,51155,0
5954,2022-03-28,973,25,808,901,51155,0
5955,2023-01-26,973,18,805,904,51155,0
5956,2023-12-25,973,11,806,911,51155,0
5957,2024-06-24,973,36,813,905,51155,0
5958,2025-06-08,973,14,804,911,51155,0
5959,2018-11-29,974,36,811,903,39222,0
5960,2019-06-21,974,23,803,907,39222,0
5961,2020-06-15,974,25,807,906,41028,0
5962,2021-05-09,974,23,811,911,41028,0
5963,2022-03-10,974,32,814,906,41028,0
5964,2022-09-15,974,24,814,903,41028,0
5965,2023-06-02,974,35,801,911,42647,0
5966,2023-12-31,974,23,805,908,42647,0
5967,2024-12-05,974,15,813,901,42647,0
5968,2023-06-27,975,32,815,909,41353,0
5969,2024-05-17,975,37,801,908,41353,0
5970,2025-01-22,975,11,810,900,41353,0
5971,2021-04-03,976,22,801,900,77533,0
5972,2022-01-25,976,23,802,906,77533,0
5973,2022-10-25,976,36,805,903,77533,0
5974,2023-07-16,976,24,810,911,77533,0
5975,2024-06-01,976,39,800,906,77533,0
5976,2025-01-06,976,10,806,904,77533,0
5977,2024-11-14,977,35,809,909,75015,0
5978,2023-08-09,978,24,815,910,81637,0
5979,2024-03-27,978,24,801,906,81637,0
5980,2024-11-25,978,30,806,908,81637,0
5981,2025-05-24,978,17,800,900,81637,0
5982,2021-04-07,979,34,812,911,83113,0
5983,2022-03-16,979,35,806,906,83113,0
5984,2022-12-16,979,33,805,901,83113,0
5985,2023-07-28,979,17,805,910,83113,0
5986,2024-03-18,979,29,800,903,83113,0
5987,2025-02-21,979,39,805,908,83113,0
5988,2021-07-21,980,23,813,902,69283,0
5989,2022-04-10,980,31,815,905,69283,0
5990,2022-10-27,980,18,811,906,69283,0
5991,2023-10-12,980,28,803,907,69283,0
5992,2024-08-26,980,16,812,902,69283,0
5993,2025-03-04,980,31,801,908,69283,0
5994,2020-12-19,982,35,814,905,36737,0
5995,2021-07-25,982,21,814,907,38837,0
5996,2022-05-06,982,16,803,903,38837,0
5997,2023-02-12,982,10,809,906,38837,0
5998,2023-08-14,982,19,808,904,40420,0
5999,2024-07-06,982,37,807,909,40420,0
6000,2025-01-10,982,25,805,902,40420,0
6001,2022-01-08,983,11,810,906,46785,0
6002,2022-12-27,983,35,804,902,46785,0
6003,2023-12-01,983,11,811,904,46785,0
6004,2024-06-25,983,23,813,901,46785,0
6005,2025-02-06,983,17,809,906,46785,0
6006,2021-07-26,984,28,800,906,67681,0
6007,2022-03-27,984,28,803,905,67681,0
6008,2023-02-19,984,14,811,908,67681,0
6009,2023-12-21,984,30,808,907,70779,0
6010,2024-08-05,984,24,808,911,70779,0
6011,2025-05-29,984,14,805,911,70779,0
6012,2024-11-07,985,11,802,910,50253,0
6013,2020-11-02,986,35,801,908,58156,0
6014,2021-07-28,986,31,813,903,62283,0
6015,2022-05-03,986,21,810,904,62283,0
6016,2023-03-30,986,24,805,910,62283,0
6017,2024-01-02,986,32,812,905,62283,0
6018,2024-09-23,986,25,810,903,62283,0
6019,2025-06-20,986,18,800,908,62283,0
6020,2022-10-06,987,17,814,907,54310,0
6021,2023-07-15,987,35,815,909,54310,0
6022,2024-05-15,987,30,801,904,54310,0
6023,2024-11-16,987,36,802,909,54310,0
6024,2021-07-18,988,36,803,901,61608,0
6025,2022-02-05,988,22,804,904,61608,0
6026,2022-12-21,988,18,809,902,61608,0
6027,2023-11-03,988,32,811,900,61608,0
6028,2024-10-21,988,24,803,907,61608,0
6029,2025-05-11,988,18,801,908,61608,0
6030,2019-10-05,989,36,814,907,35898,0
6031,2020-07-30,989,32,807,904,35898,0
6032,2021-02-17,989,27,815,905,35898,0
6033,2021-11-01,989,28,806,900,37090,0
6034,2022-05-15,989,20,815,906,37090,0
6035,2023-03-27,989,18,803,902,37090,0
6036,2023-10-15,989,13,807,908,37090,0
6037,2024-07-07,989,26,806,908,39499,0
6038,2025-04-21,989,36,803,910,39499,0
6039,2017-10-08,990,27,815,906,38749,0
6040,2018-08-30,990,39,804,904,40052,0
6041,2019-04-15,990,40,810,908,40052,0
6042,2020-01-07,990,40,806,902,44010,0
6043,2020-09-29,990,36,803,900,44010,0
6044,2021-04-14,990,33,806,902,44010,0
6045,2021-10-17,990,25,800,911,44010,0
6046,2022-10-09,990,37,800,900,44010,0
6047,2023-08-25,990,18,807,911,47502,0
6048,2024-06-08,990,29,810,903,47502,0
6049,2025-01-17,990,33,808,907,47502,0
6050,2025-04-01,991,24,812,910,77574,0
6051,2016-09-13,992,20,811,909,81924,0
6052,2017-07-05,992,28,805,900,81924,0
6053,2018-06-04,992,25,806,904,81924,0
6054,2019-03-07,992,39,808,903,81924,0
6055,2020-01-10,992,35,813,902,87297,0
6056,2020-10-08,992,20,812,905,87297,0
6057,2021-07-10,992,29,810,906,87297,0
6058,2022-05-04,992,40,808,900,87297,0
6059,2022-11-22,992,33,802,905,87297,0
6060,2023-07-12,992,33,806,904,87297,0
6061,2024-05-01,992,16,811,902,87297,0
6062,2024-11-30,992,25,806,906,87297,0
6063,2017-11-13,993,35,814,905,50765,0
6064,2018-08-10,993,33,802,908,50765,0
6065,2019-04-08,993,35,805,902,50765,0
6066,2020-02-07,993,13,806,901,50765,0
6067,2021-01-05,993,10,802,903,50765,0
6068,2021-07-31,993,33,801,911,50765,0
6069,2022-03-28,993,22,806,904,50765,0
6070,2022-11-14,993,22,807,902,50765,0
6071,2023-08-03,993,16,802,911,54718,0
6072,2024-06-05,993,12,813,904,54718,0
6073,2025-05-04,993,23,801,910,54718,0
6074,2018-03-30,994,10,811,900,39109,0
6075,2018-09-27,994,36,800,907,39109,0
6076,2019-08-20,994,21,807,902,39109,0
6077,2020-03-11,994,35,803,907,39109,0
6078,2021-02-08,994,17,803,907,39109,0
6079,2021-09-25,994,40,813,911,39109,0
6080,2022-04-02,994,37,813,902,39109,0
6081,2022-11-29,994,14,806,910,39109,0
6082,2023-09-14,994,27,801,902,39109,0
6083,2024-05-12,994,10,807,905,39109,0
6084,2025-01-14,994,39,805,903,39109,0
6085,2020-02-04,995,17,803,900,50003,0
6086,2020-11-08,995,13,802,903,50003,0
6087,2021-07-03,995,40,802,903,50003,0
6088,2022-02-04,995,24,815,900,50003,0
6089,2022-09-02,995,36,807,905,50003,0
6090,2023-03-23,995,36,808,911,50003,0
6091,2024-03-03,995,29,810,910,53861,0
6092,2024-09-25,995,32,802,901,53861,0
6093,2017-08-14,996,39,814,911,62057,0
6094,2018-07-29,996,36,809,900,62057,0
6095,2019-07-22,996,27,815,906,62057,0
6096,2020-04-21,996,17,813,905,62057,0
6097,2021-03-13,996,33,804,905,62057,0
6098,2021-12-11,996,12,806,900,62057,0
6099,2022-11-17,996,26,800,908,62057,0
6100,2023-07-31,996,15,813,905,62057,0
6101,2024-03-01,996,26,806,902,62057,0
6102,2025-01-23,996,21,806,905,62057,0
6103,2020-06-24,997,40,808,910,43698,0
6104,2021-05-05,997,10,805,905,43698,0
6105,2022-01-26,997,27,806,909,43698,0
6106,2022-08-26,997,40,811,903,46998,0
6107,2023-07-04,997,25,807,906,46998,0
6108,2024-04-28,997,15,812,903,48765,0
6109,2024-11-11,997,15,807,903,48765,0
6110,2025-06-04,997,36,805,906,48765,0
6111,2022-01-09,998,35,815,902,60638,0
6112,2022-07-20,998,32,800,904,60638,0
6113,2023-06-28,998,26,812,903,60638,0
6114,2024-02-05,998,38,813,907,60638,0
6115,2024-08-05,998,10,806,908,60638,0
6116,2025-04-01,998,30,804,907,60638,0
6117,2023-09-03,999,26,800,901,37647,0
6118,2024-04-15,999,12,814,901,37647,0
6119,2025-01-17,999,15,812,908,37647,0
6120,2022-06-04,1000,31,809,911,69237,0
6121,2023-04-27,1000,12,813,904,69237,0
6122,2024-02-02,1000,21,811,903,69237,0
6123,2024-08-26,1000,30,806,903,69237,0
6124,2025-05-27,1000,38,811,906,69237,0
