campaign_fact_id,date,campaign_key,product_key,channel_key,region_key,spend,leads_generated,impressions
1,2023-08-23,35,9,605,403,337.3,18,779
2,2024-02-06,69,6,605,400,384.02,81,14235
3,2022-10-22,85,4,602,401,72.77,100,157
4,2025-03-19,58,11,602,402,418.35,21,3329
5,2023-05-30,30,13,604,400,380.58,22,14570
6,2023-08-02,19,9,600,401,174.24,48,14296
7,2022-08-17,62,9,604,400,67.53,56,420
8,2024-10-07,87,9,602,402,411.91,8,4334
9,2024-01-15,63,3,604,400,291.5,11,4615
10,2025-02-19,40,15,601,401,238.37,55,9413
11,2025-04-03,62,13,601,402,206.6,79,6096
12,2024-03-19,49,15,603,401,411.91,36,3051
13,2022-08-16,44,1,603,402,226.93,55,6355
14,2025-05-14,4,8,605,401,166.01,63,4868
15,2023-06-18,67,1,604,402,381.48,84,7356
16,2024-09-30,61,7,602,400,454.28,55,8653
17,2024-08-24,75,5,605,400,441.8,98,2612
18,2022-06-03,14,3,605,400,475.65,12,6237
19,2023-11-05,44,15,601,401,358.84,50,11732
20,2024-04-16,78,1,601,401,449.76,70,1755
21,2023-10-26,77,15,601,403,192.68,94,9171
22,2023-09-10,65,2,604,403,91.65,53,8195
23,2022-07-17,66,4,600,400,207.54,77,9955
24,2023-08-14,41,5,600,400,91.9,65,2332
25,2023-11-26,4,15,601,403,202.2,42,7428
26,2024-10-22,39,2,603,403,411.8,60,11733
27,2022-04-01,77,4,603,400,149.07,53,1356
28,2024-04-08,1,15,605,403,291.34,57,14849
29,2022-04-26,57,9,603,402,284.3,87,8744
30,2022-12-28,65,11,601,402,274.95,38,9281
31,2023-06-11,47,3,601,403,117.68,68,4690
32,2023-12-01,73,14,603,402,196.09,7,8642
33,2024-08-29,15,8,603,402,351.47,87,5857
34,2023-07-30,72,11,600,402,162.39,48,14739
35,2024-11-05,83,11,603,401,60.93,40,14502
36,2022-05-29,61,2,605,402,117.56,70,10838
37,2023-11-24,41,14,602,401,213.8,9,9697
38,2022-07-02,26,8,603,401,451.9,67,13914
39,2024-07-21,22,6,603,401,134.13,42,6488
40,2022-08-24,78,15,604,403,137.34,31,10099
41,2023-10-01,21,6,603,400,98.78,45,12791
42,2025-02-26,2,13,602,402,280.75,42,783
43,2023-06-01,43,5,600,402,189.72,39,4061
44,2022-06-26,39,6,605,403,373.87,22,10038
45,2023-09-29,80,3,600,400,207.12,11,11768
46,2025-01-07,42,13,604,401,118.1,87,3891
47,2024-10-30,2,10,602,400,292.07,21,2294
48,2023-11-03,54,4,604,401,342.76,72,4604
49,2022-04-13,43,3,605,402,250.0,64,10350
50,2022-01-09,70,10,603,402,154.22,38,4989
51,2024-10-25,78,9,604,403,396.99,71,6951
52,2022-02-16,29,15,602,401,272.35,64,5213
53,2023-09-14,93,7,604,402,327.47,66,4091
54,2023-03-16,95,9,603,402,482.68,32,10996
55,2023-01-09,2,5,601,401,362.11,71,13053
56,2024-04-19,77,14,605,402,299.4,88,7321
57,2022-08-10,69,5,600,402,404.99,31,696
58,2023-02-23,79,1,602,401,318.96,74,3942
59,2022-07-04,48,6,605,403,110.36,9,13924
60,2024-07-03,77,9,601,402,129.63,51,12728
61,2022-10-12,12,1,600,401,105.46,21,4501
62,2022-12-09,73,8,605,402,493.96,84,12650
63,2024-11-27,25,13,603,402,399.57,81,8162
64,2024-07-13,52,8,600,401,378.2,94,8373
65,2025-03-05,40,13,601,402,136.28,96,8428
66,2025-02-12,57,5,604,403,274.98,50,3308
67,2023-11-12,49,14,605,403,464.13,61,13772
68,2022-09-01,54,9,603,400,78.17,52,4507
69,2023-05-22,12,5,602,400,464.82,49,14302
70,2025-04-27,70,12,600,401,289.46,89,11219
71,2023-11-28,53,2,602,401,428.68,16,526
72,2024-11-15,64,2,605,402,290.02,95,5087
73,2023-11-17,6,11,600,400,68.72,78,2700
74,2024-06-19,34,1,602,403,52.17,35,2137
75,2024-02-25,100,6,603,402,367.65,26,7849
76,2023-05-05,15,2,600,400,350.08,80,6121
77,2024-04-23,12,13,600,403,102.97,28,759
78,2023-02-13,69,11,601,401,75.51,91,5302
79,2024-05-27,37,10,605,403,325.09,25,6652
80,2022-09-08,58,9,601,401,231.74,72,10713
81,2023-05-02,42,4,601,403,433.3,53,10536
82,2024-11-21,54,15,601,402,181.58,67,13791
83,2025-03-09,75,12,602,400,196.41,27,8825
84,2023-04-09,90,5,604,402,245.34,69,5154
85,2025-03-22,8,2,604,402,75.71,25,7829
86,2022-12-10,29,6,604,401,311.53,50,6564
87,2022-07-07,11,3,605,402,256.6,29,5289
88,2023-09-14,17,4,602,400,455.38,85,4932
89,2023-10-06,35,5,603,402,316.98,51,12918
90,2024-08-24,71,14,602,400,56.44,98,11852
91,2022-02-08,88,14,601,403,189.99,21,14929
92,2022-04-02,59,4,601,403,103.83,31,9769
93,2023-03-06,31,4,605,400,487.96,14,6647
94,2022-12-15,46,3,602,400,68.26,70,12975
95,2022-12-14,59,14,601,402,377.05,89,3581
96,2024-06-01,18,3,603,403,127.31,34,7271
97,2024-08-14,2,2,603,401,317.77,28,764
98,2025-04-08,2,10,604,400,334.95,97,1912
99,2024-07-16,21,11,600,400,234.73,52,8222
100,2024-11-21,9,6,601,402,340.77,57,941
101,2022-03-20,53,4,605,402,149.44,8,7187
102,2023-11-04,86,12,601,403,64.88,82,8206
103,2024-11-26,11,9,605,403,457.91,53,11617
104,2023-01-16,17,15,603,400,217.31,20,3870
105,2022-12-24,97,5,601,401,77.46,95,2312
106,2025-03-10,92,5,605,400,348.62,10,10281
107,2023-05-13,29,6,603,403,452.94,51,2454
108,2022-05-21,100,11,601,400,61.26,50,2800
109,2022-03-02,35,11,602,400,107.42,60,11382
110,2024-08-14,37,10,602,401,460.5,94,1353
111,2022-09-07,47,7,602,402,133.38,68,13583
112,2024-10-22,4,4,604,403,324.19,22,4744
113,2023-04-19,20,1,605,403,295.9,33,4816
114,2023-01-27,74,3,600,403,154.67,28,2245
115,2024-01-10,65,15,603,401,357.46,6,733
116,2024-06-03,41,13,603,402,492.24,88,7769
117,2022-04-16,70,11,601,400,357.83,34,9459
118,2022-08-23,52,6,605,401,141.67,42,1041
119,2025-04-20,88,14,605,402,124.95,60,492
120,2024-03-24,13,12,604,400,393.11,57,1158
121,2023-01-29,32,10,601,400,491.7,11,10982
122,2022-08-17,88,6,603,403,365.18,25,9930
123,2024-01-26,38,6,600,403,284.02,58,12128
124,2024-12-02,15,5,601,400,251.19,44,12041
125,2024-05-11,67,10,602,402,122.44,18,5200
126,2022-10-02,59,3,605,402,126.77,46,11937
127,2024-11-02,96,11,605,400,84.85,25,13006
128,2025-04-26,1,4,603,403,81.9,25,4438
129,2022-06-26,86,1,602,402,287.17,44,11250
130,2023-05-20,54,1,603,402,229.35,83,14017
131,2023-04-20,95,10,600,402,442.26,53,4221
132,2025-03-31,72,8,605,400,273.35,95,12337
133,2023-10-10,77,8,603,403,184.61,72,9000
134,2024-03-26,4,3,604,403,441.06,76,7558
135,2023-09-05,28,12,603,403,298.83,74,13421
136,2022-08-04,44,5,605,403,483.44,82,6219
137,2023-01-03,40,4,602,403,385.05,58,11567
138,2023-02-08,6,2,605,403,320.22,84,732
139,2023-10-26,53,8,603,402,103.54,63,1764
140,2024-03-02,4,12,601,403,447.74,22,10931
141,2024-07-03,60,9,604,402,310.69,30,3963
142,2023-04-08,43,1,603,402,91.61,78,11040
143,2024-05-18,9,2,600,401,316.59,68,9301
144,2023-03-15,21,13,604,402,464.4,76,9269
145,2023-10-22,2,4,603,403,487.84,21,6701
146,2025-06-03,10,7,604,401,371.68,15,4092
147,2025-03-01,27,8,600,402,202.01,9,5371
148,2022-07-28,69,5,604,403,412.44,11,4319
149,2025-03-12,98,2,600,400,55.99,40,7580
150,2023-01-04,55,4,604,401,409.08,86,5388
151,2025-06-18,10,1,602,402,114.12,76,6824
152,2023-12-09,37,10,602,401,157.23,81,14710
153,2022-06-21,78,1,600,400,315.3,8,10513
154,2025-04-10,28,13,604,400,108.07,96,5811
155,2023-10-09,98,1,604,402,321.84,81,3416
156,2022-11-28,68,5,603,403,140.36,19,7506
157,2024-04-04,32,15,601,400,467.7,86,11362
158,2022-10-30,56,5,605,400,414.64,30,6037
159,2022-06-05,75,3,600,400,206.11,15,3364
160,2023-07-29,69,8,605,401,174.69,89,13852
161,2023-05-26,9,15,600,403,177.23,29,726
162,2022-06-19,44,12,600,402,338.78,78,3382
163,2023-05-06,20,1,600,401,56.1,27,10153
164,2022-02-03,63,5,605,403,51.45,28,4057
165,2022-04-08,23,7,600,400,259.01,20,7147
166,2023-04-05,49,5,600,400,280.35,48,8447
167,2023-09-30,4,12,600,401,79.59,25,3637
168,2023-05-11,41,9,605,402,53.66,67,4852
169,2023-03-17,3,15,605,401,75.95,37,8093
170,2023-09-20,80,8,602,400,190.36,81,6398
171,2022-10-10,39,4,600,401,172.37,70,4993
172,2023-09-11,54,11,602,400,132.39,9,11993
173,2022-07-21,41,5,605,400,221.54,26,3957
174,2024-08-31,20,6,600,401,286.63,65,12847
175,2024-02-19,32,15,601,401,214.63,92,1018
176,2023-04-02,70,5,601,400,204.9,24,14746
177,2024-11-17,46,10,601,403,79.22,62,11530
178,2023-01-28,11,12,605,402,67.01,98,638
179,2024-03-14,48,13,603,403,382.85,34,1018
180,2024-08-10,61,15,603,402,433.81,98,6481
181,2025-03-30,66,1,604,400,480.1,12,351
182,2023-05-24,31,4,605,401,282.62,78,3946
183,2023-02-26,71,10,602,400,101.53,58,250
184,2024-11-28,59,6,604,401,431.77,32,9338
185,2024-04-19,86,6,604,401,258.77,58,5519
186,2022-12-02,29,7,600,403,61.28,63,7859
187,2023-01-29,98,9,602,401,104.32,79,4362
188,2022-01-01,19,8,601,402,274.99,58,3239
189,2024-06-18,68,13,601,403,324.12,64,1155
190,2024-06-14,98,5,604,401,337.55,22,4560
191,2024-11-22,83,11,604,403,184.62,49,12646
192,2023-08-08,95,2,604,401,351.7,42,11621
193,2023-03-23,23,4,605,403,357.97,41,12328
194,2023-12-18,63,12,601,400,336.91,15,3452
195,2023-09-25,62,3,603,402,498.09,53,11117
196,2024-02-02,27,14,602,402,370.9,47,1830
197,2022-08-26,73,6,604,403,129.05,91,4638
198,2023-06-22,83,8,602,402,334.56,47,10066
199,2024-02-17,35,3,604,401,137.23,21,5925
200,2022-03-09,76,3,601,403,422.36,50,13357
201,2023-12-01,4,5,600,402,415.96,28,10007
202,2024-10-10,26,15,601,400,195.36,67,11026
203,2025-02-01,87,5,604,403,188.21,21,12799
204,2022-05-03,16,15,600,401,223.03,68,6630
205,2022-11-13,63,10,600,400,224.39,59,7207
206,2024-06-10,80,4,600,402,330.16,66,10519
207,2022-06-18,80,12,605,401,187.73,30,1553
208,2024-05-11,7,8,602,401,491.37,65,12728
209,2022-10-02,20,8,600,401,197.29,6,14654
210,2024-10-23,47,5,603,403,367.03,49,8298
211,2025-02-24,53,9,602,401,337.27,32,11543
212,2022-02-15,37,10,602,403,88.15,32,13433
213,2022-06-21,60,3,603,400,131.67,69,1486
214,2022-01-12,31,4,602,402,76.14,58,2955
215,2023-06-26,45,12,604,401,304.99,32,8759
216,2022-12-25,57,8,602,403,171.37,69,12758
217,2024-08-10,75,13,602,402,313.46,92,1630
218,2024-01-01,14,7,603,401,280.5,19,8348
219,2022-05-08,88,4,603,402,494.8,7,5981
220,2024-01-21,52,15,601,402,338.72,5,9324
221,2024-01-17,65,11,602,402,93.36,94,3677
222,2024-07-01,15,8,600,403,467.66,6,4670
223,2024-10-18,41,7,602,401,440.1,20,8969
224,2022-09-24,29,11,603,402,286.33,6,1677
225,2024-04-21,59,12,601,402,158.12,63,12448
226,2023-03-14,40,9,604,401,175.89,85,14051
227,2023-07-29,15,10,600,403,117.19,98,12267
228,2024-02-03,39,12,600,402,458.7,27,14421
229,2025-04-29,13,3,601,403,457.8,17,8107
230,2022-10-10,22,10,605,401,174.81,39,6151
231,2025-01-18,47,2,604,400,377.3,63,4898
232,2023-09-12,73,3,602,402,89.36,34,5981
233,2023-10-25,29,4,605,401,405.99,98,8607
234,2023-06-30,62,9,600,403,134.33,54,10200
235,2023-10-23,19,9,604,402,134.82,87,2909
236,2025-01-13,3,4,605,401,236.66,88,14057
237,2023-01-11,63,11,605,402,83.36,51,7536
238,2024-09-19,73,11,602,402,269.57,25,12145
239,2025-06-19,100,1,605,400,191.37,35,9090
240,2023-01-13,2,14,603,401,122.32,49,9604
241,2022-10-24,13,9,601,402,237.65,12,3590
242,2022-08-10,77,9,603,403,131.42,99,12511
243,2022-12-28,16,5,604,402,183.1,84,9774
244,2024-07-12,74,13,601,403,241.68,53,7885
245,2022-01-07,14,13,605,402,253.08,80,10684
246,2024-05-13,94,7,603,401,232.84,59,14518
247,2023-03-03,97,15,605,400,395.19,29,4209
248,2022-10-12,70,9,601,400,281.43,37,3942
249,2022-01-08,47,5,601,401,418.47,47,1040
250,2025-01-13,84,15,600,401,50.85,90,13603
251,2024-11-11,51,14,600,402,110.54,80,10394
252,2024-04-30,50,12,601,403,494.22,91,6196
253,2022-02-17,51,4,602,403,194.25,27,2559
254,2022-08-23,95,7,601,401,408.0,81,7349
255,2024-02-02,46,14,601,401,205.94,14,8866
256,2024-06-02,32,4,600,400,126.84,30,5790
257,2024-12-31,80,9,603,402,292.83,85,2585
258,2023-12-09,59,11,602,402,169.59,55,6690
259,2022-09-16,91,4,600,403,225.75,93,3100
260,2022-02-15,44,1,601,402,490.3,47,6781
261,2024-12-02,12,10,602,401,450.43,81,13016
262,2024-09-25,79,3,602,400,119.22,33,7186
263,2022-04-30,38,13,602,401,108.82,80,6632
264,2025-03-20,37,7,604,400,100.91,21,6509
265,2022-05-30,47,15,604,402,155.6,31,12891
266,2025-02-26,68,11,602,402,135.11,54,1358
267,2023-03-06,13,13,602,403,487.39,94,8203
268,2024-07-27,56,11,605,401,414.06,79,2370
269,2023-04-21,72,3,604,401,62.97,7,9353
270,2024-05-15,90,2,605,403,202.68,36,2958
271,2025-01-12,62,8,600,400,497.2,17,12998
272,2024-12-15,50,3,605,402,468.56,30,1631
273,2023-10-27,14,1,602,400,287.25,23,7200
274,2023-12-12,30,13,600,402,327.34,11,8989
275,2025-03-03,79,15,601,400,107.71,78,3180
276,2022-10-30,82,8,604,403,482.83,68,2731
277,2024-08-19,23,6,600,402,124.93,81,10086
278,2023-04-13,61,15,601,403,410.06,30,9113
279,2025-04-10,62,14,601,401,355.51,59,3652
280,2024-02-14,33,10,600,402,172.32,57,2833
281,2025-04-03,54,10,602,402,66.93,18,4170
282,2022-01-11,85,2,605,402,62.69,55,986
283,2025-02-23,64,2,605,403,385.37,55,1438
284,2024-04-29,89,15,603,400,481.46,70,371
285,2022-09-05,27,8,605,401,167.13,5,10244
286,2025-02-15,49,14,601,402,68.58,27,5824
287,2022-07-16,7,9,604,402,442.33,90,1146
288,2024-12-31,52,6,605,402,477.35,13,815
289,2022-12-12,15,1,601,401,393.31,52,12282
290,2023-04-05,83,14,601,400,130.5,34,2492
291,2024-03-14,54,14,604,402,327.75,7,10211
292,2024-12-06,67,3,601,402,361.86,37,9156
293,2022-02-27,94,3,600,403,472.67,78,11315
294,2024-06-25,46,8,603,402,375.54,57,7867
295,2024-09-22,34,12,602,402,431.13,32,14257
296,2025-01-25,19,4,601,401,386.46,89,4377
297,2022-10-22,29,2,604,402,262.72,35,7949
298,2025-02-09,23,12,605,402,249.09,51,13642
299,2022-03-08,8,6,605,401,459.13,53,1435
300,2023-11-01,96,13,603,402,176.97,61,12240
301,2025-03-23,16,2,600,401,359.73,39,13605
302,2023-08-14,34,1,602,403,297.0,97,14648
303,2023-02-06,49,2,605,401,185.19,58,11855
304,2022-01-16,6,4,605,402,327.91,18,1643
305,2023-06-25,96,4,602,400,369.29,39,1912
306,2022-07-06,88,13,601,403,459.44,19,1529
307,2024-03-19,33,4,600,401,60.59,48,1819
308,2024-04-20,97,10,600,400,195.01,52,8926
309,2022-10-13,14,9,603,400,464.3,13,11209
310,2022-08-25,3,13,604,403,447.19,21,14539
311,2024-12-24,86,7,603,402,150.14,9,2117
312,2023-05-28,67,7,600,401,279.21,81,3510
313,2023-06-22,78,10,603,400,307.88,72,14752
314,2023-04-20,84,14,604,403,310.75,46,11854
315,2023-04-28,78,6,600,401,222.5,66,13205
316,2024-03-05,12,7,602,403,221.0,57,4674
317,2024-09-27,3,9,603,403,74.02,81,7916
318,2025-04-21,3,8,605,402,375.82,32,13230
319,2024-10-28,87,10,602,402,393.64,41,5077
320,2024-12-15,99,9,603,402,476.47,100,4505
321,2023-11-21,90,10,600,400,127.76,35,14238
322,2022-07-23,34,1,601,403,349.56,70,2385
323,2023-11-09,22,10,603,403,306.83,85,3856
324,2024-01-12,61,13,604,401,62.42,94,9029
325,2022-10-27,42,14,604,401,200.95,96,13880
326,2024-08-02,18,6,602,401,457.01,71,7751
327,2024-07-12,41,15,601,403,257.28,43,9855
328,2023-11-04,31,4,605,402,366.75,58,9776
329,2023-07-30,62,10,605,403,175.83,22,10828
330,2024-08-25,92,10,600,400,489.92,80,9822
331,2024-06-13,19,12,605,403,310.76,64,4414
332,2022-01-21,14,12,603,403,290.31,28,12707
333,2023-10-03,7,15,604,403,281.65,32,4848
334,2023-08-01,14,11,603,401,175.63,15,1406
335,2022-02-15,49,10,600,401,440.75,81,12065
336,2023-02-28,9,3,602,402,185.02,13,9910
337,2023-01-05,23,7,600,401,123.76,27,2977
338,2025-05-01,80,13,600,400,300.53,24,9414
339,2025-02-01,95,13,603,401,281.13,58,10110
340,2023-03-26,25,12,605,401,189.26,87,110
341,2024-12-28,6,15,602,400,111.73,72,9096
342,2024-11-18,50,12,604,400,103.22,93,10267
343,2024-09-29,13,14,603,403,417.66,57,12495
344,2025-03-23,56,13,602,403,164.99,46,3239
345,2024-07-23,40,14,602,400,219.52,75,4127
346,2022-02-06,39,14,600,402,170.73,57,13132
347,2023-10-20,73,8,603,401,204.11,6,14400
348,2022-05-01,27,5,600,402,246.17,65,1899
349,2023-03-02,57,15,603,402,403.77,86,8223
350,2024-05-19,17,5,603,400,414.97,56,3697
351,2024-01-08,48,11,605,403,411.01,96,5630
352,2023-09-10,32,14,601,403,447.53,66,12405
353,2024-01-16,66,11,604,403,365.45,72,538
354,2024-10-04,11,8,604,400,108.03,15,4346
355,2023-12-17,55,4,605,400,182.65,21,11357
356,2023-03-22,76,8,600,400,206.02,52,5299
357,2022-01-23,52,14,603,401,318.89,18,6573
358,2022-09-01,54,12,605,402,232.51,94,5971
359,2024-12-26,50,2,602,403,254.97,44,14626
360,2024-07-24,25,12,604,403,244.88,83,4132
361,2025-01-31,26,12,600,401,257.12,12,10536
362,2025-06-26,93,12,604,402,105.83,36,9771
363,2024-09-18,88,15,600,400,325.41,43,11230
364,2023-01-12,82,7,605,402,118.44,97,7504
365,2025-03-03,82,13,605,402,137.18,19,12602
366,2024-03-27,81,3,604,402,104.35,58,9555
367,2022-02-17,95,15,603,402,123.6,86,7356
368,2022-07-08,86,11,600,402,291.27,24,5913
369,2023-04-10,25,7,602,401,98.68,22,3070
370,2023-02-25,30,5,601,402,167.19,55,3369
371,2023-12-02,56,11,601,401,84.13,36,13547
372,2022-02-11,68,9,603,400,232.33,37,12398
373,2022-08-27,98,8,605,403,322.96,48,8729
374,2023-02-01,95,14,604,400,174.69,12,4057
375,2022-01-10,33,3,600,402,128.03,43,11750
376,2024-08-11,5,8,602,400,494.69,50,3406
377,2023-06-05,51,11,603,403,403.92,41,13188
378,2022-08-31,60,14,604,401,465.51,77,3928
379,2023-10-17,36,4,601,402,474.72,73,11563
380,2023-10-27,8,11,605,402,114.89,18,14338
381,2024-11-15,88,15,604,400,478.59,57,10767
382,2023-12-14,82,8,604,402,275.49,70,873
383,2022-06-09,7,10,605,403,359.21,97,5868
384,2023-04-13,47,11,603,400,165.15,82,337
385,2022-03-29,97,13,602,402,109.88,32,3086
386,2022-10-13,60,15,605,400,319.84,21,11164
387,2024-08-23,47,1,600,401,431.43,28,6862
388,2025-02-18,42,6,604,403,426.19,48,14968
389,2022-02-28,33,12,602,403,476.9,65,4027
390,2024-07-19,58,5,604,402,256.39,34,1494
391,2023-07-22,39,15,603,400,317.22,7,1679
392,2024-03-28,69,9,604,400,154.63,63,12084
393,2022-11-13,90,1,600,400,331.11,77,13603
394,2025-01-15,99,3,604,402,380.5,52,7277
395,2024-04-01,70,13,600,402,107.75,43,5047
396,2023-11-08,26,7,600,403,184.14,24,7983
397,2025-01-15,21,9,600,400,406.13,85,14391
398,2024-03-01,15,9,604,401,62.9,32,12610
399,2023-06-21,86,6,600,402,241.96,71,7982
400,2023-02-16,54,1,602,403,428.29,88,4566
401,2023-12-12,95,7,604,400,490.5,14,12687
402,2025-02-15,74,10,601,402,198.82,39,6027
403,2024-01-04,49,4,602,403,69.16,76,7114
404,2022-10-06,91,9,605,402,155.23,77,4735
405,2023-05-16,10,13,602,403,304.41,41,10759
406,2023-01-03,99,5,605,401,188.67,13,4912
407,2024-06-14,84,9,604,401,229.52,18,9536
408,2024-07-04,93,7,602,403,198.33,37,7314
409,2024-02-16,5,3,603,403,479.49,57,8025
410,2024-05-12,62,8,604,400,84.28,38,13029
411,2024-06-19,13,11,604,402,82.41,22,13276
412,2023-10-03,63,1,601,400,428.57,98,3483
413,2023-01-18,72,7,602,403,94.94,5,7969
414,2024-11-19,81,10,602,401,98.84,17,13213
415,2022-04-07,30,14,602,400,288.84,92,1358
416,2023-11-12,74,8,600,403,134.14,58,1488
417,2024-06-27,25,4,603,400,323.79,83,2414
418,2022-12-22,65,7,603,402,329.22,49,9317
419,2022-11-16,75,7,600,401,250.84,88,7599
420,2022-03-26,95,12,600,400,96.96,74,4263
421,2022-08-11,56,11,603,401,69.59,77,3886
422,2024-06-18,20,10,601,403,70.89,15,10170
423,2023-07-28,68,14,603,400,356.2,55,1650
424,2023-06-11,27,10,605,403,224.27,76,4552
425,2023-04-26,58,11,600,402,190.59,30,1983
426,2023-11-04,29,15,604,402,273.6,50,6944
427,2022-09-23,100,15,601,401,206.52,84,13335
428,2024-12-27,75,14,603,402,294.19,8,11411
429,2025-05-31,84,11,602,403,471.87,53,14648
430,2024-01-27,24,9,605,402,251.62,89,3688
431,2022-02-28,39,13,603,402,273.17,46,1438
432,2023-04-07,83,7,602,401,433.52,27,12312
433,2024-03-25,86,8,605,402,372.37,31,8294
434,2023-03-02,90,15,601,401,70.42,35,10816
435,2022-10-09,13,4,601,401,159.73,9,12765
436,2025-01-07,83,1,603,402,55.68,42,11402
437,2022-03-10,36,3,603,401,461.75,68,1589
438,2023-06-12,68,7,600,402,436.76,46,10530
439,2024-07-01,93,14,603,401,298.79,6,7127
440,2024-10-24,86,11,600,400,290.3,21,8675
441,2022-08-23,48,13,603,400,448.25,59,3375
442,2023-12-28,41,12,600,401,65.8,10,5182
443,2022-07-23,65,4,604,402,75.61,31,12123
444,2022-11-11,26,15,601,402,352.92,22,1195
445,2024-09-23,56,1,605,403,127.85,25,2360
446,2024-05-11,90,7,605,400,125.76,83,9121
447,2022-02-17,30,11,602,402,447.62,37,10220
448,2024-01-21,49,13,601,400,395.94,78,12291
449,2022-11-22,43,14,600,401,138.5,96,8001
450,2024-03-14,65,12,602,402,449.43,74,8981
451,2023-05-14,51,13,600,402,101.2,80,3759
452,2024-12-05,3,9,605,403,140.78,85,4438
453,2023-10-15,83,7,601,402,237.88,6,9678
454,2024-06-22,41,5,603,401,320.99,43,12092
455,2022-01-30,24,1,605,403,382.87,68,486
456,2025-06-17,75,15,604,403,443.9,9,2283
457,2023-10-27,28,4,603,400,479.83,42,13466
458,2024-12-20,68,7,604,400,284.2,42,12734
459,2023-07-05,12,14,602,401,199.13,84,7141
460,2023-02-01,95,6,602,401,330.96,22,14960
461,2025-05-17,9,6,604,403,99.85,25,6880
462,2023-06-06,36,4,605,403,450.8,99,10222
463,2023-07-30,94,6,603,401,173.73,19,8016
464,2022-08-17,2,7,601,401,446.09,75,4390
465,2025-06-16,28,2,600,402,271.36,90,13749
466,2025-01-30,54,5,604,403,188.22,61,1356
467,2024-12-30,44,12,601,403,283.78,21,1506
468,2022-07-12,17,5,603,402,393.91,78,3045
469,2022-05-23,19,13,603,403,467.63,96,9769
470,2024-03-29,64,6,602,401,227.53,96,2587
471,2023-12-06,59,2,600,402,412.97,70,13544
472,2023-07-20,90,10,603,400,199.98,69,992
473,2022-07-24,89,12,605,401,75.39,99,3949
474,2025-04-17,38,8,600,402,429.73,39,1556
475,2023-10-16,33,9,604,402,329.17,56,14874
476,2023-06-23,22,7,602,402,424.48,78,7033
477,2024-08-20,8,3,603,401,116.49,31,10403
478,2024-03-29,67,4,603,402,84.52,52,7756
479,2023-11-27,17,6,603,402,386.55,28,9986
480,2025-04-05,29,11,603,400,192.54,16,283
481,2024-09-01,37,1,604,401,268.52,99,6138
482,2023-08-07,39,15,600,400,182.94,94,8978
483,2024-05-21,41,3,601,403,369.55,74,2935
484,2023-08-28,86,1,603,403,434.16,29,1321
485,2023-05-18,80,10,601,403,425.0,70,14396
486,2025-01-09,70,8,604,400,181.57,90,2189
487,2023-03-16,18,6,602,402,290.63,69,5242
488,2024-07-26,72,11,600,401,312.81,61,12136
489,2022-03-02,53,13,601,403,414.98,80,10816
490,2024-01-08,69,3,600,401,350.53,95,2710
491,2023-12-07,52,5,600,401,300.19,28,236
492,2022-09-05,4,14,600,403,265.45,82,841
493,2022-10-17,19,2,600,402,54.96,74,3198
494,2024-06-22,86,15,601,403,416.92,14,13040
495,2022-05-10,3,5,604,402,441.49,55,2354
496,2024-08-23,75,15,601,402,120.6,6,6538
497,2023-02-21,34,10,602,403,317.08,73,14463
498,2023-04-25,34,15,604,403,352.27,22,4644
499,2024-01-18,13,11,603,401,294.64,63,2160
500,2024-09-07,79,15,601,400,296.47,48,4971
501,2025-06-21,80,12,601,401,72.9,74,9176
502,2022-09-10,31,15,602,400,494.19,18,14399
503,2023-07-26,88,8,600,402,216.28,41,13750
504,2024-09-14,77,9,605,400,158.48,89,6394
505,2024-07-18,87,1,601,401,62.59,54,5427
506,2023-05-29,80,15,604,403,412.31,56,1855
507,2025-06-06,99,2,603,403,412.12,78,6540
508,2023-08-14,97,7,603,400,185.2,61,4853
509,2023-08-15,25,14,603,400,262.31,9,10175
510,2024-03-01,56,10,601,403,330.14,55,11067
511,2024-02-17,8,11,604,403,220.84,22,3746
512,2023-10-11,77,6,600,401,277.22,29,3256
513,2025-03-14,42,13,602,401,292.39,34,14088
514,2023-08-21,51,10,602,403,167.55,39,8534
515,2023-07-29,8,9,603,400,71.47,24,8200
516,2025-01-14,53,1,603,400,113.67,49,10886
517,2023-09-17,62,2,600,400,302.65,83,3508
518,2025-04-24,85,6,600,400,336.85,19,1693
519,2022-05-02,79,14,600,403,221.77,79,4396
520,2024-07-27,61,4,600,403,217.54,19,11084
521,2025-06-28,67,14,605,402,70.68,40,11733
522,2024-02-06,20,9,604,400,215.18,88,7837
523,2024-12-16,31,5,605,401,322.82,72,2981
524,2022-02-08,81,1,600,402,177.83,65,4599
525,2022-05-15,2,15,603,400,378.41,90,11571
526,2023-07-30,47,7,603,400,430.9,88,8710
527,2022-07-05,86,5,600,401,315.37,64,6553
528,2024-10-05,6,12,600,402,460.96,21,6615
529,2025-04-14,1,9,600,400,485.43,57,11992
530,2023-07-21,93,13,600,403,137.8,89,4071
531,2024-06-14,35,2,605,400,110.78,69,5353
532,2023-07-04,38,8,602,402,194.46,86,2150
533,2025-02-08,28,11,604,403,173.0,26,1185
534,2023-07-19,57,2,600,403,333.81,23,3402
535,2023-05-10,6,4,603,400,293.17,94,5338
536,2023-04-01,79,2,604,400,287.71,94,12382
537,2023-09-18,14,8,602,401,137.81,12,4198
538,2024-11-06,52,1,603,402,279.24,11,11377
539,2022-03-13,16,4,602,400,256.51,84,6797
540,2022-12-25,21,11,604,402,276.99,24,8406
541,2024-08-05,1,4,605,402,498.08,35,14352
542,2022-06-10,6,9,604,400,186.57,56,406
543,2025-03-19,40,12,602,400,425.01,21,3567
544,2025-04-16,87,3,603,403,368.51,72,11049
545,2023-06-15,50,10,603,401,404.77,37,6773
546,2024-03-18,53,7,602,401,322.01,64,5736
547,2023-01-23,58,15,600,400,437.83,26,4060
548,2022-02-06,99,6,605,400,367.76,54,14646
549,2024-06-23,38,5,602,401,401.94,50,9632
550,2025-02-28,24,13,601,402,350.94,34,13662
551,2022-09-18,83,11,603,403,246.18,70,8161
552,2022-07-24,95,8,601,400,465.72,52,7627
553,2025-04-20,31,6,605,401,442.88,62,10184
554,2024-03-02,60,7,603,402,165.74,63,2685
555,2025-02-23,27,10,604,402,339.27,49,2392
556,2022-05-30,90,1,601,403,255.4,47,3572
557,2024-08-31,71,4,602,403,124.09,45,11833
558,2024-06-22,99,4,601,400,281.96,32,11226
559,2023-05-27,51,8,603,403,53.69,84,1486
560,2023-01-02,76,14,601,401,211.44,50,12379
561,2024-09-13,93,10,602,401,480.29,37,9561
562,2022-11-21,28,5,602,402,165.66,93,323
563,2024-05-27,96,2,605,400,266.26,12,314
564,2023-01-29,96,5,605,402,448.71,75,4100
565,2024-02-07,91,4,602,402,88.26,86,11937
566,2024-10-27,90,3,600,403,153.63,13,1430
567,2024-09-14,83,10,601,403,290.18,46,3455
568,2023-11-03,85,15,601,400,73.08,40,8432
569,2023-11-30,41,9,603,400,299.65,86,11137
570,2023-02-08,96,6,603,400,351.72,97,2364
571,2024-03-14,63,13,600,400,208.39,94,3703
572,2022-08-16,72,1,605,401,401.19,97,7008
573,2023-01-07,88,12,604,403,173.7,8,5938
574,2022-04-25,39,13,605,401,167.22,83,10544
575,2022-03-04,49,15,605,402,407.05,82,14941
576,2023-10-16,4,9,603,403,455.72,50,1968
577,2024-04-16,63,4,602,402,280.81,27,1724
578,2022-11-21,1,11,601,401,246.47,41,3184
579,2024-07-31,83,1,602,401,396.79,34,8694
580,2025-05-19,93,10,605,400,433.61,72,9476
581,2025-06-13,14,7,605,403,375.91,42,12381
582,2022-05-07,67,3,604,400,72.51,52,8989
583,2023-03-25,72,12,602,402,310.15,21,5954
584,2023-01-15,93,13,600,400,138.74,64,6245
585,2023-07-14,22,15,604,401,277.71,29,14565
586,2022-01-12,72,13,602,401,415.66,58,2848
587,2025-06-06,56,3,600,400,364.88,32,2736
588,2025-03-24,67,5,602,400,70.36,63,715
589,2022-12-28,5,9,601,402,227.86,51,9269
590,2025-04-04,58,8,605,403,310.51,33,9539
591,2022-12-26,79,14,600,400,353.62,74,950
592,2024-11-10,61,7,605,400,198.53,86,4646
593,2024-04-07,44,9,601,402,213.17,88,8524
594,2022-09-25,87,2,604,401,356.67,78,13505
595,2024-11-22,32,12,603,401,229.28,95,439
596,2023-12-23,12,15,603,401,176.36,99,10257
597,2022-07-06,36,13,605,401,444.02,84,4468
598,2025-03-12,53,7,602,403,365.16,12,2960
599,2024-03-21,54,2,605,402,71.85,10,14796
600,2022-03-01,10,15,605,402,213.51,61,2404
601,2023-11-04,35,4,604,400,343.79,78,8980
602,2024-07-19,15,14,602,403,76.56,6,10449
603,2022-12-06,63,1,604,402,76.96,12,13131
604,2023-06-09,36,14,603,401,236.63,52,13746
605,2023-01-12,16,11,603,402,270.41,79,9598
606,2024-08-28,5,14,602,401,195.2,7,3564
607,2022-01-06,4,9,604,401,496.29,21,12453
608,2024-11-07,5,10,602,402,103.61,64,10857
609,2025-05-25,83,5,601,402,450.13,12,11029
610,2022-07-07,39,14,603,403,96.12,46,7210
611,2023-01-02,47,2,602,401,215.54,84,643
612,2025-02-12,35,9,604,401,311.02,50,9089
613,2024-04-29,90,7,603,400,182.5,91,880
614,2022-03-18,76,4,600,400,285.39,48,11220
615,2024-04-30,92,4,602,403,232.51,65,1160
616,2022-12-11,96,7,600,402,159.84,11,4531
617,2024-06-14,14,14,603,401,488.92,91,10978
618,2023-11-13,89,5,602,401,483.38,83,1112
619,2022-05-23,15,13,604,402,248.15,12,2256
620,2022-08-17,9,2,601,403,247.33,39,7681
621,2024-11-27,23,4,603,402,81.38,89,3450
622,2024-05-17,79,7,603,402,140.39,79,14112
623,2022-05-21,64,5,602,401,446.38,73,966
624,2025-04-20,37,11,602,403,76.28,39,10264
625,2023-02-12,37,2,605,403,192.89,50,14558
626,2022-04-23,48,15,603,402,346.04,21,9554
627,2024-07-04,11,6,601,402,73.16,8,7362
628,2023-06-07,73,14,605,403,110.08,38,12654
629,2025-03-19,66,14,604,402,441.84,92,11802
630,2023-03-31,100,2,602,403,462.77,68,14687
631,2025-05-10,45,5,604,400,352.25,83,4651
632,2022-06-09,82,8,603,401,290.11,69,2765
633,2022-01-22,43,7,604,401,438.77,42,6278
634,2024-06-24,31,1,604,400,151.69,87,13402
635,2024-08-06,97,15,604,400,328.68,58,8287
636,2023-08-13,94,9,601,403,443.35,50,10978
637,2023-04-23,65,13,602,400,139.27,52,12325
638,2025-06-02,80,9,603,401,197.04,17,3395
639,2023-03-24,16,7,600,400,73.52,30,14766
640,2022-12-16,78,9,603,403,130.74,86,14492
641,2025-04-27,68,12,601,401,232.84,100,3963
642,2024-01-19,99,8,601,402,131.86,18,2810
643,2023-02-10,12,6,603,401,425.89,9,8796
644,2022-12-09,53,7,605,400,404.69,98,11377
645,2023-07-11,48,9,602,400,140.96,57,9408
646,2024-02-22,23,15,600,402,477.51,84,9229
647,2025-04-17,90,1,605,403,51.62,61,5430
648,2023-03-11,50,15,602,401,209.64,88,1359
649,2025-06-27,32,1,604,403,425.52,46,14826
650,2024-12-13,94,12,603,401,482.32,40,13715
651,2024-05-14,19,12,605,403,367.04,9,1478
652,2023-08-01,89,8,600,400,267.71,46,6129
653,2024-02-26,67,9,603,403,239.85,41,5934
654,2025-01-04,19,6,602,401,79.95,16,13094
655,2023-10-14,29,12,603,401,441.71,98,14164
656,2023-02-28,27,15,605,402,275.48,39,11560
657,2023-09-20,80,13,601,401,244.96,83,4560
658,2025-06-24,55,5,600,403,260.84,81,6801
659,2024-08-28,90,8,603,400,260.76,82,5149
660,2024-01-12,85,9,605,402,261.01,23,1905
661,2023-07-25,84,15,601,401,108.96,69,2571
662,2023-04-15,75,14,604,401,445.62,99,5797
663,2023-01-03,96,14,600,401,323.63,12,5023
664,2023-01-19,42,1,600,402,356.84,69,14744
665,2024-08-22,13,3,605,400,295.47,43,6021
666,2022-12-27,79,9,603,400,148.54,84,9473
667,2025-03-12,70,2,601,402,215.46,28,5501
668,2023-11-14,78,12,605,400,316.66,72,13150
669,2022-12-12,97,15,605,400,119.02,29,2767
670,2023-11-13,42,11,605,403,79.41,90,13070
671,2024-05-24,96,12,605,403,253.39,56,5357
672,2024-03-22,41,8,603,403,151.59,42,4299
673,2025-02-01,45,3,600,401,199.45,79,3335
674,2022-08-04,82,12,605,402,260.42,36,14781
675,2025-03-14,29,14,605,400,437.45,45,3456
676,2025-02-25,91,4,604,402,228.61,86,13649
677,2023-03-04,31,4,604,402,332.84,92,905
678,2025-02-18,96,4,604,403,74.59,47,1444
679,2023-01-30,87,5,602,402,287.18,45,9980
680,2022-12-11,20,13,601,403,443.46,66,2503
681,2023-11-25,97,1,602,401,184.24,5,11032
682,2023-04-12,26,15,602,401,309.16,39,13800
683,2024-09-18,60,6,602,401,303.7,65,4649
684,2023-02-11,56,2,601,400,201.81,57,873
685,2024-03-03,74,1,605,403,402.58,40,6954
686,2024-03-01,79,12,602,400,477.13,90,8150
687,2022-03-07,16,3,603,403,439.88,92,2785
688,2022-04-23,23,5,601,400,117.46,81,5676
689,2024-11-28,96,6,605,403,449.3,26,5439
690,2024-02-17,21,12,602,400,252.3,87,10593
691,2023-08-22,91,4,601,402,117.78,23,1027
692,2022-07-23,20,10,602,403,90.55,5,13243
693,2024-08-07,22,15,603,402,179.66,72,2604
694,2022-05-22,99,11,603,402,285.08,76,7102
695,2025-06-18,3,8,603,400,197.47,82,14333
696,2023-03-02,63,3,604,402,115.12,35,7259
697,2024-10-17,65,7,601,402,351.81,25,11139
698,2025-05-22,99,13,600,401,499.69,98,1959
699,2024-12-22,26,13,600,403,349.89,83,13625
700,2024-01-24,76,11,603,400,426.98,89,1243
701,2022-03-21,69,15,602,403,441.73,62,3733
702,2023-08-19,59,14,605,400,480.27,68,14327
703,2024-03-23,22,15,600,400,93.19,13,11873
704,2023-01-12,98,14,603,403,130.19,75,4746
705,2024-02-26,73,14,601,402,490.41,82,8754
706,2022-12-23,80,5,601,401,484.71,61,4901
707,2023-04-05,69,4,602,401,71.59,54,9959
708,2022-02-17,2,5,605,400,372.08,17,8456
709,2024-04-01,57,11,600,401,286.6,71,13615
710,2022-09-23,39,5,603,400,374.06,30,1226
711,2022-10-24,59,13,603,402,331.5,35,6736
712,2022-06-14,47,12,600,401,97.44,56,8015
713,2023-01-02,41,3,604,400,240.01,50,7186
714,2024-06-03,13,11,600,402,255.76,61,4333
715,2025-04-02,62,4,602,400,83.59,11,2763
716,2023-09-28,89,11,601,402,425.13,58,1414
717,2023-02-11,19,8,601,400,135.67,80,11094
718,2024-01-23,90,14,602,400,150.13,67,14685
719,2022-10-10,41,5,600,401,388.29,7,9526
720,2024-04-23,74,9,605,401,303.78,27,570
721,2024-04-06,79,12,604,401,317.69,86,4991
722,2024-04-28,37,13,602,400,339.93,87,10053
723,2025-05-18,89,1,604,403,53.48,47,3246
724,2023-11-09,6,10,602,401,91.36,29,4137
725,2022-04-12,71,1,600,403,331.58,90,814
726,2023-10-19,84,7,604,400,173.7,95,14529
727,2025-05-18,96,9,604,403,271.48,28,4796
728,2023-07-23,22,11,602,401,91.77,32,12214
729,2025-05-20,9,15,601,403,157.52,16,9594
730,2024-11-20,54,9,605,400,237.39,49,13756
731,2024-04-11,15,9,601,400,207.19,50,11066
732,2025-03-27,21,8,604,403,69.52,53,2417
733,2022-12-08,57,7,604,401,459.86,42,586
734,2024-08-26,68,11,600,401,168.22,14,12418
735,2023-06-19,58,9,602,402,96.55,35,7160
736,2023-01-08,48,1,603,401,438.27,24,2815
737,2023-12-30,20,2,601,403,319.89,95,9823
738,2023-11-23,34,13,601,401,221.92,95,3179
739,2023-03-16,8,8,602,401,53.46,56,7545
740,2024-06-25,76,4,601,403,338.12,8,13516
741,2024-07-16,74,3,603,400,199.7,44,8599
742,2023-11-13,17,5,600,400,476.73,20,5835
743,2024-06-29,5,13,605,400,295.4,51,4369
744,2023-10-11,93,4,601,402,387.96,59,10791
745,2024-07-15,6,4,602,402,143.85,20,5743
746,2025-06-28,87,15,603,403,109.96,68,8115
747,2023-06-08,49,15,604,400,462.34,98,11980
748,2022-11-19,49,7,600,401,444.2,93,11712
749,2022-08-23,40,7,601,401,331.01,59,10174
750,2025-01-14,82,8,604,403,228.72,21,14770
751,2023-05-28,99,11,600,400,354.85,80,6854
752,2023-10-04,24,1,602,402,463.47,31,13260
753,2025-02-25,88,12,605,402,244.01,9,14741
754,2023-01-08,90,2,603,402,436.08,57,2504
755,2025-05-28,49,3,603,403,127.27,38,2000
756,2024-01-20,35,15,603,400,460.74,17,13214
757,2023-10-10,23,9,600,403,405.85,71,6173
758,2024-09-11,11,15,603,403,201.81,90,5072
759,2025-05-03,96,13,601,403,149.91,36,1534
760,2024-09-22,25,10,602,400,161.66,68,8619
761,2025-06-05,60,12,605,403,309.93,11,2224
762,2022-06-06,9,14,603,400,488.28,13,5896
763,2024-04-16,83,12,604,402,170.64,13,10559
764,2022-10-04,9,4,601,402,429.44,69,8957
765,2025-05-23,94,9,602,402,298.81,42,6085
766,2022-03-22,20,15,604,401,171.54,67,6680
767,2024-10-31,89,13,604,403,496.9,76,14058
768,2024-08-11,80,1,603,400,468.05,82,12453
769,2022-11-01,13,2,603,400,357.78,37,4482
770,2022-05-08,78,1,601,400,104.42,25,6169
771,2023-03-09,72,2,601,401,337.62,8,2739
772,2022-06-26,64,7,602,403,71.39,32,6285
773,2022-06-05,37,15,604,402,77.08,5,8658
774,2022-12-02,54,10,603,403,325.99,81,5338
775,2023-02-20,44,12,600,400,93.55,66,3193
776,2024-08-19,29,1,604,400,337.99,38,3770
777,2024-09-24,19,4,600,400,333.61,51,1082
778,2023-07-10,18,15,601,403,237.18,50,13496
779,2024-12-16,74,8,603,400,176.65,12,3499
780,2025-02-01,3,15,601,401,316.04,6,5627
781,2024-10-26,8,11,605,403,254.32,61,8538
782,2022-01-22,36,1,601,402,71.25,50,12938
783,2023-02-02,19,1,605,401,475.69,45,9835
784,2022-10-10,42,11,603,402,172.14,76,8943
785,2024-06-27,3,14,605,403,132.39,13,8296
786,2024-06-20,14,5,603,401,56.72,50,1055
787,2025-05-09,62,13,602,403,223.96,70,3672
788,2024-09-19,23,15,605,401,429.63,89,434
789,2024-04-18,37,6,602,400,453.05,91,4705
790,2023-07-14,13,12,602,401,232.29,10,14927
791,2023-11-18,70,1,600,401,74.14,70,9141
792,2023-06-21,8,10,601,403,200.43,37,4553
793,2024-04-12,13,1,603,403,59.55,48,2351
794,2023-11-01,24,6,600,400,362.66,47,1849
795,2023-12-05,97,3,600,400,311.28,21,762
796,2022-08-25,78,1,605,402,131.72,36,7118
797,2022-11-27,52,8,600,401,55.05,47,735
798,2024-03-04,8,10,600,400,237.94,7,4723
799,2022-08-01,87,4,602,403,417.23,89,3293
800,2022-01-28,86,8,605,403,313.34,85,7765
801,2022-05-27,2,9,602,401,277.66,21,6457
802,2022-03-09,100,4,601,400,163.57,81,8131
803,2024-03-01,50,7,600,401,268.34,89,1541
804,2023-10-12,46,9,604,401,299.4,84,9321
805,2023-06-15,70,2,602,400,61.79,78,10174
806,2024-08-22,66,3,602,402,392.92,85,1642
807,2023-05-27,70,1,603,402,340.01,60,6356
808,2022-11-13,80,1,601,403,58.65,95,14667
809,2024-10-29,17,2,604,401,419.03,78,9763
810,2023-01-13,98,13,603,403,366.76,88,4067
811,2025-04-24,51,8,600,401,123.78,37,8611
812,2024-10-08,52,12,601,401,304.21,44,1520
813,2024-03-06,37,4,604,400,223.96,10,13791
814,2024-02-19,56,2,600,401,174.8,80,6762
815,2025-03-21,17,13,601,402,165.5,17,9007
816,2023-05-30,36,7,605,401,185.39,43,4585
817,2025-03-04,22,14,602,403,423.82,8,6411
818,2024-04-28,93,8,600,402,186.02,76,9847
819,2022-11-26,96,13,602,402,213.38,42,4237
820,2023-09-17,90,7,605,401,123.24,83,2613
821,2023-02-28,24,13,601,400,205.5,22,12355
822,2024-06-19,63,5,604,400,360.62,52,7721
823,2022-08-07,71,3,605,402,239.33,72,9621
824,2023-12-23,28,12,602,403,184.91,48,3807
825,2023-03-05,11,14,603,403,313.75,22,9506
826,2022-11-20,91,7,605,400,119.83,35,11365
827,2023-04-12,75,8,604,403,370.6,58,6445
828,2024-09-29,44,14,604,403,233.05,26,8255
829,2022-12-25,47,1,603,403,87.99,81,10008
830,2022-06-26,55,3,601,403,288.11,92,10278
831,2023-03-12,38,12,602,401,326.08,59,7108
832,2024-11-20,51,4,601,403,468.09,67,5525
833,2025-02-10,51,2,600,403,134.72,57,12937
834,2022-03-11,79,1,602,402,462.94,69,9971
835,2025-03-30,40,1,603,401,88.44,32,13801
836,2025-03-01,22,4,602,403,373.94,41,6445
837,2022-03-02,97,8,601,400,374.79,13,2952
838,2023-03-13,88,12,600,402,140.52,73,7474
839,2023-09-10,31,12,604,403,327.92,9,11114
840,2024-10-08,40,15,605,400,77.13,63,13128
841,2025-04-28,61,6,603,403,168.7,86,8714
842,2022-08-13,36,4,601,400,154.98,21,10676
843,2025-01-21,9,5,603,401,420.31,7,6913
844,2024-12-30,63,3,604,400,101.46,10,5271
845,2023-11-11,13,4,601,403,63.17,90,3587
846,2023-11-20,59,8,605,400,281.1,52,1187
847,2022-09-13,59,5,601,403,256.68,74,12575
848,2025-05-10,93,11,602,402,334.11,86,1659
849,2023-06-13,15,12,603,401,201.31,44,678
850,2023-06-21,10,9,605,403,329.05,12,3995
851,2023-09-09,64,15,602,400,64.7,89,3436
852,2022-10-06,31,4,601,401,66.63,31,7527
853,2025-03-25,91,4,600,400,453.64,25,9415
854,2024-05-22,36,12,604,402,173.52,54,10723
855,2022-05-14,81,15,601,401,91.9,49,382
856,2024-05-18,2,13,600,400,70.56,37,5376
857,2024-05-03,13,1,603,401,153.1,29,11375
858,2023-09-27,1,8,604,400,381.08,75,112
859,2023-03-10,87,13,600,401,324.56,48,6797
860,2023-09-07,15,9,603,400,472.9,34,8794
861,2024-09-16,57,11,605,402,438.17,49,1711
862,2024-08-01,77,7,603,402,54.8,93,707
863,2024-08-12,46,9,603,403,176.23,31,13099
864,2023-12-11,45,10,600,401,145.29,80,6228
865,2023-01-29,48,8,605,400,187.25,68,3908
866,2025-02-22,47,4,603,403,59.91,62,9792
867,2024-07-11,80,14,600,402,237.76,15,14052
868,2023-05-28,9,4,603,401,406.52,20,4884
869,2022-07-16,60,1,605,400,438.51,97,1599
870,2022-01-31,35,7,600,401,253.55,16,4951
871,2023-12-26,69,10,605,403,383.82,66,2726
872,2023-12-08,19,12,602,401,68.09,28,2338
873,2022-02-06,7,7,602,403,285.32,33,7580
874,2025-03-19,92,5,605,402,211.59,87,11719
875,2025-03-28,5,1,604,403,208.04,61,1686
876,2025-01-18,14,7,602,400,426.0,35,9997
877,2023-01-31,50,11,600,400,469.21,89,8953
878,2024-11-11,13,4,604,401,439.43,20,6358
879,2024-10-24,31,4,604,402,480.08,10,14139
880,2024-10-09,55,11,605,402,221.46,19,7281
881,2025-05-14,58,14,605,400,210.81,24,1739
882,2022-08-05,94,12,605,402,160.39,83,11615
883,2024-07-26,77,2,604,402,439.41,40,9512
884,2024-09-29,76,10,605,403,366.02,80,7094
885,2024-07-24,65,14,605,400,117.97,79,7763
886,2025-06-15,95,12,600,402,193.3,84,11911
887,2022-05-29,55,14,604,402,211.91,64,14001
888,2024-06-02,18,1,601,401,223.31,28,7835
889,2024-08-18,95,15,603,402,94.65,69,9300
890,2023-08-27,24,6,604,400,71.12,70,13001
891,2022-09-02,44,15,600,401,319.37,69,6555
892,2024-07-01,94,7,603,401,123.71,86,3061
893,2024-01-01,89,15,604,401,373.63,40,4319
894,2024-06-01,18,1,602,400,107.48,19,5942
895,2023-01-12,62,10,602,400,333.77,15,12974
896,2022-03-15,16,10,604,401,494.34,68,1476
897,2025-02-01,98,10,602,403,402.98,62,1591
898,2022-12-19,79,6,604,401,492.11,100,11928
899,2023-10-15,76,2,600,401,451.7,46,3983
900,2023-11-11,90,11,601,401,163.14,56,7205
901,2024-08-03,28,6,601,402,84.25,50,14702
902,2024-08-26,77,2,601,403,299.99,38,2678
903,2023-11-02,3,2,604,401,56.48,22,7537
904,2025-01-16,82,13,602,401,481.27,70,14749
905,2022-04-11,39,1,601,401,74.91,9,11807
906,2024-11-21,22,4,603,402,265.15,12,3574
907,2023-01-20,55,4,605,402,127.89,50,4432
908,2022-04-13,10,2,600,403,410.92,23,995
909,2024-10-29,80,5,604,403,342.47,83,11552
910,2023-04-03,51,5,603,403,178.3,13,11651
911,2024-03-11,20,9,604,401,378.94,99,9365
912,2022-10-15,35,15,602,401,264.45,64,10430
913,2022-02-19,18,13,603,402,317.15,76,6569
914,2022-10-11,52,15,601,402,438.14,90,6737
915,2022-12-07,12,6,605,400,255.57,57,13083
916,2024-11-13,67,3,605,403,274.75,98,13840
917,2022-04-30,43,2,601,403,487.07,74,2796
918,2025-06-01,100,10,605,402,476.56,97,898
919,2022-02-02,81,7,605,403,137.1,68,910
920,2025-03-06,20,5,600,401,303.41,63,13308
921,2023-01-16,4,11,603,400,326.3,99,8443
922,2022-01-20,53,12,602,403,391.12,42,10429
923,2023-08-06,66,2,605,401,427.64,94,8298
924,2025-05-13,79,3,604,400,90.81,43,9577
925,2023-10-08,15,8,602,402,119.94,38,6110
926,2022-12-01,60,7,603,402,257.17,68,493
927,2022-05-29,75,9,605,401,67.25,100,12648
928,2024-11-30,74,10,601,400,284.28,91,1205
929,2022-07-06,77,9,605,401,208.52,46,14849
930,2023-03-20,22,13,604,401,289.16,67,2460
931,2023-08-17,18,14,605,403,425.33,62,11052
932,2024-01-30,68,7,603,403,288.84,25,13944
933,2023-03-06,78,9,602,401,128.61,53,12327
934,2023-01-22,22,9,605,403,235.0,75,11133
935,2022-09-08,9,1,601,401,171.1,48,1381
936,2022-02-14,14,6,604,402,217.67,77,11949
937,2023-01-19,49,7,603,401,309.79,41,1134
938,2023-12-16,65,7,603,402,104.9,7,1024
939,2023-12-22,12,3,603,400,357.54,11,6206
940,2023-06-01,70,14,605,403,154.95,81,3544
941,2022-07-08,59,1,600,403,336.74,37,14747
942,2024-11-19,33,2,603,402,215.96,77,7802
943,2023-06-07,78,15,601,403,332.28,65,2066
944,2023-06-09,29,4,603,403,84.33,7,13216
945,2023-05-17,9,15,605,402,458.19,43,14915
946,2025-01-08,44,8,602,400,74.67,65,13649
947,2023-08-10,65,12,600,403,299.27,17,2005
948,2023-08-18,50,11,601,402,416.2,56,8008
949,2022-07-03,65,5,601,402,286.32,56,11015
950,2023-11-01,92,6,601,401,297.09,24,14431
951,2024-12-30,60,13,603,402,202.09,52,4792
952,2024-08-02,42,3,601,403,254.64,37,12209
953,2022-08-14,81,13,602,400,59.04,52,4981
954,2024-02-22,48,6,604,403,221.05,33,3066
955,2024-08-01,63,3,600,400,413.11,50,11973
956,2024-03-21,94,7,603,400,218.35,24,3159
957,2024-09-09,46,2,602,402,254.03,17,7065
958,2022-02-04,90,8,603,401,254.59,75,2014
959,2022-03-08,15,12,604,402,143.57,36,6606
960,2022-02-06,1,10,605,401,65.86,68,1502
961,2022-07-27,98,5,605,402,335.49,8,8331
962,2022-07-11,6,7,601,403,472.41,43,2317
963,2023-02-06,29,12,605,403,378.28,98,2098
964,2025-04-10,90,8,601,403,444.79,84,6432
965,2023-09-13,41,12,600,402,124.7,90,6948
966,2023-10-13,33,10,602,402,416.07,52,3662
967,2022-01-31,63,4,603,403,464.74,95,601
968,2024-09-22,12,15,603,400,466.15,26,8353
969,2023-09-21,27,8,603,401,287.56,90,156
970,2023-11-10,50,2,601,402,114.24,86,965
971,2023-09-05,74,5,605,403,158.68,96,13722
972,2024-10-19,32,6,602,400,432.79,73,9429
973,2024-03-01,5,4,605,402,248.5,64,1558
974,2025-06-09,37,4,604,401,417.43,82,10382
975,2024-03-09,36,9,604,402,122.29,37,14048
976,2022-10-21,67,6,600,403,58.27,51,3029
977,2022-02-17,63,9,600,403,233.74,11,10725
978,2022-06-25,31,10,602,400,74.4,98,10811
979,2024-10-17,98,15,602,400,93.07,87,12954
980,2022-12-09,80,6,603,401,294.72,80,5027
981,2023-08-22,71,8,601,402,65.58,35,8376
982,2024-05-14,85,6,600,401,88.04,89,5343
983,2024-10-10,12,14,603,401,124.34,51,10924
984,2022-09-30,12,5,601,402,250.45,85,9568
985,2022-10-14,40,3,605,400,65.34,32,4609
986,2024-03-01,45,10,602,400,265.73,18,4881
987,2023-11-28,54,7,604,401,235.52,97,14296
988,2023-10-20,91,8,602,400,262.75,12,4966
989,2022-05-03,76,5,604,402,392.84,8,568
990,2024-03-08,59,14,604,400,335.71,56,7407
991,2024-05-04,46,1,605,401,198.26,10,2306
992,2022-12-28,11,15,604,402,96.72,89,8246
993,2025-01-23,68,15,603,403,434.72,89,14536
994,2024-09-13,15,8,604,403,499.28,26,6851
995,2024-09-23,68,14,605,402,295.84,17,8300
996,2024-11-04,86,6,600,400,367.76,79,14593
997,2023-09-16,64,12,605,403,350.79,49,1771
998,2022-11-27,53,1,601,403,307.63,39,4959
999,2025-05-01,42,15,600,401,372.66,18,9220
1000,2024-08-14,73,6,603,403,126.34,34,13716
1001,2023-04-04,56,15,605,401,91.73,6,4628
1002,2022-09-26,51,12,602,401,469.51,33,1616
1003,2024-04-14,81,2,603,401,445.28,46,5153
1004,2024-06-05,74,5,602,401,388.63,18,3869
1005,2022-07-26,98,10,602,401,444.07,61,11720
1006,2023-11-27,79,7,604,400,360.05,33,9238
1007,2023-02-16,56,14,602,403,405.11,40,6948
1008,2022-01-19,96,7,601,401,126.79,8,3797
1009,2022-10-15,60,15,602,400,478.18,75,9830
1010,2022-05-12,5,5,603,401,257.34,52,2134
1011,2024-12-03,37,5,603,402,441.95,11,3985
1012,2022-02-05,93,10,602,403,106.36,85,12006
1013,2023-07-31,58,13,604,400,413.64,80,4626
1014,2022-03-31,21,5,601,403,236.07,13,2949
1015,2022-12-15,47,12,601,403,437.04,20,14763
1016,2023-04-02,90,10,603,401,303.96,90,3718
1017,2024-12-17,84,7,602,401,382.92,55,6685
1018,2023-01-23,86,14,604,403,172.97,14,4608
1019,2022-04-06,88,12,603,400,104.35,100,12104
1020,2025-04-15,77,8,601,402,455.86,65,5517
1021,2024-12-02,10,5,603,400,163.05,60,6035
1022,2024-10-22,12,7,601,401,264.39,55,8481
1023,2024-10-05,22,6,604,402,105.18,53,6527
1024,2025-03-02,84,5,601,400,151.75,47,7967
1025,2023-01-07,31,15,603,403,101.94,77,4989
1026,2022-11-29,27,5,600,402,425.72,40,5025
1027,2022-05-13,15,8,601,403,225.18,70,1784
1028,2022-02-14,96,11,602,402,483.44,14,1984
1029,2023-02-26,49,6,604,402,344.74,26,7983
1030,2022-10-29,4,15,603,400,309.24,52,968
1031,2023-11-15,98,7,601,401,450.56,94,1698
1032,2022-11-05,60,1,601,403,390.98,17,6712
1033,2024-05-12,48,8,604,401,88.21,12,4621
1034,2024-12-18,46,15,600,403,317.54,59,3204
1035,2022-01-28,57,12,600,401,128.1,24,5311
1036,2024-12-29,33,13,605,401,256.12,81,1176
1037,2025-03-21,100,13,605,402,178.43,67,11011
1038,2025-04-16,82,10,602,400,205.1,85,4934
1039,2024-03-12,92,2,602,400,460.09,97,12591
1040,2022-01-31,2,12,603,402,423.4,69,2915
1041,2025-03-14,94,4,603,403,369.13,18,7090
1042,2024-01-29,79,3,602,400,340.52,47,14957
1043,2024-05-08,13,12,602,403,63.1,79,11388
1044,2024-01-10,40,2,601,403,220.14,79,8884
1045,2025-01-10,24,10,605,401,362.27,22,8155
1046,2024-07-24,59,10,603,401,66.64,57,8276
1047,2022-11-30,3,6,604,402,334.13,15,14008
1048,2023-09-10,38,12,602,403,484.1,34,7079
1049,2022-11-10,48,8,605,403,269.94,23,12126
1050,2023-10-15,70,5,604,401,201.27,62,7835
1051,2024-03-22,44,3,601,402,355.62,61,3869
1052,2024-01-30,35,14,601,402,292.38,81,14251
1053,2023-04-27,12,10,602,402,124.24,71,3616
1054,2022-01-25,3,13,605,402,376.75,34,4532
1055,2024-01-14,78,15,604,400,119.25,10,4420
1056,2023-11-17,3,2,601,401,393.25,21,1538
1057,2024-07-02,58,6,601,402,429.78,71,6064
1058,2022-11-04,90,13,602,401,265.57,100,2122
1059,2024-07-21,38,7,605,400,324.05,22,7861
1060,2025-05-14,13,9,603,400,422.48,58,7332
1061,2022-10-06,90,3,600,400,301.19,35,10549
1062,2023-05-22,75,4,605,400,443.17,71,8217
1063,2022-06-08,95,9,604,403,372.68,83,14493
1064,2023-01-30,25,12,604,402,258.44,100,5674
1065,2022-10-20,40,4,600,402,433.91,92,2160
1066,2024-10-22,67,6,603,402,283.92,97,10502
1067,2025-06-11,8,10,604,401,355.03,15,9010
1068,2023-02-16,8,10,600,400,384.99,95,5781
1069,2022-02-26,69,9,601,400,268.3,32,1631
1070,2024-05-02,61,11,602,403,406.04,97,10535
1071,2022-08-18,31,11,602,401,450.87,85,3593
1072,2023-07-13,93,15,603,402,224.95,48,1229
1073,2024-12-12,18,12,601,403,121.87,43,8593
1074,2025-04-02,51,10,600,400,234.12,16,10087
1075,2023-08-05,44,12,604,400,203.55,27,4204
1076,2022-08-10,18,2,600,402,230.78,96,2357
1077,2025-03-07,36,1,600,402,54.3,17,13001
1078,2022-12-06,5,7,604,400,226.62,44,9218
1079,2025-02-25,62,12,602,400,401.2,71,2197
1080,2022-07-14,28,12,601,400,298.55,34,7434
1081,2025-02-26,69,8,604,403,103.59,95,5780
1082,2025-04-10,94,7,605,400,197.15,45,5262
1083,2024-05-27,64,11,604,401,468.11,86,9548
1084,2025-03-19,35,13,604,401,206.58,93,2132
1085,2023-01-07,45,10,600,402,448.6,87,10165
1086,2023-07-30,76,6,602,403,115.04,59,11311
1087,2022-04-05,27,11,603,402,348.73,70,4257
1088,2023-07-15,97,1,604,400,50.09,28,5850
1089,2024-02-23,45,15,602,401,272.58,75,3395
1090,2025-05-04,34,5,605,401,52.66,73,13192
1091,2024-10-11,62,3,600,402,256.36,63,13328
1092,2023-04-19,61,12,604,402,366.54,69,3608
1093,2024-06-21,23,11,601,402,262.04,73,12732
1094,2022-12-25,14,3,604,401,79.87,59,12346
1095,2023-05-18,3,15,603,401,423.4,86,9202
1096,2023-07-12,70,13,601,401,358.07,22,5763
1097,2025-04-27,10,15,602,403,178.16,43,10552
1098,2023-04-21,83,12,605,402,106.23,18,11653
1099,2022-11-23,79,3,600,400,288.28,70,8457
1100,2022-04-22,85,12,602,400,494.4,85,3865
1101,2022-07-19,90,6,601,403,421.53,31,4626
1102,2023-04-26,19,1,600,402,324.95,73,8540
1103,2022-09-22,21,5,602,401,495.9,55,13729
1104,2025-02-24,77,12,602,402,343.0,8,1884
1105,2023-10-09,66,13,600,401,469.57,64,10073
1106,2023-02-18,83,5,605,401,397.59,12,12422
1107,2025-05-23,3,3,600,402,496.34,40,4014
1108,2022-06-04,79,10,605,402,351.44,88,2431
1109,2024-08-24,20,1,600,403,388.3,54,6270
1110,2025-04-27,8,9,602,403,115.76,89,11235
1111,2023-01-08,19,10,603,401,144.16,5,3568
1112,2025-06-04,52,5,604,403,410.53,89,11216
1113,2023-11-01,95,15,604,403,365.48,53,7805
1114,2024-07-06,23,11,604,402,246.29,25,1551
1115,2025-01-31,68,12,604,402,453.54,51,10051
1116,2023-08-02,67,10,602,400,87.98,43,1765
1117,2024-06-28,37,6,603,401,382.85,51,1987
1118,2023-12-15,41,7,604,400,121.53,72,13551
1119,2024-09-17,34,13,602,403,110.4,8,14414
1120,2022-10-04,7,15,604,400,223.41,47,10860
1121,2023-02-08,72,2,601,402,413.97,71,1894
1122,2024-06-18,6,2,605,402,190.31,22,3674
1123,2025-06-02,92,5,601,402,121.31,88,4712
1124,2024-12-30,40,1,601,402,227.66,98,5841
1125,2024-07-06,59,9,601,402,422.49,51,9572
1126,2025-04-12,31,10,603,400,291.92,52,3214
1127,2022-06-13,44,11,604,403,261.5,14,5576
1128,2025-02-25,52,8,600,402,228.38,53,2309
1129,2023-07-11,69,13,600,403,146.71,41,14038
1130,2022-06-27,23,11,603,402,100.46,61,9051
1131,2022-01-30,9,5,601,403,379.4,96,8098
1132,2022-08-09,13,10,601,400,344.28,60,13475
1133,2023-03-14,2,10,604,402,491.21,51,3035
1134,2024-03-20,2,8,604,403,186.33,26,8402
1135,2023-09-18,95,9,602,403,446.28,71,8505
1136,2024-04-09,90,6,603,402,167.68,57,3034
1137,2023-09-05,42,7,603,402,377.28,45,7237
1138,2023-10-08,56,14,602,403,405.82,54,6246
1139,2023-07-23,43,7,605,402,451.46,27,2598
1140,2023-05-08,60,2,600,401,428.72,22,11560
1141,2024-02-15,26,13,603,400,302.68,65,6161
1142,2023-08-08,99,1,601,403,129.39,20,238
1143,2025-02-12,17,11,605,403,450.67,49,11199
1144,2022-12-11,53,10,605,401,467.14,93,5491
1145,2023-09-14,92,8,600,400,457.58,74,438
1146,2023-06-26,50,11,602,402,102.0,83,180
1147,2022-01-15,20,4,604,403,437.03,37,13527
1148,2022-04-02,27,7,602,403,387.19,11,13489
1149,2023-08-07,77,2,603,402,441.79,43,10647
1150,2025-02-07,56,5,603,402,432.32,30,804
1151,2024-04-01,97,7,605,402,345.12,69,10738
1152,2024-06-08,43,13,604,400,288.01,19,1775
1153,2025-06-15,9,3,600,401,363.03,48,5802
1154,2023-01-18,83,1,603,400,349.85,75,2736
1155,2024-04-16,50,1,603,402,155.95,76,9692
1156,2025-05-16,61,14,603,400,371.66,34,3011
1157,2023-01-03,85,15,604,403,392.22,38,11653
1158,2022-02-10,15,9,600,400,243.95,40,4471
1159,2025-01-05,20,15,605,403,480.03,14,14525
1160,2022-11-20,77,15,602,401,347.67,13,14153
1161,2024-07-03,73,14,602,400,394.4,26,4473
1162,2023-06-22,85,14,602,401,150.55,88,5422
1163,2022-01-04,90,6,605,402,439.67,10,235
1164,2024-03-21,13,10,602,400,328.09,98,14355
1165,2023-10-16,11,10,600,400,173.2,97,1352
1166,2024-12-18,77,9,600,401,246.31,31,9944
1167,2025-04-18,38,11,605,400,113.03,93,10759
1168,2022-07-19,19,7,600,400,174.66,6,3580
1169,2024-12-12,98,1,600,401,268.65,63,7310
1170,2022-10-22,81,6,603,400,93.45,12,10593
1171,2022-11-02,30,4,602,403,171.35,54,5938
1172,2023-11-21,39,5,600,402,111.51,50,5920
1173,2022-07-06,69,12,601,403,202.06,5,8397
1174,2024-05-24,41,11,605,402,463.99,30,921
1175,2023-05-09,74,15,601,403,326.44,71,7152
1176,2025-01-24,56,14,600,401,114.99,83,2898
1177,2024-02-15,29,8,604,400,133.41,67,3878
1178,2022-10-19,51,5,602,403,99.92,68,11286
1179,2023-02-06,8,13,601,401,437.7,33,3471
1180,2023-08-20,6,3,604,401,331.3,39,306
1181,2024-07-22,90,14,605,402,366.56,88,1989
1182,2024-10-07,49,4,602,401,120.35,77,452
1183,2023-02-26,64,8,605,402,303.99,75,2919
1184,2023-09-18,93,10,604,402,201.97,11,2114
1185,2023-04-09,58,15,604,400,163.04,92,6315
1186,2023-08-14,71,7,605,400,92.8,53,10375
1187,2023-04-13,76,5,605,403,420.19,83,6276
1188,2025-01-24,3,12,605,401,233.36,70,242
1189,2023-08-24,40,12,602,402,107.43,96,2623
1190,2022-11-20,59,4,600,402,242.82,83,14236
1191,2023-05-06,5,9,602,403,276.72,47,7476
1192,2024-11-21,20,1,605,402,188.68,13,7492
1193,2023-11-09,67,6,600,403,87.41,17,924
1194,2024-02-03,62,4,602,401,65.1,50,1526
1195,2024-06-19,85,2,602,400,105.84,9,5014
1196,2022-08-16,24,9,601,402,453.75,40,10008
1197,2023-07-04,26,4,601,402,78.56,74,7632
1198,2025-02-14,45,12,605,400,250.38,8,11891
1199,2022-04-25,47,5,604,403,285.78,32,13669
1200,2024-11-24,100,4,605,400,321.81,60,5843
1201,2024-12-13,78,9,605,402,126.68,32,6179
1202,2024-11-17,40,5,601,401,192.57,76,12796
1203,2022-07-27,78,1,603,400,475.16,99,9324
1204,2025-02-13,91,8,603,402,281.54,21,7438
1205,2024-06-28,17,10,604,402,440.33,65,9683
1206,2022-11-11,22,6,604,402,239.77,61,5274
1207,2024-08-11,92,13,603,400,255.82,40,3958
1208,2022-04-07,38,12,605,400,179.83,48,4270
1209,2024-04-16,12,1,600,401,223.97,45,14518
1210,2023-12-18,46,3,602,400,430.0,41,3429
1211,2024-03-23,4,2,604,402,210.77,78,9792
1212,2022-04-02,24,3,601,402,243.59,49,11563
1213,2024-04-12,55,9,605,402,133.1,26,12560
1214,2023-11-17,38,8,603,401,262.52,88,6967
1215,2024-04-13,50,13,602,401,208.24,21,10938
1216,2023-07-09,90,2,603,400,161.1,78,10809
1217,2022-12-22,20,4,603,402,149.33,91,2483
1218,2022-06-18,15,15,601,401,415.58,31,13072
1219,2025-02-06,59,11,604,402,287.34,27,12988
1220,2022-08-05,100,4,601,403,180.52,47,7744
1221,2022-11-23,81,7,603,401,343.66,60,6623
1222,2023-10-12,63,7,603,403,117.99,76,2109
1223,2024-04-17,25,14,602,403,62.58,67,13229
1224,2023-07-31,36,13,601,400,306.6,76,9105
1225,2023-08-30,82,5,605,402,290.48,13,14438
1226,2023-06-12,92,10,600,400,486.83,47,5535
1227,2025-04-29,26,12,605,401,324.83,38,1114
1228,2024-12-16,71,6,602,403,492.8,78,1926
1229,2024-04-27,64,12,602,401,489.15,29,10706
1230,2023-09-26,67,2,603,400,279.89,86,2215
1231,2024-01-21,51,15,603,400,294.45,76,5776
1232,2022-09-07,39,12,602,401,308.21,50,2759
1233,2022-04-29,19,12,602,402,479.31,80,5070
1234,2022-12-05,95,12,605,402,336.27,15,2585
1235,2022-06-25,45,3,605,403,449.7,70,4837
1236,2022-06-09,64,4,603,402,204.01,92,255
1237,2022-09-11,1,8,600,402,276.34,55,14100
1238,2025-03-05,25,8,600,401,394.22,9,3110
1239,2023-07-19,81,14,601,401,156.85,35,6128
1240,2024-05-09,68,12,603,400,281.48,48,1487
1241,2024-01-20,30,13,602,400,155.5,61,12882
1242,2022-09-01,78,12,603,403,446.85,59,933
1243,2023-01-11,12,11,600,400,364.58,69,11333
1244,2024-10-27,61,4,604,400,211.01,35,3771
1245,2024-01-10,1,12,603,403,169.94,93,13251
1246,2023-03-21,81,9,605,403,245.16,53,8132
1247,2024-06-04,27,12,602,400,226.67,34,4065
1248,2022-12-08,15,10,601,403,375.18,43,3144
1249,2022-04-19,61,3,605,403,232.77,45,5096
1250,2023-07-26,43,15,601,400,209.78,36,9171
1251,2022-09-16,4,13,605,402,165.92,94,4861
1252,2023-01-05,56,14,604,400,205.98,54,10136
1253,2024-12-03,14,9,602,402,185.41,29,2552
1254,2024-03-02,93,6,601,402,168.35,34,2893
1255,2022-09-15,85,14,605,402,221.32,86,14271
1256,2023-07-04,33,9,604,403,209.5,85,4834
1257,2024-11-12,28,5,601,400,255.06,34,3752
1258,2024-04-01,5,11,602,400,91.22,7,9744
1259,2023-08-19,38,3,600,400,129.83,63,784
1260,2022-07-29,49,4,601,401,271.82,95,3718
1261,2024-05-15,86,7,602,402,437.88,14,1973
1262,2023-03-19,26,4,603,400,89.96,73,14061
1263,2024-03-07,32,2,604,401,202.04,40,5161
1264,2022-04-12,3,1,605,401,63.73,24,10389
1265,2022-05-11,72,3,600,401,170.98,71,628
1266,2025-02-03,20,14,600,402,168.3,98,3329
1267,2022-10-25,96,3,603,400,197.09,12,4248
1268,2025-06-11,34,1,602,400,397.42,80,6574
1269,2022-02-23,73,6,600,402,138.04,62,9182
1270,2025-05-04,17,7,602,402,149.21,31,5959
1271,2023-09-03,59,4,604,402,326.27,50,12970
1272,2022-02-13,72,14,601,402,357.76,32,6050
1273,2023-09-10,26,15,605,401,99.78,45,8317
1274,2022-01-24,100,9,605,403,391.62,50,11946
1275,2024-09-16,4,4,600,401,246.0,46,13358
1276,2022-10-16,39,5,604,400,203.83,46,5583
1277,2023-05-11,31,7,600,401,92.22,85,371
1278,2023-03-19,48,8,604,403,439.32,66,3727
1279,2025-01-05,47,11,605,400,242.88,24,3039
1280,2022-11-02,91,13,605,400,144.3,40,9225
1281,2024-11-19,39,11,600,400,338.59,67,12034
1282,2022-06-21,99,2,601,401,380.26,29,12051
1283,2023-05-25,53,10,602,403,338.33,48,9883
1284,2023-07-22,15,12,601,403,291.65,48,6104
1285,2022-04-23,65,5,605,401,266.16,97,12265
1286,2025-01-03,53,10,604,403,144.64,34,6711
1287,2025-02-19,47,14,603,402,96.76,82,9917
1288,2024-01-25,95,11,605,400,148.73,18,11549
1289,2023-08-07,28,14,600,400,470.92,49,5498
1290,2023-03-04,50,7,604,402,431.55,91,8275
1291,2023-06-19,80,4,604,403,119.72,60,9161
1292,2024-10-28,72,8,604,400,496.58,70,2294
1293,2023-07-17,66,2,603,400,227.86,42,12858
1294,2024-06-01,58,6,600,400,368.75,32,9044
1295,2022-06-26,31,6,603,401,155.16,54,199
1296,2024-02-19,54,9,602,401,147.58,38,14791
1297,2024-12-27,83,3,603,402,320.14,40,12451
1298,2023-12-26,81,6,600,402,343.16,52,13242
1299,2023-05-22,23,10,604,400,85.38,69,5812
1300,2023-12-10,75,2,601,402,84.73,76,7637
1301,2023-11-23,49,8,600,400,317.51,54,12237
1302,2024-06-03,28,4,603,402,292.71,65,9260
1303,2023-02-17,46,9,604,402,310.85,42,5036
1304,2022-12-31,66,10,605,400,172.24,35,2598
1305,2023-03-14,98,12,605,400,247.13,83,9438
1306,2022-02-20,98,11,602,403,70.05,58,4783
1307,2024-02-15,90,9,604,402,231.91,47,14676
1308,2022-05-06,63,13,600,400,229.19,51,11703
1309,2024-03-21,9,5,601,403,64.59,16,14022
1310,2024-12-03,69,1,600,403,274.05,68,7716
1311,2024-06-11,8,11,601,401,90.86,43,2993
1312,2022-09-30,44,11,601,401,312.35,13,4550
1313,2024-02-18,98,5,604,401,464.5,67,4184
1314,2022-06-24,30,12,600,403,250.18,21,13086
1315,2023-05-15,77,3,601,402,285.19,64,1976
1316,2023-12-27,17,7,602,403,381.17,37,5505
1317,2022-04-20,7,10,604,402,243.7,53,189
1318,2022-09-25,66,8,603,401,286.15,35,8947
1319,2024-07-20,6,4,605,400,69.33,60,10422
1320,2023-03-31,53,2,600,402,448.91,7,11111
1321,2022-05-12,52,4,604,400,59.71,38,14347
1322,2022-08-06,22,3,601,401,228.45,86,14523
1323,2022-12-20,83,15,601,402,235.76,42,4381
1324,2024-05-06,63,14,604,401,427.15,50,1408
1325,2025-04-10,51,11,604,402,86.34,29,615
1326,2022-09-18,78,12,604,402,430.3,28,14685
1327,2023-10-11,19,5,604,401,108.8,49,7931
1328,2024-11-25,89,10,602,403,199.96,83,3089
1329,2024-05-19,51,3,604,403,336.48,42,13943
1330,2025-06-29,95,5,601,403,63.45,42,1227
1331,2023-07-30,33,14,601,400,126.72,38,12110
1332,2025-03-24,65,12,600,403,59.27,46,8980
1333,2024-03-10,86,9,602,400,405.58,75,8539
1334,2025-05-12,66,12,602,400,407.67,18,1471
1335,2025-02-02,14,7,603,402,448.51,82,12487
1336,2024-08-29,51,11,604,400,356.44,11,5689
1337,2024-01-23,45,11,604,401,467.32,47,12134
1338,2023-07-26,56,1,605,403,401.34,98,3329
1339,2024-08-05,65,11,600,400,396.82,52,13057
1340,2022-11-28,8,6,605,401,194.12,15,1368
1341,2024-03-11,8,3,605,400,133.19,24,13231
1342,2023-04-26,20,11,605,403,273.48,8,14162
1343,2022-01-24,5,10,603,401,324.31,61,12613
1344,2023-05-27,2,4,602,403,182.08,37,6566
1345,2024-12-12,90,8,601,402,76.94,52,9005
1346,2024-05-30,67,13,602,402,66.05,71,10738
1347,2022-02-06,71,2,604,401,118.6,78,9706
1348,2024-04-21,82,1,603,402,179.64,9,8259
1349,2024-04-23,22,11,604,403,182.78,72,13938
1350,2023-10-26,52,9,601,400,265.37,52,3552
1351,2022-07-21,63,1,601,400,376.13,58,2073
1352,2023-02-28,89,13,602,402,310.21,48,641
1353,2023-09-09,26,11,601,403,358.66,34,5644
1354,2022-01-20,60,15,603,400,79.41,27,12269
1355,2024-03-28,5,13,601,400,320.02,85,6004
1356,2023-03-09,1,12,600,402,400.22,39,13609
1357,2025-04-30,99,6,604,403,307.36,58,5074
1358,2022-12-12,100,4,602,401,423.37,69,14051
1359,2025-03-28,93,6,600,402,437.58,73,8819
1360,2023-05-21,21,12,600,400,491.38,56,9137
1361,2024-05-24,25,6,604,402,467.88,63,141
1362,2024-12-13,78,6,602,403,342.19,86,5488
1363,2022-06-26,22,7,603,403,357.37,50,12008
1364,2024-08-12,15,8,605,403,277.87,87,11405
1365,2022-05-13,69,1,602,401,462.98,46,13597
1366,2023-05-02,24,9,605,401,179.74,22,11060
1367,2022-10-26,42,3,601,401,211.18,39,14674
1368,2022-03-16,22,15,603,401,412.15,70,7990
1369,2025-05-04,19,10,602,402,116.28,61,10306
1370,2023-02-01,91,12,601,402,245.13,100,8623
1371,2025-04-19,80,13,600,400,94.96,74,1605
1372,2023-10-20,4,1,605,403,53.69,46,13844
1373,2025-02-27,83,1,602,402,207.12,64,9740
1374,2022-03-22,40,7,604,403,364.88,7,3627
1375,2025-03-05,99,9,602,402,259.53,38,9952
1376,2024-09-23,79,11,604,401,321.43,74,7497
1377,2025-04-30,2,6,600,401,471.09,77,12472
1378,2024-01-31,44,7,603,403,301.25,28,8896
1379,2025-05-18,9,7,601,400,234.16,72,1837
1380,2024-01-17,52,2,604,400,118.29,20,7923
1381,2024-11-10,7,13,601,402,347.8,80,5507
1382,2022-07-22,38,15,603,401,131.21,8,5582
1383,2024-12-19,78,5,605,400,307.14,13,5759
1384,2022-05-04,76,6,604,402,303.19,23,6051
1385,2025-05-26,76,4,605,401,253.81,72,325
1386,2023-09-29,85,14,602,401,384.29,11,4599
1387,2023-11-20,93,2,605,402,167.11,95,13742
1388,2022-03-04,94,6,604,403,278.26,28,7543
1389,2024-09-21,92,10,600,403,361.72,32,1974
1390,2024-05-03,9,3,601,402,131.29,83,9988
1391,2023-07-01,100,13,601,402,294.85,65,11760
1392,2023-11-20,43,4,605,400,56.89,62,571
1393,2022-05-07,98,4,603,403,149.15,10,5410
1394,2024-07-06,57,4,601,402,363.45,84,7432
1395,2022-01-03,57,7,605,400,477.38,28,7922
1396,2024-08-04,34,8,605,403,267.44,13,11525
1397,2025-03-01,18,3,604,401,249.32,58,6277
1398,2023-06-02,24,8,602,401,124.1,83,6366
1399,2023-04-15,3,1,604,402,463.64,76,7289
1400,2025-01-14,47,6,601,401,257.75,57,8649
1401,2023-01-20,19,11,601,403,125.42,21,9812
1402,2023-05-22,13,7,601,402,240.94,28,11679
1403,2024-07-24,91,4,604,400,351.28,9,2673
1404,2022-12-21,38,6,601,401,194.66,98,7882
1405,2024-04-04,77,9,600,402,383.65,90,8953
1406,2025-05-20,64,13,600,403,193.03,27,13838
1407,2023-11-23,56,15,601,402,136.71,66,13194
1408,2024-11-03,90,11,605,403,381.43,6,4597
1409,2024-07-22,46,2,600,401,319.52,22,11741
1410,2023-06-15,69,4,601,402,367.54,10,3344
1411,2025-03-30,35,14,602,401,278.28,93,8099
1412,2024-04-05,71,9,602,400,258.47,99,5185
1413,2023-01-16,58,4,603,403,189.38,33,12566
1414,2024-05-16,86,12,604,401,343.17,67,1098
1415,2022-02-21,31,15,604,402,57.71,81,2441
1416,2024-06-19,85,11,601,403,470.29,64,5067
1417,2023-10-28,54,15,605,400,274.27,58,3457
1418,2025-02-25,72,9,602,401,242.61,62,3987
1419,2024-08-09,13,9,605,403,223.98,64,5712
1420,2022-04-21,15,14,603,402,456.54,18,14704
1421,2023-04-30,47,14,602,403,233.05,6,6958
1422,2025-02-18,100,10,600,400,94.48,54,5325
1423,2024-08-18,18,10,603,400,179.91,42,14871
1424,2023-12-24,52,2,605,403,84.2,50,10986
1425,2024-05-20,19,3,604,402,76.64,36,2546
1426,2025-04-14,45,10,601,401,105.23,44,2810
1427,2024-04-07,84,8,604,400,158.32,55,11890
1428,2023-02-07,80,10,604,401,236.78,92,4624
1429,2025-03-27,51,5,601,403,352.65,47,2057
1430,2022-08-25,90,14,603,402,178.24,79,12746
1431,2023-01-24,29,3,603,401,195.8,92,6736
1432,2022-12-01,63,4,602,401,389.43,97,9071
1433,2022-10-05,51,13,601,401,168.0,94,13200
1434,2022-06-03,60,9,600,400,165.46,38,7889
1435,2023-02-20,7,7,604,400,464.91,50,1357
1436,2025-02-06,22,3,603,401,499.68,66,10729
1437,2024-11-18,34,2,601,401,437.14,85,2366
1438,2025-02-11,94,9,605,401,454.71,20,14627
1439,2022-11-10,55,5,602,403,203.28,79,5709
1440,2022-03-23,86,9,605,401,197.45,59,8000
1441,2025-04-10,55,13,601,400,301.3,96,13490
1442,2022-07-15,6,12,603,403,208.56,45,14308
1443,2025-04-23,8,8,602,403,410.7,83,4624
1444,2022-10-08,87,8,605,402,148.83,96,12310
1445,2024-09-14,67,14,602,403,72.18,94,12949
1446,2023-01-27,6,11,603,403,193.76,85,925
1447,2024-09-09,51,12,603,403,147.46,59,2477
1448,2023-06-21,32,8,603,401,365.2,71,12448
1449,2025-05-12,58,12,602,400,116.18,48,2441
1450,2025-03-30,9,6,604,400,196.53,79,4734
1451,2024-09-11,16,4,605,401,85.32,14,10138
1452,2022-08-28,29,6,600,403,423.49,55,14587
1453,2024-06-12,15,3,600,402,81.41,54,223
1454,2024-08-18,11,9,604,403,167.42,70,9479
1455,2022-12-18,13,5,605,402,163.81,26,14312
1456,2024-11-29,46,12,603,401,67.11,28,5456
1457,2024-03-24,48,12,603,402,169.54,69,14900
1458,2022-11-03,20,13,604,403,233.91,28,7769
1459,2024-06-08,77,5,601,401,407.97,43,4598
1460,2024-02-23,32,14,604,400,401.5,10,5331
1461,2023-08-03,72,14,605,400,178.3,97,1905
1462,2023-01-10,47,5,603,402,402.91,20,7905
1463,2022-08-05,12,13,604,402,365.74,100,4811
1464,2024-05-17,28,2,602,403,489.88,41,372
1465,2023-08-19,17,8,601,403,174.08,66,13730
1466,2022-12-05,49,14,604,400,148.26,69,7475
1467,2022-06-01,64,13,602,402,171.01,62,8165
1468,2023-06-21,10,13,601,400,114.11,72,5077
1469,2023-01-12,81,12,602,400,408.8,84,2425
1470,2023-08-31,11,12,605,403,495.74,89,123
1471,2023-12-31,58,13,600,402,72.91,82,4080
1472,2022-01-08,46,2,605,401,449.78,20,10106
1473,2022-07-11,93,9,603,400,288.57,7,1919
1474,2024-03-12,34,3,605,403,332.43,56,9373
1475,2022-03-16,87,2,603,401,223.51,33,4996
1476,2022-04-13,82,7,603,401,236.53,71,5582
1477,2025-04-21,99,15,602,403,455.3,40,6878
1478,2024-09-26,75,2,602,401,162.55,61,12398
1479,2024-08-17,74,12,604,402,177.21,78,1701
1480,2024-06-18,78,2,603,402,202.8,29,1561
1481,2022-02-16,8,14,600,402,352.19,8,2551
1482,2022-09-09,74,10,603,400,429.76,30,8805
1483,2022-10-13,37,12,605,401,426.87,76,7051
1484,2023-04-21,9,14,600,403,244.05,53,9421
1485,2022-02-05,49,10,600,400,158.56,48,4515
1486,2022-12-25,71,4,602,401,104.13,92,14188
1487,2023-04-21,72,11,605,401,104.57,81,14499
1488,2022-04-16,100,7,601,403,111.11,93,12056
1489,2022-12-12,43,15,600,403,103.2,62,2653
1490,2022-03-14,75,13,605,400,72.76,71,5306
1491,2022-06-23,13,8,603,403,202.57,24,8108
1492,2024-06-02,75,12,601,403,116.58,58,1397
1493,2023-09-22,13,1,601,402,184.34,57,1301
1494,2022-11-15,56,9,601,402,341.17,73,10953
1495,2023-03-02,6,9,603,400,465.05,41,13852
1496,2025-01-01,63,4,603,401,224.77,34,8601
1497,2025-04-02,62,4,603,402,397.3,76,6893
1498,2025-02-15,61,9,605,402,221.05,93,4443
1499,2025-04-04,8,2,602,400,433.43,94,9929
1500,2024-06-20,22,14,605,402,391.18,67,7037
1501,2024-04-04,85,11,605,402,265.61,74,11340
1502,2023-05-26,21,10,604,400,479.63,30,4383
1503,2023-03-10,65,15,605,403,338.18,28,904
1504,2024-06-06,20,15,601,402,111.14,22,10234
1505,2025-06-12,53,14,605,400,355.36,11,9761
1506,2022-08-15,27,3,603,402,368.03,90,14848
1507,2024-07-14,91,6,601,403,131.39,54,13657
1508,2024-07-08,64,13,604,403,149.24,59,14429
1509,2025-04-07,75,5,601,402,66.41,72,10585
1510,2023-10-06,32,10,601,400,262.76,99,8944
1511,2024-02-24,47,12,605,401,121.44,74,12360
1512,2024-05-16,62,10,601,400,447.88,81,9559
1513,2025-05-31,52,7,601,401,318.84,42,10586
1514,2024-02-16,5,10,604,401,441.66,91,5223
1515,2024-12-27,13,10,602,400,309.62,34,11975
1516,2024-11-20,92,7,604,402,70.41,94,5938
1517,2024-05-17,18,2,601,402,357.2,32,11801
1518,2023-04-01,14,11,600,400,296.47,9,2121
1519,2023-11-20,62,14,601,402,378.51,29,8086
1520,2022-07-16,83,13,600,403,293.57,15,9493
1521,2023-03-22,9,7,602,401,241.75,57,7862
1522,2025-04-20,30,14,603,403,458.12,75,11334
1523,2023-03-16,3,13,603,402,372.59,28,5250
1524,2024-05-10,36,13,604,401,485.07,74,4622
1525,2025-04-16,21,4,604,401,232.41,71,13658
1526,2024-09-04,3,11,603,402,393.19,96,14041
1527,2025-03-13,25,13,600,401,312.47,31,6140
1528,2022-07-20,11,12,604,400,115.58,60,4963
1529,2022-05-10,14,5,600,402,81.23,29,5149
1530,2024-09-14,28,9,600,400,119.29,98,12215
1531,2025-02-27,53,4,601,402,372.56,9,14032
1532,2022-05-25,25,3,601,402,452.2,61,9425
1533,2023-09-24,54,2,600,402,241.54,65,9183
1534,2023-12-10,16,4,603,400,170.12,16,9662
1535,2022-03-15,9,7,602,402,158.6,100,340
1536,2024-06-02,78,10,605,400,318.28,8,11256
1537,2022-01-29,15,12,605,403,423.16,34,204
1538,2023-12-07,31,14,604,403,480.54,87,4366
1539,2025-04-08,63,11,601,400,226.57,84,2079
1540,2022-08-02,85,13,602,401,144.19,76,8049
1541,2025-04-13,100,4,604,403,366.41,38,5575
1542,2025-06-19,13,10,604,402,287.51,10,14740
1543,2022-02-25,39,13,604,400,206.52,89,14826
1544,2023-08-13,96,13,600,401,222.99,58,2630
1545,2022-06-01,83,4,601,402,315.54,20,1044
1546,2025-02-27,10,13,603,400,127.02,72,10991
1547,2024-05-18,27,12,601,400,248.59,78,9443
1548,2024-10-15,16,12,605,403,280.15,90,5963
1549,2024-03-30,78,8,604,401,187.65,62,13414
1550,2023-01-12,81,14,604,401,378.68,23,1368
1551,2023-12-18,75,5,600,403,84.79,82,5400
1552,2023-01-16,77,7,604,401,178.01,47,3251
1553,2023-12-12,2,4,603,401,160.17,39,12920
1554,2024-07-10,70,12,600,400,359.52,48,3480
1555,2022-01-13,8,10,605,400,83.34,34,607
1556,2025-02-09,6,8,601,400,98.09,27,4191
1557,2025-05-14,88,10,604,403,212.92,88,863
1558,2022-08-16,72,1,600,402,280.94,78,3224
1559,2023-11-23,60,3,602,403,58.52,40,7096
1560,2023-04-12,12,2,602,400,470.47,72,3288
1561,2023-12-02,70,4,604,401,420.09,41,9825
1562,2025-01-23,67,10,600,402,386.61,26,4379
1563,2024-02-16,15,9,600,400,434.75,92,10054
1564,2022-02-02,24,9,604,401,416.74,13,879
1565,2024-07-25,25,3,602,401,250.72,42,13629
1566,2023-06-16,67,14,603,400,484.33,28,14185
1567,2024-10-27,29,14,605,402,349.55,67,7691
1568,2025-03-16,30,6,602,402,70.6,16,14625
1569,2024-12-07,70,2,600,402,77.93,62,14686
1570,2022-02-12,80,7,603,403,59.76,60,4663
1571,2024-12-15,37,10,603,402,194.69,62,1772
1572,2024-11-24,95,1,605,402,353.49,6,562
1573,2024-11-22,8,15,602,402,313.53,18,5773
1574,2024-03-15,17,3,601,402,260.82,31,5053
1575,2022-05-21,97,5,602,401,483.29,50,9430
1576,2022-02-10,7,12,601,401,426.64,17,553
1577,2024-06-11,75,10,603,402,262.02,13,13129
1578,2022-05-07,3,9,603,403,275.26,33,8038
1579,2024-07-17,2,9,605,403,371.78,26,4961
1580,2023-01-31,61,6,603,401,117.59,52,2078
1581,2023-11-26,30,10,601,400,290.48,49,2521
1582,2022-08-31,77,2,604,401,192.33,50,2413
1583,2024-08-22,29,2,604,403,154.53,71,12135
1584,2025-05-09,61,15,605,401,78.53,56,5940
1585,2024-05-22,84,7,604,400,312.49,97,3950
1586,2022-08-23,95,4,601,402,408.47,41,9514
1587,2024-02-12,87,4,605,401,221.1,53,755
1588,2024-05-02,43,14,604,402,115.09,29,1401
1589,2022-09-13,83,8,605,400,212.77,32,2475
1590,2022-03-05,48,13,605,401,313.67,84,452
1591,2022-01-04,94,15,605,402,367.97,97,7428
1592,2022-11-12,20,10,604,401,127.66,26,14443
1593,2022-10-30,98,3,601,400,470.46,9,4799
1594,2024-09-15,39,1,603,402,224.84,31,11889
1595,2024-08-25,99,5,602,401,385.43,73,14578
1596,2023-08-08,90,13,601,401,132.58,39,9009
1597,2023-08-21,18,7,601,402,221.19,26,1704
1598,2024-03-27,19,7,605,400,268.66,38,2531
1599,2022-11-12,98,6,601,400,138.05,93,3311
1600,2025-01-01,96,2,605,400,144.26,81,8925
1601,2023-08-11,12,9,601,403,452.89,9,14005
1602,2024-04-20,95,3,600,400,467.73,34,7172
1603,2023-07-04,3,10,601,400,287.68,40,11151
1604,2022-11-17,13,15,604,401,82.75,24,6181
1605,2025-02-25,25,10,603,403,180.0,9,259
1606,2023-05-26,34,7,604,400,75.64,32,3794
1607,2025-04-21,79,10,600,403,222.39,27,7851
1608,2022-11-22,98,5,600,403,431.43,10,5943
1609,2024-02-18,42,1,603,402,465.25,25,844
1610,2023-03-13,51,5,601,403,321.09,65,9255
1611,2023-08-17,58,8,602,402,282.93,9,4658
1612,2024-08-04,68,8,600,400,138.95,55,4195
1613,2024-01-03,94,3,604,401,400.79,19,5780
1614,2022-12-17,25,12,604,403,362.37,79,10284
1615,2022-02-04,66,7,601,403,370.13,31,10364
1616,2023-03-19,49,3,605,401,492.62,39,13618
1617,2023-03-02,6,13,602,403,302.89,13,3885
1618,2024-10-20,1,1,605,400,366.35,28,1118
1619,2024-10-20,43,3,603,403,470.59,14,8951
1620,2025-04-07,44,11,602,403,113.59,93,8180
1621,2022-03-13,66,8,605,401,455.79,58,11555
1622,2022-11-04,69,11,605,402,117.87,11,7977
1623,2023-07-16,29,6,600,401,263.43,83,5555
1624,2023-11-15,80,10,603,401,231.19,12,7401
1625,2023-03-05,68,8,602,403,64.6,6,11406
1626,2024-12-05,93,5,604,400,150.59,90,5115
1627,2023-07-28,13,14,601,402,449.17,60,8011
1628,2022-04-06,15,2,602,402,96.44,98,12310
1629,2023-11-10,69,12,600,401,447.36,68,8240
1630,2022-02-20,57,15,603,402,483.84,60,2861
1631,2023-03-08,78,4,600,401,85.14,14,13312
1632,2024-10-23,64,3,604,401,477.71,64,2066
1633,2024-02-05,48,4,602,400,286.72,7,14203
1634,2025-04-19,14,14,600,400,397.9,19,7277
1635,2024-07-12,6,1,600,400,283.51,84,12647
1636,2022-06-29,63,10,604,400,416.78,65,1467
1637,2024-07-30,88,7,604,402,95.19,20,4065
1638,2022-09-04,95,3,603,403,478.88,28,9416
1639,2023-05-10,58,8,602,400,488.47,95,8839
1640,2025-06-22,80,13,603,403,86.14,49,12698
1641,2025-05-31,50,4,605,401,127.78,17,5043
1642,2023-05-01,77,12,600,402,280.56,74,418
1643,2024-02-17,3,15,602,403,172.36,90,798
1644,2023-11-21,83,13,602,400,418.07,28,12327
1645,2024-05-25,22,10,600,400,354.1,77,13967
1646,2024-08-31,24,9,602,402,340.43,22,7923
1647,2025-02-21,24,11,600,400,172.67,51,9258
1648,2022-11-29,93,1,601,402,409.82,60,10407
1649,2022-08-25,82,13,605,400,226.27,79,8197
1650,2022-12-22,97,3,601,401,168.52,99,9076
1651,2024-12-02,71,6,605,403,164.68,51,14961
1652,2025-04-26,3,7,605,402,367.01,26,399
1653,2022-11-01,79,13,605,402,251.57,64,5320
1654,2022-06-26,9,10,600,400,137.9,75,5874
1655,2024-08-09,33,15,601,402,320.37,77,4030
1656,2022-01-21,72,5,601,403,151.7,74,9202
1657,2022-08-06,18,11,601,401,187.67,21,1742
1658,2024-08-06,37,7,601,401,405.32,34,7989
1659,2024-09-26,39,11,601,403,70.34,19,10979
1660,2025-01-16,61,5,600,403,244.7,46,11664
1661,2022-08-17,3,4,604,401,284.72,21,1919
1662,2024-10-05,8,10,603,402,289.97,35,2992
1663,2022-05-17,48,1,600,400,187.47,81,3229
1664,2022-05-13,99,3,602,400,291.29,83,14318
1665,2024-07-10,58,14,602,403,436.46,89,5124
1666,2024-07-18,8,8,605,401,336.06,98,10003
1667,2022-09-11,75,15,601,402,324.57,39,132
1668,2023-05-31,52,14,603,403,62.11,59,1769
1669,2024-11-10,11,12,602,400,92.76,67,3089
1670,2025-04-07,64,11,602,400,354.63,67,6511
1671,2024-02-26,49,14,601,403,224.02,70,5677
1672,2022-06-30,90,4,602,401,334.46,82,6090
1673,2024-09-26,73,9,602,401,182.11,5,14931
1674,2024-08-22,78,12,605,400,321.91,69,159
1675,2025-06-11,91,11,604,400,87.65,65,8641
1676,2025-03-22,9,7,605,400,365.25,34,7044
1677,2025-04-26,7,1,605,403,263.5,33,5353
1678,2023-06-30,65,2,603,400,92.05,94,3664
1679,2022-10-04,12,1,601,401,396.97,8,2518
1680,2024-04-07,75,7,604,403,473.43,30,10876
1681,2023-12-31,63,6,600,400,384.02,40,6534
1682,2022-10-03,52,6,600,401,79.29,96,4002
1683,2022-05-16,75,14,605,403,269.92,67,1545
1684,2023-05-30,44,13,603,402,286.37,98,12059
1685,2023-09-07,93,14,602,403,327.84,97,6983
1686,2023-09-14,54,5,602,403,146.01,71,13078
1687,2025-06-16,39,13,603,400,406.77,23,12032
1688,2024-10-21,18,9,604,401,304.86,50,1997
1689,2024-07-22,56,14,600,401,362.54,64,4220
1690,2022-08-06,40,1,600,403,475.51,33,14615
1691,2023-09-22,83,2,605,402,85.55,93,4804
1692,2023-09-27,9,12,602,401,254.12,89,12685
1693,2025-02-26,85,14,603,400,121.37,31,2451
1694,2023-12-29,6,10,601,402,286.3,5,9347
1695,2025-02-26,65,1,604,401,239.89,58,8327
1696,2023-10-18,85,15,600,403,376.68,77,1218
1697,2024-06-07,48,6,601,401,226.75,85,9751
1698,2022-02-04,68,13,604,400,248.11,68,11505
1699,2025-03-23,34,11,603,402,308.24,97,10703
1700,2022-04-24,34,6,602,400,210.08,100,660
1701,2024-01-31,94,2,600,400,278.31,81,9460
1702,2024-09-13,27,7,603,400,298.87,49,9023
1703,2022-09-06,50,2,603,400,367.63,54,6456
1704,2022-12-12,3,12,601,402,355.85,68,12900
1705,2022-07-28,97,11,604,402,492.57,80,9771
1706,2022-04-26,13,13,604,401,415.07,81,4711
1707,2024-04-23,53,8,601,401,61.34,11,9596
1708,2025-05-18,73,8,603,403,437.14,79,4474
1709,2023-03-10,48,15,600,400,467.41,56,292
1710,2025-04-04,20,6,602,403,158.64,78,14133
1711,2023-06-15,48,15,601,400,119.84,17,8586
1712,2025-06-15,43,1,604,402,210.73,85,4404
1713,2025-06-22,93,4,604,403,461.52,70,3941
1714,2022-12-29,69,10,604,403,369.97,56,1460
1715,2025-06-01,5,8,601,401,54.71,38,12316
1716,2022-11-20,32,7,601,403,308.83,96,3186
1717,2024-01-25,92,10,604,403,77.32,69,2393
1718,2023-10-22,25,15,605,401,468.48,7,6529
1719,2023-01-15,100,5,604,403,343.93,14,2201
1720,2023-01-15,36,12,604,400,472.92,48,10277
1721,2022-06-07,79,10,604,403,361.94,92,1075
1722,2023-03-30,54,10,602,400,288.82,21,12471
1723,2024-08-15,44,12,603,403,406.38,77,527
1724,2022-06-13,44,12,604,402,291.79,11,2965
1725,2025-02-03,8,1,603,402,135.88,13,5521
1726,2025-05-09,91,1,600,400,119.02,11,2273
1727,2022-11-16,78,2,605,401,206.48,79,12445
1728,2023-08-05,93,7,600,402,71.64,45,11702
1729,2025-06-18,92,6,603,401,196.3,96,731
1730,2023-08-17,47,9,604,403,254.14,53,6589
1731,2023-03-07,62,11,602,400,120.42,35,5922
1732,2022-11-28,76,12,601,402,163.77,12,10785
1733,2022-09-14,95,12,604,400,432.57,59,5696
1734,2023-09-06,87,5,605,402,134.48,66,13888
1735,2025-01-19,75,4,603,400,314.49,33,1595
1736,2024-03-27,34,7,602,403,450.09,16,11600
1737,2023-02-16,99,13,600,403,69.5,81,6769
1738,2024-02-29,79,5,603,403,144.38,46,7629
1739,2024-09-16,18,4,603,402,422.04,51,726
1740,2023-09-22,67,8,600,400,336.81,92,12584
1741,2025-02-02,94,3,602,401,197.91,67,4844
1742,2023-02-05,49,9,604,401,362.26,54,14788
1743,2022-05-04,42,6,602,402,332.74,77,7944
1744,2023-01-22,68,2,603,403,223.82,87,11630
1745,2024-08-23,51,6,605,402,169.45,22,10599
1746,2022-07-15,67,15,602,400,201.11,47,5337
1747,2022-04-28,38,3,602,401,88.45,91,11384
1748,2023-08-19,7,2,603,400,434.61,51,5258
1749,2024-10-27,99,1,601,403,100.15,11,6103
1750,2023-06-18,29,10,602,403,80.45,51,7494
1751,2025-06-25,70,10,602,401,432.37,57,5383
1752,2023-10-15,21,3,601,401,391.79,88,12358
1753,2024-09-11,59,3,600,403,411.7,69,14567
1754,2022-08-10,13,6,604,403,230.45,36,5518
1755,2024-03-07,1,9,601,400,212.24,71,2794
1756,2024-04-10,73,7,601,403,358.02,50,12735
1757,2023-11-17,54,5,605,402,433.35,7,9190
1758,2025-02-27,28,9,601,401,447.49,39,13354
1759,2024-08-15,87,2,605,401,101.83,20,11539
1760,2025-01-10,55,6,605,401,264.65,73,10859
1761,2025-05-16,73,10,605,401,438.7,78,13238
1762,2024-09-08,52,10,604,400,329.54,47,346
1763,2024-05-07,83,3,600,403,226.66,24,14057
1764,2025-06-29,91,9,600,401,77.05,87,9436
1765,2022-05-25,85,3,601,403,309.65,65,3761
1766,2023-10-04,43,10,601,402,302.93,6,7228
1767,2023-06-25,5,15,604,401,457.58,37,11932
1768,2022-10-02,60,6,603,403,493.79,96,877
1769,2022-03-06,34,12,604,401,145.48,65,3364
1770,2024-06-28,76,8,605,401,251.17,43,3958
1771,2022-05-01,15,2,602,403,232.66,95,1418
1772,2023-08-10,83,13,605,401,96.3,59,11567
1773,2022-12-03,67,9,603,403,268.52,68,11667
1774,2024-08-07,96,6,604,400,102.22,26,8299
1775,2023-01-03,100,12,603,402,329.27,92,8431
1776,2024-04-17,54,1,605,400,454.71,24,5932
1777,2022-12-24,96,5,601,402,334.56,53,9178
1778,2022-05-01,75,7,605,400,76.08,23,11635
1779,2023-02-19,95,7,605,402,148.26,47,4108
1780,2023-05-04,65,15,602,401,228.44,73,8576
1781,2024-09-21,89,13,604,403,388.71,85,7476
1782,2022-06-23,70,4,605,403,180.64,18,1779
1783,2024-11-21,84,9,604,402,145.78,95,5154
1784,2023-08-20,58,15,605,403,344.15,99,12519
1785,2023-09-22,93,9,603,401,167.64,71,6883
1786,2023-05-01,24,3,600,402,247.38,29,3534
1787,2022-09-16,22,15,605,401,463.9,57,215
1788,2024-07-22,21,7,600,400,297.24,96,6101
1789,2024-09-15,9,8,605,401,444.43,74,1901
1790,2023-06-03,21,3,600,402,283.95,67,7221
1791,2023-07-10,44,7,604,402,494.23,96,9963
1792,2022-12-05,55,14,600,401,457.08,26,10829
1793,2024-03-11,25,14,601,401,263.83,8,10339
1794,2023-04-21,73,14,602,403,439.86,10,6729
1795,2024-06-18,87,4,602,400,485.93,37,14355
1796,2024-04-30,35,5,605,401,422.38,10,14166
1797,2023-05-22,32,4,604,402,490.45,78,13257
1798,2023-05-01,25,9,600,400,158.51,42,8621
1799,2025-02-14,4,14,604,401,463.32,61,9764
1800,2023-10-08,57,8,600,403,109.83,12,14250
1801,2025-02-20,90,13,602,403,83.38,72,14109
1802,2024-04-26,23,10,600,403,70.65,94,14387
1803,2023-06-19,5,15,601,402,434.0,47,11579
1804,2023-01-23,20,6,602,401,443.03,76,1331
1805,2023-12-14,63,8,601,402,167.33,42,5389
1806,2025-01-09,23,13,601,402,104.8,76,13311
1807,2024-10-13,71,15,603,402,93.75,18,14131
1808,2025-01-28,20,5,605,400,254.87,30,6621
1809,2024-11-14,42,7,604,401,478.58,94,3348
1810,2023-05-16,17,1,601,403,160.87,30,13184
1811,2022-07-17,69,1,600,403,281.15,81,9612
1812,2024-07-26,54,9,600,400,435.92,5,13312
1813,2022-08-11,30,11,604,403,368.3,32,1506
1814,2023-02-23,96,7,604,400,466.44,63,6491
1815,2025-01-16,52,11,602,402,356.28,73,14440
1816,2023-04-28,76,2,602,403,110.55,27,5992
1817,2022-11-09,32,8,601,403,451.42,6,3823
1818,2022-02-26,38,8,605,403,445.61,93,8912
1819,2022-05-08,35,7,602,400,423.91,92,2885
1820,2023-09-17,36,2,603,403,328.2,76,8599
1821,2023-04-23,45,7,601,401,494.09,67,2364
1822,2022-04-15,15,9,603,402,151.88,30,8878
1823,2025-02-06,34,3,600,403,333.91,12,1315
1824,2025-06-24,64,15,600,402,474.55,11,12036
1825,2022-11-09,69,7,602,402,261.15,20,1455
1826,2022-05-03,60,1,600,401,206.41,31,9683
1827,2023-01-19,99,15,600,400,232.55,37,11852
1828,2023-05-16,65,7,602,400,374.41,82,8627
1829,2024-10-07,2,3,602,402,193.42,62,2624
1830,2025-04-23,19,15,603,403,226.51,100,14411
1831,2025-03-05,76,5,604,401,183.43,5,9100
1832,2023-01-19,70,9,603,401,112.57,17,2621
1833,2023-03-21,38,14,603,401,293.85,19,1667
1834,2023-11-23,59,1,605,401,159.03,17,2169
1835,2024-04-29,88,13,603,402,194.87,15,1786
1836,2024-06-03,16,1,605,401,120.49,9,11531
1837,2024-01-12,27,2,604,401,379.11,74,12515
1838,2023-05-02,85,8,602,400,242.99,57,12214
1839,2025-06-17,82,6,602,400,293.18,91,158
1840,2023-05-11,30,1,603,401,181.43,8,13591
1841,2025-04-27,56,11,601,400,246.34,86,10773
1842,2023-05-12,97,15,605,401,100.21,55,4987
1843,2024-01-29,41,13,604,400,261.25,74,12094
1844,2023-02-20,43,14,604,401,243.71,25,6045
1845,2022-08-22,76,6,602,403,197.3,70,6989
1846,2024-05-23,31,12,605,402,104.4,22,2804
1847,2022-03-07,40,1,603,402,373.08,49,14060
1848,2025-01-22,44,1,600,400,265.08,33,4205
1849,2024-05-26,2,7,600,401,90.4,78,6279
1850,2022-04-08,26,4,600,400,328.01,43,5395
1851,2023-05-13,50,3,601,401,58.8,72,14397
1852,2024-06-25,46,12,600,400,130.86,56,13227
1853,2025-03-07,66,14,601,403,53.67,45,11347
1854,2022-11-22,11,3,601,401,483.62,19,8980
1855,2023-10-28,24,2,600,403,297.48,18,831
1856,2025-01-22,97,11,601,403,118.44,39,3526
1857,2024-05-02,42,6,605,403,293.63,87,1854
1858,2024-05-17,15,12,600,400,367.41,64,5745
1859,2024-10-25,9,1,600,401,315.08,24,8987
1860,2024-10-20,50,7,601,402,68.35,69,5632
1861,2024-11-06,6,7,604,402,97.8,8,12508
1862,2024-11-15,82,9,602,400,142.24,59,6533
1863,2023-12-17,64,12,603,401,153.36,45,13262
1864,2024-04-14,30,14,605,403,370.11,21,11928
1865,2023-06-12,67,10,603,401,430.86,35,11596
1866,2022-03-17,94,10,603,400,247.32,88,4112
1867,2023-11-27,29,4,605,401,98.86,39,9782
1868,2022-08-07,56,1,602,403,443.72,56,1096
1869,2023-12-27,64,3,601,400,438.32,39,9522
1870,2023-10-27,20,15,601,402,260.83,63,3870
1871,2023-10-28,25,1,604,401,465.42,36,11327
1872,2022-05-03,86,2,605,400,244.1,61,657
1873,2025-02-15,55,12,603,402,254.38,65,9903
1874,2023-10-16,20,4,601,402,419.51,41,9569
1875,2022-11-27,77,4,605,401,60.08,50,581
1876,2025-03-02,66,7,600,401,217.48,39,12279
1877,2022-10-01,5,2,604,402,169.31,68,5681
1878,2024-10-10,61,7,601,400,113.33,45,3692
1879,2025-01-15,5,8,605,400,468.16,92,4763
1880,2022-02-24,33,15,605,400,333.7,79,14898
1881,2024-08-26,30,5,600,400,360.85,29,5861
1882,2023-05-27,30,7,602,403,243.29,56,9910
1883,2023-06-12,99,13,604,403,93.8,66,4840
1884,2023-05-08,97,11,601,403,471.45,94,13264
1885,2024-02-02,52,2,603,401,422.1,15,11298
1886,2022-09-07,37,13,600,400,309.17,73,5312
1887,2022-02-28,20,5,604,400,335.56,58,3296
1888,2023-08-22,50,6,604,402,336.48,15,2855
1889,2023-04-03,63,12,600,400,430.35,55,11290
1890,2022-04-26,37,8,604,401,273.81,61,5865
1891,2024-06-03,93,5,605,400,72.6,16,2306
1892,2023-08-10,99,15,601,403,388.49,83,4733
1893,2022-12-23,32,9,602,401,363.91,10,3379
1894,2024-03-10,82,9,605,403,165.8,74,3871
1895,2023-03-18,17,3,602,403,418.76,96,7938
1896,2023-11-07,81,15,602,403,420.41,68,6230
1897,2023-01-25,36,6,600,401,101.13,91,13172
1898,2022-06-17,43,15,601,401,302.93,60,2214
1899,2022-11-12,7,1,603,401,51.74,43,5043
1900,2024-02-14,53,11,602,400,357.83,5,3273
1901,2024-11-10,83,13,603,403,287.5,28,10253
1902,2023-07-30,9,9,603,402,385.35,34,12599
1903,2022-10-20,78,3,604,402,199.43,78,14562
1904,2022-04-20,62,9,602,400,69.75,44,4032
1905,2025-02-18,66,14,605,400,159.32,94,10298
1906,2025-01-28,16,12,602,403,183.96,16,14114
1907,2024-11-10,95,5,602,400,301.4,71,12035
1908,2023-09-03,60,6,604,403,191.3,71,3290
1909,2025-01-07,18,2,601,403,307.85,79,8091
1910,2022-07-11,34,1,605,400,155.75,54,7560
1911,2022-11-24,80,12,604,402,274.9,18,4437
1912,2025-03-01,58,15,603,403,201.94,52,5016
1913,2022-07-20,4,1,602,401,322.96,35,8027
1914,2024-06-15,65,7,600,402,251.05,31,3033
1915,2024-05-25,25,11,605,403,64.11,10,11615
1916,2022-04-09,32,8,601,401,305.41,49,10172
1917,2022-02-07,9,3,601,400,278.88,46,1767
1918,2025-05-05,85,7,601,400,471.98,78,6678
1919,2024-11-02,34,15,601,403,122.3,7,12647
1920,2022-05-18,36,4,605,403,369.6,6,13406
1921,2023-09-07,69,7,600,403,235.1,18,12543
1922,2024-02-19,14,2,604,403,142.88,15,11887
1923,2025-04-10,50,2,604,400,407.76,6,1068
1924,2022-01-14,36,5,601,401,231.82,56,12233
1925,2025-05-19,60,10,603,401,387.99,62,4317
1926,2024-02-06,93,9,601,402,379.38,60,12218
1927,2023-04-21,46,7,602,401,483.94,13,1323
1928,2024-08-13,15,7,602,401,479.49,16,8904
1929,2025-05-24,5,2,601,403,405.67,8,11348
1930,2023-05-16,32,9,600,403,465.95,55,8953
1931,2025-04-21,94,12,605,400,499.52,20,6580
1932,2023-11-08,17,3,602,401,433.79,91,10217
1933,2023-03-16,34,8,601,401,63.09,55,11378
1934,2023-03-23,59,12,600,403,373.83,54,6824
1935,2023-09-20,62,5,601,402,340.26,79,12426
1936,2022-03-28,53,3,603,403,377.14,11,7569
1937,2024-12-28,97,8,600,402,114.68,54,331
1938,2022-01-19,72,7,604,403,151.55,5,4401
1939,2022-06-15,71,10,605,403,73.74,53,13371
1940,2024-10-26,71,12,600,401,413.08,85,10348
1941,2022-07-01,58,3,601,400,252.94,76,8163
1942,2023-08-22,90,6,600,401,273.63,65,14305
1943,2023-04-18,4,14,600,401,441.06,30,10582
1944,2022-10-22,88,8,601,400,190.51,22,14513
1945,2022-03-10,86,3,603,400,147.02,66,3811
1946,2023-01-15,29,7,601,403,324.4,24,6304
1947,2023-10-15,82,13,605,402,163.44,40,13428
1948,2023-11-19,1,11,601,403,279.43,35,11098
1949,2023-09-19,49,4,602,401,84.37,23,4822
1950,2024-02-13,91,14,601,402,217.06,28,8231
1951,2023-01-31,29,3,601,402,57.93,59,12564
1952,2025-04-19,82,14,602,402,117.49,6,14978
1953,2022-09-30,46,11,600,400,285.79,10,6482
1954,2022-03-20,26,7,605,401,431.19,53,10095
1955,2023-11-10,78,1,600,401,112.24,63,1186
1956,2025-06-15,26,8,605,403,55.99,98,6095
1957,2024-01-24,1,4,605,402,479.51,32,10337
1958,2025-04-06,61,14,600,403,305.21,91,5826
1959,2025-02-09,44,5,603,402,183.22,72,8515
1960,2023-10-31,88,3,601,401,189.93,64,12660
1961,2022-03-12,21,8,601,400,217.6,99,6330
1962,2022-08-26,36,2,602,403,64.89,98,12191
1963,2023-05-30,24,1,604,401,143.39,69,13222
1964,2023-11-24,82,11,601,401,92.53,75,14457
1965,2023-10-02,56,11,601,400,386.1,12,14448
1966,2025-01-05,3,8,600,401,324.41,73,1541
1967,2022-05-02,16,14,601,402,376.65,95,8330
1968,2024-10-30,76,14,600,402,154.76,12,5982
1969,2022-02-16,92,6,600,402,57.02,75,6329
1970,2023-02-22,22,7,603,400,283.36,36,10714
1971,2022-04-06,82,1,602,402,200.88,46,12037
1972,2024-03-15,72,12,605,402,131.64,14,8925
1973,2025-06-16,31,11,600,402,432.49,72,10946
1974,2023-09-28,12,4,601,402,471.75,60,6127
1975,2022-06-26,37,4,604,400,98.84,19,8693
1976,2024-09-18,52,5,603,401,335.18,15,1832
1977,2022-04-02,24,10,601,401,440.64,20,1806
1978,2022-06-29,27,7,605,402,87.31,56,7561
1979,2022-10-12,95,4,605,400,369.8,65,1785
1980,2023-11-21,62,8,605,402,318.09,61,11375
1981,2024-05-14,11,12,604,400,215.72,27,2300
1982,2022-07-01,69,7,605,400,411.88,25,13737
1983,2022-10-18,70,7,600,402,459.62,16,7554
1984,2025-03-19,58,12,602,402,357.15,84,12752
1985,2023-09-08,16,14,604,403,337.83,91,1693
1986,2025-06-26,65,10,605,403,130.33,46,118
1987,2022-07-08,11,14,604,401,225.9,81,13352
1988,2025-02-20,48,12,604,401,123.98,57,8191
1989,2025-03-26,59,9,605,402,244.82,33,5792
1990,2024-02-11,74,3,605,403,443.09,94,4313
1991,2024-07-19,27,11,605,400,199.26,14,1561
1992,2023-09-24,96,13,600,403,466.83,83,8484
1993,2022-02-04,48,12,600,400,498.87,38,898
1994,2024-07-29,93,4,603,402,256.89,22,4262
1995,2024-09-05,62,13,603,401,171.95,97,6153
1996,2022-12-07,23,9,604,403,55.86,81,11181
1997,2025-02-15,3,9,601,402,452.52,14,657
1998,2022-07-11,86,4,600,403,229.39,34,4259
1999,2025-02-03,51,8,602,400,369.79,75,5400
2000,2023-12-21,52,7,602,400,483.72,88,4772
2001,2022-06-07,88,6,602,402,165.83,6,3418
2002,2022-03-13,44,15,601,403,284.78,64,13946
2003,2024-06-24,79,13,605,403,53.57,38,2792
2004,2025-05-25,65,5,603,400,314.39,61,9477
2005,2024-10-26,49,15,605,402,447.49,20,13114
2006,2022-11-22,7,15,605,400,50.39,69,13995
2007,2024-01-16,53,6,604,401,276.32,40,5902
2008,2023-03-08,24,8,602,400,392.49,97,2261
2009,2024-05-21,40,12,600,403,268.7,44,7064
2010,2022-07-26,1,13,605,400,434.65,44,1001
2011,2022-09-07,95,1,600,403,152.72,85,12113
2012,2024-05-04,65,12,601,400,260.95,57,11240
2013,2024-04-04,7,4,600,403,333.66,9,14157
2014,2023-03-27,8,15,600,401,132.21,39,4880
2015,2022-08-19,95,1,605,403,270.52,44,12466
2016,2023-04-08,2,11,600,402,319.02,31,4747
2017,2023-09-04,88,9,600,401,458.13,6,6389
2018,2022-04-21,51,10,604,401,127.95,10,2190
2019,2024-07-26,13,15,600,403,148.81,44,11339
2020,2025-01-16,8,10,600,403,222.09,69,1205
2021,2025-03-04,90,2,603,402,70.96,30,12258
2022,2022-07-27,71,15,605,402,249.79,65,14078
2023,2023-03-07,29,7,603,403,324.04,44,6510
2024,2023-06-20,37,11,605,403,493.51,80,5256
2025,2025-03-02,70,7,602,402,403.5,38,2500
2026,2023-12-20,50,9,605,401,110.41,62,9454
2027,2025-03-11,87,11,605,402,205.97,53,357
2028,2024-05-05,1,7,602,400,134.45,47,11963
2029,2022-08-22,38,15,600,403,56.71,66,3952
2030,2024-01-24,63,5,600,403,435.25,88,14431
2031,2023-08-16,53,13,603,402,104.23,22,11290
2032,2022-07-16,90,2,603,400,410.29,11,5223
2033,2024-01-25,20,6,601,401,163.17,91,6835
2034,2024-02-10,33,13,605,400,177.22,97,5143
2035,2024-03-04,38,8,604,401,133.28,86,14963
2036,2023-12-21,95,13,601,401,301.4,41,13113
2037,2023-11-25,36,6,605,402,371.85,80,8083
2038,2023-06-13,23,2,605,403,186.33,72,4953
2039,2022-06-27,71,13,604,401,244.32,83,12590
2040,2023-12-04,63,1,602,402,334.12,17,7171
2041,2023-05-17,76,8,605,402,494.22,51,3345
2042,2022-05-21,21,8,601,403,347.45,92,12138
2043,2023-06-07,65,6,601,401,208.91,34,14538
2044,2023-03-10,74,6,605,400,257.41,13,2210
2045,2022-07-03,60,14,605,403,109.54,86,4365
2046,2025-01-18,90,9,601,401,172.84,96,14314
2047,2023-01-09,92,6,602,403,217.25,88,4877
2048,2024-02-23,96,4,603,401,362.5,81,10330
2049,2022-10-20,81,1,602,403,251.45,29,10673
2050,2024-05-27,55,12,604,402,314.11,6,7665
2051,2023-01-28,85,12,603,403,217.32,48,13198
2052,2024-08-30,98,8,600,400,491.52,8,13154
2053,2022-03-29,54,13,600,401,102.23,8,7623
2054,2022-07-07,46,8,605,402,186.65,100,6535
2055,2025-05-28,48,14,601,403,243.9,74,14189
2056,2022-04-04,72,3,605,400,213.22,23,9995
2057,2023-07-10,42,13,603,403,466.3,99,1429
2058,2023-02-16,53,10,604,403,369.76,7,1247
2059,2024-04-01,32,2,605,402,129.92,26,10786
2060,2022-06-03,81,11,601,402,406.13,37,9943
2061,2022-11-17,48,7,602,401,213.15,89,214
2062,2025-03-10,44,3,602,402,61.89,97,6699
2063,2022-02-17,59,12,603,403,287.25,78,433
2064,2024-12-14,80,14,604,402,269.28,90,9645
2065,2024-03-14,13,14,603,400,201.0,49,4873
2066,2024-09-23,62,14,602,402,344.36,24,12018
2067,2024-05-01,30,1,600,402,155.73,84,10068
2068,2025-01-26,30,8,600,401,444.44,23,9396
2069,2023-06-16,2,2,603,403,421.08,30,13366
2070,2022-06-19,15,2,603,400,329.1,15,2245
2071,2022-11-22,31,4,602,402,326.19,22,4998
2072,2024-07-11,89,3,605,400,89.55,66,6676
2073,2023-05-26,86,12,603,402,164.61,90,13481
2074,2024-05-27,5,10,601,401,168.24,52,12186
2075,2024-07-14,42,12,602,400,151.24,5,8121
2076,2023-12-09,16,13,600,401,144.89,73,13906
2077,2025-01-07,2,10,602,400,475.1,12,14803
2078,2025-03-16,46,8,603,402,175.62,60,2108
2079,2023-01-09,41,5,605,403,398.66,24,14079
2080,2023-03-15,69,9,602,401,284.63,68,3017
2081,2023-07-31,40,9,602,403,64.51,12,11024
2082,2022-07-20,61,6,605,400,498.6,56,8148
2083,2022-06-30,5,12,602,402,393.78,63,12219
2084,2025-02-07,18,15,603,401,323.26,13,14571
2085,2023-12-18,89,15,604,400,312.03,99,117
2086,2025-01-08,88,11,600,401,270.57,67,5113
2087,2022-05-13,75,9,604,401,229.36,35,103
2088,2024-08-05,69,7,605,401,117.52,31,5004
2089,2023-10-06,77,11,600,403,72.54,64,1838
2090,2024-07-05,22,11,602,403,303.49,96,6535
2091,2023-09-19,96,7,600,403,246.58,26,5189
2092,2022-08-06,43,3,603,401,195.4,13,5441
2093,2022-10-15,8,7,601,400,150.96,75,146
2094,2022-09-25,74,3,603,403,118.79,21,10519
2095,2022-01-17,23,12,605,401,246.97,86,8009
2096,2025-01-11,60,14,600,403,279.66,5,10875
2097,2023-06-17,5,2,601,401,455.25,74,8368
2098,2024-10-05,33,3,605,400,179.21,38,7023
2099,2024-05-30,91,8,603,400,454.93,12,14697
2100,2025-05-30,2,2,603,401,115.26,34,3765
2101,2023-06-07,87,15,605,401,247.99,72,10529
2102,2023-03-09,6,10,604,403,374.94,69,13736
2103,2024-03-21,23,4,603,403,247.25,30,6950
2104,2025-05-04,93,12,600,400,269.92,98,6654
2105,2023-05-10,40,12,601,401,240.39,88,6655
2106,2024-01-05,32,2,605,400,258.29,80,9935
2107,2023-09-03,61,1,601,400,304.54,78,4339
2108,2025-04-02,17,13,604,400,225.58,10,289
2109,2023-10-02,75,5,601,403,344.58,29,11097
2110,2024-07-26,86,7,602,402,446.94,53,6884
2111,2024-05-27,11,3,601,402,284.76,79,11817
2112,2025-04-23,15,1,605,402,317.39,5,14794
2113,2023-06-25,70,14,604,401,126.68,97,14542
2114,2023-01-01,83,6,605,401,426.58,80,2468
2115,2023-07-22,40,9,604,403,258.08,18,13797
2116,2023-01-11,36,13,604,403,110.83,84,4378
2117,2024-10-24,81,6,605,401,62.88,78,1646
2118,2023-01-04,69,3,601,401,293.16,10,12043
2119,2022-12-11,93,1,603,401,220.54,17,14065
2120,2022-09-14,67,8,601,403,272.71,34,4447
2121,2024-09-20,30,10,602,401,296.46,41,13616
2122,2023-08-04,63,6,603,402,126.56,57,11973
2123,2022-04-01,99,15,604,402,334.03,25,14558
2124,2023-05-23,26,1,605,401,162.39,25,6129
2125,2023-05-16,8,8,600,402,104.6,16,3466
2126,2023-05-21,3,8,603,400,450.27,37,3335
2127,2022-04-28,10,3,603,403,426.89,39,5658
2128,2024-05-29,83,10,603,402,197.94,84,14814
2129,2022-07-05,14,1,600,400,219.17,33,1468
2130,2022-11-18,55,11,604,400,429.53,76,8909
2131,2024-05-26,48,8,605,400,244.84,13,10827
2132,2023-08-02,3,12,604,400,499.99,96,3494
2133,2023-08-21,66,9,605,400,130.64,26,2381
2134,2024-03-01,79,1,603,400,475.3,59,8776
2135,2023-07-06,55,8,600,401,331.7,55,10627
2136,2024-02-24,45,2,605,401,386.1,67,119
2137,2023-10-03,73,7,603,400,101.59,8,4205
2138,2024-08-29,6,9,605,402,265.32,60,290
2139,2025-06-04,29,12,602,403,494.49,33,6826
2140,2024-05-18,54,13,605,402,116.68,31,4153
2141,2024-07-13,85,3,605,402,384.94,30,13817
2142,2024-10-25,36,13,605,403,487.49,81,7101
2143,2024-08-24,99,8,600,402,494.11,97,13212
2144,2025-02-13,99,12,601,400,427.78,39,9445
2145,2022-06-08,69,13,605,403,331.18,50,2673
2146,2022-09-17,90,13,601,402,296.93,14,1811
2147,2024-04-21,98,11,604,402,397.65,35,5488
2148,2023-02-03,63,12,602,400,245.3,59,2087
2149,2024-11-20,87,13,604,402,453.36,46,9303
2150,2024-11-09,92,12,602,403,301.04,77,1760
2151,2022-03-23,3,15,602,402,221.99,12,719
2152,2022-01-04,94,11,600,403,250.31,12,12368
2153,2023-09-16,77,1,604,403,376.58,72,1949
2154,2024-05-14,20,14,603,400,360.45,65,13303
2155,2022-11-21,35,6,602,402,175.05,89,14817
2156,2023-08-05,36,2,602,403,309.02,20,9315
2157,2023-11-24,48,3,603,401,196.18,69,2247
2158,2023-09-26,1,1,603,403,321.83,79,6192
2159,2024-11-20,1,3,603,402,337.68,94,1737
2160,2022-11-11,48,3,602,402,289.82,29,2778
2161,2024-07-19,60,8,600,400,384.42,24,10900
2162,2025-05-30,14,5,603,402,308.36,17,3961
2163,2022-08-11,23,5,604,400,395.31,57,6018
2164,2022-02-22,73,3,601,402,280.75,37,6787
2165,2024-10-09,73,2,602,402,262.37,69,14952
2166,2022-12-31,5,1,605,403,68.66,47,767
2167,2022-02-09,6,8,603,402,218.71,54,12899
2168,2025-03-02,76,11,603,400,252.05,53,12697
2169,2023-07-06,90,9,600,400,134.62,28,11983
2170,2022-12-23,44,9,600,401,239.38,41,12442
2171,2024-01-04,48,12,601,402,128.91,97,11024
2172,2022-09-13,40,2,604,401,487.21,55,14794
2173,2024-05-10,98,15,602,402,417.61,64,11279
2174,2022-08-03,53,5,605,401,200.05,75,6886
2175,2023-09-06,11,4,605,400,159.53,85,5914
2176,2022-06-07,13,11,604,402,416.04,61,4862
2177,2024-08-23,98,5,601,400,212.31,76,8043
2178,2023-06-04,84,14,600,403,199.68,84,8089
2179,2023-05-03,90,14,602,400,423.05,41,3307
2180,2022-05-02,61,10,602,403,303.31,8,6888
2181,2022-03-29,21,13,605,401,405.55,37,10947
2182,2024-01-14,74,12,604,401,497.31,65,11664
2183,2024-01-18,60,7,601,403,326.85,99,5136
2184,2023-11-20,29,4,601,402,493.08,21,4608
2185,2025-04-13,67,7,603,400,278.26,36,13337
2186,2022-05-17,89,10,603,402,91.63,38,11035
2187,2022-11-28,39,2,601,401,138.19,92,12521
2188,2025-02-08,41,7,602,401,178.91,61,1769
2189,2024-02-03,29,11,605,400,235.9,80,7094
2190,2022-06-15,96,7,604,403,340.59,32,4480
2191,2025-03-06,55,10,601,403,166.02,80,8400
2192,2025-05-24,92,7,600,400,449.41,29,11186
2193,2023-06-07,57,5,602,400,267.94,53,2463
2194,2022-01-16,60,7,601,402,387.04,18,8114
2195,2022-11-23,77,2,602,402,127.42,81,11812
2196,2024-03-24,65,9,601,401,230.67,40,11905
2197,2023-11-20,41,3,604,402,213.63,37,4681
2198,2025-03-14,68,6,602,402,166.15,39,12423
2199,2024-02-12,88,6,602,401,465.38,99,6978
2200,2023-07-04,54,14,602,402,291.78,12,4462
2201,2022-04-11,55,12,600,402,367.69,41,8358
2202,2023-10-22,86,12,603,403,176.96,38,5949
2203,2024-10-09,24,11,602,401,112.57,14,4604
2204,2023-12-27,72,9,600,401,332.03,53,5855
2205,2022-07-22,6,7,603,403,235.97,50,9564
2206,2025-06-17,63,8,604,401,325.14,32,14859
2207,2024-07-31,57,9,603,401,438.74,22,6730
2208,2022-09-26,6,6,601,400,456.01,83,10725
2209,2024-02-28,69,15,602,403,436.43,25,642
2210,2024-03-17,44,15,605,403,80.96,65,432
2211,2022-10-10,63,13,605,402,78.83,13,9413
2212,2025-06-12,65,6,604,402,383.62,5,4023
2213,2022-11-26,75,2,602,403,438.2,52,11882
2214,2023-12-15,51,11,602,401,394.93,40,9480
2215,2022-12-20,97,3,602,401,469.04,58,10932
2216,2022-09-29,61,14,602,401,287.31,37,489
2217,2024-02-13,16,1,600,400,269.66,95,14417
2218,2022-04-18,77,8,600,400,199.85,67,6712
2219,2025-02-04,94,11,601,401,348.86,42,6109
2220,2022-09-07,88,2,601,402,482.45,5,5889
2221,2022-06-29,5,13,603,400,127.47,51,8137
2222,2023-06-18,50,1,605,400,152.02,86,14411
2223,2025-05-08,20,9,603,400,322.0,28,9798
2224,2025-01-08,52,3,603,400,61.97,40,3860
2225,2022-09-11,39,4,603,400,62.11,81,11652
2226,2023-09-06,72,10,604,403,150.17,91,1640
2227,2025-04-21,96,9,602,401,409.29,82,7461
2228,2022-10-01,19,7,601,400,234.91,77,10132
2229,2022-04-26,20,10,601,402,451.43,87,4945
2230,2024-01-25,43,11,600,400,305.91,11,8804
2231,2022-01-11,72,10,602,401,207.39,56,11056
2232,2023-03-14,78,12,604,401,94.9,76,7456
2233,2022-12-15,21,15,602,403,147.87,25,4644
2234,2023-08-06,47,5,600,401,170.75,94,11285
2235,2024-05-08,96,12,603,401,351.15,8,5894
2236,2024-09-04,74,1,603,403,269.01,83,7562
2237,2025-05-22,94,14,600,403,141.45,92,3022
2238,2023-05-15,100,4,604,401,163.16,100,14265
2239,2024-12-08,99,8,603,403,122.9,81,3820
2240,2025-04-29,96,3,601,401,422.46,63,9043
2241,2022-04-05,89,15,604,403,252.12,49,9543
2242,2024-02-22,92,8,605,403,61.26,30,10308
2243,2024-07-18,10,3,601,402,499.46,17,12813
2244,2022-02-14,41,15,601,402,171.67,57,12291
2245,2022-08-19,29,11,605,403,372.1,62,10523
2246,2022-10-26,40,10,604,401,104.28,84,10196
2247,2023-11-07,47,14,600,400,166.23,17,646
2248,2024-01-13,96,10,603,403,319.52,15,4952
2249,2023-12-12,3,4,602,402,297.51,54,13950
2250,2022-10-29,74,10,601,401,138.9,43,13075
2251,2023-05-09,45,14,603,402,461.91,89,4618
2252,2024-02-11,50,10,605,402,255.31,18,905
2253,2024-06-19,12,15,603,403,430.04,26,12601
2254,2023-11-06,68,14,601,400,171.47,59,9600
2255,2023-07-21,24,12,600,400,402.68,34,7004
2256,2022-03-16,51,10,602,402,346.16,28,14427
2257,2024-10-16,82,15,604,402,172.61,94,771
2258,2024-01-08,31,9,604,402,51.68,14,13297
2259,2023-01-30,59,5,604,401,180.22,75,8293
2260,2024-08-27,25,9,600,401,112.06,64,4469
2261,2024-05-13,41,14,604,402,484.93,46,8639
2262,2022-07-05,47,10,602,403,426.0,85,7652
2263,2024-03-28,86,2,600,403,331.7,38,12970
2264,2022-03-03,46,3,601,400,159.6,88,8655
2265,2022-11-18,82,15,601,400,383.6,46,7348
2266,2023-07-08,81,4,604,402,435.95,53,9407
2267,2024-05-30,80,10,605,400,266.9,14,13750
2268,2022-05-03,28,13,600,400,109.23,56,12699
2269,2024-12-26,44,2,600,402,378.14,67,977
2270,2025-02-07,65,15,604,403,63.02,11,9181
2271,2023-07-13,34,15,602,400,390.98,73,11278
2272,2025-06-01,88,10,602,400,452.8,10,6632
2273,2022-10-25,42,12,604,402,54.87,58,12431
2274,2023-06-03,95,1,600,402,104.43,46,7727
2275,2022-05-17,38,13,601,403,404.78,8,507
2276,2023-01-30,84,3,602,400,149.82,5,10804
2277,2022-11-05,15,2,603,401,60.75,98,3633
2278,2024-02-10,66,3,601,400,244.08,55,5480
2279,2022-12-29,23,5,603,403,263.77,9,5831
2280,2024-08-11,42,4,600,401,324.35,7,3776
2281,2024-03-06,50,6,605,401,159.83,18,2081
2282,2023-11-21,71,7,604,403,360.62,71,2262
2283,2022-03-26,72,3,600,401,385.35,60,8890
2284,2022-01-26,86,9,604,403,155.84,72,11748
2285,2022-12-23,66,11,601,401,421.38,61,9916
2286,2023-01-20,46,7,604,401,71.97,64,6259
2287,2022-12-20,97,14,604,402,439.77,26,10973
2288,2024-10-05,19,4,605,403,77.75,95,5125
2289,2022-02-16,46,14,601,401,450.12,8,12082
2290,2023-10-11,44,7,602,400,392.5,40,5197
2291,2024-12-28,74,7,601,403,484.26,86,14939
2292,2022-10-01,47,1,604,403,226.53,64,12102
2293,2022-10-29,31,2,600,400,221.98,89,2015
2294,2022-12-24,79,3,602,400,492.93,10,8087
2295,2024-01-14,28,11,603,402,117.68,24,9536
2296,2024-03-04,63,7,604,401,259.99,23,4159
2297,2025-06-20,90,2,605,401,167.54,31,11555
2298,2022-08-05,87,6,603,401,485.3,83,2042
2299,2023-04-03,11,1,605,403,149.98,83,4782
2300,2024-02-04,14,5,601,403,194.17,21,7721
2301,2023-01-27,12,9,600,402,277.23,59,11985
2302,2025-04-30,66,2,600,403,402.74,80,233
2303,2024-04-01,50,11,604,401,385.71,35,6883
2304,2023-01-03,53,13,602,401,336.9,84,6527
2305,2023-03-20,30,7,602,401,148.88,65,3181
2306,2025-03-21,32,6,605,401,459.12,31,8696
2307,2022-02-02,50,14,603,402,361.49,88,14972
2308,2024-05-04,43,9,600,400,314.77,90,13726
2309,2024-12-22,2,11,605,402,61.29,69,8565
2310,2022-08-09,78,5,605,402,355.89,76,12435
2311,2024-09-03,89,4,601,400,277.43,96,13096
2312,2023-04-24,30,6,604,402,371.32,19,2528
2313,2023-12-10,56,9,605,403,376.25,96,791
2314,2024-05-08,88,8,605,401,472.69,5,13060
2315,2025-03-21,86,7,602,402,219.29,54,5143
2316,2024-01-02,57,2,602,402,320.17,11,1722
2317,2022-07-18,95,6,604,400,298.14,57,12213
2318,2022-03-12,82,9,601,401,457.96,24,3384
2319,2024-02-24,54,7,601,400,393.75,72,8910
2320,2022-02-11,62,13,600,401,302.62,32,2616
2321,2022-07-21,76,1,600,402,431.15,75,12515
2322,2025-05-12,78,6,600,403,60.39,15,11197
2323,2024-12-10,9,5,603,402,298.13,54,2930
2324,2023-08-06,83,1,603,400,169.36,7,10047
2325,2024-08-23,70,5,603,400,101.45,32,9431
2326,2024-06-23,4,7,604,401,179.43,82,10122
2327,2022-05-13,24,4,603,401,378.73,5,1384
2328,2022-06-02,85,14,603,403,399.02,11,12910
2329,2022-03-07,50,15,602,403,447.08,76,11344
2330,2023-01-19,5,3,605,400,362.15,78,1977
2331,2024-12-27,85,6,605,400,359.88,89,8031
2332,2023-09-12,57,13,600,403,261.66,46,14524
2333,2024-01-02,36,10,602,403,485.47,54,12170
2334,2022-11-13,25,13,602,401,247.45,48,7748
2335,2024-03-25,100,10,603,401,175.12,31,5660
2336,2023-12-09,34,11,604,402,106.63,46,11199
2337,2022-04-02,66,15,600,402,416.43,23,13782
2338,2023-08-05,72,12,601,400,75.83,17,4721
2339,2024-11-19,56,4,601,401,146.53,48,12476
2340,2024-10-05,33,7,603,401,67.57,40,2075
2341,2022-07-09,80,13,600,403,398.98,25,8044
2342,2024-01-13,92,9,600,401,106.17,50,5743
2343,2024-01-09,23,15,605,402,171.96,72,2142
2344,2022-02-23,37,5,601,403,458.89,83,2332
2345,2023-08-06,21,13,604,400,109.67,15,3888
2346,2022-06-02,80,7,600,403,112.0,40,9286
2347,2025-06-11,6,5,604,403,416.2,22,10374
2348,2025-04-20,48,5,600,403,377.62,61,9947
2349,2025-02-24,31,8,604,403,127.28,65,4722
2350,2022-06-07,58,2,600,401,402.74,97,5903
2351,2023-12-11,92,13,600,401,312.89,45,7954
2352,2024-04-04,38,4,605,400,293.5,82,3741
2353,2024-12-01,72,3,600,401,119.24,65,1968
2354,2024-03-31,44,8,605,401,155.58,96,3018
2355,2024-12-07,31,9,605,401,249.61,16,9479
2356,2025-03-27,67,13,601,403,475.85,60,14632
2357,2023-03-17,100,13,601,403,100.12,56,5047
2358,2022-03-21,20,5,600,400,192.41,40,12053
2359,2024-03-22,44,2,605,402,381.98,68,2903
2360,2024-02-15,88,14,600,401,121.03,34,10568
2361,2022-06-05,30,9,602,402,325.52,38,8948
2362,2025-05-13,87,14,600,400,193.13,12,1010
2363,2024-03-16,100,7,603,402,73.37,62,7550
2364,2024-05-21,23,12,601,403,123.92,7,10822
2365,2023-10-18,82,14,603,403,69.84,53,7259
2366,2023-02-27,83,6,605,402,310.45,65,7964
2367,2024-07-26,31,15,605,403,184.6,79,12856
2368,2024-05-20,94,3,603,401,396.46,53,5260
2369,2022-12-25,60,10,600,403,98.36,31,11610
2370,2023-02-23,8,15,603,400,467.39,48,1604
2371,2023-10-29,45,11,601,401,118.04,16,14347
2372,2023-01-01,75,12,604,402,498.03,52,13353
2373,2022-11-11,43,6,600,401,238.92,18,8088
2374,2025-06-16,65,7,603,401,309.98,70,12194
2375,2024-04-29,34,9,604,400,476.33,48,9645
2376,2024-04-04,51,13,600,402,348.94,13,5429
2377,2024-05-18,4,11,603,400,460.16,13,12621
2378,2023-10-24,26,4,602,402,315.39,35,13810
2379,2024-12-27,2,2,602,403,116.52,87,8920
2380,2023-12-25,47,4,602,403,273.28,32,9288
2381,2022-08-11,80,2,604,403,332.02,84,12229
2382,2022-03-09,89,4,603,403,186.83,10,2766
2383,2024-10-05,20,14,604,403,477.46,7,11694
2384,2024-08-18,34,8,602,403,200.74,60,8875
2385,2023-07-14,95,6,604,400,114.05,35,2642
2386,2022-11-12,81,3,600,402,212.47,74,6888
2387,2025-05-02,91,15,602,403,213.2,87,14135
2388,2023-03-18,39,1,604,403,226.18,67,488
2389,2025-04-26,69,6,605,401,330.09,57,4881
2390,2025-01-31,33,1,600,400,158.75,88,3584
2391,2022-03-05,45,6,603,401,298.17,80,1900
2392,2023-05-05,2,7,601,402,77.16,13,12311
2393,2022-08-18,89,3,603,402,210.2,34,5167
2394,2023-08-29,91,12,605,401,105.05,41,7615
2395,2025-02-14,62,4,601,403,443.08,90,4878
2396,2022-12-20,3,8,604,401,84.96,10,4862
2397,2022-05-21,3,5,601,402,139.59,45,8473
2398,2025-06-11,17,7,600,401,465.61,54,11743
2399,2024-05-04,77,10,600,401,257.24,8,3139
2400,2023-09-08,54,2,601,400,420.15,18,7303
2401,2023-05-30,41,12,605,401,103.07,17,1067
2402,2023-02-01,98,12,603,401,261.72,50,7620
2403,2024-03-11,98,7,603,400,163.99,61,11441
2404,2023-06-11,35,3,605,402,328.17,50,11182
2405,2022-07-12,20,4,602,402,457.08,89,6762
2406,2023-12-03,79,6,605,402,135.22,36,14317
2407,2022-03-26,50,8,600,401,259.57,42,12571
2408,2023-03-10,80,9,602,403,321.84,79,13375
2409,2024-07-16,17,6,602,402,123.53,73,2649
2410,2022-11-23,37,1,602,401,371.42,78,1656
2411,2024-11-06,51,10,603,403,310.36,44,12025
2412,2022-12-25,69,8,603,403,177.87,70,3714
2413,2023-01-26,25,15,600,400,146.52,14,9338
2414,2023-11-01,79,9,605,402,97.7,51,2252
2415,2024-09-02,35,2,600,402,102.94,93,5489
2416,2024-08-25,9,12,600,400,322.37,28,5024
2417,2024-12-21,19,8,601,403,60.17,23,14129
2418,2022-04-18,91,2,604,401,91.0,76,7197
2419,2023-01-15,29,3,601,400,452.08,94,13642
2420,2023-05-26,58,9,602,400,361.71,43,1539
2421,2023-03-21,2,4,600,400,188.89,59,9410
2422,2022-07-22,84,1,603,402,352.55,47,1914
2423,2022-09-19,66,14,605,400,292.23,51,6039
2424,2022-07-29,79,4,604,403,352.97,89,3751
2425,2022-01-14,87,14,603,402,357.88,52,14267
2426,2022-05-31,85,13,605,402,99.65,41,8098
2427,2022-05-01,85,12,605,400,380.47,63,11159
2428,2024-09-27,16,15,601,401,485.33,90,5640
2429,2022-01-06,95,14,605,403,403.86,84,4079
2430,2022-04-30,8,10,600,401,198.02,94,14299
2431,2025-01-08,13,10,602,403,415.62,11,253
2432,2024-01-09,34,11,601,402,129.53,26,12929
2433,2023-05-08,37,4,604,402,118.28,90,9732
2434,2024-04-29,31,14,605,402,418.75,34,9204
2435,2023-02-06,56,14,601,402,291.26,88,13654
2436,2024-03-04,61,6,604,402,439.59,22,14707
2437,2025-04-27,58,14,605,403,420.12,35,1675
2438,2023-11-28,24,8,605,402,190.05,55,2092
2439,2022-06-26,16,2,601,401,201.4,48,540
2440,2023-10-10,56,14,605,402,256.94,25,9611
2441,2023-02-13,78,11,601,401,433.67,27,1010
2442,2023-03-18,30,13,601,401,386.69,47,2251
2443,2025-02-12,47,6,604,403,162.41,49,10139
2444,2022-03-01,31,3,605,400,189.61,73,12010
2445,2025-02-09,89,7,601,400,108.63,33,10023
2446,2023-10-24,72,15,601,403,95.55,21,13109
2447,2022-12-20,53,1,602,401,318.57,52,13814
2448,2023-08-02,77,9,603,400,359.37,92,3446
2449,2025-04-18,30,14,603,403,460.91,74,11259
2450,2024-09-12,96,4,600,401,191.52,88,468
2451,2024-03-30,53,4,604,403,244.18,79,9689
2452,2022-12-26,71,9,601,402,378.33,11,963
2453,2024-12-26,30,14,603,401,238.22,51,12499
2454,2022-11-21,39,11,602,400,479.7,53,411
2455,2022-04-29,4,3,600,401,80.38,33,7533
2456,2025-05-02,21,2,601,403,495.87,15,6948
2457,2024-06-07,93,13,602,400,239.43,85,9256
2458,2023-06-01,92,11,603,400,105.97,46,10785
2459,2024-05-31,34,3,604,401,351.02,40,5942
2460,2022-12-11,73,1,604,401,177.71,92,6308
2461,2025-02-24,20,11,604,400,283.89,76,8022
2462,2022-01-28,65,12,601,403,371.76,46,2176
2463,2024-06-11,32,12,602,401,164.33,31,6212
2464,2024-05-28,39,7,603,402,115.01,77,4327
2465,2023-02-24,44,7,605,400,199.31,64,10425
2466,2024-03-27,58,15,602,400,497.87,83,7145
2467,2024-02-11,10,7,602,401,156.2,75,14998
2468,2025-05-15,89,15,602,401,208.84,45,529
2469,2022-12-27,66,14,604,402,371.93,42,8982
2470,2025-05-29,16,2,605,403,155.93,33,12092
2471,2022-06-19,23,7,600,402,314.71,73,10901
2472,2022-02-27,51,10,603,400,144.23,43,10859
2473,2023-12-10,61,14,600,400,358.32,65,1047
2474,2023-01-22,35,1,603,400,187.89,60,1917
2475,2025-04-19,86,11,602,403,427.25,41,5196
2476,2023-02-04,44,5,605,403,86.45,38,4769
2477,2022-09-12,98,3,602,400,198.49,67,9425
2478,2022-01-16,79,1,600,403,479.4,79,1723
2479,2025-06-12,87,1,601,402,143.22,62,5517
2480,2024-05-06,38,15,601,403,62.31,47,5775
2481,2022-02-28,80,1,601,403,461.61,48,9186
2482,2024-02-17,50,6,602,403,458.93,17,11911
2483,2023-01-06,100,8,602,400,219.57,24,9342
2484,2022-06-20,28,3,600,400,196.24,19,359
2485,2025-06-04,47,3,603,402,61.84,39,5371
2486,2024-06-05,98,1,601,401,355.96,55,4989
2487,2022-03-21,67,1,601,403,412.13,62,10256
2488,2024-11-24,67,14,602,400,236.35,37,3349
2489,2024-08-08,95,4,604,401,450.78,8,555
2490,2023-11-23,46,2,603,403,452.08,99,10420
2491,2024-10-31,92,1,601,400,109.29,95,10465
2492,2022-01-02,51,1,601,400,311.72,40,638
2493,2022-09-28,52,10,605,402,237.11,75,4277
2494,2024-12-31,45,2,600,403,457.12,48,10650
2495,2025-03-02,100,5,602,403,296.7,16,14786
2496,2022-04-04,60,1,604,400,347.88,7,10464
2497,2024-12-20,63,6,604,400,69.58,57,5701
2498,2024-04-24,47,9,605,402,292.03,78,4841
2499,2025-05-09,9,6,605,400,249.6,100,371
2500,2023-08-27,22,11,604,403,274.15,69,13843
2501,2025-04-27,22,11,605,402,349.57,40,8732
2502,2025-04-06,69,14,603,400,338.82,9,10900
2503,2025-05-02,98,6,605,402,62.77,18,1521
2504,2023-05-22,24,6,604,401,235.52,19,9827
2505,2023-09-13,57,5,605,401,472.23,20,5785
2506,2025-01-03,54,9,603,400,171.59,34,719
2507,2024-03-05,42,13,605,400,238.69,89,12182
2508,2024-03-05,21,2,601,400,96.99,7,9513
2509,2024-08-28,57,1,602,402,309.25,81,1938
2510,2022-12-12,62,13,604,402,139.69,23,1708
2511,2023-12-18,46,8,600,402,227.24,10,11229
2512,2024-01-12,38,14,603,401,316.56,21,14099
2513,2024-03-18,66,6,600,400,399.79,41,3508
2514,2024-12-22,13,10,605,402,56.53,83,2052
2515,2022-12-26,29,13,601,403,351.28,33,827
2516,2023-02-18,40,8,604,403,185.78,71,10285
2517,2023-12-06,34,7,600,400,412.79,5,9347
2518,2025-02-20,97,11,602,400,173.03,12,4255
2519,2022-07-02,8,13,605,402,126.36,41,13555
2520,2022-02-24,66,12,601,400,113.44,56,12345
2521,2023-08-31,18,11,605,403,284.77,80,11824
2522,2022-01-15,76,10,602,400,152.75,29,13323
2523,2022-05-28,49,13,601,401,343.95,21,10150
2524,2024-07-06,96,8,602,403,155.05,74,4878
2525,2022-04-06,94,11,601,402,485.96,72,9582
2526,2023-03-10,72,6,602,402,89.25,70,13854
2527,2023-07-25,5,1,601,400,495.94,88,2529
2528,2022-07-10,41,8,605,402,228.62,48,10225
2529,2022-12-19,56,3,602,403,271.08,67,6462
2530,2022-05-03,53,14,600,403,320.42,42,8163
2531,2022-12-08,43,9,605,403,81.88,18,1427
2532,2024-10-29,91,11,600,400,136.38,100,1394
2533,2022-06-01,60,12,601,400,332.1,95,10786
2534,2024-01-05,27,15,600,401,166.27,20,4976
2535,2024-11-18,27,14,603,401,272.12,43,4925
2536,2023-03-25,8,2,601,401,356.92,65,3814
2537,2022-06-11,2,14,601,402,357.41,48,9120
2538,2022-05-25,79,11,605,400,263.42,6,3599
2539,2024-01-09,90,1,603,401,428.31,97,4245
2540,2024-10-21,55,10,603,403,274.39,28,13888
2541,2025-06-02,75,11,604,403,401.85,39,6048
2542,2024-09-04,32,15,600,403,151.26,60,5401
2543,2024-10-17,74,7,605,401,104.93,60,9524
2544,2023-07-15,53,14,602,402,443.63,72,14977
2545,2024-06-18,26,2,600,400,59.39,45,127
2546,2024-09-26,82,4,604,403,209.24,39,11392
2547,2022-03-29,79,9,600,400,331.97,20,1398
2548,2024-03-08,82,12,605,401,317.67,46,11801
2549,2023-01-14,50,10,602,401,190.98,93,814
2550,2024-05-27,27,3,605,400,171.63,63,14681
2551,2025-03-13,7,15,603,402,114.38,89,2282
2552,2024-07-29,68,3,600,402,347.07,97,6296
2553,2022-01-02,17,5,605,403,461.97,70,2325
2554,2022-10-11,34,15,604,401,399.81,68,7677
2555,2023-01-13,74,14,604,402,341.0,69,8428
2556,2025-02-17,95,2,604,403,479.93,30,9295
2557,2022-02-08,30,11,604,400,208.12,64,9291
2558,2024-12-15,44,2,601,400,427.37,30,7637
2559,2023-12-14,42,11,601,400,226.77,89,10871
2560,2023-04-01,25,11,604,400,396.79,73,1717
2561,2024-01-23,19,7,601,402,461.69,40,4533
2562,2023-08-02,36,15,602,403,157.78,41,8051
2563,2025-02-28,19,9,602,400,132.76,69,8813
2564,2023-06-04,31,15,601,402,498.55,5,11817
2565,2024-07-18,25,12,603,403,230.29,57,8581
2566,2023-02-07,72,7,605,403,334.31,82,12849
2567,2022-07-04,51,9,604,402,163.56,99,2714
2568,2022-01-31,11,7,605,401,400.48,68,5522
2569,2025-04-09,16,1,605,400,338.12,60,8572
2570,2023-06-18,26,5,604,400,412.36,38,11146
2571,2023-10-29,48,10,601,400,355.91,58,13777
2572,2023-02-08,58,5,602,400,171.25,33,263
2573,2023-01-14,67,5,604,403,315.87,77,11171
2574,2022-11-11,91,11,604,402,95.13,94,11638
2575,2023-03-03,55,4,603,403,417.17,42,14932
2576,2025-03-04,44,2,600,403,140.7,97,393
2577,2025-02-04,73,15,602,400,440.41,71,13029
2578,2023-04-20,36,15,602,400,456.88,67,6977
2579,2022-08-27,74,14,602,400,250.79,83,7665
2580,2024-11-08,77,13,602,401,50.25,76,13030
2581,2024-02-24,86,1,604,400,361.87,98,13317
2582,2023-06-21,3,9,604,400,368.61,87,11172
2583,2022-05-26,82,15,603,401,56.62,35,6913
2584,2024-12-12,54,8,604,403,103.56,31,9083
2585,2024-12-20,44,7,601,400,438.13,76,13584
2586,2025-06-28,37,8,602,400,167.56,97,9474
2587,2023-04-19,50,12,604,401,340.01,13,4344
2588,2022-03-17,63,2,601,403,208.26,28,9928
2589,2025-06-09,66,14,602,403,72.25,36,14050
2590,2022-01-25,4,13,601,403,338.12,92,1776
2591,2024-08-28,70,13,601,403,131.23,86,6193
2592,2024-04-28,86,14,601,403,446.91,26,6112
2593,2023-08-08,10,3,603,400,279.41,44,9297
2594,2024-06-17,30,5,605,401,121.29,24,9473
2595,2024-12-15,59,9,602,401,304.12,88,313
2596,2024-03-18,75,11,601,402,338.11,84,7100
2597,2024-09-07,44,11,601,401,468.25,22,3525
2598,2022-11-12,1,2,605,401,402.82,76,5755
2599,2024-12-27,86,5,600,401,338.71,98,14225
2600,2022-09-08,69,7,604,403,344.33,82,13761
2601,2023-11-04,92,5,601,402,467.18,49,508
2602,2024-10-15,73,2,605,401,276.96,73,8252
2603,2022-09-29,30,5,602,403,76.97,62,13808
2604,2022-08-22,38,14,603,402,431.49,57,14570
2605,2022-07-16,91,2,604,402,173.85,96,3069
2606,2024-03-07,13,15,604,403,272.67,21,10759
2607,2022-07-10,92,12,600,402,331.48,6,12346
2608,2022-01-21,22,5,601,403,438.5,20,9150
2609,2022-01-07,12,8,602,402,135.52,95,9417
2610,2024-09-30,86,1,600,402,277.15,90,14122
2611,2022-10-16,63,11,600,401,159.63,34,3369
2612,2025-02-20,62,4,602,402,462.89,8,14055
2613,2023-06-11,19,15,601,402,425.27,14,1233
2614,2022-04-16,9,13,604,402,277.1,65,3980
2615,2024-11-25,4,15,601,402,330.63,85,11488
2616,2022-05-03,79,10,601,401,361.35,42,9107
2617,2024-08-01,68,15,604,400,487.58,72,2179
2618,2022-12-04,26,6,600,400,446.72,69,5714
2619,2022-02-26,15,1,601,400,95.77,96,7189
2620,2023-03-14,3,5,601,400,396.65,97,2687
2621,2022-12-14,62,4,603,400,188.22,60,8366
2622,2024-01-11,88,9,604,402,356.81,57,10133
2623,2022-07-19,68,8,601,403,146.85,36,4346
2624,2024-04-12,16,8,603,400,58.58,54,9015
2625,2023-04-18,50,14,604,403,398.52,84,11846
2626,2024-08-31,20,13,603,401,143.59,58,2733
2627,2024-03-29,10,12,603,403,79.23,77,8320
2628,2023-10-28,93,13,605,402,422.72,39,8611
2629,2023-04-05,47,3,600,403,388.44,26,2815
2630,2022-10-23,4,15,605,401,129.06,53,14754
2631,2024-06-16,11,10,601,401,51.44,57,12845
2632,2022-01-11,51,1,600,403,82.2,57,12406
2633,2022-02-13,53,7,605,403,358.64,16,14054
2634,2024-01-20,66,9,602,401,474.1,57,6853
2635,2023-12-29,8,4,605,400,457.01,18,9031
2636,2024-01-31,86,5,603,403,451.71,44,3251
2637,2022-02-18,70,2,600,403,328.58,90,3113
2638,2023-01-27,84,10,601,402,432.72,28,3068
2639,2022-11-28,69,11,605,402,448.5,40,11242
2640,2023-10-02,2,8,601,402,153.55,61,7248
2641,2023-03-05,43,6,605,402,374.58,61,2195
2642,2024-02-23,59,3,601,402,118.46,11,13808
2643,2024-07-20,64,6,600,402,477.19,65,8995
2644,2024-09-04,5,12,603,400,162.88,98,6996
2645,2023-07-22,47,13,601,401,131.96,10,10540
2646,2024-06-15,63,3,601,401,381.52,11,6056
2647,2023-03-24,56,2,604,401,242.83,23,8480
2648,2024-03-19,77,1,605,403,162.98,30,3860
2649,2022-07-29,6,12,600,403,369.38,43,10886
2650,2023-10-15,43,1,604,402,120.19,24,5138
2651,2023-10-28,61,12,600,401,303.64,88,1794
2652,2024-09-26,37,13,603,400,275.81,99,12929
2653,2025-06-04,49,15,600,401,131.34,35,6798
2654,2024-03-02,70,2,605,401,432.46,99,9423
2655,2023-05-20,23,4,605,400,195.07,65,13847
2656,2022-01-06,17,12,600,403,374.37,30,11962
2657,2022-11-14,55,13,603,401,133.18,56,13483
2658,2025-03-12,56,12,604,400,367.03,74,14766
2659,2023-05-06,51,1,604,403,390.07,55,6327
2660,2024-03-20,17,3,605,403,396.81,45,13100
2661,2022-05-21,50,9,604,403,301.68,11,12130
2662,2024-06-29,11,6,600,401,258.83,39,12234
2663,2024-12-22,28,4,600,401,213.32,35,285
2664,2023-09-28,26,8,601,402,82.74,82,9785
2665,2022-09-01,19,12,603,401,270.26,81,7921
2666,2024-11-05,69,7,602,401,345.0,56,183
2667,2022-02-18,31,3,600,403,113.31,10,247
2668,2025-06-04,39,7,600,401,70.6,86,5008
2669,2025-02-06,38,8,601,401,193.66,58,5262
2670,2025-03-30,77,4,601,400,84.22,71,2092
2671,2024-03-09,64,3,600,401,422.82,76,13463
2672,2023-09-21,100,1,604,400,164.75,78,6060
2673,2022-12-19,73,1,603,401,176.81,8,6687
2674,2023-06-28,45,5,601,401,300.54,36,2129
2675,2022-06-24,10,8,600,401,137.23,54,11642
2676,2023-04-04,67,9,601,400,352.08,59,7067
2677,2024-02-24,48,1,602,400,251.35,29,9046
2678,2022-02-12,92,11,600,401,272.13,64,12519
2679,2023-11-14,98,13,603,402,435.81,43,1582
2680,2024-05-19,85,13,600,400,203.18,25,12416
2681,2025-01-24,74,10,605,401,460.0,77,12951
2682,2024-09-30,38,5,603,402,132.53,78,7874
2683,2023-08-05,52,4,603,401,340.03,88,2201
2684,2025-05-22,4,14,604,400,178.97,13,9675
2685,2025-03-26,42,10,602,403,165.16,25,1476
2686,2023-04-22,79,10,603,400,271.6,7,1782
2687,2024-06-16,25,13,600,402,151.14,87,5478
2688,2022-11-25,76,14,603,403,205.27,93,11933
2689,2022-07-11,69,1,604,403,398.64,73,8294
2690,2022-09-26,49,6,602,400,414.88,93,1124
2691,2023-10-13,16,15,605,403,223.23,13,13736
2692,2023-10-27,34,11,601,403,345.64,73,3376
2693,2022-08-09,41,10,603,402,141.24,62,3250
2694,2023-09-26,8,7,602,400,220.51,27,12794
2695,2022-06-27,10,10,604,402,382.21,32,6889
2696,2023-08-29,24,7,605,402,355.37,17,5089
2697,2023-04-06,31,10,600,400,292.3,10,8421
2698,2025-05-02,4,11,600,400,278.35,85,6202
2699,2022-01-01,29,8,605,401,214.58,76,2965
2700,2022-11-10,34,10,603,400,62.59,75,3893
2701,2022-09-25,95,3,605,403,312.73,5,3538
2702,2025-06-09,23,15,604,400,286.63,45,10909
2703,2025-06-02,65,13,603,400,376.09,89,176
2704,2025-03-09,73,9,604,400,383.72,100,3735
2705,2025-03-13,20,4,603,402,56.05,67,9870
2706,2023-06-18,65,8,604,402,281.33,57,10228
2707,2023-11-14,51,7,605,401,218.78,57,14845
2708,2024-06-18,14,15,605,401,176.48,55,10962
2709,2024-09-02,76,2,602,402,432.43,33,13664
2710,2023-09-03,73,13,603,403,128.73,53,4229
2711,2024-09-19,33,9,605,401,271.64,69,5048
2712,2025-01-28,75,13,600,402,79.69,51,10166
2713,2023-05-21,55,9,603,403,160.5,15,13314
2714,2024-11-08,13,9,604,401,98.03,24,4773
2715,2025-05-26,65,14,605,400,316.07,48,10565
2716,2024-01-11,92,6,600,401,99.33,7,13224
2717,2025-01-26,7,9,604,400,259.39,94,10370
2718,2023-04-19,75,7,602,402,132.37,27,594
2719,2022-12-15,16,2,602,403,89.39,79,9161
2720,2024-05-19,23,2,604,403,298.46,18,4356
2721,2023-04-19,48,12,605,400,98.42,40,7372
2722,2024-06-12,73,14,600,402,325.71,80,2860
2723,2023-01-01,37,4,601,400,331.64,32,14049
2724,2022-09-01,50,7,600,403,121.66,39,13854
2725,2023-08-09,83,12,601,401,226.07,6,13002
2726,2022-10-09,7,1,604,402,345.48,8,844
2727,2023-02-01,80,11,602,401,287.17,9,2219
2728,2023-09-26,13,4,602,402,142.47,58,8555
2729,2022-04-07,36,4,605,403,116.5,64,9061
2730,2023-05-24,46,11,603,402,416.11,44,9600
2731,2024-04-26,62,12,602,401,108.48,9,3324
2732,2024-10-18,21,5,605,400,214.36,39,14463
2733,2022-09-28,57,1,604,403,477.13,79,12417
2734,2023-04-12,99,8,604,401,311.56,66,11967
2735,2022-02-25,51,6,601,403,434.86,7,2570
2736,2023-02-24,73,4,605,403,458.28,35,13956
2737,2024-02-01,91,4,603,401,297.72,65,5772
2738,2022-02-09,18,6,604,400,380.51,64,5107
2739,2023-05-17,37,11,600,402,118.61,65,7569
2740,2023-07-22,57,4,601,401,97.38,6,1321
2741,2023-05-30,55,11,605,400,214.29,11,8338
2742,2023-10-28,53,8,600,403,159.17,35,12652
2743,2023-12-04,47,13,602,402,388.06,92,14806
2744,2023-06-15,17,4,604,400,292.23,100,14123
2745,2023-11-06,20,8,603,401,356.62,75,1210
2746,2023-07-17,21,2,604,403,231.03,81,14266
2747,2024-03-30,89,8,601,402,244.93,79,763
2748,2024-05-19,80,3,600,400,166.47,32,5643
2749,2025-04-23,33,7,605,401,50.01,57,11363
2750,2022-06-12,41,12,600,402,112.7,37,6592
2751,2022-03-03,13,11,600,403,95.57,23,2608
2752,2022-03-03,62,13,602,403,339.61,48,5220
2753,2024-02-10,56,14,602,400,91.4,96,6502
2754,2023-08-22,22,11,600,403,125.83,97,11163
2755,2023-05-29,70,6,602,401,107.93,20,10903
2756,2024-05-10,33,1,602,401,345.83,45,14807
2757,2023-12-19,65,8,604,400,203.65,31,3735
2758,2023-06-28,61,10,602,400,131.47,68,4192
2759,2025-04-26,79,6,600,400,92.75,13,10643
2760,2024-02-14,10,5,604,403,379.4,52,12648
2761,2024-10-09,1,15,601,403,275.76,96,4055
2762,2024-09-09,69,2,603,402,420.49,12,9257
2763,2023-02-05,70,6,602,401,273.24,84,10088
2764,2022-08-15,22,3,602,401,240.57,10,1596
2765,2022-08-20,30,9,605,401,225.09,43,8835
2766,2022-03-28,89,2,602,401,201.77,43,6403
2767,2022-05-11,70,6,600,402,362.86,6,11091
2768,2023-01-14,15,7,601,401,322.45,35,3302
2769,2025-03-21,74,9,600,400,396.31,61,1266
2770,2022-11-14,45,7,602,402,302.87,47,6791
2771,2023-04-14,7,14,604,402,117.93,49,10959
2772,2022-04-13,95,15,603,401,340.43,9,1961
2773,2023-10-01,60,1,600,400,265.09,79,11243
2774,2025-02-12,26,10,603,400,85.59,70,12901
2775,2022-11-01,2,8,605,401,172.81,21,793
2776,2023-12-23,12,1,604,400,399.36,53,3826
2777,2022-07-06,23,12,602,403,94.48,82,14159
2778,2025-06-10,73,5,604,401,339.5,29,11052
2779,2023-06-26,53,1,604,401,328.93,66,14341
2780,2025-03-06,8,1,604,402,307.36,20,9537
2781,2023-01-27,12,4,604,403,443.07,64,8871
2782,2024-04-09,81,2,604,402,479.42,79,7100
2783,2025-04-23,50,7,602,400,427.7,11,11278
2784,2024-12-08,21,8,604,400,155.37,86,5390
2785,2023-05-29,7,9,603,400,325.83,63,6778
2786,2022-07-15,37,9,602,401,173.26,83,3773
2787,2023-10-14,70,14,602,403,181.4,50,1614
2788,2023-09-13,34,12,600,400,302.85,45,9745
2789,2023-01-30,57,9,601,402,196.9,95,4458
2790,2025-03-21,10,10,600,403,252.03,47,9645
2791,2025-01-15,53,4,600,403,468.09,8,2471
2792,2025-03-06,11,14,605,400,275.36,35,11690
2793,2023-07-11,6,5,602,400,452.29,94,4679
2794,2024-06-17,27,8,604,402,161.54,49,13646
2795,2025-06-14,28,7,600,403,493.28,10,14164
2796,2023-11-18,39,5,605,402,209.1,11,8287
2797,2024-02-13,26,6,604,403,398.53,11,6665
2798,2025-03-07,29,2,605,403,261.26,22,9873
2799,2022-06-03,7,7,603,400,139.15,26,6823
2800,2025-06-08,71,7,601,402,451.05,94,7981
2801,2024-03-13,93,14,604,403,261.6,61,2742
2802,2023-08-26,37,14,602,402,490.63,89,1803
2803,2024-10-19,2,1,601,402,270.3,31,10825
2804,2023-07-20,2,2,604,400,490.92,17,5488
2805,2024-10-11,10,5,602,403,454.08,60,12658
2806,2022-08-13,100,14,601,400,308.99,81,11095
2807,2023-08-14,63,10,600,403,80.69,60,12390
2808,2023-04-08,2,9,604,400,330.47,58,13887
2809,2023-06-15,81,9,603,402,168.13,61,13571
2810,2024-03-11,79,14,603,403,423.75,87,6036
2811,2023-12-21,62,8,603,402,116.23,43,12291
2812,2024-04-25,70,6,601,400,139.48,24,12938
2813,2023-04-09,96,13,605,403,211.37,82,11624
2814,2022-12-27,15,15,603,400,70.67,33,6302
2815,2023-02-08,22,6,601,403,81.24,57,10378
2816,2023-11-09,9,1,603,401,110.92,61,10309
2817,2022-12-07,48,14,603,400,470.8,62,774
2818,2022-03-26,46,2,604,401,143.61,96,3606
2819,2022-04-17,65,8,604,402,134.22,71,4947
2820,2025-02-22,24,1,600,403,173.58,95,9590
2821,2024-07-23,37,12,602,402,114.87,28,10324
2822,2024-05-21,38,9,601,401,99.83,33,7800
2823,2022-12-15,99,10,600,401,497.28,22,10693
2824,2025-04-29,57,7,600,402,81.71,100,11689
2825,2025-04-05,42,7,601,401,334.8,59,14628
2826,2025-01-23,14,1,603,400,349.81,26,3448
2827,2024-09-07,11,5,604,403,279.29,88,4353
2828,2024-02-15,37,6,605,403,318.43,58,13782
2829,2022-12-01,12,13,603,403,413.78,53,9412
2830,2023-12-29,40,4,603,402,108.76,91,2735
2831,2023-09-03,7,5,602,402,236.63,88,5636
2832,2022-03-20,47,12,603,403,497.41,48,13452
2833,2022-05-22,53,1,602,401,450.19,53,6801
2834,2025-03-08,45,10,600,403,104.76,9,2317
2835,2024-01-25,4,8,603,401,352.22,29,853
2836,2022-02-17,99,12,602,400,498.05,98,8022
2837,2023-06-20,76,5,605,402,69.01,25,5380
2838,2022-05-21,75,3,604,400,69.66,79,6480
2839,2023-01-01,37,4,601,402,272.83,67,8880
2840,2023-06-14,11,15,605,402,265.8,7,1745
2841,2025-02-15,67,4,603,401,72.09,67,7479
2842,2023-10-07,13,5,603,401,269.45,43,7137
2843,2022-05-20,88,4,603,400,350.66,63,9913
2844,2023-03-14,9,6,604,403,343.67,58,9750
2845,2022-06-30,52,15,601,402,125.59,59,4000
2846,2025-03-10,80,13,601,400,334.11,38,4950
2847,2022-11-25,9,15,604,402,410.77,67,406
2848,2024-05-26,15,12,600,402,220.54,43,6554
2849,2024-06-29,11,4,600,401,450.4,23,10934
2850,2022-11-30,31,7,602,402,120.3,19,14031
2851,2022-10-09,71,9,601,401,306.56,69,2268
2852,2023-05-24,28,1,600,400,198.98,68,5574
2853,2024-09-12,4,14,605,402,69.61,24,7581
2854,2023-02-03,65,8,605,402,464.14,59,7336
2855,2022-03-25,100,9,600,401,386.95,48,8725
2856,2023-01-22,25,5,605,400,309.0,43,2888
2857,2022-06-26,75,10,605,400,124.41,30,3679
2858,2024-12-31,26,1,602,402,93.43,83,3194
2859,2024-06-10,2,8,605,402,194.41,7,1270
2860,2023-07-23,4,15,601,401,232.25,69,9098
2861,2022-10-30,53,8,605,401,298.55,41,12800
2862,2023-11-11,60,15,605,403,191.08,28,14678
2863,2022-12-08,87,1,600,403,427.62,37,13687
2864,2023-11-02,16,3,601,403,107.64,37,5173
2865,2024-10-09,29,7,605,400,243.2,50,10751
2866,2024-05-03,66,4,601,400,166.98,13,13304
2867,2024-02-27,15,8,603,401,145.87,37,4223
2868,2022-03-24,36,9,601,401,429.08,48,9036
2869,2025-03-18,9,13,601,401,108.95,39,11450
2870,2022-05-27,86,8,603,402,112.91,25,1844
2871,2023-09-23,4,7,604,403,473.15,34,3851
2872,2022-05-26,28,7,605,403,377.51,88,5528
2873,2024-07-06,59,8,602,403,250.58,46,8140
2874,2023-10-03,56,14,604,403,195.16,75,5422
2875,2023-06-08,99,10,602,402,239.36,44,2706
2876,2024-03-10,85,5,602,400,55.04,90,5886
2877,2023-01-01,39,3,601,403,57.8,53,2245
2878,2022-10-23,90,5,603,402,73.78,90,11872
2879,2024-04-11,3,7,600,403,442.71,86,5418
2880,2023-01-04,26,11,605,402,188.61,63,5521
2881,2024-03-08,34,4,603,400,75.68,58,12126
2882,2022-08-31,42,12,605,401,488.78,43,8109
2883,2024-09-22,89,3,602,401,366.41,43,13928
2884,2024-08-20,90,2,602,403,435.78,71,3441
2885,2025-02-12,57,12,601,402,198.0,71,14656
2886,2023-06-12,45,13,600,402,257.22,64,8281
2887,2023-10-30,8,14,603,403,354.72,90,11130
2888,2023-05-31,25,2,604,402,84.97,94,398
2889,2022-12-06,26,3,603,401,98.07,76,10162
2890,2023-04-11,81,12,603,401,435.89,11,1145
2891,2022-08-29,13,7,600,401,391.08,55,2066
2892,2024-11-08,62,7,603,401,254.41,52,13462
2893,2022-10-19,27,13,604,400,448.62,16,180
2894,2025-04-09,25,14,603,403,445.22,46,11284
2895,2022-04-16,28,3,600,400,200.97,26,12534
2896,2023-02-21,45,9,603,403,177.89,48,198
2897,2024-08-18,94,12,600,403,397.25,28,7908
2898,2024-05-30,97,10,605,402,437.64,30,7976
2899,2024-02-02,28,6,602,401,206.6,98,230
2900,2023-01-02,29,4,605,403,379.08,34,13181
2901,2024-06-27,69,9,602,400,53.77,52,593
2902,2023-06-09,46,3,603,402,111.51,35,13641
2903,2024-03-23,59,6,600,400,358.92,61,12730
2904,2023-12-09,87,3,603,400,362.17,85,10722
2905,2022-01-08,48,10,603,401,321.77,62,9397
2906,2023-02-28,68,3,600,403,468.5,19,11803
2907,2024-08-26,43,14,600,402,446.12,35,9608
2908,2024-09-13,44,13,602,402,184.08,48,11279
2909,2023-09-11,37,12,602,403,377.66,75,4127
2910,2023-03-29,81,4,605,401,322.33,49,5286
2911,2022-09-04,27,9,602,403,171.64,22,8304
2912,2022-10-19,47,6,601,402,195.66,95,12755
2913,2025-05-07,71,5,605,403,128.4,51,13657
2914,2023-06-19,1,11,600,401,218.72,97,7389
2915,2023-07-02,38,5,603,401,437.27,6,5152
2916,2025-02-02,54,3,604,401,201.0,62,2477
2917,2022-04-28,77,2,603,400,57.56,65,14604
2918,2023-05-25,75,4,602,400,83.0,94,10920
2919,2022-08-18,15,14,602,403,197.78,13,11055
2920,2025-03-03,94,1,603,401,60.44,5,9529
2921,2024-11-05,4,7,600,400,153.37,39,9675
2922,2022-02-14,53,12,602,400,338.62,53,6127
2923,2024-05-18,52,8,602,403,105.76,42,3422
2924,2024-01-25,97,11,600,403,187.62,100,7880
2925,2022-08-27,5,10,604,401,323.52,40,7118
2926,2024-06-22,71,6,600,403,264.35,29,10374
2927,2022-12-26,51,2,600,400,422.24,22,12755
2928,2024-05-22,94,5,600,401,215.84,8,11366
2929,2024-08-18,84,4,601,400,290.48,51,6919
2930,2024-05-19,86,6,601,403,50.58,48,9983
2931,2025-05-17,61,10,603,403,370.69,20,6291
2932,2022-08-08,87,3,602,400,162.79,49,5912
2933,2024-11-17,3,11,605,400,437.35,24,5589
2934,2022-10-01,42,13,605,403,380.22,53,5109
2935,2022-04-21,34,8,601,401,99.71,79,7670
2936,2022-10-29,8,10,604,402,361.3,21,3823
2937,2022-10-12,15,9,603,403,74.69,93,6904
2938,2025-01-30,45,9,602,402,53.4,33,11057
2939,2024-09-07,31,1,603,400,347.44,85,8563
2940,2023-02-15,71,3,603,403,323.2,37,1408
2941,2024-10-13,3,13,602,402,94.62,58,11613
2942,2024-12-08,18,2,604,401,427.67,75,3710
2943,2023-05-15,12,15,603,403,344.22,61,8586
2944,2023-01-13,94,13,603,403,253.29,83,13282
2945,2023-07-11,55,6,600,403,108.27,47,14118
2946,2025-06-23,28,15,600,403,418.68,78,7172
2947,2022-08-22,36,6,600,401,260.17,79,9981
2948,2024-11-29,30,9,601,401,218.26,100,7047
2949,2025-02-21,7,14,604,402,362.34,100,14337
2950,2025-06-15,41,8,605,401,346.37,66,9772
2951,2024-06-15,96,9,605,403,96.8,47,10405
2952,2024-02-16,28,1,604,403,350.17,58,5318
2953,2024-10-21,58,8,601,400,197.42,84,12006
2954,2024-12-08,58,1,602,401,254.51,88,2656
2955,2024-12-10,5,14,602,401,198.08,71,5000
2956,2024-10-08,12,15,601,403,56.03,37,6257
2957,2022-10-16,2,1,605,400,108.98,73,12852
2958,2025-02-15,96,6,600,400,74.02,7,4861
2959,2022-04-21,40,9,600,403,464.89,51,14005
2960,2023-09-25,11,7,601,401,224.26,76,12260
2961,2022-07-16,78,9,603,400,125.35,84,8929
2962,2023-09-26,16,4,602,403,289.68,20,10213
2963,2023-03-08,57,5,600,403,54.84,11,11597
2964,2023-08-15,4,13,603,403,180.22,85,7094
2965,2025-05-14,98,7,603,403,349.19,88,4283
2966,2023-09-06,21,13,601,402,126.94,38,3386
2967,2024-12-04,34,11,601,401,322.97,26,5028
2968,2024-10-22,39,6,601,400,259.06,35,4349
2969,2022-11-23,88,5,601,400,319.26,87,4469
2970,2024-05-19,71,13,604,401,96.59,29,4928
2971,2024-06-24,69,10,605,401,256.95,96,4131
2972,2022-08-09,51,13,604,400,368.78,32,6346
2973,2022-10-31,54,3,601,403,134.1,22,8408
2974,2022-02-10,32,11,603,403,424.59,33,10097
2975,2025-06-26,90,7,604,402,485.29,56,14618
2976,2023-05-15,76,10,603,401,345.37,90,5356
2977,2025-01-08,50,4,603,402,374.53,8,12085
2978,2022-04-05,14,9,605,401,445.32,24,5987
2979,2022-01-20,1,10,602,402,448.99,93,9799
2980,2024-04-28,20,2,602,402,62.44,91,10534
2981,2024-04-15,98,4,601,400,113.75,87,5872
2982,2024-11-10,42,9,605,402,277.09,89,12923
2983,2023-11-25,19,11,600,402,191.08,86,13092
2984,2024-01-14,28,2,600,402,369.09,28,3419
2985,2022-06-11,72,15,605,401,388.35,91,6323
2986,2024-10-23,82,14,600,402,394.48,92,6598
2987,2023-11-20,38,13,604,402,452.65,99,12081
2988,2023-03-05,61,2,602,403,74.07,33,8699
2989,2024-01-12,79,10,603,401,183.16,70,3053
2990,2022-06-12,8,9,601,401,180.14,98,13878
2991,2022-11-26,37,13,604,403,498.96,66,9298
2992,2023-03-18,14,13,602,400,157.51,34,2760
2993,2024-05-07,17,3,600,401,393.47,88,14460
2994,2022-03-21,57,1,600,402,403.77,14,14334
2995,2023-04-25,29,9,604,403,484.33,30,3308
2996,2023-02-25,76,2,604,403,360.86,93,13610
2997,2024-03-10,98,7,604,401,346.99,15,3466
2998,2024-12-17,11,15,602,402,311.2,94,13098
2999,2023-10-13,74,6,603,400,205.47,50,2980
3000,2022-07-28,62,10,601,400,331.64,66,5230
3001,2025-01-30,76,3,600,402,95.31,67,13607
3002,2022-12-08,27,10,601,403,239.86,69,183
3003,2024-04-30,72,15,603,401,353.4,7,14206
3004,2023-05-03,5,10,604,403,335.35,24,5716
3005,2023-09-15,67,7,604,403,141.89,42,1909
3006,2024-11-19,5,8,601,400,81.12,98,1597
3007,2022-06-12,50,2,603,402,112.09,96,4797
3008,2023-03-09,33,14,602,401,168.21,60,8428
3009,2023-06-19,72,4,604,400,192.85,26,4550
3010,2024-01-02,72,2,602,401,441.46,97,12189
3011,2022-05-14,93,3,602,401,68.29,61,14973
3012,2022-03-06,24,12,601,402,100.4,85,13635
3013,2024-01-23,49,3,601,400,152.79,97,11901
3014,2022-01-31,94,2,600,401,299.63,41,1868
3015,2023-01-14,59,11,600,403,424.2,56,12226
3016,2024-04-10,100,15,602,400,425.43,22,4809
3017,2022-01-18,77,11,602,402,54.25,26,6405
3018,2023-08-23,37,3,603,402,172.33,10,1189
3019,2024-07-08,12,3,600,401,397.07,7,7267
3020,2024-04-16,49,15,601,400,298.0,33,5444
3021,2024-01-10,99,12,600,402,109.88,98,304
3022,2022-02-13,52,5,601,400,54.01,96,13101
3023,2024-04-16,45,13,603,401,325.91,46,13173
3024,2023-08-18,42,8,605,402,80.03,24,5888
3025,2024-04-15,55,12,604,402,165.59,42,458
3026,2025-03-09,72,2,605,400,369.56,9,1238
3027,2022-04-22,30,3,601,402,223.03,16,12938
3028,2025-04-21,1,9,601,403,286.95,100,3426
3029,2023-12-22,19,8,600,401,84.68,90,14732
3030,2024-02-19,10,12,605,402,61.32,40,5604
3031,2023-01-27,46,9,601,403,275.73,55,2887
3032,2024-09-05,69,5,602,400,465.74,36,14743
3033,2022-12-08,52,15,602,402,452.67,95,12352
3034,2022-07-18,29,10,605,403,489.34,69,4716
3035,2023-05-30,26,6,605,402,100.7,73,13939
3036,2022-06-11,51,4,604,401,214.54,41,6299
3037,2024-02-27,91,10,600,403,416.71,63,1081
3038,2024-06-25,14,15,605,400,418.34,55,4635
3039,2022-06-16,32,13,604,401,329.15,15,11616
3040,2022-12-07,68,5,601,401,189.08,64,487
3041,2024-07-23,51,4,603,400,251.71,83,358
3042,2024-01-31,11,13,605,402,80.58,85,4898
3043,2024-10-11,2,2,602,401,196.36,61,12749
3044,2023-09-06,22,12,602,400,154.37,50,1618
3045,2022-09-14,71,8,605,400,472.77,27,1723
3046,2025-03-08,95,10,603,401,178.26,55,12817
3047,2022-06-06,68,13,600,401,175.26,63,2860
3048,2022-06-27,17,6,604,401,464.2,79,5900
3049,2024-10-10,28,4,602,400,413.02,14,3964
3050,2024-04-23,83,15,603,400,282.77,14,14129
3051,2024-03-31,23,10,601,402,80.42,88,10784
3052,2022-07-07,42,10,600,403,71.75,75,1979
3053,2024-01-30,28,1,602,400,424.0,17,4958
3054,2022-09-06,54,13,605,400,323.97,9,12336
3055,2024-01-26,87,8,604,402,225.05,15,3204
3056,2022-05-03,23,1,603,402,230.76,24,9932
3057,2024-08-07,80,13,600,401,214.63,70,879
3058,2022-08-20,71,11,602,403,433.85,83,13222
3059,2025-03-14,17,13,605,400,296.43,8,12897
3060,2022-07-30,100,14,600,401,148.85,87,1514
3061,2024-01-15,52,7,603,400,326.27,46,8914
3062,2023-04-04,52,14,603,401,316.8,89,8945
3063,2023-11-26,73,14,604,401,326.37,79,7628
3064,2024-05-19,81,11,600,401,158.91,91,12149
3065,2022-04-24,51,4,602,403,372.02,20,8049
3066,2024-05-09,94,8,601,403,212.68,11,7661
3067,2022-08-09,82,15,605,400,313.06,64,8242
3068,2025-06-07,90,12,605,403,135.99,95,9581
3069,2022-01-15,16,10,601,400,226.97,33,12973
3070,2022-04-21,67,7,600,402,483.62,15,6689
3071,2024-01-17,83,4,602,401,144.05,89,6651
3072,2024-05-07,19,3,602,401,324.83,58,14402
3073,2022-10-28,86,13,605,403,80.94,38,13290
3074,2024-03-05,100,1,601,403,362.81,34,13902
3075,2023-08-24,39,7,600,400,385.34,27,5266
3076,2025-06-11,61,8,603,403,345.13,58,13841
3077,2023-05-05,52,4,600,403,445.28,75,9942
3078,2024-04-07,72,8,601,400,388.44,96,7183
3079,2023-09-21,61,1,605,402,378.84,42,10545
3080,2022-07-22,17,10,603,400,408.19,71,4839
3081,2023-06-20,57,12,600,401,168.15,27,9413
3082,2023-07-21,43,13,600,403,415.2,68,9742
3083,2022-07-12,61,12,602,400,428.74,60,1423
3084,2024-05-30,30,13,602,401,196.81,83,3320
3085,2022-04-07,38,14,600,402,204.2,77,11566
3086,2024-09-19,49,7,601,401,386.36,86,3195
3087,2025-05-22,64,6,605,400,488.61,6,7387
3088,2024-03-10,80,15,601,402,352.35,52,14924
3089,2023-01-06,58,4,603,402,350.82,24,14855
3090,2022-07-27,49,14,603,403,73.03,35,13381
3091,2024-10-10,99,2,600,403,378.94,37,950
3092,2024-07-10,96,1,603,402,194.66,40,1429
3093,2023-06-03,69,15,600,400,194.49,70,11897
3094,2023-01-19,3,9,603,402,59.96,73,2743
3095,2022-12-02,79,4,602,402,218.93,27,13511
3096,2022-12-19,80,3,603,402,437.04,20,1606
3097,2024-08-18,84,13,604,403,168.41,19,9235
3098,2024-10-26,5,14,605,403,253.65,56,848
3099,2022-09-22,18,15,603,403,97.49,65,5878
3100,2024-02-10,91,14,600,402,143.03,13,4832
3101,2025-02-22,5,8,603,402,364.9,28,14133
3102,2022-10-14,66,15,605,400,480.12,26,9277
3103,2022-05-07,28,3,601,400,226.32,57,2527
3104,2024-10-11,50,14,603,400,262.6,79,6138
3105,2022-02-08,41,7,602,401,204.97,18,12146
3106,2023-05-10,72,6,604,403,392.18,47,776
3107,2023-01-03,90,10,604,401,311.55,78,12864
3108,2023-07-19,5,4,600,402,287.42,5,2172
3109,2024-09-10,16,11,605,403,342.27,46,7957
3110,2024-07-03,79,4,602,403,86.07,77,14115
3111,2025-04-19,22,10,600,401,272.97,86,7440
3112,2024-05-24,81,3,602,400,62.44,91,4585
3113,2024-05-07,75,10,604,401,238.21,37,10706
3114,2024-01-11,87,6,603,403,498.89,36,6393
3115,2023-11-29,46,13,603,401,312.09,7,8633
3116,2024-05-25,37,6,602,402,145.45,69,8806
3117,2025-06-28,9,15,601,401,460.25,44,14868
3118,2025-01-30,60,6,603,403,159.16,16,14417
3119,2022-08-12,98,9,604,403,319.22,40,5836
3120,2024-02-01,25,8,604,400,444.52,54,6324
3121,2024-12-10,5,7,605,401,418.48,80,11961
3122,2023-07-23,89,15,603,401,371.61,61,9599
3123,2024-04-30,83,3,604,402,332.26,26,10224
3124,2022-08-29,55,13,604,400,469.38,27,4620
3125,2022-05-04,67,11,600,403,398.3,88,9088
3126,2024-07-27,55,1,602,400,175.72,38,14819
3127,2025-02-15,80,14,602,402,54.43,88,14485
3128,2024-12-20,78,14,605,401,439.69,37,2429
3129,2023-12-18,11,10,603,403,92.58,74,6823
3130,2025-05-07,45,10,605,402,403.94,48,5628
3131,2024-12-16,21,6,603,403,489.21,5,1562
3132,2023-08-30,91,3,601,400,83.38,15,5067
3133,2023-01-26,12,5,601,401,385.96,35,3901
3134,2024-01-17,59,9,600,402,269.17,10,4575
3135,2025-06-01,11,10,602,402,287.5,23,7997
3136,2025-01-08,54,6,600,402,405.38,74,7371
3137,2023-10-18,71,15,604,400,321.24,46,7949
3138,2023-12-22,9,13,605,401,439.59,55,13820
3139,2022-03-28,67,11,600,403,234.59,96,11967
3140,2023-11-16,3,2,604,401,378.33,29,13464
3141,2023-02-06,45,14,604,401,264.93,81,2965
3142,2022-09-20,72,10,603,402,74.14,95,2673
3143,2023-07-26,58,14,604,401,449.54,67,4017
3144,2023-09-27,65,4,605,401,263.76,48,3553
3145,2022-03-04,88,1,602,402,174.67,98,5478
3146,2023-04-16,88,1,604,400,399.93,61,3962
3147,2024-12-16,23,11,602,400,435.85,62,11542
3148,2022-02-03,29,11,602,400,453.14,23,12582
3149,2023-06-26,40,9,602,400,208.81,96,7349
3150,2022-07-26,84,6,604,403,325.87,18,2335
3151,2023-05-09,74,10,605,402,332.02,42,186
3152,2022-05-31,62,10,601,401,386.49,53,10900
3153,2022-05-08,79,4,604,400,67.98,21,13064
3154,2024-05-21,30,11,600,401,318.7,27,101
3155,2022-08-23,50,4,605,403,178.47,97,8725
3156,2022-04-23,39,8,602,401,461.76,88,5998
3157,2023-08-17,45,4,603,402,204.55,11,6405
3158,2023-02-14,63,13,600,400,147.79,17,13295
3159,2023-05-15,89,11,603,400,199.99,62,14797
3160,2022-04-20,64,1,600,401,316.65,50,7799
3161,2024-06-19,33,6,605,400,131.52,78,8725
3162,2022-02-12,32,9,605,403,286.2,62,10175
3163,2022-08-26,96,13,601,400,402.07,74,6363
3164,2023-06-20,21,6,604,401,422.22,94,13356
3165,2024-12-12,47,5,603,403,408.19,37,11046
3166,2024-09-04,67,13,605,403,194.8,62,7757
3167,2024-05-15,12,10,603,401,104.09,73,13433
3168,2023-08-16,69,3,602,401,291.19,82,1521
3169,2025-01-03,59,9,600,402,169.53,31,2592
3170,2024-03-12,51,3,603,403,345.07,73,951
3171,2022-08-18,79,9,601,401,272.54,71,9645
3172,2022-07-13,15,10,603,403,375.16,11,11980
3173,2024-01-22,22,8,605,402,372.24,48,9416
3174,2023-08-19,99,6,603,400,73.39,80,4457
3175,2025-05-05,33,10,605,402,172.45,23,11206
3176,2025-01-03,39,7,605,403,375.18,6,2280
3177,2022-11-20,37,12,602,401,368.38,79,14522
3178,2024-12-19,27,6,600,401,484.8,93,7334
3179,2024-07-30,18,9,601,403,162.8,70,1684
3180,2023-06-05,18,9,600,401,67.01,56,5860
3181,2024-10-07,47,1,604,401,134.61,6,13194
3182,2023-10-25,39,14,604,400,90.31,75,2317
3183,2022-12-14,43,15,602,400,441.0,64,3512
3184,2023-05-20,8,6,605,401,74.2,35,13873
3185,2022-11-17,89,5,603,401,417.16,46,10162
3186,2022-03-02,4,2,602,403,262.92,41,8947
3187,2023-05-08,34,13,604,400,404.54,88,14903
3188,2022-03-25,60,4,601,401,197.98,65,7099
3189,2025-01-25,1,14,600,400,56.41,95,982
3190,2025-06-05,15,5,605,400,269.81,48,9576
3191,2024-02-27,53,4,602,402,250.06,60,11515
3192,2024-06-20,40,4,603,402,332.43,72,7722
3193,2024-03-24,48,6,601,401,341.11,53,2302
3194,2024-12-23,12,5,605,401,303.2,68,8867
3195,2023-05-05,16,4,604,400,67.0,26,9779
3196,2022-02-27,63,10,600,401,98.21,29,4973
3197,2023-12-30,59,14,604,401,370.31,27,1614
3198,2024-04-15,4,3,603,402,444.19,80,2744
3199,2025-04-15,82,4,600,402,296.62,90,11155
3200,2024-11-09,85,1,605,403,54.68,35,11014
3201,2025-02-24,57,12,602,400,157.86,33,7112
3202,2024-01-08,83,12,600,400,390.15,69,8367
3203,2023-05-16,67,2,602,402,192.3,88,8559
3204,2024-02-15,90,3,601,400,340.96,40,2332
3205,2023-05-31,56,9,603,403,181.3,50,8058
3206,2024-01-12,62,8,600,403,258.82,66,5753
3207,2023-10-04,33,14,600,400,361.71,17,11210
3208,2024-01-09,83,1,600,403,115.41,39,13322
3209,2024-09-22,55,13,600,402,414.07,83,7615
3210,2022-05-28,37,6,604,403,346.83,88,14915
3211,2024-12-09,28,3,605,402,497.43,56,3395
3212,2023-01-28,76,14,604,401,169.65,78,12185
3213,2023-10-03,97,7,605,400,152.93,98,2552
3214,2022-03-20,3,10,605,402,213.66,53,3580
3215,2023-01-29,56,14,605,402,393.88,84,4140
3216,2023-10-23,12,8,603,401,180.5,52,14855
3217,2023-12-03,27,8,603,401,323.01,8,1855
3218,2022-09-29,65,3,600,402,384.52,86,10184
3219,2022-09-27,93,5,604,403,143.32,43,1905
3220,2024-01-14,11,15,600,403,121.91,18,10091
3221,2023-08-07,58,10,604,402,398.61,79,14010
3222,2024-10-03,60,8,601,401,105.31,84,7951
3223,2024-04-23,5,5,603,401,434.6,41,12240
3224,2022-04-24,99,9,604,400,246.9,99,6247
3225,2023-01-11,26,6,602,403,119.15,76,4784
3226,2022-04-29,3,1,605,402,306.11,75,171
3227,2022-04-13,51,6,602,401,401.73,43,10177
3228,2022-03-30,92,1,600,403,309.39,53,9950
3229,2024-10-12,18,7,601,402,282.32,69,10924
3230,2022-12-31,87,14,603,401,119.25,29,480
3231,2025-01-20,31,3,601,400,77.37,30,4363
3232,2023-07-10,34,8,605,402,325.53,11,2238
3233,2024-09-21,53,7,600,400,100.25,55,11913
3234,2023-07-06,59,2,602,402,70.47,41,10961
3235,2023-09-04,90,9,604,400,272.61,41,14193
3236,2024-04-07,65,6,602,403,165.98,13,4119
3237,2024-01-10,37,6,600,402,103.37,73,1466
3238,2025-06-08,15,5,605,401,251.12,8,1142
3239,2024-08-30,42,12,605,402,183.35,86,8679
3240,2023-06-04,53,9,605,401,155.34,100,8167
3241,2022-04-01,87,6,602,403,388.74,75,6062
3242,2022-07-03,41,14,601,403,70.73,71,10612
3243,2024-10-13,35,5,604,400,404.1,74,11575
3244,2023-04-28,58,3,605,401,294.04,18,7472
3245,2024-07-16,54,2,605,403,250.74,14,6784
3246,2024-02-01,45,13,603,403,457.03,41,8454
3247,2022-09-14,12,15,602,403,51.45,83,4606
3248,2025-02-20,28,5,602,402,133.49,68,2299
3249,2025-03-04,45,7,602,401,168.66,50,1528
3250,2022-04-28,59,1,604,401,183.06,97,6209
3251,2022-07-19,93,4,603,403,450.11,32,3711
3252,2022-09-08,94,15,605,401,427.86,77,123
3253,2025-06-27,80,5,601,400,227.99,17,12793
3254,2024-06-12,51,13,601,401,139.45,66,10510
3255,2024-11-13,95,3,602,402,380.66,6,13813
3256,2022-07-02,16,3,604,402,58.81,48,1713
3257,2022-02-21,12,8,600,400,381.58,12,4085
3258,2022-09-05,19,6,602,402,412.9,21,8735
3259,2022-01-21,27,3,605,403,136.92,45,3556
3260,2023-04-25,22,14,602,401,320.25,100,12206
3261,2022-02-05,73,8,602,401,180.8,8,12172
3262,2023-03-03,68,10,600,400,282.42,67,5810
3263,2025-05-03,12,5,601,403,387.0,20,3820
3264,2022-03-31,96,6,603,400,273.21,62,9898
3265,2024-06-14,82,10,602,403,308.73,87,14118
3266,2022-10-05,52,12,600,403,447.59,29,14834
3267,2022-06-29,90,12,605,400,55.3,71,2886
3268,2024-03-21,19,10,605,401,127.1,76,8241
3269,2023-08-12,6,12,600,403,352.08,38,8681
3270,2022-01-31,69,10,603,403,176.77,19,14455
3271,2024-10-25,14,1,604,402,247.78,8,11535
3272,2025-02-15,80,14,600,402,76.53,63,8483
3273,2023-10-01,71,15,605,403,489.58,61,4834
3274,2023-02-03,93,14,605,400,341.86,39,682
3275,2025-04-09,91,11,604,400,146.86,17,3115
3276,2025-05-17,18,7,601,401,428.59,23,7374
3277,2023-06-09,90,14,602,402,239.81,16,14783
3278,2024-08-20,84,9,600,403,249.72,12,11403
3279,2025-06-16,36,2,600,402,413.27,85,257
3280,2022-08-05,91,8,604,403,228.19,46,5132
3281,2023-03-27,55,6,601,402,331.28,11,7943
3282,2023-06-12,19,8,602,403,248.73,83,13183
3283,2022-06-28,83,1,603,403,123.07,16,2376
3284,2022-12-03,9,11,605,400,176.59,26,12156
3285,2023-06-02,30,15,600,403,353.96,63,9676
3286,2024-05-03,38,6,601,400,486.39,74,8884
3287,2024-06-09,76,10,601,401,331.79,80,11886
3288,2022-12-05,86,6,600,402,177.07,20,995
3289,2022-11-09,4,10,601,400,255.05,78,12712
3290,2023-02-12,71,11,600,400,232.88,18,5607
3291,2022-01-07,92,5,603,402,229.66,22,4323
3292,2022-11-23,9,7,602,402,427.65,10,12470
3293,2023-12-01,33,8,605,402,175.97,83,6014
3294,2023-06-06,46,8,604,401,310.33,43,5410
3295,2022-08-30,3,1,602,402,393.31,36,11400
3296,2023-06-30,56,3,600,402,309.19,83,6342
3297,2022-11-02,84,3,601,402,165.48,84,332
3298,2024-11-24,90,10,602,403,498.31,49,3867
3299,2025-02-15,52,5,601,402,381.38,36,8435
3300,2023-06-27,11,3,600,403,364.48,62,924
3301,2023-11-27,21,8,605,401,75.33,35,11139
3302,2024-08-18,47,8,605,402,76.79,46,14755
3303,2023-04-10,22,2,604,400,312.78,76,11225
3304,2024-07-18,82,2,604,400,219.22,95,1780
3305,2024-11-29,44,1,604,401,443.27,28,6844
3306,2024-06-04,41,9,602,402,390.4,90,5161
3307,2023-06-24,41,11,605,400,312.48,91,13464
3308,2025-01-30,2,7,605,402,359.76,38,4632
3309,2022-01-15,57,2,601,403,428.5,69,5752
3310,2022-03-05,45,7,602,401,75.25,52,5677
3311,2025-05-28,56,2,604,401,346.11,14,1963
3312,2025-04-25,100,13,602,400,200.91,69,7548
3313,2024-06-28,51,14,601,401,79.38,67,4351
3314,2025-05-07,91,1,602,402,194.39,26,9074
3315,2022-02-21,64,15,602,402,317.24,68,3221
3316,2023-06-06,36,6,602,401,298.44,65,13772
3317,2025-02-17,87,6,601,400,477.9,34,8797
3318,2022-05-03,19,3,602,400,84.18,34,8861
3319,2024-03-09,48,10,604,401,87.99,93,14577
3320,2022-12-29,65,12,605,402,214.55,48,1143
3321,2022-02-06,54,8,600,403,63.77,38,12264
3322,2022-04-02,60,8,601,403,494.62,29,1971
3323,2022-04-08,7,9,604,401,129.14,60,4282
3324,2025-03-30,6,6,605,403,173.57,59,10591
3325,2023-05-30,82,8,602,402,56.39,72,8378
3326,2022-12-27,8,6,602,400,202.42,80,14985
3327,2025-06-05,20,8,603,401,240.37,63,2535
3328,2024-07-24,53,5,605,401,344.87,76,11003
3329,2024-01-21,58,13,601,401,329.71,37,489
3330,2022-07-04,28,7,601,403,362.15,87,6972
3331,2024-02-07,62,14,603,403,390.03,89,5867
3332,2022-04-02,27,15,601,400,382.02,71,1529
3333,2022-04-15,62,14,602,402,166.34,27,4305
3334,2024-10-04,98,8,605,403,363.19,14,13655
3335,2025-05-24,89,7,603,400,440.36,9,13377
3336,2024-08-27,11,3,600,401,335.02,7,11322
3337,2023-04-15,27,3,600,403,235.39,48,8140
3338,2022-09-05,10,3,601,402,233.34,64,5948
3339,2023-12-11,74,7,601,401,189.66,12,6600
3340,2024-10-05,84,13,600,400,224.98,81,6726
3341,2024-08-23,53,8,600,403,344.12,80,7415
3342,2022-09-26,26,2,602,400,142.04,32,7097
3343,2024-10-07,35,11,604,400,429.46,31,10686
3344,2024-09-03,65,5,600,400,253.37,11,5181
3345,2022-11-18,39,12,605,400,85.06,43,3219
3346,2022-07-27,12,1,601,402,72.07,62,6293
3347,2022-12-30,49,13,603,400,100.43,54,12038
3348,2022-04-17,12,7,605,403,440.42,57,2732
3349,2022-04-09,71,12,605,401,412.81,95,13102
3350,2025-05-22,38,11,602,403,324.41,28,7980
3351,2023-04-02,73,15,604,402,152.54,90,3890
3352,2024-05-05,37,7,603,400,162.19,83,1869
3353,2024-10-23,81,12,602,403,377.47,16,14083
3354,2023-08-08,69,14,604,401,418.75,21,7964
3355,2023-10-03,43,12,603,402,167.36,73,2163
3356,2024-10-09,88,9,604,402,270.68,30,14037
3357,2024-11-26,88,7,605,400,77.53,19,3816
3358,2022-12-16,46,12,600,401,94.23,36,4788
3359,2022-07-05,22,11,605,401,467.41,27,878
3360,2024-01-12,5,5,602,400,361.11,56,13485
3361,2023-04-09,14,12,605,402,457.63,15,4649
3362,2023-11-15,13,13,602,400,340.88,13,3945
3363,2024-05-13,8,13,605,402,470.34,22,9078
3364,2022-09-14,27,1,603,401,369.03,56,3285
3365,2022-10-05,46,5,604,402,69.49,51,6877
3366,2023-12-24,15,14,605,401,210.01,100,10949
3367,2022-09-28,59,13,600,400,287.46,81,11559
3368,2024-09-11,53,6,604,400,258.59,60,2368
3369,2024-06-28,80,12,601,401,316.84,51,10986
3370,2024-06-07,15,11,604,403,150.46,76,7139
3371,2024-01-05,37,2,604,403,61.16,61,11825
3372,2024-10-06,49,6,601,401,429.66,69,5734
3373,2022-05-01,3,8,605,401,297.47,56,13564
3374,2025-01-21,38,14,601,402,101.54,10,3442
3375,2023-04-10,26,7,602,401,394.23,35,9906
3376,2022-05-09,14,7,600,401,158.89,86,1002
3377,2023-10-09,4,1,604,401,388.0,86,10158
3378,2023-11-10,6,12,600,402,366.79,92,5612
3379,2024-12-09,55,13,605,401,384.91,68,11283
3380,2024-06-23,59,7,600,402,146.11,70,4829
3381,2025-03-13,30,5,602,401,385.97,86,11883
3382,2024-06-23,47,4,605,400,475.19,62,2293
3383,2023-05-01,32,6,602,401,410.34,5,8602
3384,2023-04-23,70,13,600,403,462.86,42,7914
3385,2023-03-23,50,5,604,402,53.96,7,5698
3386,2023-12-31,43,15,600,400,475.92,90,3167
3387,2023-03-06,57,11,602,403,168.94,78,2109
3388,2024-01-30,42,7,604,402,120.06,45,801
3389,2024-08-02,14,8,602,402,154.52,46,14528
3390,2022-04-14,59,13,605,400,339.75,69,1338
3391,2024-11-18,91,7,600,403,442.84,18,12914
3392,2024-01-19,95,4,600,403,170.74,55,9849
3393,2025-05-04,43,7,601,402,187.34,51,1328
3394,2022-06-15,24,15,602,402,140.26,7,4080
3395,2025-02-27,89,14,603,402,279.23,55,8073
3396,2024-01-25,81,3,602,403,281.83,80,11710
3397,2022-01-29,23,7,600,403,257.46,53,803
3398,2023-09-08,39,3,600,400,271.41,18,7722
3399,2024-07-10,92,12,605,403,165.56,67,6233
3400,2024-01-29,40,13,605,401,67.38,97,9562
3401,2023-04-07,50,1,600,401,118.29,62,1787
3402,2022-05-09,87,9,600,400,355.2,100,11053
3403,2023-07-09,32,13,604,403,331.5,23,2249
3404,2022-05-14,29,11,603,402,355.06,34,14528
3405,2024-02-12,62,1,604,402,474.93,6,11875
3406,2022-04-29,26,3,604,401,474.86,38,460
3407,2023-06-26,30,15,605,403,212.05,78,2489
3408,2024-12-11,74,10,601,400,490.33,30,5116
3409,2022-01-31,5,8,605,400,276.1,18,5253
3410,2025-05-06,9,2,604,400,220.57,60,1362
3411,2022-03-26,70,11,600,400,433.37,5,8020
3412,2025-04-30,78,8,602,400,133.88,85,1406
3413,2025-05-14,99,9,602,402,330.98,88,101
3414,2025-06-08,61,9,603,402,156.99,10,4297
3415,2025-06-11,89,13,602,401,160.36,83,5889
3416,2023-05-19,13,15,602,401,422.25,29,5306
3417,2022-04-12,61,1,600,400,364.83,96,2854
3418,2024-02-12,8,13,603,403,112.89,30,13274
3419,2023-10-04,64,14,604,401,186.02,42,12056
3420,2023-05-08,75,11,604,400,218.64,87,561
3421,2022-12-22,8,2,601,403,316.31,6,1710
3422,2024-03-12,96,4,601,402,334.59,44,1372
3423,2022-07-17,10,12,602,402,81.69,47,12051
3424,2023-01-13,61,14,603,400,456.65,90,9361
3425,2023-05-12,90,1,600,401,172.81,34,4211
3426,2022-08-01,33,11,601,400,437.41,6,6677
3427,2022-04-10,41,4,600,401,277.74,22,2598
3428,2024-10-22,59,6,603,402,393.79,71,1147
3429,2022-07-17,20,11,601,400,426.63,95,8926
3430,2024-08-12,54,14,602,403,78.26,70,12710
3431,2025-06-28,36,9,604,400,368.85,58,2106
3432,2024-01-12,39,5,601,403,346.52,20,7075
3433,2022-10-16,20,12,602,403,100.54,34,7990
3434,2022-08-28,16,3,605,402,365.52,12,6661
3435,2024-07-03,64,6,600,400,361.8,22,401
3436,2023-07-12,26,13,600,401,224.55,38,13968
3437,2022-12-15,77,12,601,401,280.98,100,7330
3438,2022-11-17,6,7,603,403,264.16,43,2195
3439,2025-04-16,46,14,600,400,298.34,12,12161
3440,2024-05-07,81,6,604,402,223.13,47,10072
3441,2024-03-20,90,12,600,401,155.4,98,10542
3442,2024-07-04,71,13,602,401,156.94,90,8322
3443,2022-12-28,69,9,602,401,149.36,16,13152
3444,2024-06-27,53,8,604,401,268.36,53,14933
3445,2025-05-07,19,4,602,403,122.03,65,13523
3446,2022-11-10,17,6,601,403,162.97,28,2284
3447,2025-05-11,9,3,602,400,291.8,31,5576
3448,2022-02-12,37,6,600,400,238.11,93,1383
3449,2023-03-07,25,5,603,401,282.5,9,14422
3450,2023-05-01,74,10,605,401,453.73,74,11406
3451,2022-09-24,85,5,602,402,54.06,48,784
3452,2023-03-26,65,9,600,400,187.33,76,6240
3453,2024-03-28,87,12,603,403,487.0,6,12440
3454,2022-05-28,59,12,600,403,470.84,91,7777
3455,2023-02-13,21,5,604,402,223.19,53,9631
3456,2023-11-28,38,2,601,400,287.45,11,13549
3457,2022-03-09,39,3,601,402,482.77,65,13326
3458,2024-06-12,45,5,604,401,247.05,41,13858
3459,2022-06-08,20,9,605,400,376.18,9,10106
3460,2022-07-20,62,1,604,401,217.9,70,3864
3461,2024-02-07,60,15,604,400,53.89,91,7453
3462,2023-03-23,81,4,600,400,58.65,100,5264
3463,2022-02-08,25,15,603,401,460.64,29,5804
3464,2024-12-22,79,1,603,401,65.35,55,7720
3465,2024-05-01,60,15,602,402,299.46,17,4651
3466,2022-02-15,8,7,602,400,475.6,87,3693
3467,2024-06-05,36,14,602,401,422.75,22,10222
3468,2025-06-28,92,9,601,402,79.48,5,6885
3469,2023-04-17,88,13,602,401,142.71,27,166
3470,2022-08-27,24,6,604,402,312.44,71,13755
3471,2025-06-08,13,15,602,400,465.71,64,13824
3472,2025-03-21,66,10,604,400,129.43,47,9393
3473,2022-12-23,99,15,601,400,408.46,63,9422
3474,2024-11-12,26,8,602,403,400.09,91,14269
3475,2023-11-11,69,6,600,402,109.27,85,6174
3476,2022-10-09,90,8,605,401,87.99,33,14600
3477,2024-04-07,34,11,605,401,435.93,68,11348
3478,2025-02-04,43,10,601,401,368.5,91,8107
3479,2022-01-25,9,4,604,400,459.87,72,7016
3480,2024-09-16,27,2,601,401,339.43,58,3085
3481,2022-01-26,68,12,602,401,149.24,88,11216
3482,2025-05-06,65,8,605,402,244.5,31,11277
3483,2024-09-18,1,12,602,403,323.62,43,13422
3484,2024-02-10,77,12,604,401,245.12,73,11550
3485,2025-06-08,28,12,603,402,230.46,23,7714
3486,2024-11-05,94,10,600,400,204.6,81,6171
3487,2025-01-05,57,1,600,400,394.83,50,4523
3488,2023-01-19,44,11,600,403,438.14,38,13259
3489,2024-06-14,67,8,600,401,151.35,58,11420
3490,2023-07-31,34,10,600,401,124.44,46,7012
3491,2022-04-17,30,8,600,401,375.66,54,3467
3492,2025-04-30,39,2,604,403,406.51,69,5525
3493,2022-03-14,70,2,603,400,176.47,35,11417
3494,2023-06-15,68,14,600,401,96.8,28,13928
3495,2022-05-23,60,14,601,402,442.74,46,10112
3496,2022-01-07,16,12,600,400,194.33,90,515
3497,2025-05-17,37,15,602,402,196.59,80,436
3498,2025-05-07,8,9,605,400,359.22,68,9257
3499,2022-05-31,52,6,604,400,424.56,90,13634
3500,2022-11-27,99,13,600,400,355.24,95,696
3501,2022-06-30,24,14,601,402,172.35,32,5084
3502,2022-06-29,35,5,601,401,229.06,78,4326
3503,2024-09-01,43,9,603,401,329.96,24,358
3504,2022-06-29,18,7,601,403,269.73,74,3491
3505,2025-05-21,87,7,601,402,267.89,90,11666
3506,2023-12-30,32,12,605,402,285.55,97,10400
3507,2022-09-02,5,9,601,400,353.63,31,14718
3508,2023-07-10,50,13,605,402,140.02,52,10794
3509,2023-02-10,44,1,600,401,200.79,9,9198
3510,2024-02-28,52,10,601,401,375.29,26,9353
3511,2024-10-07,5,2,605,402,414.6,43,3063
3512,2024-07-27,27,3,602,403,410.52,95,8116
3513,2025-06-02,41,11,604,400,321.6,8,2975
3514,2023-08-30,3,5,604,402,205.27,79,12362
3515,2025-02-27,19,3,600,400,294.99,71,3870
3516,2025-04-28,38,8,604,402,64.81,28,204
3517,2022-10-23,65,8,600,401,351.94,84,4978
3518,2023-07-14,7,12,601,400,434.91,54,9434
3519,2023-07-05,90,9,602,403,258.4,55,4474
3520,2022-08-15,68,15,602,403,421.38,86,4872
3521,2022-06-13,63,15,604,402,216.43,56,12962
3522,2025-03-04,89,11,601,402,243.33,64,11331
3523,2023-01-09,77,13,601,403,102.98,68,13709
3524,2023-09-10,4,6,602,401,476.59,24,11283
3525,2025-02-20,6,14,604,402,365.0,46,13686
3526,2024-03-12,24,3,600,400,493.23,99,11601
3527,2022-03-11,8,10,601,401,366.59,67,5998
3528,2023-11-14,24,10,601,403,332.66,56,10566
3529,2025-06-09,83,10,605,400,263.37,61,1463
3530,2023-07-12,100,15,600,400,366.63,44,14531
3531,2024-06-06,51,6,600,403,138.62,82,4621
3532,2022-05-17,78,11,604,403,277.59,9,14661
3533,2024-10-20,10,9,600,403,88.92,35,7158
3534,2024-04-30,33,2,601,401,485.62,31,2613
3535,2024-05-05,72,12,604,403,227.3,34,6988
3536,2023-06-24,39,2,601,401,376.16,24,6924
3537,2022-02-15,15,14,603,403,159.52,54,12921
3538,2024-02-20,81,14,602,400,60.66,99,2131
3539,2024-12-20,13,2,603,403,69.74,41,2383
3540,2023-02-02,49,6,601,401,219.21,72,9740
3541,2023-04-20,94,6,605,401,262.62,84,6018
3542,2024-04-16,64,15,604,403,56.25,34,5737
3543,2024-11-02,89,9,604,403,479.63,63,8728
3544,2025-04-10,9,10,605,402,105.13,30,1853
3545,2024-06-23,37,13,600,403,252.81,47,12396
3546,2023-05-20,88,14,603,400,261.23,11,12312
3547,2024-03-20,93,2,605,401,442.25,76,12547
3548,2022-07-25,73,15,603,401,391.27,22,4757
3549,2022-05-22,73,9,605,403,152.67,57,8123
3550,2024-07-20,35,3,600,403,149.08,7,12781
3551,2025-06-16,56,2,603,401,137.72,62,5708
3552,2022-04-25,51,2,600,400,356.15,29,2026
3553,2023-01-03,76,1,604,403,116.36,19,5199
3554,2025-05-26,80,8,604,400,299.66,96,412
3555,2024-01-30,67,11,602,402,472.28,90,14043
3556,2022-01-09,83,2,603,403,233.4,74,2428
3557,2022-03-08,83,8,602,402,275.1,95,13723
3558,2023-09-29,88,14,602,401,428.04,92,14749
3559,2022-06-28,32,8,604,403,416.75,68,13208
3560,2022-06-27,33,15,605,400,80.32,90,1557
3561,2022-06-03,70,10,603,402,113.14,99,3440
3562,2022-04-24,54,6,602,400,382.83,76,7363
3563,2022-04-25,65,2,603,400,154.47,45,10122
3564,2022-10-28,64,15,605,400,82.73,7,4462
3565,2024-09-27,96,10,602,403,113.28,6,2653
3566,2023-06-27,84,10,600,403,421.3,72,4994
3567,2022-12-07,75,14,604,400,124.19,76,7920
3568,2023-08-03,71,2,601,401,466.47,66,1375
3569,2022-09-22,55,14,600,400,270.07,87,6219
3570,2022-10-30,96,10,602,403,426.31,64,13587
3571,2024-12-03,73,4,603,401,149.64,38,10349
3572,2022-05-09,10,13,603,400,330.34,11,10578
3573,2022-08-31,80,10,600,402,263.86,66,5996
3574,2022-01-10,67,7,603,403,361.52,89,3160
3575,2023-09-29,36,2,601,403,222.01,89,2705
3576,2022-08-27,50,4,602,403,61.67,94,2882
3577,2023-03-03,17,1,602,402,343.77,46,13470
3578,2024-07-27,63,14,602,401,314.18,30,14385
3579,2023-07-06,30,9,604,402,310.7,27,4545
3580,2023-06-01,26,7,601,402,494.12,33,8070
3581,2022-07-04,38,15,603,402,210.89,9,1727
3582,2023-08-11,39,7,603,400,200.42,76,11850
3583,2024-12-01,42,2,604,400,193.61,60,8879
3584,2023-10-13,62,13,601,402,79.6,100,8930
3585,2023-03-04,53,15,602,402,72.83,7,708
3586,2024-09-16,89,1,601,401,361.67,74,6978
3587,2025-01-27,79,7,600,400,258.62,15,9599
3588,2025-03-13,85,15,600,401,336.12,22,5543
3589,2024-07-30,27,8,601,403,98.73,59,8824
3590,2023-10-10,18,3,603,401,348.36,88,14481
3591,2022-08-19,76,7,603,403,238.94,20,5379
3592,2024-07-15,93,13,605,403,144.09,41,1059
3593,2025-03-20,40,9,603,401,480.63,62,13658
3594,2024-08-10,59,11,601,403,235.95,55,12174
3595,2024-01-07,44,9,604,401,359.29,34,14366
3596,2022-04-16,92,15,602,402,82.89,92,1895
3597,2022-01-10,4,11,600,402,439.81,51,6067
3598,2023-11-18,73,1,600,401,84.84,19,3360
3599,2023-12-05,69,10,600,403,180.33,55,4514
3600,2023-02-08,14,14,601,401,435.12,55,5179
3601,2025-03-05,54,3,604,402,102.07,52,3866
3602,2022-05-22,62,11,604,400,478.25,34,10056
3603,2024-09-22,37,13,603,400,83.24,94,6386
3604,2022-10-14,54,4,605,400,130.23,72,2351
3605,2024-09-29,15,13,605,402,52.27,94,9091
3606,2025-06-17,68,4,600,401,327.5,65,3763
3607,2023-03-14,98,4,605,403,217.2,32,8898
3608,2024-07-22,63,14,602,402,90.84,84,9680
3609,2024-07-23,52,10,600,401,191.03,17,6991
3610,2024-09-18,23,1,600,403,279.52,41,8290
3611,2024-09-02,22,9,605,400,138.14,23,5376
3612,2022-08-28,15,11,603,403,324.05,91,8775
3613,2023-04-14,88,15,605,400,441.88,64,4590
3614,2025-06-20,32,3,601,403,471.83,45,820
3615,2024-01-22,19,8,605,401,344.39,29,1023
3616,2022-09-28,86,13,600,402,303.56,30,7501
3617,2024-02-21,21,3,602,403,367.16,97,10500
3618,2022-04-22,30,5,603,400,397.5,69,4691
3619,2025-05-16,70,3,603,403,114.81,64,10972
3620,2022-09-23,97,5,601,400,356.01,13,3009
3621,2022-09-05,5,4,600,402,70.07,14,1137
3622,2024-11-24,23,8,602,401,110.03,24,7300
3623,2023-03-31,68,6,602,402,236.64,90,6307
3624,2023-03-24,29,7,600,401,474.68,42,14862
3625,2025-02-03,13,14,604,401,492.96,86,12798
3626,2023-05-30,25,1,601,401,196.83,32,1941
3627,2024-07-11,15,1,602,403,51.59,90,10916
3628,2025-01-01,75,14,602,401,225.97,13,6587
3629,2024-01-26,36,5,605,400,480.95,60,3673
3630,2024-11-24,51,4,600,400,120.38,90,9032
3631,2023-03-14,23,9,605,402,350.87,20,3888
3632,2022-11-28,26,1,601,402,206.58,58,10516
3633,2024-05-06,68,10,602,401,227.11,81,5794
3634,2022-02-25,43,14,603,403,451.72,90,7031
3635,2023-07-21,65,11,605,403,347.76,20,3056
3636,2024-06-05,49,9,601,402,309.34,29,14104
3637,2023-03-20,24,6,605,403,92.87,10,4046
3638,2022-04-21,10,7,603,403,368.26,34,4916
3639,2024-05-05,96,1,601,403,55.41,47,9845
3640,2024-07-01,89,9,603,400,134.95,84,1697
3641,2024-07-15,76,5,601,400,423.05,81,8755
3642,2023-04-04,29,11,601,401,381.03,71,11861
3643,2022-11-13,84,14,603,401,337.72,49,8012
3644,2024-11-30,47,4,601,403,322.82,39,13771
3645,2024-02-09,52,5,603,401,97.95,22,1239
3646,2022-08-22,39,6,604,400,487.98,72,4997
3647,2022-10-13,95,8,601,401,164.39,46,14593
3648,2023-12-12,9,11,600,401,469.05,84,12816
3649,2024-02-17,84,8,602,401,96.15,98,4066
3650,2023-06-30,60,15,605,403,99.07,56,12521
3651,2023-10-22,56,11,605,402,319.96,68,9407
3652,2023-07-31,50,1,605,402,322.3,10,6601
3653,2024-07-22,58,2,602,401,197.14,39,5682
3654,2023-01-31,46,14,601,403,434.14,20,4559
3655,2023-07-25,77,6,602,402,433.55,20,13593
3656,2022-01-08,70,10,604,403,80.38,87,12619
3657,2024-06-05,2,1,601,403,226.89,8,7765
3658,2024-07-19,12,4,602,401,158.79,95,4768
3659,2023-12-25,1,8,605,400,200.34,17,7105
3660,2022-04-25,73,11,603,401,188.39,36,10159
3661,2025-05-02,33,4,601,403,428.59,19,7736
3662,2023-03-23,91,10,603,400,138.69,55,13094
3663,2025-06-20,74,5,603,400,265.13,49,4243
3664,2023-06-10,92,6,602,400,210.17,61,10107
3665,2024-06-20,31,4,604,403,436.99,35,5987
3666,2024-03-22,56,7,601,402,477.28,44,5321
3667,2025-05-18,83,1,600,402,251.02,80,1028
3668,2025-01-18,88,3,602,403,168.85,82,13430
3669,2022-03-17,20,5,605,402,72.95,45,10132
3670,2023-12-24,49,11,601,401,373.51,69,14788
3671,2022-06-13,48,2,601,402,87.74,77,8416
3672,2024-05-16,60,3,600,402,84.06,21,7506
3673,2025-02-13,35,12,604,401,369.35,84,9798
3674,2025-01-08,68,6,603,402,177.03,73,2089
3675,2025-06-08,57,3,605,402,109.86,46,2538
3676,2022-01-05,80,6,601,401,224.84,75,1140
3677,2022-11-23,87,3,600,403,103.88,63,3575
3678,2024-05-30,41,1,601,401,69.96,100,8307
3679,2023-06-01,43,10,601,402,217.84,94,13209
3680,2025-03-10,45,8,601,403,390.0,51,4414
3681,2023-02-26,66,2,604,401,114.08,51,2642
3682,2024-09-10,98,5,600,401,78.68,27,13933
3683,2024-12-31,34,7,602,400,276.72,19,14697
3684,2022-01-30,70,1,601,403,265.35,19,7045
3685,2022-10-04,33,7,600,403,325.52,58,7651
3686,2023-02-04,93,11,605,400,277.24,49,8129
3687,2025-06-05,36,11,600,400,159.91,66,663
3688,2024-04-25,17,7,601,400,449.36,25,1354
3689,2024-07-22,15,11,601,401,81.85,51,589
3690,2022-10-11,99,15,605,403,247.33,79,4503
3691,2022-08-13,42,2,604,400,99.95,46,9997
3692,2023-02-23,46,11,601,401,159.76,92,12275
3693,2022-01-04,54,15,601,402,338.08,46,2159
3694,2022-04-18,70,2,603,400,385.56,95,5579
3695,2022-08-27,88,10,603,400,341.89,21,12221
3696,2024-02-11,43,6,604,400,217.2,34,2236
3697,2024-04-12,47,2,603,400,390.12,58,11664
3698,2022-11-07,69,5,600,400,96.65,41,9476
3699,2022-09-23,38,14,600,401,66.77,56,11957
3700,2022-09-13,7,2,601,400,411.31,5,287
3701,2024-04-05,20,12,604,403,357.16,82,11779
3702,2023-06-11,18,12,601,403,181.7,87,4333
3703,2022-12-24,50,4,605,402,101.09,21,2667
3704,2024-09-07,58,15,604,402,138.12,69,14613
3705,2023-08-01,77,5,605,403,438.97,31,8119
3706,2022-09-21,68,4,605,402,470.22,67,2422
3707,2023-12-31,36,3,602,403,383.87,78,8951
3708,2025-04-12,41,13,605,403,165.1,55,13164
3709,2023-06-17,5,2,600,401,387.23,39,9196
3710,2024-02-22,45,8,603,400,341.51,46,7946
3711,2023-03-20,82,3,602,400,481.28,52,8178
3712,2025-03-20,46,15,603,401,327.61,96,1043
3713,2025-03-27,78,12,602,402,437.93,88,9079
3714,2023-05-31,7,2,601,402,190.52,51,7098
3715,2022-05-01,13,7,605,401,294.44,99,10013
3716,2024-11-03,19,2,600,401,251.2,51,1899
3717,2024-10-10,8,10,600,400,478.14,44,1581
3718,2024-05-27,30,11,605,402,238.83,28,14385
3719,2023-06-24,31,14,601,400,447.25,18,14728
3720,2022-12-27,85,13,602,400,374.34,95,5543
3721,2022-07-22,27,8,605,400,134.24,59,2551
3722,2023-11-23,2,5,601,400,301.16,100,2593
3723,2024-02-04,30,11,605,401,360.08,81,5724
3724,2023-01-19,25,7,605,400,342.14,80,3198
3725,2024-09-15,50,13,605,401,144.97,30,2735
3726,2023-01-23,32,11,600,400,460.34,7,10087
3727,2023-05-20,62,2,602,403,218.09,70,5280
3728,2024-03-04,8,9,601,400,344.43,23,7893
3729,2023-07-28,28,10,602,400,252.38,42,543
3730,2025-04-29,45,11,603,401,236.05,53,5882
3731,2023-05-19,8,10,601,400,311.19,100,10336
3732,2022-09-28,30,4,604,402,483.94,47,9896
3733,2024-08-20,20,13,603,400,105.91,68,3293
3734,2025-05-07,14,7,602,403,263.72,12,14495
3735,2022-12-01,25,14,605,400,250.03,67,10942
3736,2024-02-09,58,13,605,401,203.54,46,11748
3737,2023-10-03,50,5,602,401,442.63,26,11029
3738,2022-04-27,23,4,602,402,310.6,85,13801
3739,2022-09-28,15,2,602,402,165.5,9,10116
3740,2022-01-22,58,10,600,402,221.65,73,9447
3741,2022-05-20,43,5,603,400,142.46,15,10207
3742,2024-04-25,48,4,605,402,155.31,55,4836
3743,2023-04-16,17,6,605,400,149.22,20,8380
3744,2024-11-24,52,12,602,400,353.17,20,7350
3745,2022-08-01,19,13,605,400,380.41,31,8306
3746,2025-04-28,52,5,601,402,72.76,45,14029
3747,2024-10-22,25,6,604,402,383.43,87,3137
3748,2024-01-01,58,3,605,401,380.12,13,1679
3749,2022-11-01,70,7,600,403,234.96,14,5579
3750,2024-07-12,90,5,604,401,65.66,95,14339
3751,2022-07-31,47,7,601,401,243.5,22,5330
3752,2023-03-25,93,5,604,402,248.68,29,10867
3753,2024-01-25,23,14,602,402,221.08,7,10967
3754,2024-03-19,45,3,601,403,423.51,62,5705
3755,2024-08-10,15,8,600,403,204.82,92,11840
3756,2024-10-04,46,8,603,400,482.25,62,6730
3757,2024-04-01,51,13,601,402,326.92,66,12266
3758,2022-07-17,16,6,602,402,180.62,91,11326
3759,2024-05-20,50,8,602,402,476.57,48,14218
3760,2022-11-25,16,13,600,403,472.2,45,419
3761,2023-12-12,12,9,601,403,400.87,76,5184
3762,2023-08-17,97,1,601,402,274.72,35,9792
3763,2022-12-05,78,9,601,401,91.77,39,2051
3764,2022-02-17,12,10,603,403,132.2,20,13571
3765,2023-01-14,81,6,604,401,194.17,69,9203
3766,2022-10-04,72,13,603,400,168.35,76,13106
3767,2025-01-19,56,6,605,403,80.65,65,708
3768,2024-12-21,98,10,600,403,63.66,50,13487
3769,2024-10-27,50,14,601,403,60.9,13,5045
3770,2024-06-11,26,14,601,403,408.76,75,9882
3771,2025-01-07,9,9,604,400,75.57,61,11322
3772,2025-06-26,10,15,604,402,434.0,94,6254
3773,2022-01-13,60,13,602,403,322.48,9,7550
3774,2024-08-31,89,9,600,401,294.55,38,10876
3775,2022-03-11,32,6,602,402,493.75,53,1110
3776,2022-03-28,80,3,603,401,331.94,25,12016
3777,2022-06-12,7,1,604,402,279.19,15,2996
3778,2022-06-15,13,15,605,403,105.77,26,8882
3779,2024-04-02,63,9,603,403,293.18,28,12687
3780,2024-10-25,68,8,600,401,442.72,35,3008
3781,2024-03-20,48,4,601,400,299.73,63,2849
3782,2024-05-13,62,7,601,402,113.69,54,6455
3783,2023-06-16,32,6,605,403,476.02,9,4500
3784,2023-01-24,35,8,603,401,137.29,44,9805
3785,2023-10-07,95,8,604,401,269.51,53,2833
3786,2023-04-05,68,14,601,402,76.75,68,3895
3787,2024-04-12,20,7,604,401,380.22,16,11343
3788,2025-05-23,17,10,600,400,98.32,67,13040
3789,2024-04-05,68,14,604,401,405.84,31,626
3790,2023-10-04,28,7,604,401,82.43,69,7419
3791,2023-04-15,68,15,604,402,216.91,99,1325
3792,2024-08-24,38,10,605,401,303.9,71,5864
3793,2022-07-04,15,3,600,400,62.97,47,5998
3794,2023-01-25,7,13,604,403,242.13,75,9641
3795,2022-11-22,23,14,603,403,170.17,17,8912
3796,2023-09-10,22,6,603,402,462.79,17,14758
3797,2023-07-10,91,6,603,400,250.18,23,8569
3798,2024-06-04,65,13,600,403,157.99,24,2740
3799,2023-06-12,13,12,601,403,367.71,44,1635
3800,2022-04-26,92,12,604,402,328.68,6,4833
3801,2024-07-02,21,4,602,400,158.66,78,2979
3802,2025-01-04,79,13,600,400,399.8,48,5739
3803,2023-03-26,14,4,602,403,195.97,5,5016
3804,2022-01-24,68,1,604,402,55.45,53,14853
3805,2023-08-17,62,5,601,401,284.84,9,11591
3806,2022-10-02,92,2,603,402,121.47,21,12309
3807,2022-06-27,59,3,602,401,304.61,95,9494
3808,2024-08-25,7,11,601,400,366.18,70,7753
3809,2023-02-01,40,3,601,400,83.56,99,11847
3810,2022-05-12,50,2,600,403,204.62,7,3728
3811,2022-01-10,64,2,603,402,305.7,61,8676
3812,2022-11-30,98,4,600,403,283.55,57,4339
3813,2022-12-16,27,15,601,403,216.55,53,1027
3814,2022-03-10,44,11,601,401,416.82,33,11661
3815,2024-10-11,56,5,605,400,87.42,6,13832
3816,2025-02-23,44,8,604,403,87.01,29,6253
3817,2023-06-05,9,8,601,403,158.38,85,6178
3818,2022-01-18,16,5,601,403,460.13,5,3458
3819,2023-03-04,66,12,601,403,203.62,88,9514
3820,2025-04-19,87,12,600,403,177.5,53,14114
3821,2022-01-30,89,13,602,400,311.93,53,14665
3822,2024-04-29,37,3,604,401,438.92,45,7669
3823,2023-10-15,32,3,601,402,119.46,88,1272
3824,2023-10-02,22,6,601,403,414.74,56,12323
3825,2024-02-24,82,14,604,403,51.3,32,5670
3826,2023-08-31,26,3,601,401,70.07,36,5915
3827,2025-05-12,90,15,600,401,385.39,93,1816
3828,2024-12-27,93,6,605,402,140.41,59,11302
3829,2024-05-26,16,13,603,403,391.13,78,8518
3830,2024-06-05,44,15,602,400,486.96,64,4472
3831,2025-06-14,59,9,601,401,445.91,30,10046
3832,2025-04-21,94,13,603,402,326.15,99,9522
3833,2024-10-28,89,2,603,403,453.02,15,5090
3834,2024-08-22,16,12,602,401,270.2,55,11196
3835,2024-07-29,81,10,601,402,220.97,31,3961
3836,2022-03-25,36,13,604,403,119.06,43,3046
3837,2022-05-03,65,11,604,402,79.4,50,13495
3838,2023-06-27,48,4,601,403,294.76,18,7873
3839,2023-08-24,33,12,603,402,95.13,6,7149
3840,2023-07-12,30,8,602,400,78.59,29,14870
3841,2024-09-28,43,9,604,402,128.96,37,10374
3842,2024-07-02,90,15,601,400,156.18,86,2200
3843,2023-06-12,49,1,602,403,202.04,81,7283
3844,2023-12-02,82,3,603,401,304.91,13,4252
3845,2024-09-30,28,8,604,402,461.97,56,4812
3846,2024-03-15,93,1,604,403,401.24,22,5273
3847,2024-11-11,33,3,600,403,324.05,28,2663
3848,2024-06-24,79,3,604,402,317.15,82,11927
3849,2023-03-13,8,13,600,402,378.44,32,14674
3850,2023-03-30,36,5,603,403,415.64,67,8601
3851,2024-03-14,11,2,602,402,487.04,94,14078
3852,2025-01-23,73,11,603,403,432.36,34,4568
3853,2022-05-30,16,6,600,403,477.84,73,14401
3854,2022-05-21,49,13,600,402,460.31,5,4243
3855,2022-10-19,38,10,600,400,220.28,5,9488
3856,2023-04-18,81,9,604,400,162.42,14,1136
3857,2024-07-17,12,2,602,402,232.55,12,14397
3858,2023-05-13,48,12,604,400,204.93,71,13531
3859,2022-06-25,35,4,602,403,128.14,85,6205
3860,2024-09-24,52,11,603,403,199.92,81,10639
3861,2022-05-10,80,6,602,402,415.13,66,14693
3862,2022-07-08,53,8,601,400,347.38,40,2878
3863,2024-10-04,28,1,602,401,496.23,44,7799
3864,2022-03-28,95,5,600,401,266.49,17,9883
3865,2023-09-29,24,5,600,402,384.43,76,10253
3866,2022-05-10,15,9,600,401,179.7,70,5085
3867,2023-03-25,61,7,600,400,336.46,91,11115
3868,2023-04-14,67,14,600,403,356.93,33,8311
3869,2022-06-03,80,9,602,400,69.08,42,1774
3870,2022-12-09,15,7,603,402,300.81,76,4767
3871,2025-04-29,74,1,600,400,166.73,55,6768
3872,2024-12-16,99,8,603,401,455.1,64,9799
3873,2022-01-16,88,1,605,402,173.14,40,9481
3874,2025-01-07,49,5,605,403,267.78,14,5823
3875,2022-05-20,9,6,600,402,459.89,77,7086
3876,2024-07-09,78,7,604,400,115.74,94,340
3877,2022-06-26,11,14,602,402,156.8,97,14925
3878,2024-08-30,75,1,605,402,191.86,48,2610
3879,2024-02-28,89,4,602,401,275.49,5,13177
3880,2024-04-25,90,7,600,401,57.36,69,10726
3881,2023-11-02,23,3,605,401,478.74,74,2654
3882,2022-07-09,92,12,604,401,260.81,47,8268
3883,2025-03-13,47,1,604,400,484.88,10,14707
3884,2024-04-28,68,11,600,402,71.4,91,14937
3885,2025-05-09,46,9,605,401,257.96,18,7653
3886,2022-12-26,49,10,605,402,468.25,81,1425
3887,2022-04-28,46,11,605,400,57.02,38,8161
3888,2024-08-25,61,7,601,401,238.53,70,4910
3889,2023-05-13,11,3,601,400,462.78,25,5865
3890,2024-06-12,88,6,604,403,213.9,25,7076
3891,2025-04-26,52,14,604,401,253.94,78,7114
3892,2023-12-01,81,5,602,400,418.26,31,5731
3893,2022-04-05,88,2,605,403,208.65,94,4142
3894,2023-09-17,43,9,605,402,189.17,77,1184
3895,2025-02-17,92,8,604,402,184.08,36,6672
3896,2022-10-15,27,5,600,403,478.92,24,10723
3897,2023-05-07,41,6,601,401,156.88,42,10302
3898,2024-01-03,64,8,602,400,456.18,33,1023
3899,2024-03-25,54,12,603,401,386.69,13,11365
3900,2022-07-24,3,3,603,402,84.24,78,11543
3901,2022-04-02,76,6,601,402,192.43,94,1289
3902,2022-02-16,49,10,600,403,345.56,45,2552
3903,2022-02-05,71,6,601,402,198.06,46,4637
3904,2023-06-13,4,6,602,403,117.06,54,12198
3905,2024-05-21,53,5,605,400,153.93,97,8483
3906,2023-06-18,69,4,605,400,352.85,91,3084
3907,2022-11-03,57,13,603,400,260.98,94,11402
3908,2023-10-24,54,11,603,402,186.41,83,3568
3909,2023-11-06,77,2,605,401,99.02,41,9060
3910,2025-06-11,45,15,600,400,159.29,42,11062
3911,2024-11-22,2,6,600,402,334.13,69,7684
3912,2025-05-01,92,4,601,403,478.43,84,12305
3913,2024-11-12,84,10,600,400,158.62,65,12189
3914,2022-09-29,39,2,602,403,437.8,40,3514
3915,2023-02-28,18,11,600,402,396.85,57,3283
3916,2023-06-04,18,2,603,403,421.49,48,3213
3917,2022-04-06,36,8,602,401,483.17,33,1189
3918,2025-06-25,58,13,605,401,349.8,37,1937
3919,2024-03-16,47,12,601,401,336.93,57,1720
3920,2025-05-11,77,7,600,401,438.8,95,7834
3921,2025-06-20,84,3,605,400,91.68,65,6626
3922,2023-01-02,65,13,603,403,483.23,26,5328
3923,2022-01-11,7,9,601,401,89.11,10,6014
3924,2025-01-24,64,10,603,403,125.43,35,112
3925,2022-08-20,87,12,602,401,396.99,89,14156
3926,2023-09-24,37,2,604,401,279.09,60,7441
3927,2023-03-09,31,5,603,401,312.74,6,3722
3928,2024-09-16,99,6,602,403,433.13,75,11791
3929,2024-04-02,9,10,603,400,458.43,30,8687
3930,2024-08-24,47,4,601,401,497.24,47,8668
3931,2023-03-08,81,1,601,400,85.65,72,9734
3932,2022-06-09,27,8,600,400,99.96,34,6916
3933,2022-02-03,44,13,601,400,368.21,10,3861
3934,2023-03-31,58,9,600,401,400.8,87,5756
3935,2023-02-05,99,11,604,400,172.53,65,6139
3936,2024-12-24,80,4,604,401,339.13,87,10956
3937,2024-01-06,24,15,601,403,353.86,68,14328
3938,2024-09-29,44,11,603,402,341.59,26,9086
3939,2024-07-27,56,5,604,402,328.93,54,7082
3940,2022-08-30,43,7,604,400,282.67,58,14869
3941,2025-02-08,62,5,601,401,220.65,73,5359
3942,2023-06-24,34,4,605,402,357.64,35,3506
3943,2024-08-09,85,6,603,400,321.91,66,11868
3944,2024-12-09,81,7,603,402,114.56,81,3861
3945,2025-02-08,2,9,605,403,458.47,49,674
3946,2023-12-15,35,12,605,400,380.6,67,6551
3947,2022-10-27,88,1,604,402,319.05,85,11991
3948,2023-03-08,6,10,604,400,64.96,19,6683
3949,2025-06-21,18,15,604,401,97.03,16,12981
3950,2022-03-28,27,5,605,402,294.31,58,6328
3951,2022-09-12,27,2,605,403,179.03,40,2504
3952,2024-07-02,78,6,605,401,487.26,30,9605
3953,2022-11-06,44,11,602,400,76.4,9,3093
3954,2024-12-23,57,14,605,402,237.68,25,9981
3955,2022-05-18,25,15,604,403,369.04,23,846
3956,2024-07-04,93,12,602,401,316.35,14,5934
3957,2025-01-31,19,12,605,403,253.47,97,3238
3958,2022-05-07,92,1,605,403,365.12,88,11522
3959,2023-08-05,64,8,601,400,65.08,5,13059
3960,2022-12-14,27,12,602,403,63.12,70,1408
3961,2023-09-24,57,11,602,400,106.24,87,7997
3962,2023-03-15,63,6,601,400,131.91,25,11662
3963,2023-07-10,90,1,605,401,409.96,86,6590
3964,2023-11-30,17,7,604,401,159.02,36,4349
3965,2024-01-21,68,2,601,401,243.83,43,13710
3966,2024-12-23,89,13,600,401,179.45,15,3639
3967,2023-07-03,10,15,600,400,151.47,38,12433
3968,2023-12-13,46,12,602,402,221.05,98,14012
3969,2022-11-29,12,7,605,400,308.22,11,1234
3970,2022-08-22,12,11,602,403,217.46,90,7961
3971,2023-08-23,67,3,600,400,382.54,96,2552
3972,2023-01-07,95,2,600,401,184.55,55,12902
3973,2022-08-10,59,5,603,403,363.03,55,4694
3974,2024-05-24,64,10,604,401,344.04,20,7819
3975,2023-12-07,39,12,603,403,447.99,25,11745
3976,2022-08-22,16,10,602,402,408.07,53,2269
3977,2025-06-25,44,11,600,402,377.99,62,10066
3978,2025-05-18,47,8,603,400,365.5,80,6876
3979,2025-03-23,62,5,600,401,331.36,59,1411
3980,2023-08-30,18,5,604,401,239.29,42,11345
3981,2022-08-01,95,4,604,403,76.94,86,10220
3982,2023-10-24,69,5,602,403,351.54,73,525
3983,2023-02-09,80,3,601,403,393.37,78,1566
3984,2022-08-27,69,7,604,402,427.17,68,14800
3985,2024-08-16,1,3,605,401,365.94,85,13571
3986,2023-10-28,47,12,600,400,57.4,48,13870
3987,2024-04-28,1,11,603,400,56.18,31,2542
3988,2024-02-05,21,13,602,400,53.18,66,14702
3989,2023-01-23,48,8,602,401,281.58,9,3633
3990,2025-01-09,29,1,601,400,348.05,52,2260
3991,2023-11-27,6,6,601,400,475.85,11,6920
3992,2023-10-02,62,9,600,403,222.78,8,13203
3993,2022-05-13,67,8,604,401,448.29,45,8672
3994,2023-04-27,16,1,603,401,121.93,88,3759
3995,2022-02-13,67,8,603,401,470.2,73,1526
3996,2024-11-04,51,8,605,401,283.41,29,14446
3997,2024-11-02,59,1,601,401,234.36,63,7123
3998,2023-06-14,64,4,601,403,292.53,48,2152
3999,2024-07-27,97,13,601,403,139.65,42,10863
4000,2025-02-17,63,12,601,401,460.37,11,7813
4001,2023-09-13,59,6,605,401,424.2,72,7108
4002,2024-03-03,75,8,603,401,363.92,49,1185
4003,2022-12-17,92,1,600,403,125.21,95,11049
4004,2024-06-09,46,10,604,401,145.84,94,5517
4005,2023-09-26,100,8,604,402,499.76,51,4709
4006,2025-02-23,81,14,602,403,423.01,36,4173
4007,2023-05-05,72,4,604,402,93.57,49,2897
4008,2022-08-25,86,6,603,401,67.44,76,6244
4009,2024-09-24,55,8,602,401,130.99,34,3401
4010,2023-08-04,35,5,605,400,288.34,66,1556
4011,2022-01-26,86,9,602,402,164.68,36,14866
4012,2022-03-28,1,15,604,403,147.41,63,12307
4013,2023-11-19,41,4,604,400,302.02,5,11508
4014,2022-01-23,75,2,605,403,430.9,46,13511
4015,2023-09-05,90,12,604,403,385.24,66,967
4016,2024-08-01,29,15,605,400,92.98,29,7233
4017,2022-07-28,23,1,604,401,425.37,68,13000
4018,2022-01-26,32,12,605,403,117.15,73,10495
4019,2024-10-17,50,3,604,403,250.43,20,12731
4020,2024-07-16,43,9,602,401,324.86,94,7657
4021,2022-04-17,32,9,603,401,390.54,87,809
4022,2024-10-24,69,3,604,401,82.75,65,5754
4023,2022-08-03,29,2,601,402,388.12,42,10058
4024,2022-10-11,89,15,602,401,478.72,18,9963
4025,2023-12-30,39,10,602,402,197.08,51,7089
4026,2022-10-05,58,4,605,400,434.17,50,4671
4027,2023-06-10,52,1,602,400,427.2,61,5797
4028,2024-05-01,21,15,600,403,340.54,57,14123
4029,2025-04-05,98,10,603,402,229.48,12,12465
4030,2023-08-02,44,10,605,400,472.16,58,4952
4031,2023-11-17,40,5,600,402,349.3,27,2621
4032,2024-05-20,30,1,604,403,242.24,72,9913
4033,2023-03-26,30,5,601,400,406.53,14,7666
4034,2024-03-14,89,12,604,400,397.01,49,3688
4035,2023-05-22,33,10,605,400,471.29,81,14688
4036,2023-09-05,30,7,602,400,310.7,42,1026
4037,2023-05-15,81,15,605,401,157.25,48,1127
4038,2023-10-04,10,2,600,403,417.88,5,9677
4039,2023-05-03,8,6,604,403,416.11,77,14664
4040,2023-09-08,84,12,603,400,180.89,30,7250
4041,2023-08-22,97,10,605,401,196.33,68,3651
4042,2023-04-16,73,11,600,400,148.29,87,1700
4043,2022-04-17,12,2,602,403,279.8,89,8394
4044,2024-02-07,53,9,603,403,407.48,8,708
4045,2023-03-12,38,4,600,403,97.9,15,8281
4046,2024-07-14,58,6,602,403,358.93,38,1988
4047,2022-03-19,61,7,602,401,106.5,61,14699
4048,2023-08-05,50,8,605,403,74.05,5,8099
4049,2023-04-14,58,8,602,400,123.68,52,5863
4050,2024-04-02,16,15,604,401,166.86,72,5174
4051,2022-08-19,50,10,604,401,267.8,100,9609
4052,2023-09-07,1,5,602,400,99.47,14,3546
4053,2023-11-24,28,15,604,401,427.96,21,12096
4054,2023-05-22,76,2,603,402,450.6,23,4505
4055,2023-03-04,78,5,605,402,106.6,6,5898
4056,2024-10-22,31,14,604,402,124.64,22,13631
4057,2023-07-03,90,14,603,401,53.3,77,13581
4058,2023-07-06,28,9,604,403,143.49,52,7926
4059,2023-11-12,17,10,605,401,299.64,74,2635
4060,2023-07-13,16,8,603,401,185.92,62,7521
4061,2023-12-17,60,9,604,401,365.26,28,3564
4062,2022-07-11,38,11,600,402,412.12,94,2107
4063,2023-06-29,47,11,602,403,106.68,21,10145
4064,2022-02-24,70,15,601,402,83.64,80,13087
4065,2024-02-27,64,6,603,403,447.16,68,7027
4066,2022-07-06,77,12,604,403,136.19,95,10838
4067,2023-06-02,4,11,604,402,377.3,95,7931
4068,2024-12-11,48,4,605,403,284.92,75,1916
4069,2025-02-12,61,9,601,400,486.08,64,12590
4070,2023-01-27,87,11,601,401,426.73,32,2831
4071,2022-02-14,81,2,600,403,61.85,89,13555
4072,2025-01-17,37,4,600,400,439.05,29,14383
4073,2024-07-20,76,10,601,403,204.03,96,11706
4074,2022-10-30,31,3,600,400,356.97,49,4023
4075,2022-04-05,87,14,601,403,349.08,54,12456
4076,2025-02-27,61,9,604,400,226.81,34,10696
4077,2023-12-23,20,14,603,401,329.4,97,3269
4078,2025-04-19,85,4,604,400,449.71,50,13991
4079,2022-03-28,41,13,602,403,395.46,70,6035
4080,2024-05-29,68,10,604,401,223.93,72,13474
4081,2024-11-20,98,6,604,403,330.96,59,13923
4082,2025-01-25,22,10,603,401,442.67,50,5700
4083,2022-05-27,17,3,604,402,178.58,34,6395
4084,2023-10-02,17,6,600,402,163.35,30,3790
4085,2025-03-11,82,3,601,401,133.82,85,12212
4086,2022-08-16,75,5,602,403,342.62,84,5440
4087,2024-07-28,8,3,601,403,328.54,43,6496
4088,2022-07-05,99,14,603,401,70.01,13,6156
4089,2022-12-05,35,8,603,400,298.63,65,3066
4090,2024-02-27,80,7,604,401,478.72,69,6512
4091,2023-09-09,83,9,604,400,338.93,66,6205
4092,2024-10-18,27,3,600,400,477.32,39,14897
4093,2023-12-15,52,9,601,402,153.65,15,8576
4094,2023-12-17,83,12,600,402,170.69,69,5219
4095,2025-04-05,5,3,601,402,51.42,70,13754
4096,2024-10-29,43,8,600,402,316.55,89,7279
4097,2023-07-10,10,4,605,403,87.91,15,6411
4098,2023-02-05,51,3,602,402,184.31,80,9554
4099,2024-11-04,11,2,605,402,413.39,36,6217
4100,2022-01-14,57,3,601,400,413.15,97,8901
4101,2023-01-21,39,3,604,403,412.99,73,7962
4102,2024-05-04,24,12,605,401,60.91,45,6080
4103,2025-06-28,54,14,602,400,52.96,89,8573
4104,2025-04-29,10,1,604,403,209.0,13,706
4105,2025-03-09,4,1,602,401,431.19,77,2986
4106,2023-11-18,36,12,604,403,129.78,6,12801
4107,2023-01-28,7,13,603,403,115.52,44,1779
4108,2025-02-06,75,14,600,402,476.61,78,11757
4109,2024-08-22,46,12,603,400,223.58,75,11309
4110,2024-04-21,38,10,605,402,256.35,41,10772
4111,2023-09-09,50,5,603,403,156.24,63,12621
4112,2023-09-10,78,5,605,401,445.63,7,7961
4113,2024-03-22,84,7,605,401,258.21,32,912
4114,2024-08-08,84,9,602,402,430.38,84,11907
4115,2022-01-04,17,8,603,403,405.61,56,5677
4116,2022-04-20,31,14,602,403,205.27,23,11544
4117,2025-06-12,27,4,605,402,341.61,89,127
4118,2022-01-19,23,15,605,402,342.41,41,14370
4119,2022-05-29,45,4,600,402,405.49,15,13743
4120,2024-03-03,30,4,605,401,466.16,24,8438
4121,2023-04-17,17,11,605,403,92.47,21,477
4122,2025-06-07,9,3,602,401,405.78,98,11860
4123,2023-03-03,27,6,604,401,88.56,31,13051
4124,2024-12-01,19,14,603,400,335.05,72,8087
4125,2022-10-10,82,11,602,400,400.23,32,14382
4126,2024-08-25,10,7,605,400,480.12,52,9096
4127,2023-10-12,13,13,603,402,254.71,30,6519
4128,2024-10-18,47,10,602,402,214.84,89,842
4129,2024-02-23,60,3,602,402,89.37,28,3075
4130,2024-11-26,1,5,605,401,207.44,84,1382
4131,2022-06-10,92,3,601,400,189.95,51,10789
4132,2023-12-15,1,6,605,401,325.43,54,8537
4133,2024-10-03,100,7,604,403,158.5,97,13697
4134,2023-06-03,51,8,603,403,229.72,81,11843
4135,2022-12-05,97,8,602,402,401.74,44,1539
4136,2025-05-12,18,11,604,403,436.32,34,12380
4137,2023-05-04,74,6,601,403,261.53,49,9772
4138,2023-01-13,50,8,602,400,457.4,13,8109
4139,2022-01-24,73,4,601,401,344.38,22,13023
4140,2023-05-28,40,6,602,402,493.87,25,1993
4141,2023-02-18,14,4,603,401,435.08,74,12687
4142,2023-08-30,63,10,604,403,114.81,73,7415
4143,2023-04-25,92,14,601,400,111.89,26,1101
4144,2023-06-07,46,1,602,402,441.89,70,8772
4145,2023-06-23,62,13,604,401,256.59,75,4478
4146,2024-09-04,28,6,601,400,117.98,40,6465
4147,2023-04-23,19,6,605,400,485.49,59,516
4148,2024-10-14,23,14,603,401,445.34,62,7146
4149,2024-04-04,3,15,601,400,368.55,17,9908
4150,2022-07-03,42,6,605,401,113.29,72,7692
4151,2024-02-14,55,14,604,402,277.88,80,8796
4152,2022-12-21,57,10,600,402,451.67,44,4338
4153,2024-12-30,91,9,602,401,439.25,67,12576
4154,2023-06-11,96,13,600,402,142.84,57,1458
4155,2025-01-03,28,4,604,401,315.23,45,3694
4156,2024-07-13,10,6,600,403,441.73,86,11924
4157,2024-12-22,54,11,604,401,57.24,38,1077
4158,2022-12-15,28,3,600,400,101.91,31,8873
4159,2023-06-24,94,5,602,401,202.08,28,11048
4160,2025-05-07,32,2,602,402,209.83,27,2415
4161,2022-05-17,68,1,605,401,189.67,59,1006
4162,2022-06-08,13,14,603,400,370.8,64,4603
4163,2025-04-25,50,5,601,403,212.36,64,7458
4164,2022-01-14,97,9,604,401,209.1,11,8758
4165,2022-04-13,26,7,601,403,478.44,17,859
4166,2024-12-29,34,6,605,403,157.87,62,9110
4167,2023-08-12,72,15,602,402,468.12,40,10826
4168,2024-05-10,97,15,601,403,419.15,96,764
4169,2023-05-21,17,14,604,401,55.1,68,7054
4170,2022-11-19,3,2,601,400,371.07,61,2422
4171,2024-12-17,85,4,604,402,482.83,67,7144
4172,2024-01-11,13,10,602,402,220.29,30,9726
4173,2022-07-23,81,10,600,403,448.45,42,8113
4174,2024-09-09,17,15,602,401,495.89,78,328
4175,2024-11-25,56,11,602,402,344.62,28,13583
4176,2024-11-05,89,9,603,403,419.46,67,3697
4177,2023-03-28,18,1,601,402,82.64,54,3484
4178,2024-01-17,29,12,605,402,186.19,87,3588
4179,2024-01-15,45,1,605,403,429.33,64,7946
4180,2023-01-09,69,2,604,403,367.76,9,13841
4181,2024-06-12,17,2,601,401,278.65,71,14220
4182,2024-04-01,21,6,602,402,109.56,72,1749
4183,2024-10-05,78,2,602,401,174.12,47,12832
4184,2022-01-13,70,2,602,400,495.3,100,13024
4185,2025-04-26,53,6,602,401,132.26,46,731
4186,2022-12-03,88,10,603,401,471.72,96,3555
4187,2023-05-27,57,8,601,402,191.1,11,5630
4188,2024-03-09,8,10,600,400,299.6,86,7613
4189,2024-07-11,50,12,603,402,87.35,52,9814
4190,2024-06-26,83,7,603,400,191.23,71,3049
4191,2025-04-20,64,11,602,402,317.65,45,6836
4192,2025-04-05,82,4,600,401,218.54,89,10338
4193,2024-12-26,36,11,605,400,185.69,24,1799
4194,2023-09-21,71,1,600,402,287.55,36,7801
4195,2022-02-08,82,15,604,403,193.83,87,8154
4196,2022-11-24,53,3,602,403,342.98,32,13597
4197,2022-03-20,43,6,603,402,107.57,81,4630
4198,2023-06-01,55,5,603,402,228.19,14,4437
4199,2022-10-31,71,9,601,402,165.15,65,12216
4200,2023-09-15,55,2,603,403,463.17,20,9460
4201,2024-10-13,23,7,603,401,436.47,54,5262
4202,2025-01-12,81,9,605,400,319.92,91,7257
4203,2024-08-01,83,9,602,400,184.2,71,8522
4204,2022-05-03,56,2,600,400,496.23,83,4723
4205,2024-03-24,40,11,601,401,180.52,59,5523
4206,2023-06-13,85,2,602,402,420.82,42,11823
4207,2024-01-07,40,5,605,400,262.48,55,10700
4208,2024-03-08,66,14,605,400,330.04,93,3987
4209,2022-08-01,41,2,603,401,407.62,18,9199
4210,2025-03-09,13,1,601,402,318.04,78,5119
4211,2024-07-25,58,2,602,401,255.31,18,4315
4212,2022-02-04,22,5,604,401,330.69,48,4196
4213,2024-02-23,92,7,600,400,61.31,66,8614
4214,2022-04-02,38,4,600,402,317.72,63,5579
4215,2022-10-22,99,15,601,402,210.93,22,10466
4216,2024-10-29,58,1,603,401,60.97,26,1841
4217,2025-06-29,13,10,600,400,300.12,57,9165
4218,2024-02-22,67,3,603,400,101.13,89,7360
4219,2023-02-28,82,11,603,400,78.15,40,3068
4220,2025-05-31,50,2,601,402,406.46,94,14722
4221,2023-11-13,92,12,601,400,382.11,18,11229
4222,2023-04-01,18,9,603,401,128.06,26,7113
4223,2025-04-15,78,7,603,401,50.03,40,9562
4224,2024-04-07,54,6,600,402,255.57,30,3065
4225,2022-05-28,47,9,605,403,150.98,63,8059
4226,2023-04-16,53,3,603,401,240.95,72,6636
4227,2022-07-18,36,5,605,402,251.1,48,1882
4228,2022-02-01,19,7,603,402,154.92,28,3729
4229,2023-11-15,1,15,604,403,105.14,28,6185
4230,2022-12-23,89,12,605,400,373.58,67,3711
4231,2024-08-31,71,12,601,403,132.41,28,3185
4232,2024-08-03,9,8,602,400,307.19,20,10690
4233,2023-10-12,61,12,605,402,91.23,67,9487
4234,2023-09-09,90,1,601,403,103.63,75,14491
4235,2023-07-26,94,2,601,400,271.33,62,11902
4236,2024-04-16,15,5,602,401,327.05,57,10091
4237,2025-04-30,47,5,600,401,59.62,98,4208
4238,2024-01-18,5,5,603,400,129.03,55,14763
4239,2023-02-26,80,11,605,402,171.67,59,2714
4240,2023-06-08,5,13,603,402,147.17,45,2808
4241,2023-04-12,49,13,602,401,208.38,7,14949
4242,2022-09-13,47,3,602,401,322.02,35,4034
4243,2023-04-03,11,10,600,400,209.32,73,2341
4244,2025-01-17,42,3,603,400,117.6,48,674
4245,2022-03-07,20,9,600,400,97.11,55,1893
4246,2024-02-08,22,13,603,403,468.29,60,1603
4247,2022-10-18,7,8,602,401,260.62,98,219
4248,2024-06-05,50,11,604,402,269.1,46,3735
4249,2023-08-08,17,1,605,403,337.98,26,5978
4250,2022-09-27,85,11,604,401,313.0,33,10919
4251,2023-08-19,20,12,604,401,122.69,25,10193
4252,2025-05-11,77,2,604,401,305.37,11,7662
4253,2022-02-13,50,10,603,403,367.98,45,1036
4254,2023-01-24,28,8,600,402,277.63,25,11930
4255,2022-10-10,89,12,601,400,292.19,48,14544
4256,2025-04-25,5,12,603,400,149.75,43,10275
4257,2024-06-30,57,11,600,400,360.29,73,6489
4258,2024-01-04,58,15,600,403,420.79,31,843
4259,2022-02-24,34,12,601,403,256.17,59,13684
4260,2024-08-02,29,4,601,400,249.97,48,14095
4261,2023-01-03,32,1,603,401,68.45,15,7732
4262,2023-04-07,36,15,601,400,192.56,68,3433
4263,2025-04-19,70,5,605,400,451.26,50,5292
4264,2023-02-04,11,7,601,402,268.04,46,11572
4265,2024-01-27,39,5,605,400,215.0,49,10315
4266,2023-03-23,59,15,603,400,337.37,99,2310
4267,2023-02-12,35,11,602,402,331.94,93,2318
4268,2022-02-21,97,1,600,400,210.28,18,14121
4269,2023-12-08,13,14,602,401,394.96,59,3625
4270,2024-03-01,37,4,600,402,466.86,61,4950
4271,2022-12-08,3,2,604,402,78.22,56,13779
4272,2022-06-28,37,5,605,400,350.95,52,11665
4273,2022-03-28,16,15,602,401,68.28,99,6585
4274,2024-08-26,95,11,605,402,232.45,77,12517
4275,2025-01-29,54,11,603,403,167.65,21,12480
4276,2022-04-22,45,15,603,402,391.46,45,531
4277,2022-05-18,17,10,603,402,314.61,14,2511
4278,2023-05-03,20,14,601,400,494.01,89,9978
4279,2025-05-15,1,6,602,402,125.54,100,3507
4280,2023-08-28,28,8,604,403,157.73,93,7485
4281,2023-11-02,77,2,600,403,124.47,49,14097
4282,2024-11-04,94,1,601,401,105.29,55,12008
4283,2022-01-17,59,9,601,403,273.55,56,2024
4284,2024-11-16,38,9,605,401,187.09,7,13223
4285,2022-02-13,60,10,604,401,146.87,75,11579
4286,2022-12-11,54,12,604,402,278.9,78,8991
4287,2022-10-11,46,3,603,400,133.97,6,320
4288,2023-03-16,9,2,604,401,466.06,85,3263
4289,2025-02-26,84,14,603,403,364.33,50,5310
4290,2022-12-15,45,15,602,400,195.68,59,5270
4291,2022-01-26,10,1,605,403,76.14,58,5350
4292,2025-02-16,73,8,603,402,156.75,39,11990
4293,2024-04-28,4,7,600,403,105.7,72,1819
4294,2025-05-19,99,3,602,403,84.29,73,5784
4295,2023-03-06,95,6,604,403,191.96,23,1950
4296,2024-10-13,10,6,601,402,116.64,59,3739
4297,2024-01-20,43,3,602,401,394.76,28,10831
4298,2024-05-19,38,14,605,403,389.0,54,12016
4299,2024-08-11,93,9,600,400,236.81,61,3379
4300,2024-01-28,53,2,604,402,400.72,32,1762
4301,2024-12-31,79,10,603,400,141.98,56,4937
4302,2023-05-15,89,3,603,401,490.4,90,996
4303,2024-03-11,54,13,605,403,90.71,51,194
4304,2023-10-28,74,3,604,400,92.12,78,10045
4305,2024-10-23,43,14,603,403,300.56,47,9161
4306,2025-03-30,42,8,601,402,206.37,95,1727
4307,2023-06-21,76,6,605,403,71.16,55,6967
4308,2024-02-02,52,5,603,400,446.77,13,11288
4309,2024-07-18,56,14,603,400,161.49,96,2878
4310,2022-03-17,47,5,603,402,147.16,49,10822
4311,2024-01-26,8,12,600,402,353.29,63,8730
4312,2024-10-18,96,3,600,402,481.35,98,236
4313,2025-05-02,32,8,604,400,323.37,96,14553
4314,2022-08-09,47,4,603,400,191.4,33,3284
4315,2023-04-14,43,6,603,402,490.22,19,3532
4316,2023-12-20,46,5,604,403,58.06,85,12374
4317,2023-06-12,42,15,602,403,380.31,26,6734
4318,2023-03-17,52,8,600,400,427.29,69,13140
4319,2024-12-10,21,11,602,403,287.89,93,8865
4320,2023-03-09,64,9,603,402,80.33,44,10857
4321,2022-04-30,45,11,600,401,89.57,88,4149
4322,2023-07-01,88,9,601,400,106.17,82,2476
4323,2023-11-14,90,9,602,402,147.43,74,5851
4324,2024-11-04,32,4,604,400,247.31,29,1540
4325,2025-06-12,13,9,605,400,141.43,10,9409
4326,2023-04-16,43,1,600,403,72.07,65,6080
4327,2023-10-21,26,6,601,403,94.92,61,8027
4328,2023-11-26,25,13,602,402,449.53,78,11792
4329,2023-11-25,77,11,603,400,350.43,47,1375
4330,2023-02-10,17,8,605,400,443.14,52,8395
4331,2022-09-12,76,14,603,400,309.4,97,12517
4332,2025-04-09,27,6,601,401,320.21,41,9818
4333,2024-12-17,7,2,601,403,277.89,99,5826
4334,2024-09-07,27,5,603,403,281.38,78,8389
4335,2022-11-13,74,6,600,403,257.77,9,12779
4336,2025-02-15,4,5,600,400,433.34,69,14754
4337,2025-04-05,59,9,602,400,336.13,82,5224
4338,2023-01-09,16,5,600,403,161.42,71,5077
4339,2023-10-17,71,8,602,403,400.92,24,12299
4340,2024-10-16,31,13,605,402,103.9,84,13621
4341,2022-07-28,53,14,604,402,219.86,27,7041
4342,2022-11-27,26,13,602,401,126.54,43,14807
4343,2023-01-28,14,14,602,401,234.07,74,4980
4344,2023-11-25,26,2,605,400,166.72,8,11580
4345,2024-09-04,72,11,602,402,257.24,10,14190
4346,2025-01-27,22,7,600,403,167.25,29,6098
4347,2023-10-06,89,15,603,401,406.43,31,4194
4348,2023-11-29,9,1,603,402,87.66,24,3530
4349,2024-03-06,64,1,601,403,494.97,63,5483
4350,2023-10-26,57,14,602,400,256.6,82,11173
4351,2024-11-07,33,13,601,401,272.89,7,7150
4352,2023-08-25,79,13,602,402,274.79,35,10312
4353,2023-10-20,94,12,604,400,443.22,76,5378
4354,2025-03-21,9,4,600,401,66.68,20,12107
4355,2022-11-15,10,15,604,403,277.51,70,2602
4356,2023-06-01,32,13,602,400,211.79,85,9253
4357,2024-04-08,71,6,604,401,214.56,35,9586
4358,2025-02-25,72,13,602,403,221.03,91,9977
4359,2024-08-12,47,1,604,402,419.89,22,13420
4360,2023-08-07,3,7,604,401,462.47,99,749
4361,2022-02-03,29,1,603,401,183.96,93,11984
4362,2023-12-28,63,10,605,400,69.13,81,11715
4363,2022-02-16,65,3,605,400,121.3,48,13919
4364,2024-12-07,89,1,604,400,284.24,32,14956
4365,2022-05-29,25,11,603,402,203.8,14,9571
4366,2024-05-27,17,9,600,402,440.11,9,9565
4367,2023-12-05,33,7,604,403,213.67,8,1580
4368,2024-05-10,65,14,601,400,362.31,73,10745
4369,2025-06-29,78,10,603,401,299.73,88,8127
4370,2024-11-09,52,3,604,403,322.63,74,8338
4371,2024-02-09,99,3,603,403,285.47,72,1088
4372,2023-09-27,71,11,605,402,157.53,91,9904
4373,2023-02-27,12,2,603,402,130.98,42,7520
4374,2022-01-30,44,13,603,401,58.74,67,2609
4375,2022-05-02,55,7,602,400,450.81,19,11201
4376,2024-08-25,72,5,600,403,473.86,14,9306
4377,2022-04-26,75,10,603,401,179.6,33,1320
4378,2022-10-12,25,10,601,403,476.38,7,12218
4379,2023-10-24,70,15,601,402,213.97,8,11086
4380,2025-01-06,64,10,603,403,306.73,72,9421
4381,2023-07-15,2,3,601,400,292.38,8,10289
4382,2022-08-01,75,2,603,400,52.33,22,4103
4383,2022-11-09,99,9,602,403,445.04,65,5138
4384,2024-04-22,29,3,600,402,455.24,92,493
4385,2022-11-13,16,1,600,400,406.41,53,4368
4386,2022-04-09,95,4,601,401,310.64,60,12386
4387,2023-07-05,27,9,601,402,472.17,78,10711
4388,2023-06-28,4,7,604,401,311.39,67,13004
4389,2022-02-16,77,2,603,403,410.16,29,10925
4390,2023-10-26,90,15,603,400,247.12,78,10966
4391,2023-05-02,42,12,601,400,298.84,79,11646
4392,2022-10-29,87,1,602,400,290.8,34,14155
4393,2024-05-12,62,6,604,400,332.36,94,5157
4394,2022-01-10,49,15,601,400,207.0,73,11800
4395,2023-11-29,15,11,605,403,89.78,66,14153
4396,2024-04-04,11,8,602,402,475.39,17,1555
4397,2022-11-30,36,1,601,403,65.63,36,7572
4398,2024-04-17,65,3,602,403,473.56,88,3577
4399,2024-05-04,35,6,604,403,118.8,21,11296
4400,2024-04-28,52,7,601,403,142.05,68,9586
4401,2023-03-23,42,15,605,400,180.19,72,7363
4402,2023-04-02,34,9,601,402,264.09,45,11212
4403,2024-09-08,39,10,602,400,76.88,11,4083
4404,2024-11-10,36,4,605,401,354.66,86,13964
4405,2023-12-08,44,2,605,403,478.28,15,10868
4406,2023-09-22,72,8,605,401,328.58,83,987
4407,2024-09-13,58,1,603,403,291.25,44,3043
4408,2024-05-28,15,10,601,401,387.06,44,8548
4409,2024-08-11,75,6,604,400,340.69,57,9627
4410,2023-02-04,68,11,603,401,74.22,45,5824
4411,2023-01-02,78,2,600,401,117.02,53,12076
4412,2022-07-02,40,2,600,400,286.88,94,6927
4413,2022-08-01,43,12,604,403,160.37,74,7521
4414,2024-08-13,39,15,605,402,52.26,30,11402
4415,2024-01-22,98,14,601,402,76.53,60,9513
4416,2022-06-29,26,13,600,401,96.96,82,3647
4417,2022-09-02,80,12,602,402,414.35,72,11925
4418,2023-12-06,4,2,600,400,451.03,39,2566
4419,2024-05-31,51,6,601,403,136.92,48,5012
4420,2022-03-18,21,2,601,400,144.39,26,5836
4421,2024-08-10,1,11,602,401,251.3,6,11841
4422,2023-06-02,10,3,603,402,467.94,17,6951
4423,2022-10-28,71,6,600,402,50.23,77,10409
4424,2022-11-02,5,4,602,403,245.97,35,7512
4425,2022-08-07,20,5,605,403,381.93,42,4812
4426,2025-01-14,13,10,600,402,147.93,77,7182
4427,2023-12-12,24,8,602,403,178.42,26,12804
4428,2024-03-21,1,14,605,400,454.0,86,14610
4429,2024-09-28,26,11,603,402,61.95,81,2185
4430,2024-01-11,3,11,603,401,90.41,63,3689
4431,2024-02-10,54,7,605,402,472.02,30,412
4432,2022-05-11,2,6,601,400,479.6,76,9352
4433,2022-09-04,43,13,605,403,219.6,19,5467
4434,2023-12-15,30,8,601,400,469.85,7,966
4435,2022-08-06,59,9,605,403,156.43,61,1337
4436,2025-06-08,8,3,601,402,320.21,17,7531
4437,2023-01-17,77,7,605,401,476.47,17,4936
4438,2024-04-06,51,6,602,403,238.64,63,4746
4439,2023-02-05,55,8,605,401,228.71,69,6622
4440,2023-12-14,23,9,601,401,321.23,90,7029
4441,2022-03-23,76,2,602,400,50.1,60,10732
4442,2024-05-07,90,6,600,400,88.33,21,12878
4443,2025-04-30,98,11,602,400,210.57,56,5188
4444,2023-09-22,94,1,601,400,312.03,51,7248
4445,2022-01-02,17,8,603,403,396.3,6,4383
4446,2025-04-22,19,2,602,401,433.05,73,585
4447,2022-05-08,98,14,602,402,100.12,63,5756
4448,2023-12-15,38,2,605,400,376.89,35,1668
4449,2022-01-20,87,2,601,400,337.42,89,4810
4450,2024-02-09,99,5,602,401,284.46,22,14806
4451,2024-11-01,22,13,603,403,244.04,54,11118
4452,2023-06-03,84,9,600,400,189.75,39,3962
4453,2022-06-25,92,4,601,400,491.69,24,4337
4454,2022-03-03,58,14,601,402,485.11,25,5628
4455,2025-03-15,94,14,601,400,85.09,40,8605
4456,2022-02-26,47,9,604,401,341.72,28,14029
4457,2023-10-08,85,11,603,401,290.56,18,5763
4458,2024-02-26,55,12,600,401,64.44,70,11031
4459,2022-08-10,69,14,600,402,369.1,62,1106
4460,2024-03-31,7,2,600,401,334.74,54,13729
4461,2024-06-22,81,13,600,403,384.51,73,1587
4462,2025-02-10,41,12,603,402,324.25,9,14884
4463,2022-02-20,8,2,602,402,301.09,73,1731
4464,2024-07-25,99,1,601,402,468.44,49,2489
4465,2022-11-01,17,12,603,402,231.33,37,8051
4466,2025-02-23,68,3,604,401,389.05,76,14930
4467,2022-03-04,79,10,602,400,449.97,80,4724
4468,2024-06-09,20,15,601,400,185.44,53,4706
4469,2025-01-16,29,7,601,401,214.21,23,1991
4470,2022-07-07,41,10,603,402,133.55,30,7318
4471,2024-04-28,71,1,600,402,344.6,6,9154
4472,2024-05-17,1,10,602,402,364.15,96,7348
4473,2022-11-12,48,15,600,402,57.27,70,11789
4474,2022-04-25,14,15,603,400,88.92,74,2052
4475,2023-06-16,74,2,603,403,159.99,14,12009
4476,2023-03-08,23,7,603,400,297.25,11,12613
4477,2023-11-22,10,9,603,403,308.76,93,6444
4478,2024-10-29,65,1,603,402,275.69,59,915
4479,2022-04-30,14,8,605,401,190.1,25,14698
4480,2022-09-04,78,9,603,402,195.58,64,1932
4481,2025-03-03,85,5,601,401,491.29,53,4812
4482,2023-08-02,60,4,602,402,215.09,36,11727
4483,2023-07-26,84,4,603,401,441.82,20,8486
4484,2025-06-24,28,12,600,401,354.79,66,3653
4485,2023-08-13,69,2,601,402,399.99,6,5891
4486,2023-08-08,85,12,602,400,470.26,94,7342
4487,2022-05-07,10,13,603,401,466.25,79,357
4488,2024-08-10,86,6,603,403,397.19,69,10455
4489,2023-04-22,9,6,605,402,67.38,24,8423
4490,2022-01-06,33,15,601,402,301.6,52,5784
4491,2022-05-11,8,12,603,401,398.22,86,11974
4492,2022-10-31,8,7,602,402,113.34,78,9715
4493,2022-03-07,32,13,600,400,440.77,19,1184
4494,2022-09-23,25,12,601,401,199.45,87,3590
4495,2023-04-10,79,14,604,402,253.81,23,11247
4496,2022-03-24,49,5,603,402,147.76,53,13584
4497,2024-12-29,67,4,600,403,62.21,11,11298
4498,2024-02-16,40,2,605,403,317.04,70,11800
4499,2022-11-04,45,4,605,402,311.51,93,7385
4500,2024-05-02,32,12,602,402,254.01,81,3801
4501,2023-10-08,7,9,603,402,123.26,49,4755
4502,2022-05-25,55,5,603,401,159.22,26,8041
4503,2023-04-02,35,14,605,403,253.42,70,6082
4504,2023-08-02,30,3,605,403,53.99,33,2568
4505,2024-04-27,82,3,601,401,250.16,64,7715
4506,2023-06-12,32,8,601,400,158.13,23,14854
4507,2025-02-25,18,6,601,400,58.14,37,9023
4508,2023-12-12,50,8,601,402,333.25,36,6020
4509,2023-12-29,73,5,604,403,433.44,39,5855
4510,2023-11-29,29,11,605,402,472.34,72,7865
4511,2022-06-01,88,10,605,401,452.63,76,13584
4512,2022-08-01,84,8,602,402,205.0,77,7764
4513,2022-05-17,20,2,604,403,473.69,98,2627
4514,2022-01-01,28,7,602,403,321.2,84,11147
4515,2023-07-12,4,10,601,402,389.0,8,13325
4516,2024-09-11,89,13,601,402,373.21,98,13701
4517,2024-05-23,80,15,604,401,359.97,76,12298
4518,2023-09-04,99,11,602,401,147.26,100,5506
4519,2024-01-12,43,3,602,401,233.05,28,12344
4520,2022-10-02,34,8,601,400,374.9,29,13144
4521,2022-08-19,97,14,600,401,359.55,33,4655
4522,2024-10-12,41,13,605,400,474.1,49,8063
4523,2022-09-04,49,8,600,400,407.82,66,11351
4524,2022-02-15,100,11,604,403,385.28,46,14631
4525,2023-03-19,80,2,600,400,202.24,47,6734
4526,2023-08-23,88,10,600,400,98.47,16,13918
4527,2024-12-11,54,1,601,401,412.18,8,11625
4528,2024-03-07,69,14,604,402,293.0,29,9126
4529,2024-02-20,5,13,605,403,204.97,13,2523
4530,2023-04-29,38,5,604,400,241.63,84,5459
4531,2025-05-01,18,5,600,402,465.42,66,12060
4532,2024-01-22,12,1,601,401,294.36,70,7383
4533,2024-03-07,53,15,603,401,61.17,89,3632
4534,2024-09-02,77,12,604,402,405.68,88,12955
4535,2025-02-15,75,10,601,402,411.46,17,10634
4536,2024-12-21,51,13,604,402,306.46,86,6900
4537,2024-04-15,82,10,604,400,341.46,48,9935
4538,2022-10-27,24,12,605,401,202.83,98,3153
4539,2022-08-23,7,3,601,402,162.96,84,11944
4540,2022-04-20,68,11,605,401,256.15,35,8232
4541,2022-06-11,68,15,602,402,496.2,73,12866
4542,2022-12-29,77,15,600,401,491.25,54,11006
4543,2024-11-05,33,14,601,403,207.67,86,5982
4544,2022-05-24,12,4,601,401,214.08,31,6102
4545,2022-11-07,17,5,605,403,69.82,51,4503
4546,2023-06-14,51,3,604,401,332.37,77,6700
4547,2024-05-27,7,15,604,402,342.61,74,287
4548,2025-04-01,42,5,605,400,243.84,37,11849
4549,2024-08-12,83,5,604,401,220.08,51,10189
4550,2024-02-21,92,3,603,400,386.88,60,12717
4551,2024-07-31,60,8,600,400,360.12,89,6525
4552,2023-07-11,21,11,600,403,346.63,63,14426
4553,2024-04-15,7,3,601,400,250.77,62,5823
4554,2024-05-30,93,15,603,401,340.78,52,842
4555,2024-06-01,40,5,604,401,359.9,50,12213
4556,2025-06-06,79,10,603,401,421.6,94,4473
4557,2022-06-07,11,14,602,401,316.82,17,9498
4558,2025-02-04,1,11,605,400,276.56,41,5587
4559,2022-05-16,21,11,604,403,354.42,48,14623
4560,2023-11-06,38,13,600,403,146.56,89,1685
4561,2025-02-12,81,8,602,403,379.94,98,11445
4562,2024-02-25,37,15,602,403,356.14,7,10294
4563,2025-06-04,54,7,605,400,301.73,66,13391
4564,2023-09-25,9,12,601,402,391.32,55,12207
4565,2022-11-15,83,2,603,401,204.83,57,2228
4566,2024-03-31,99,13,602,401,491.78,7,10937
4567,2023-06-12,4,13,605,402,400.48,49,11133
4568,2022-02-11,52,15,604,401,232.25,50,13279
4569,2023-09-30,29,2,603,401,204.56,55,12091
4570,2023-01-07,36,11,600,400,291.95,39,2210
4571,2024-05-10,92,10,601,400,94.28,50,4481
4572,2024-12-25,48,3,602,401,432.77,43,11906
4573,2024-12-06,87,14,601,402,361.68,40,7252
4574,2025-04-02,4,2,603,402,353.41,39,7344
4575,2022-01-19,1,10,602,401,198.57,24,172
4576,2023-05-12,61,14,602,400,116.59,22,13459
4577,2025-05-28,94,14,602,401,387.61,34,10105
4578,2023-08-01,47,11,605,401,231.62,82,13624
4579,2022-01-13,12,5,604,403,425.99,63,2294
4580,2024-02-21,34,4,602,400,481.6,21,3357
4581,2024-07-31,38,14,601,403,183.18,6,9399
4582,2025-02-28,5,6,600,400,166.14,19,2125
4583,2024-01-16,76,11,602,403,124.5,23,10936
4584,2022-02-16,49,6,602,402,265.7,6,13572
4585,2022-05-16,13,2,601,401,493.16,39,1976
4586,2022-01-27,2,3,605,400,52.31,40,508
4587,2023-10-28,30,8,603,400,211.83,55,1370
4588,2024-12-25,74,1,601,400,475.52,33,5010
4589,2023-03-16,95,6,600,402,290.83,9,11354
4590,2024-06-24,64,5,601,402,468.29,83,5535
4591,2024-08-06,20,5,605,400,147.62,58,9564
4592,2024-09-24,88,15,603,401,153.01,77,9843
4593,2023-12-04,18,9,604,401,100.22,10,11554
4594,2024-09-01,81,1,604,401,71.23,57,4970
4595,2024-08-29,31,3,602,401,264.77,67,6915
4596,2023-09-27,44,15,605,400,327.99,23,4713
4597,2025-01-05,81,12,603,401,80.25,47,12854
4598,2024-10-11,30,11,601,401,160.61,30,14587
4599,2023-08-17,22,13,602,400,113.35,35,7034
4600,2023-01-08,80,11,604,402,446.41,43,9884
4601,2022-06-30,89,2,604,402,165.4,100,7507
4602,2022-09-15,21,14,600,401,302.89,100,5207
4603,2025-05-13,90,9,603,402,381.58,72,4866
4604,2023-11-16,87,15,604,402,368.97,91,5307
4605,2023-10-06,52,14,603,403,485.76,88,10129
4606,2023-12-06,93,11,602,401,461.17,16,1990
4607,2024-04-27,14,5,602,402,235.08,93,754
4608,2024-06-12,81,6,603,401,189.67,70,4458
4609,2024-03-25,76,13,602,400,112.41,63,4775
4610,2024-01-11,17,8,602,403,106.9,35,8463
4611,2023-06-20,60,8,603,403,95.66,17,5078
4612,2023-06-15,64,2,601,401,67.87,52,10669
4613,2022-09-23,64,11,600,401,127.07,77,1311
4614,2024-09-26,73,8,602,400,342.69,44,13835
4615,2024-10-20,44,10,605,401,418.13,100,8736
4616,2025-06-12,52,5,602,402,341.24,74,4651
4617,2024-08-12,77,9,601,403,126.53,42,10005
4618,2023-01-25,26,13,604,403,276.66,10,13238
4619,2024-05-27,25,7,600,403,116.38,92,5581
4620,2024-12-22,56,1,601,402,92.77,14,7196
4621,2022-12-01,72,9,604,402,66.11,19,7065
4622,2025-03-09,99,3,602,401,114.57,82,11014
4623,2022-04-15,12,15,602,400,63.53,12,5637
4624,2023-12-16,46,12,604,403,435.53,42,12623
4625,2025-01-18,42,11,602,402,155.21,29,2103
4626,2023-03-18,100,2,600,402,132.29,91,4223
4627,2022-06-26,72,12,602,402,70.26,57,14029
4628,2023-04-05,80,15,601,400,449.75,81,4882
4629,2023-09-10,81,2,603,402,85.28,84,7438
4630,2023-08-19,84,11,605,403,483.13,98,2795
4631,2022-10-30,35,7,604,403,281.11,83,14053
4632,2024-11-26,63,10,604,403,258.96,87,4435
4633,2022-05-30,84,1,602,400,355.81,63,2026
4634,2023-03-26,34,13,601,401,123.83,71,1953
4635,2023-08-07,79,10,602,403,468.09,31,14824
4636,2022-01-22,76,1,603,402,472.07,20,913
4637,2022-04-12,78,13,600,402,371.9,60,5020
4638,2022-11-25,14,15,603,403,276.03,91,10508
4639,2023-03-18,46,3,604,403,368.49,11,6214
4640,2022-06-03,1,6,602,400,189.15,59,1304
4641,2025-06-13,54,15,601,403,220.11,30,12536
4642,2024-11-08,34,2,605,402,143.73,10,9366
4643,2024-07-24,2,10,602,401,181.47,73,11986
4644,2022-08-23,45,8,603,401,209.55,44,11033
4645,2024-04-16,78,13,604,402,258.11,48,12795
4646,2022-06-29,46,1,605,402,166.02,38,4050
4647,2022-10-04,4,2,603,403,50.11,89,14585
4648,2022-12-15,52,13,600,401,302.19,53,6460
4649,2025-02-08,57,3,600,403,222.41,82,5639
4650,2023-05-24,46,6,601,401,171.99,45,11124
4651,2022-03-17,90,3,601,400,271.45,51,13852
4652,2023-05-10,19,15,604,402,63.98,91,6342
4653,2025-05-02,3,9,605,400,355.05,17,3669
4654,2025-06-10,89,6,600,402,55.28,24,2641
4655,2023-03-15,40,10,602,400,332.36,40,5913
4656,2024-04-19,50,1,600,402,186.17,31,9851
4657,2022-10-15,10,11,600,403,323.49,82,5180
4658,2022-03-27,46,4,604,401,232.37,14,6566
4659,2024-10-07,18,8,602,400,273.15,74,12794
4660,2023-12-21,96,7,600,401,401.47,45,11787
4661,2024-11-27,46,15,605,403,156.21,5,8486
4662,2022-07-13,21,14,603,403,371.97,19,4559
4663,2023-04-30,43,10,600,400,459.93,85,9007
4664,2023-11-04,24,15,602,402,485.63,16,7441
4665,2022-01-18,13,13,600,402,98.5,91,7803
4666,2024-07-10,3,1,601,403,176.38,45,11394
4667,2024-08-21,72,15,604,403,158.62,33,11103
4668,2023-03-21,28,9,603,400,201.96,9,12820
4669,2023-06-01,87,6,605,403,443.7,72,7013
4670,2023-10-09,60,6,601,402,453.14,68,10302
4671,2023-01-23,96,14,604,400,332.61,78,2561
4672,2024-01-29,78,13,605,403,352.78,28,11797
4673,2023-03-04,79,8,605,400,354.84,100,7096
4674,2022-10-13,37,14,600,400,359.23,47,9450
4675,2023-06-22,49,11,604,400,58.75,84,12198
4676,2023-01-07,76,7,600,401,468.47,89,9324
4677,2025-03-22,90,12,603,402,108.53,25,5581
4678,2025-02-16,89,11,603,402,59.73,76,8927
4679,2025-04-13,96,2,605,400,297.32,8,9623
4680,2023-04-27,19,13,600,400,337.93,62,7580
4681,2024-08-18,49,3,601,403,144.3,88,4034
4682,2023-07-27,14,6,603,401,418.06,37,1964
4683,2024-08-01,28,11,601,401,457.02,61,10614
4684,2024-07-24,16,11,601,403,224.85,82,8038
4685,2023-02-02,45,3,605,400,347.5,33,8554
4686,2023-08-05,55,10,605,403,193.25,34,1959
4687,2023-08-05,60,5,600,402,455.05,34,1497
4688,2022-02-09,86,7,605,400,371.11,38,1386
4689,2022-04-30,81,7,604,402,476.88,8,7144
4690,2022-07-27,11,10,605,400,230.44,33,7085
4691,2022-01-18,48,7,601,400,130.82,45,9436
4692,2024-05-21,48,3,603,403,101.03,42,1478
4693,2023-10-24,73,8,600,400,278.86,98,2649
4694,2023-07-06,83,6,605,402,126.64,62,8028
4695,2023-09-28,19,4,601,401,287.31,92,6184
4696,2023-05-31,99,11,601,401,477.61,51,4946
4697,2023-11-21,57,15,602,403,406.4,17,11360
4698,2022-11-15,64,13,600,400,394.51,8,2901
4699,2022-11-23,47,12,601,400,300.46,22,8523
4700,2025-05-25,64,9,604,403,458.01,67,13004
4701,2023-01-29,76,11,601,403,160.53,20,14076
4702,2022-06-11,13,11,600,402,82.55,84,7152
4703,2022-03-29,31,14,603,403,155.81,85,8495
4704,2025-05-04,85,6,604,402,351.16,58,1383
4705,2022-10-05,97,11,605,403,113.32,10,14997
4706,2024-07-07,65,6,602,400,176.57,42,9997
4707,2023-04-06,99,12,604,402,356.51,34,8730
4708,2023-06-17,100,14,603,401,444.05,9,6181
4709,2024-06-25,46,1,604,403,259.36,38,7634
4710,2023-02-04,6,11,603,401,266.0,44,7736
4711,2023-11-26,48,10,600,401,187.71,54,6091
4712,2023-08-13,4,15,602,401,114.91,38,2455
4713,2022-10-10,35,6,600,402,355.76,82,4222
4714,2024-08-01,20,3,601,401,480.97,29,10621
4715,2025-02-11,37,6,604,402,138.39,45,3035
4716,2023-09-21,33,8,603,403,241.59,10,11126
4717,2022-12-19,24,2,601,402,259.73,34,12850
4718,2023-08-17,16,2,602,400,330.94,36,9121
4719,2024-04-23,33,5,604,402,323.64,47,5895
4720,2023-08-02,37,5,603,403,305.67,67,7088
4721,2022-03-27,31,10,600,402,322.29,37,1685
4722,2023-06-20,53,7,600,400,369.94,98,14727
4723,2023-12-06,74,2,604,401,201.36,97,3210
4724,2024-08-19,31,5,602,402,85.67,78,13094
4725,2024-08-23,11,8,604,403,380.97,84,6409
4726,2022-03-16,58,3,604,400,312.06,16,8591
4727,2023-08-12,97,13,600,400,145.29,91,3502
4728,2023-10-21,36,14,603,401,388.4,38,9572
4729,2024-10-16,95,15,603,400,118.96,40,12345
4730,2025-01-25,88,2,604,401,375.12,31,1247
4731,2022-04-01,14,6,601,400,341.81,23,5894
4732,2025-05-08,24,5,603,400,59.71,63,10525
4733,2024-05-20,60,14,602,403,364.44,98,8425
4734,2023-08-18,43,5,604,403,410.2,61,1086
4735,2024-12-05,58,12,604,402,309.03,35,8160
4736,2023-10-11,59,1,601,401,412.99,31,11925
4737,2024-11-08,53,3,604,400,80.25,88,11411
4738,2025-04-08,20,2,600,401,168.41,5,7862
4739,2022-12-29,8,6,602,400,341.7,91,7487
4740,2022-03-19,10,1,602,403,69.31,82,10244
4741,2022-09-13,27,4,605,400,440.08,38,10530
4742,2025-06-13,4,5,602,403,356.88,65,1062
4743,2022-06-05,59,1,602,400,386.38,86,509
4744,2022-10-09,46,1,601,402,133.03,25,4048
4745,2023-04-18,46,7,604,400,267.64,90,3560
4746,2024-07-01,97,12,603,402,457.86,64,10743
4747,2024-09-18,12,10,601,400,239.51,25,12524
4748,2025-03-11,57,7,602,401,192.31,71,3091
4749,2022-03-05,64,11,601,403,297.72,12,7432
4750,2025-04-22,43,15,604,401,314.17,75,8178
4751,2023-03-22,98,14,602,402,292.54,98,11956
4752,2023-06-17,6,8,604,401,465.16,96,14858
4753,2022-05-04,14,12,602,400,286.91,30,2463
4754,2023-09-02,83,9,603,400,402.22,69,11004
4755,2022-04-28,11,5,603,400,342.05,81,6833
4756,2024-04-22,70,5,600,401,133.78,88,3878
4757,2024-01-24,9,12,604,401,398.0,8,14340
4758,2023-11-12,91,6,600,400,402.19,88,8723
4759,2025-03-23,51,9,601,401,398.19,81,14994
4760,2023-01-20,23,3,604,403,122.7,38,10785
4761,2022-08-07,29,1,603,402,429.63,22,3905
4762,2023-04-21,42,9,602,403,106.71,89,1227
4763,2025-05-25,39,4,604,402,114.77,17,11346
4764,2023-03-29,66,13,605,400,235.33,67,1683
4765,2024-08-05,39,8,604,401,132.57,72,9347
4766,2022-02-27,60,6,604,400,307.38,7,1708
4767,2024-04-28,7,9,602,403,62.16,95,11786
4768,2025-06-27,58,11,604,402,380.43,65,7607
4769,2022-05-26,1,1,602,401,142.52,86,5733
4770,2024-03-27,87,12,605,402,87.73,98,12765
4771,2023-02-26,54,14,602,400,319.99,15,346
4772,2024-06-21,14,2,601,403,147.81,15,4294
4773,2023-02-11,58,12,602,401,488.47,56,12190
4774,2024-03-01,12,7,600,402,289.57,42,4397
4775,2024-10-16,60,7,601,401,432.82,12,3492
4776,2023-10-26,75,5,605,402,216.55,97,14674
4777,2024-04-25,55,9,602,402,78.82,62,4963
4778,2023-10-01,72,14,601,403,84.25,42,2381
4779,2025-06-28,86,11,603,400,221.67,42,5992
4780,2023-02-18,28,9,601,401,396.01,29,2064
4781,2022-02-15,13,10,604,401,102.85,93,14062
4782,2023-12-06,46,15,605,402,115.67,13,2978
4783,2022-04-01,85,14,605,400,485.28,83,10465
4784,2024-09-22,21,3,601,403,495.32,54,13695
4785,2022-07-09,90,6,603,401,482.37,57,5220
4786,2024-12-26,68,6,603,400,317.17,90,1450
4787,2023-10-01,69,6,601,402,358.62,9,5299
4788,2024-09-06,55,6,602,403,392.01,36,2447
4789,2022-07-09,57,2,602,403,431.26,39,1401
4790,2025-05-05,59,11,605,401,103.58,45,11753
4791,2023-03-22,44,4,602,403,99.44,60,11456
4792,2022-03-29,99,5,601,402,499.08,24,11186
4793,2025-06-03,31,2,605,402,261.14,55,7683
4794,2022-04-19,9,11,605,402,132.66,88,10465
4795,2025-06-29,73,3,605,401,142.62,53,526
4796,2022-05-20,100,1,601,402,312.22,80,3862
4797,2022-10-30,78,3,605,401,286.71,89,11164
4798,2025-03-06,60,7,603,400,192.0,38,11266
4799,2023-09-16,78,9,604,401,407.77,93,5450
4800,2023-09-26,38,15,600,400,336.95,99,13072
4801,2022-01-12,82,5,601,403,153.66,91,2292
4802,2025-05-10,18,4,602,400,479.21,30,13019
4803,2024-03-04,14,14,604,402,288.08,36,2042
4804,2025-05-17,70,4,605,401,399.84,71,2710
4805,2025-02-23,58,11,603,403,256.8,84,613
4806,2024-11-06,68,13,600,403,284.9,14,10299
4807,2024-07-14,61,8,601,400,101.79,33,14378
4808,2024-02-05,40,12,601,401,200.34,99,13213
4809,2025-02-24,36,6,603,402,113.76,72,507
4810,2022-01-05,56,10,604,403,340.21,22,4338
4811,2024-09-12,89,13,600,402,200.15,53,6270
4812,2023-01-29,73,1,601,403,235.54,39,925
4813,2022-03-15,50,3,603,403,244.4,47,8072
4814,2024-05-14,78,13,602,402,355.58,10,8843
4815,2022-10-21,48,12,601,402,129.08,13,11026
4816,2022-07-20,4,6,600,402,94.19,25,537
4817,2024-06-30,52,13,605,402,230.3,94,10125
4818,2023-04-25,83,15,605,403,343.69,71,14451
4819,2023-12-02,40,10,604,403,216.44,71,1329
4820,2022-12-29,14,9,605,402,395.17,39,10880
4821,2023-01-10,64,2,605,400,430.41,93,2152
4822,2022-01-06,29,8,603,403,407.61,17,5762
4823,2022-10-25,70,13,604,401,243.3,22,9786
4824,2023-11-10,5,3,601,400,159.67,44,7212
4825,2023-12-21,96,3,604,402,60.79,67,5376
4826,2024-07-01,68,6,601,400,254.42,90,4233
4827,2022-05-03,28,12,600,402,129.51,96,11795
4828,2022-07-17,58,12,603,401,214.76,37,4742
4829,2024-08-16,99,1,601,400,79.64,64,2592
4830,2023-04-30,20,12,600,402,166.78,9,5518
4831,2022-01-23,8,13,603,400,342.43,83,9462
4832,2025-02-10,100,13,605,402,353.37,49,8433
4833,2024-01-15,97,2,601,403,58.02,72,4205
4834,2022-11-19,96,1,604,402,235.57,56,10242
4835,2024-10-30,36,12,600,400,55.79,44,8937
4836,2022-12-19,31,8,602,400,234.09,62,8946
4837,2023-11-25,31,3,601,400,191.11,95,10458
4838,2024-04-16,57,12,603,401,378.97,38,12689
4839,2024-11-11,25,10,604,401,85.39,92,10775
4840,2022-08-07,1,7,602,403,410.32,53,4869
4841,2023-03-05,40,15,601,402,353.86,63,6329
4842,2024-03-14,38,5,601,402,58.12,32,8017
4843,2022-12-18,32,9,603,402,85.56,58,14069
4844,2024-01-27,92,6,603,400,221.31,90,3986
4845,2023-10-21,43,1,603,400,371.28,49,14049
4846,2023-07-12,78,4,605,400,88.66,63,9395
4847,2023-04-30,30,14,602,402,402.08,50,13844
4848,2024-01-21,92,15,601,402,362.75,91,2373
4849,2023-01-10,82,5,601,401,50.79,70,7567
4850,2024-07-05,56,5,605,403,68.34,80,675
4851,2022-10-12,42,3,604,402,198.23,8,11279
4852,2023-11-22,88,2,600,401,308.82,40,4927
4853,2024-03-03,75,13,603,403,490.1,81,233
4854,2024-05-25,65,13,604,400,151.48,56,14293
4855,2024-11-13,36,1,600,402,58.65,31,4494
4856,2024-06-11,24,14,602,403,112.37,83,6656
4857,2022-10-03,17,10,600,401,334.09,100,5199
4858,2022-07-26,25,4,601,400,243.96,45,5065
4859,2022-06-05,18,12,602,402,216.94,69,5604
4860,2023-07-01,7,1,604,400,53.9,49,14147
4861,2022-10-13,52,2,600,401,113.42,91,9933
4862,2024-01-06,24,14,602,403,446.36,34,10225
4863,2025-05-08,61,14,601,403,286.53,35,5498
4864,2022-10-08,66,4,603,403,340.46,39,1025
4865,2024-08-15,85,6,601,401,471.52,63,2893
4866,2022-09-19,55,11,605,401,422.32,46,14646
4867,2024-08-23,79,7,602,403,309.97,70,12827
4868,2023-11-23,10,12,603,403,187.54,75,192
4869,2024-08-12,20,15,601,400,167.87,49,13544
4870,2024-06-21,95,11,605,403,364.11,68,1182
4871,2024-11-14,26,14,602,401,197.75,92,13623
4872,2022-04-09,36,8,600,401,98.3,71,8812
4873,2023-11-12,31,6,603,402,197.85,31,2845
4874,2024-11-08,71,9,605,400,344.32,16,781
4875,2025-04-20,5,13,600,401,265.58,95,3218
4876,2023-10-27,8,6,601,402,379.73,39,12412
4877,2024-05-26,22,7,603,403,452.01,92,11680
4878,2022-02-06,89,11,601,402,66.3,5,2500
4879,2023-06-15,56,7,600,401,212.97,57,6214
4880,2025-04-16,83,4,600,402,222.81,52,13917
4881,2022-03-25,26,2,604,401,316.1,56,3922
4882,2022-07-17,99,2,604,400,421.57,54,12911
4883,2022-11-19,82,1,602,400,212.63,45,5131
4884,2025-05-28,61,6,600,402,124.46,74,7415
4885,2024-06-01,100,7,603,400,468.52,68,9022
4886,2023-02-03,42,13,601,400,225.57,51,14322
4887,2023-02-14,77,6,605,400,401.91,96,14581
4888,2022-02-25,37,10,601,402,141.15,65,4623
4889,2025-05-10,44,1,600,400,377.9,74,2389
4890,2022-06-30,29,13,604,402,85.25,68,10838
4891,2024-09-12,74,10,601,401,209.27,24,7859
4892,2025-01-08,31,2,604,401,89.34,15,3447
4893,2024-01-16,38,4,602,401,66.65,15,11673
4894,2024-09-26,44,4,602,403,198.65,85,7804
4895,2023-11-02,2,1,604,400,304.89,69,13447
4896,2022-03-07,6,7,605,401,101.56,57,13130
4897,2024-11-06,95,14,605,400,347.75,58,7019
4898,2025-05-21,69,15,605,400,119.07,50,9301
4899,2022-02-22,27,4,600,400,309.0,10,14485
4900,2023-04-02,40,3,601,400,253.4,8,980
4901,2025-04-05,98,9,603,400,162.31,35,3078
4902,2022-10-04,83,12,601,400,320.53,44,7658
4903,2025-05-23,37,11,602,400,399.13,8,2681
4904,2024-02-19,80,6,600,403,222.44,16,13536
4905,2024-02-17,61,10,605,401,296.85,13,1256
4906,2023-06-19,26,11,604,402,258.85,76,14866
4907,2024-12-19,41,7,601,403,480.41,74,4852
4908,2023-12-22,63,8,602,401,453.51,85,960
4909,2022-09-03,11,5,601,400,171.08,85,10427
4910,2023-01-07,21,4,603,401,325.91,70,1819
4911,2025-03-13,82,11,603,400,357.46,40,12038
4912,2023-02-19,40,10,605,400,75.73,44,13525
4913,2023-09-28,1,8,604,401,182.22,55,2979
4914,2024-09-26,87,2,600,403,438.95,31,6372
4915,2025-05-26,96,4,601,403,208.63,5,7213
4916,2025-01-28,43,13,604,401,99.09,95,4779
4917,2022-07-26,34,1,601,401,345.21,93,4296
4918,2024-01-12,31,15,601,403,213.98,18,6175
4919,2023-10-30,23,13,604,402,441.98,44,8257
4920,2024-05-09,96,12,600,402,310.06,92,9350
4921,2024-05-05,14,13,600,400,320.95,93,14782
4922,2025-04-24,18,3,602,401,447.11,91,5259
4923,2024-12-06,38,8,601,400,118.75,69,2434
4924,2024-07-06,18,7,601,403,247.77,83,9503
4925,2024-03-07,10,3,605,403,297.88,42,7314
4926,2025-01-31,9,15,602,400,171.5,25,196
4927,2024-10-09,99,13,603,401,472.65,80,9206
4928,2022-08-13,36,14,605,401,170.74,71,3919
4929,2024-08-10,47,13,605,401,451.64,62,12495
4930,2025-06-11,46,7,600,401,286.85,23,7828
4931,2023-01-30,91,14,601,401,235.49,6,12507
4932,2022-03-02,95,10,601,403,248.88,47,2267
4933,2023-01-30,97,7,603,401,65.71,87,14616
4934,2023-10-13,52,2,604,400,458.92,13,5702
4935,2024-11-19,33,11,602,403,475.4,43,11563
4936,2025-02-18,77,14,600,401,425.84,86,14416
4937,2024-05-18,42,13,605,401,158.07,26,4492
4938,2023-03-06,27,13,602,400,394.21,55,1217
4939,2022-11-24,73,5,604,400,417.6,82,8783
4940,2024-06-22,24,1,604,401,453.14,54,4234
4941,2022-11-14,62,3,603,401,62.7,57,9770
4942,2022-04-11,55,4,600,403,98.05,91,10196
4943,2023-01-29,3,14,603,403,480.22,49,10918
4944,2025-01-06,72,5,605,401,147.47,61,1199
4945,2022-08-19,40,3,605,400,225.34,40,3393
4946,2023-08-17,54,10,601,401,65.57,5,4332
4947,2023-09-09,31,15,605,403,348.42,15,12452
4948,2022-05-08,55,7,605,402,204.05,43,3455
4949,2022-08-30,83,14,600,401,52.38,68,12125
4950,2025-03-12,14,13,600,403,353.59,53,10376
4951,2023-12-16,37,3,601,403,124.32,59,6179
4952,2022-05-21,13,5,600,402,138.36,52,5675
4953,2022-03-31,1,5,600,402,98.81,38,11212
4954,2024-10-31,14,1,602,401,152.81,36,8289
4955,2025-04-18,88,15,601,402,242.32,32,14500
4956,2022-05-16,16,3,604,400,304.54,26,10001
4957,2024-07-03,35,15,603,400,394.31,8,1479
4958,2023-04-15,5,4,603,401,191.19,22,7999
4959,2022-08-15,95,8,602,402,461.59,59,6580
4960,2022-10-28,9,9,602,402,485.84,70,3319
4961,2022-12-25,20,12,604,402,317.53,36,7356
4962,2022-07-06,17,12,600,402,333.66,32,3725
4963,2025-05-12,31,3,602,400,327.18,26,10434
4964,2023-04-03,48,12,604,402,234.87,69,8237
4965,2024-12-25,30,11,600,403,195.99,31,4532
4966,2022-07-01,7,13,603,403,379.16,30,1088
4967,2022-03-06,27,4,603,401,403.34,5,2206
4968,2025-03-05,35,5,605,400,80.39,68,8583
4969,2024-07-28,7,13,605,403,400.17,36,3038
4970,2024-02-25,6,6,605,400,68.54,6,13304
4971,2022-09-19,15,13,604,400,169.91,45,1963
4972,2023-11-19,36,11,605,402,191.9,53,11574
4973,2023-01-19,67,6,603,402,198.68,63,12995
4974,2024-06-13,6,6,602,402,59.63,74,3679
4975,2024-05-29,12,11,601,402,217.99,54,11995
4976,2022-03-16,55,11,603,401,186.51,72,13936
4977,2025-06-12,78,14,600,401,282.29,15,9750
4978,2022-03-11,80,14,602,400,433.87,53,2339
4979,2024-06-02,38,2,601,403,178.87,10,11083
4980,2022-10-05,18,1,603,401,102.26,94,2861
4981,2024-12-29,89,11,604,402,404.79,52,3157
4982,2022-12-14,54,9,605,401,135.33,54,7075
4983,2023-05-22,72,10,601,400,463.19,71,1912
4984,2022-12-10,30,9,603,403,366.61,29,7483
4985,2023-07-12,79,10,600,402,349.47,10,7661
4986,2023-11-06,16,9,604,403,66.76,5,3798
4987,2022-03-31,9,9,602,401,291.23,5,6937
4988,2024-08-29,79,4,601,400,209.54,25,873
4989,2025-06-26,22,4,602,401,238.28,21,873
4990,2022-07-20,7,2,601,400,222.72,44,5601
4991,2022-06-21,32,5,604,400,404.46,98,6597
4992,2023-05-28,16,5,605,400,145.67,8,8634
4993,2023-11-26,69,10,605,400,441.14,45,7723
4994,2022-09-18,100,4,604,402,471.26,76,2375
4995,2025-01-14,76,10,601,402,263.09,46,11624
4996,2023-12-01,28,3,604,400,97.21,14,7229
4997,2022-04-12,2,9,601,403,144.56,78,401
4998,2023-12-07,33,12,605,402,471.19,91,13841
4999,2023-12-06,90,8,600,401,247.55,49,8957
5000,2022-10-26,55,7,600,401,405.82,75,12287
5001,2022-08-01,69,11,605,400,434.55,64,1935
5002,2024-05-14,83,15,601,402,141.55,21,5969
5003,2024-06-12,62,8,604,403,219.76,8,2140
5004,2023-08-14,3,1,602,400,211.48,74,2813
5005,2025-04-01,73,6,601,402,354.27,69,11795
5006,2022-04-15,69,7,604,402,435.53,35,6329
5007,2024-05-30,81,1,605,402,191.65,99,8973
5008,2023-03-15,36,2,605,401,338.74,97,10932
5009,2022-02-14,57,12,601,400,82.02,6,4615
5010,2023-03-14,35,3,604,401,175.03,57,2074
5011,2023-07-14,69,12,600,400,279.82,90,379
5012,2022-06-28,64,4,605,401,154.98,29,2188
5013,2023-04-29,56,8,605,403,127.53,65,13089
5014,2022-11-16,10,4,602,401,127.61,95,887
5015,2024-10-28,15,2,603,400,339.97,18,7477
5016,2024-02-13,34,13,603,403,151.56,46,5047
5017,2023-07-28,96,15,600,403,323.43,39,4542
5018,2022-02-26,49,8,600,400,198.26,87,11851
5019,2025-02-26,82,8,602,403,123.48,100,4767
5020,2024-01-08,91,14,603,402,484.99,43,13709
5021,2024-07-27,77,9,602,402,391.68,38,2856
5022,2024-02-21,46,1,600,400,282.16,70,9920
5023,2022-08-15,83,11,601,403,425.11,55,9851
5024,2023-04-23,32,10,600,400,469.42,10,7144
5025,2024-06-30,32,10,600,401,344.17,26,8900
5026,2025-06-27,58,2,600,400,472.31,9,6010
5027,2024-01-03,17,4,605,403,342.91,53,3879
5028,2023-09-02,56,10,601,400,464.58,32,421
5029,2022-11-10,95,5,603,402,418.01,28,2617
5030,2022-06-21,50,5,600,400,66.08,17,3180
5031,2024-12-03,2,11,602,402,244.29,50,13355
5032,2024-06-27,50,8,605,400,128.76,34,533
5033,2023-10-06,54,8,600,403,372.13,52,6561
5034,2024-02-27,72,5,602,402,348.56,72,10384
5035,2024-12-16,20,1,605,400,271.26,63,1106
5036,2022-02-17,95,14,602,403,452.55,95,1480
5037,2024-07-12,59,5,605,402,314.98,41,9954
5038,2023-03-10,18,1,605,402,197.03,66,3624
5039,2024-12-01,89,14,604,401,228.47,91,8695
5040,2023-03-04,52,8,604,403,274.41,38,8900
5041,2023-03-24,42,14,604,400,274.18,86,13811
5042,2024-12-12,47,14,604,400,382.1,10,10702
5043,2023-08-02,77,10,600,402,318.81,6,8796
5044,2022-04-14,90,4,603,401,283.21,79,8112
5045,2024-11-23,43,13,601,401,182.5,69,11261
5046,2022-01-10,42,5,604,403,274.57,66,7244
5047,2023-12-05,66,10,603,402,223.83,37,12699
5048,2024-01-06,37,6,601,400,258.11,67,9131
5049,2022-04-16,78,14,605,402,110.91,87,12290
5050,2023-04-27,41,4,605,403,276.36,98,3541
5051,2022-09-23,28,2,605,400,69.53,52,6040
5052,2023-02-11,48,4,604,401,50.29,44,5372
5053,2023-11-05,61,7,601,402,250.52,17,327
5054,2022-10-07,40,8,604,401,334.63,33,13485
5055,2023-12-08,79,5,603,401,224.08,26,5727
5056,2024-09-24,17,11,602,401,106.45,6,11398
5057,2024-06-28,14,1,602,400,142.27,81,12643
5058,2023-04-01,23,2,605,402,469.42,30,6226
5059,2024-08-19,33,1,602,401,194.95,70,13718
5060,2023-05-18,71,14,600,400,392.29,54,5231
5061,2023-09-20,96,13,602,402,54.66,54,13614
5062,2023-02-28,83,10,601,401,280.9,77,4640
5063,2024-02-10,1,14,600,402,460.75,37,8355
5064,2025-03-04,33,7,602,401,496.23,21,3162
5065,2023-02-10,15,2,600,402,216.36,43,8903
5066,2022-10-26,62,2,602,402,341.98,69,8198
5067,2024-06-26,31,6,605,402,487.11,84,12728
5068,2024-01-21,29,15,605,402,136.79,8,7299
5069,2025-01-10,17,4,603,403,295.17,70,12010
5070,2025-01-01,58,5,601,403,335.49,71,6319
5071,2022-07-16,59,15,604,403,98.76,43,14237
5072,2025-02-03,21,12,602,403,165.2,22,2785
5073,2025-01-06,93,7,602,402,465.09,42,6194
5074,2023-08-08,73,2,600,400,474.52,84,11074
5075,2022-05-26,45,3,601,403,105.3,51,8472
5076,2022-12-16,69,10,600,401,217.9,27,10953
5077,2022-03-29,55,14,601,400,120.7,62,13268
5078,2022-01-10,72,15,604,403,320.92,7,12402
5079,2022-04-03,15,4,604,400,407.4,30,11430
5080,2024-11-11,60,9,602,401,300.57,25,11359
5081,2023-12-28,76,15,603,403,248.29,71,11764
5082,2024-05-12,65,8,604,401,401.28,42,4455
5083,2025-04-11,40,8,604,400,141.53,97,135
5084,2024-08-22,60,9,604,400,438.72,84,8228
5085,2025-05-24,13,10,601,401,314.94,42,1412
5086,2023-03-31,82,8,604,401,312.62,85,13527
5087,2023-04-18,86,4,602,400,124.07,43,8805
5088,2023-07-19,66,8,600,400,254.88,5,660
5089,2024-11-04,76,9,600,403,492.53,53,4943
5090,2024-01-31,76,7,602,403,271.88,78,4002
5091,2023-06-13,22,9,605,401,465.84,10,7818
5092,2022-05-16,51,11,604,402,141.95,15,10175
5093,2023-07-24,34,6,605,402,183.51,57,2088
5094,2024-05-22,78,12,600,402,228.32,87,4835
5095,2024-03-23,19,4,605,402,360.24,13,14709
5096,2025-05-07,19,9,603,400,400.92,95,7323
5097,2024-08-17,85,6,605,400,224.97,89,11177
5098,2022-09-08,73,6,603,403,174.64,93,10670
5099,2024-06-13,5,9,600,401,280.43,10,13385
5100,2024-05-07,41,10,601,403,488.77,60,11414
5101,2023-12-05,79,14,600,401,482.87,14,4107
5102,2023-08-27,6,14,602,402,350.94,18,9807
5103,2022-07-07,2,15,603,403,435.7,63,10503
5104,2024-09-15,99,3,604,400,294.61,15,14060
5105,2023-12-05,55,13,605,402,160.8,45,2678
5106,2024-08-15,73,6,602,401,339.7,44,13365
5107,2022-09-04,70,14,604,401,285.08,29,11523
5108,2024-10-30,100,1,603,402,476.41,96,4578
5109,2022-03-30,77,11,604,403,357.23,6,14040
5110,2024-08-31,80,1,604,403,146.57,84,3944
5111,2022-04-25,77,12,604,402,130.56,76,6252
5112,2023-08-20,67,4,600,401,208.02,52,13185
5113,2024-08-04,44,8,600,401,443.63,38,13730
5114,2022-10-31,99,11,601,403,379.46,98,13636
5115,2023-06-19,96,6,600,401,72.66,15,14617
5116,2023-03-03,53,11,600,402,406.58,74,195
5117,2025-01-28,10,10,603,402,93.09,80,6726
5118,2024-04-10,5,11,603,401,191.56,12,7132
5119,2025-01-07,42,2,603,401,169.53,28,5726
5120,2024-08-05,46,12,601,403,96.69,97,11707
5121,2023-04-04,21,12,601,403,87.31,15,10022
5122,2022-04-15,67,6,602,402,352.45,48,4961
5123,2022-02-23,17,10,603,400,484.47,15,9298
5124,2025-02-19,25,6,604,401,379.97,9,7396
5125,2025-05-08,48,5,605,403,328.99,97,9201
5126,2022-11-27,30,11,603,400,306.47,53,1179
5127,2024-06-29,32,3,605,400,205.91,33,892
5128,2022-01-17,86,13,604,402,422.64,15,11663
5129,2023-12-01,83,12,601,402,145.36,97,1590
5130,2025-06-12,54,8,605,401,408.33,13,7890
5131,2022-07-13,37,14,602,402,156.23,93,13762
5132,2023-01-04,23,8,600,403,108.07,8,5259
5133,2025-01-03,25,3,600,401,236.92,98,132
5134,2023-02-15,44,2,603,400,68.21,28,5022
5135,2022-05-19,78,9,605,403,371.87,31,13994
5136,2025-02-17,21,7,605,402,457.04,75,11635
5137,2022-07-16,66,9,604,400,449.23,61,9949
5138,2022-06-03,39,7,602,400,340.72,72,10677
5139,2024-11-23,9,3,605,400,451.95,35,7394
5140,2025-02-28,72,1,602,400,349.18,36,6807
5141,2023-11-05,57,1,605,402,176.61,16,9464
5142,2025-03-07,23,2,601,400,118.0,40,8234
5143,2024-08-02,39,3,603,400,417.69,61,8129
5144,2022-04-28,96,7,604,400,378.68,13,9965
5145,2025-01-17,80,11,602,401,164.24,78,4327
5146,2022-08-15,45,2,605,400,445.39,79,1867
5147,2024-04-28,23,3,605,401,493.6,16,996
5148,2024-03-07,44,6,603,401,261.53,5,9329
5149,2022-05-03,53,2,601,403,496.28,10,10234
5150,2022-11-03,93,2,605,403,334.55,53,1595
5151,2022-12-22,43,14,602,401,78.73,54,9168
5152,2022-11-30,97,4,602,401,381.49,33,7521
5153,2024-04-15,51,3,604,401,356.82,86,2412
5154,2024-12-20,61,5,605,402,106.83,74,13115
5155,2024-07-30,37,2,605,400,97.5,73,3397
5156,2025-04-27,28,8,603,402,218.29,49,2473
5157,2022-10-28,93,9,603,400,478.09,33,8444
5158,2023-09-27,46,12,603,401,330.84,95,14291
5159,2025-04-12,28,2,603,401,131.3,75,12215
5160,2023-06-27,14,11,602,401,398.49,85,760
5161,2024-04-26,43,11,601,400,94.75,54,3008
5162,2022-01-18,60,15,604,403,372.68,84,12541
5163,2025-01-14,61,4,601,400,277.31,38,7245
5164,2022-12-26,73,13,604,402,241.34,97,1090
5165,2023-04-29,45,10,604,401,115.13,68,14141
5166,2023-08-27,64,2,602,401,409.08,73,14734
5167,2023-07-08,96,8,601,402,260.5,95,6566
5168,2024-06-12,64,13,602,403,79.88,58,4809
5169,2024-10-18,39,7,605,402,376.4,29,12016
5170,2025-01-08,79,6,603,402,317.41,26,13350
5171,2022-08-25,33,6,605,402,496.6,75,14113
5172,2022-05-04,20,15,605,401,78.35,96,13429
5173,2024-03-26,3,8,603,402,230.54,48,6478
5174,2025-03-10,13,15,605,402,366.15,68,11868
5175,2023-04-10,38,4,605,402,463.96,80,3074
5176,2024-08-20,83,6,602,403,135.23,32,13071
5177,2024-02-22,39,1,605,400,442.17,40,7352
5178,2022-09-18,18,8,600,400,133.29,22,9957
5179,2023-02-21,53,2,602,400,430.78,76,437
5180,2025-03-13,51,4,601,403,499.83,79,9693
5181,2023-11-17,59,1,600,403,273.19,65,5978
5182,2025-04-21,23,6,603,400,495.49,88,11276
5183,2022-09-17,70,10,602,400,188.5,63,10825
5184,2024-05-09,72,14,603,400,330.83,33,12062
5185,2023-01-25,90,9,602,402,313.89,68,7989
5186,2024-10-18,91,3,600,402,474.58,76,3186
5187,2024-10-27,15,10,604,400,206.88,43,370
5188,2024-01-19,39,10,602,401,240.24,5,13076
5189,2022-04-12,62,15,600,403,194.82,85,7072
5190,2025-03-26,25,12,605,403,336.11,61,3573
5191,2023-06-15,93,8,604,401,217.87,8,10145
5192,2024-12-04,55,13,600,401,149.02,18,10186
5193,2025-01-31,35,7,605,401,111.25,84,1609
5194,2022-05-25,82,6,603,401,239.23,62,3567
5195,2022-11-17,14,7,602,402,433.74,56,4046
5196,2024-03-04,8,6,601,402,129.25,72,14668
5197,2024-08-01,43,11,601,400,69.15,34,8894
5198,2022-09-08,71,7,600,400,336.54,84,9990
5199,2023-10-21,89,6,602,400,250.11,20,13443
5200,2024-05-18,23,5,602,400,265.07,17,1196
5201,2023-11-05,64,13,604,402,484.19,29,7659
5202,2023-08-30,71,4,603,402,228.65,35,4454
5203,2023-05-14,72,9,604,400,383.64,65,11956
5204,2022-11-08,5,10,601,402,154.17,92,12502
5205,2023-03-12,8,4,601,400,133.39,49,5173
5206,2023-09-21,56,7,605,402,393.61,32,11101
5207,2024-04-23,42,12,602,400,150.68,78,9939
5208,2022-05-04,27,9,602,403,172.86,15,12411
5209,2024-08-19,23,5,602,402,433.5,25,4230
5210,2022-06-11,11,11,601,401,357.58,12,3283
5211,2023-07-27,7,9,605,403,395.61,52,7075
5212,2023-11-09,67,6,605,402,142.52,38,577
5213,2024-08-27,46,3,604,401,66.5,36,9129
5214,2022-07-10,45,14,601,400,382.32,100,8171
5215,2025-04-06,84,4,603,402,452.92,90,14349
5216,2022-03-25,52,12,602,403,346.11,70,13073
5217,2022-01-11,59,2,601,400,253.44,12,13920
5218,2022-08-10,97,6,602,403,383.67,62,2067
5219,2024-10-16,10,11,603,400,81.06,83,1934
5220,2023-02-08,72,9,603,402,249.87,60,5031
5221,2025-04-15,31,14,605,402,155.18,75,10063
5222,2024-01-29,61,13,604,403,378.63,22,10702
5223,2023-10-07,69,10,601,402,152.99,12,1237
5224,2024-04-20,31,5,600,400,282.9,92,5763
5225,2023-04-02,29,13,600,401,454.34,21,12331
5226,2022-04-24,24,4,601,402,287.4,95,4920
5227,2022-07-20,88,3,604,403,388.23,78,13729
5228,2024-04-15,90,4,600,402,370.57,72,13205
5229,2025-06-15,46,8,601,402,409.29,54,14269
5230,2023-09-18,45,9,605,402,220.03,92,804
5231,2022-02-10,55,8,604,400,120.96,46,5042
5232,2023-03-15,8,15,604,403,216.54,8,8102
5233,2023-04-05,63,9,601,402,388.89,79,9014
5234,2025-01-15,42,14,601,403,356.18,25,5669
5235,2024-06-16,46,5,602,400,64.64,11,4459
5236,2022-01-18,59,10,601,403,193.48,100,5371
5237,2023-01-19,59,13,605,401,311.52,49,10674
5238,2023-03-04,100,15,602,402,403.5,71,4848
5239,2024-05-25,75,9,602,401,373.56,46,14693
5240,2024-05-11,87,9,603,400,275.1,46,10788
5241,2024-02-23,68,12,601,403,141.41,31,5477
5242,2022-05-15,78,9,605,403,82.93,99,6282
5243,2022-03-11,28,14,605,401,219.16,65,4743
5244,2025-05-07,34,3,600,401,305.92,74,11395
5245,2024-08-06,37,11,605,400,334.4,65,12299
5246,2022-12-01,63,10,602,402,459.11,49,5398
5247,2025-03-10,28,13,603,401,180.99,15,1242
5248,2022-08-03,12,12,602,400,102.84,47,1657
5249,2023-06-20,99,8,600,400,163.62,83,9551
5250,2023-04-25,68,14,601,403,50.95,33,7477
5251,2024-02-06,56,11,602,400,286.14,36,6382
5252,2022-09-03,68,13,602,401,152.69,65,13074
5253,2025-06-08,19,10,605,400,231.81,89,6905
5254,2023-06-06,1,9,605,402,282.38,66,8396
5255,2023-11-19,66,13,602,403,65.91,97,11507
5256,2023-12-22,42,8,601,400,128.14,82,2977
5257,2022-04-13,41,6,602,403,230.05,21,8120
5258,2022-06-05,96,11,603,400,491.47,18,185
5259,2025-03-22,99,14,605,403,419.15,51,3655
5260,2024-05-06,53,11,601,402,494.02,6,7979
5261,2024-09-19,74,15,602,403,134.33,45,10449
5262,2023-08-04,32,5,600,400,120.13,84,14970
5263,2024-04-16,56,11,604,400,69.68,36,960
5264,2022-05-29,24,6,603,402,260.3,50,10671
5265,2025-02-26,13,12,601,401,71.84,54,12888
5266,2022-12-01,22,9,601,401,125.71,77,2565
5267,2025-02-20,20,14,604,403,376.09,83,4192
5268,2024-11-15,39,5,603,403,387.11,40,3173
5269,2022-07-15,78,12,602,402,125.95,34,9402
5270,2023-01-29,23,7,600,401,497.66,97,2367
5271,2025-04-11,75,1,603,402,452.84,77,6497
5272,2022-12-02,57,2,602,403,449.66,34,4645
5273,2024-09-03,22,5,604,400,329.36,22,3132
5274,2024-12-20,10,15,602,401,141.2,99,3523
5275,2023-02-13,76,15,601,401,104.29,32,5441
5276,2022-12-27,25,12,604,403,135.13,53,12736
5277,2022-07-21,34,6,601,402,143.98,26,590
5278,2023-06-28,46,3,601,402,299.17,60,6212
5279,2023-02-02,38,14,600,403,442.94,8,13916
5280,2022-07-21,92,6,600,402,419.28,23,12645
5281,2024-12-06,93,6,604,403,176.45,77,7627
5282,2024-12-14,63,13,601,401,314.42,10,1900
5283,2023-03-16,35,4,603,403,260.62,71,3695
5284,2025-06-14,38,10,605,402,466.86,65,6672
5285,2023-07-13,94,2,600,401,375.65,31,10208
5286,2025-06-18,33,14,600,402,235.81,70,13639
5287,2024-08-31,97,12,604,403,51.16,15,9858
5288,2022-05-20,68,4,604,403,247.61,49,2509
5289,2024-08-18,36,10,603,403,274.62,94,386
5290,2025-06-01,16,13,603,400,403.16,83,11686
5291,2024-03-28,3,3,604,402,255.21,64,14487
5292,2024-12-17,81,10,604,400,434.99,82,13416
5293,2023-07-03,59,4,603,402,220.94,68,9189
5294,2022-11-06,79,6,601,400,382.55,44,11669
5295,2023-01-02,26,1,602,403,187.86,65,12571
5296,2023-05-03,4,11,603,403,358.18,51,3329
5297,2023-08-13,73,8,600,400,118.39,55,10268
5298,2022-11-24,61,14,602,401,197.24,9,1096
5299,2024-08-04,66,5,601,400,268.64,9,687
5300,2022-05-12,80,7,605,403,343.13,92,7936
5301,2024-03-23,22,10,601,402,456.73,64,2829
5302,2023-07-29,100,9,605,403,440.75,64,12133
5303,2024-06-14,64,13,602,403,229.72,53,7366
5304,2023-08-24,65,12,600,402,442.85,70,11096
5305,2022-04-24,49,15,604,402,234.11,57,3876
5306,2023-04-22,18,5,604,400,373.83,18,6198
5307,2024-09-21,63,1,600,403,124.26,51,13016
5308,2022-05-06,64,15,604,403,99.27,17,10164
5309,2024-07-21,100,12,602,400,172.24,35,8225
5310,2022-02-12,22,6,601,403,245.19,20,8232
5311,2024-09-23,71,11,602,401,190.87,97,5874
5312,2024-03-26,18,1,601,403,401.74,34,7660
5313,2024-08-25,87,11,603,400,180.93,95,10763
5314,2024-08-07,86,11,602,402,337.9,63,11837
5315,2024-03-04,15,4,605,403,342.49,66,7964
5316,2024-02-04,27,6,600,402,392.01,27,4908
5317,2022-12-24,11,7,600,402,110.27,49,6207
5318,2022-10-14,2,6,605,402,462.26,5,12130
5319,2022-09-09,41,14,602,403,261.96,20,336
5320,2023-10-27,80,6,601,402,338.55,5,11948
5321,2023-02-15,65,11,602,400,231.19,51,5905
5322,2022-06-29,47,7,603,400,159.8,91,6336
5323,2022-07-30,32,7,605,403,86.74,11,10509
5324,2023-09-02,47,9,605,402,130.33,55,10959
5325,2022-01-24,42,2,605,401,85.75,75,7844
5326,2022-12-14,21,14,605,403,190.86,43,477
5327,2024-08-12,80,11,603,403,189.81,6,8277
5328,2024-06-05,65,7,605,401,249.53,25,10624
5329,2022-04-24,11,7,604,403,97.64,94,2767
5330,2024-07-02,72,10,605,402,273.44,72,12573
5331,2025-03-27,30,13,604,400,116.17,98,4020
5332,2023-08-26,52,14,605,403,336.3,77,12976
5333,2023-05-14,81,7,601,402,75.84,12,8712
5334,2022-10-13,31,14,605,400,140.3,18,8308
5335,2022-11-25,33,8,603,400,153.55,89,1181
5336,2022-04-03,28,1,601,403,172.16,89,6919
5337,2025-04-28,73,12,603,401,376.74,11,11544
5338,2024-11-22,58,2,600,403,119.05,21,11571
5339,2025-03-10,41,7,605,400,412.84,31,9792
5340,2024-04-08,19,9,605,402,315.98,18,13473
5341,2023-12-20,69,2,603,400,415.99,43,8493
5342,2024-12-15,85,9,601,401,492.29,84,549
5343,2023-06-26,87,5,604,400,233.74,53,7753
5344,2025-03-29,83,6,603,403,54.56,92,8528
5345,2023-06-05,82,6,602,400,308.36,44,11948
5346,2022-10-03,36,6,600,400,155.59,83,14046
5347,2022-11-30,73,14,603,400,437.49,67,9865
5348,2022-03-23,71,10,604,403,279.09,76,6062
5349,2023-06-19,97,4,601,403,364.7,18,13990
5350,2024-01-06,59,4,604,400,149.84,100,10970
5351,2022-11-24,85,5,603,402,119.01,88,13362
5352,2023-07-04,70,10,602,403,305.35,7,6883
5353,2022-10-27,94,1,601,400,240.7,98,12770
5354,2022-07-27,64,14,605,403,196.15,9,3718
5355,2022-10-26,52,8,602,402,88.6,51,2264
5356,2023-12-26,51,7,600,400,484.97,71,4366
5357,2022-02-06,29,9,601,400,443.37,61,6431
5358,2025-05-05,55,5,605,401,482.38,62,6076
5359,2024-06-22,19,12,602,402,395.76,50,323
5360,2025-01-25,53,10,602,403,371.58,53,9025
5361,2025-01-16,22,1,600,400,378.91,38,1057
5362,2022-10-22,14,14,604,400,297.06,11,1508
5363,2022-06-29,28,9,604,403,145.73,79,4282
5364,2024-11-01,11,8,604,402,351.21,39,9563
5365,2022-02-13,35,10,604,403,144.86,19,7650
5366,2023-08-13,81,9,601,401,346.15,33,8827
5367,2024-07-21,33,6,600,400,250.7,87,13023
5368,2024-04-02,56,13,600,403,108.16,82,2558
5369,2024-12-11,95,14,600,401,184.37,92,8115
5370,2022-11-26,23,5,600,401,416.74,99,2076
5371,2024-08-22,28,9,603,402,287.28,48,11142
5372,2022-02-03,40,11,600,402,365.12,90,6805
5373,2022-03-10,55,3,602,403,462.2,49,4403
5374,2024-04-13,47,4,603,402,437.51,39,8690
5375,2023-11-19,49,4,605,401,304.61,72,10751
5376,2024-10-06,36,5,604,401,105.31,77,2350
5377,2025-04-16,33,11,602,402,262.99,46,1419
5378,2024-01-18,78,9,602,401,336.18,26,14955
5379,2024-10-20,65,12,605,400,166.72,38,3511
5380,2022-09-11,56,11,604,403,168.39,51,6092
5381,2024-11-13,97,5,605,401,111.14,95,6965
5382,2023-05-19,60,15,600,402,452.23,96,1387
5383,2022-07-10,8,8,600,400,64.01,27,8937
5384,2023-12-22,74,7,605,402,434.07,13,14491
5385,2024-03-25,36,9,603,400,403.67,44,4245
5386,2022-08-07,45,3,602,402,199.83,64,5033
5387,2025-03-07,43,6,603,401,390.41,38,12876
5388,2024-04-13,83,14,604,400,445.42,47,10721
5389,2022-01-13,61,13,603,400,210.44,39,11375
5390,2024-01-17,63,2,600,400,345.99,11,1154
5391,2024-12-22,26,2,605,402,266.25,64,9414
5392,2022-11-17,93,10,602,403,342.91,10,3604
5393,2023-05-19,63,15,604,403,226.28,26,5112
5394,2022-04-29,51,3,601,402,496.77,40,579
5395,2023-12-25,60,3,600,400,498.36,44,7573
5396,2024-06-12,45,10,600,401,479.35,20,13275
5397,2024-11-22,23,14,600,403,489.02,90,1524
5398,2023-09-15,23,12,603,400,419.22,25,194
5399,2024-12-23,29,10,600,402,382.54,21,9521
5400,2024-10-10,17,10,605,402,419.88,40,7795
5401,2022-04-29,54,3,600,403,402.74,16,3830
5402,2024-03-25,40,9,602,403,102.95,47,13168
5403,2023-10-06,38,9,605,402,328.09,84,4100
5404,2023-12-24,94,10,604,402,340.79,25,4819
5405,2023-03-08,58,15,605,400,78.45,87,5784
5406,2024-07-13,14,2,601,400,191.5,57,4992
5407,2022-11-10,12,13,604,401,112.36,11,10526
5408,2023-10-14,75,15,602,403,71.31,95,8655
5409,2022-10-12,52,7,601,401,242.03,20,14742
5410,2024-10-30,11,15,605,403,152.96,38,3131
5411,2022-11-19,82,14,604,400,310.25,85,4994
5412,2024-08-02,98,13,601,401,297.68,24,9493
5413,2023-12-11,48,11,600,402,491.52,30,8030
5414,2022-02-10,57,12,604,401,450.32,67,6159
5415,2024-07-02,58,5,602,402,192.02,46,13473
5416,2025-06-20,19,9,604,401,406.09,82,12785
5417,2024-07-21,51,9,600,402,321.65,41,7202
5418,2024-04-17,52,5,605,401,365.85,12,7301
5419,2023-12-18,75,10,601,401,486.83,90,8934
5420,2023-03-24,76,5,601,403,274.48,28,8379
5421,2025-03-06,60,3,600,401,55.14,6,10203
5422,2025-05-10,77,8,600,402,72.85,51,10499
5423,2024-01-13,84,2,600,401,377.6,94,10906
5424,2023-04-12,76,9,602,403,488.71,34,221
5425,2025-03-12,1,12,603,401,388.03,76,2108
5426,2024-03-17,20,7,601,403,76.85,21,5556
5427,2023-12-16,66,6,605,400,338.04,66,10522
5428,2025-05-01,38,6,605,400,331.24,15,11571
5429,2025-06-25,32,1,604,400,181.64,62,7062
5430,2023-12-10,49,15,603,401,421.14,35,7667
5431,2023-03-06,57,15,602,402,366.19,72,8086
5432,2024-04-13,38,8,600,403,238.77,35,9500
5433,2024-02-27,13,13,601,403,478.97,68,12428
5434,2025-02-10,47,7,601,400,196.47,83,11038
5435,2025-05-23,44,2,600,401,173.89,10,4260
5436,2024-07-29,56,12,601,403,492.75,95,9399
5437,2023-01-23,70,14,603,401,370.35,9,9248
5438,2023-09-21,75,14,603,403,151.94,57,10163
5439,2022-02-05,82,10,602,403,266.24,55,1500
5440,2024-03-28,29,6,600,400,267.59,42,3632
5441,2025-03-05,70,11,601,402,312.24,29,3490
5442,2024-10-01,54,3,605,402,281.16,100,975
5443,2022-03-25,72,11,600,402,219.84,100,2636
5444,2024-11-10,3,14,602,402,160.79,75,8734
5445,2024-08-30,63,13,604,403,195.9,90,13081
5446,2022-01-31,21,3,602,400,364.45,55,12593
5447,2024-07-08,67,11,602,403,192.04,37,14510
5448,2024-02-21,45,4,605,400,482.81,9,8847
5449,2023-01-23,85,10,601,402,387.36,96,11477
5450,2024-04-20,30,10,605,402,254.13,19,14548
5451,2024-09-30,31,15,604,401,146.65,13,1887
5452,2025-04-09,27,5,605,400,178.02,67,5383
5453,2025-03-29,53,10,601,401,438.8,81,7620
5454,2022-01-12,59,5,601,401,114.49,35,400
5455,2022-01-05,66,2,603,401,379.2,9,173
5456,2023-02-24,39,6,603,400,138.73,89,1550
5457,2022-11-23,22,9,604,402,446.04,91,7460
5458,2023-07-26,57,7,605,401,244.69,46,2459
5459,2023-08-11,30,1,604,403,170.95,68,11890
5460,2022-02-16,93,11,603,402,479.5,6,250
5461,2022-04-01,87,9,602,402,496.85,22,14656
5462,2024-09-27,91,5,603,403,487.74,68,7012
5463,2022-09-14,26,2,602,400,420.28,5,1581
5464,2023-07-07,21,6,604,400,113.73,6,11572
5465,2024-07-04,6,6,603,402,177.06,64,14692
5466,2023-04-04,36,13,603,400,387.32,73,770
5467,2023-02-23,75,15,604,401,302.95,18,2219
5468,2025-04-09,4,4,603,400,401.33,10,3797
5469,2025-06-23,3,4,600,400,199.43,86,14873
5470,2023-09-24,12,2,600,403,408.28,46,5099
5471,2024-08-20,78,5,605,403,290.88,48,6657
5472,2025-02-18,52,8,600,403,51.52,26,14102
5473,2023-06-17,91,5,602,402,105.01,66,4267
5474,2022-04-27,64,13,601,400,91.72,18,2951
5475,2022-05-06,62,9,605,401,314.13,75,8426
5476,2023-12-06,37,2,605,402,455.86,49,14410
5477,2022-12-04,76,13,605,403,65.28,65,11269
5478,2025-01-14,95,12,600,401,285.97,10,9773
5479,2025-04-28,62,2,601,402,100.2,59,6520
5480,2022-04-28,17,7,603,400,187.55,11,6650
5481,2023-07-24,83,9,602,403,175.58,29,1639
5482,2025-05-11,99,4,603,402,141.19,45,11258
5483,2023-04-18,49,13,604,400,171.13,72,1967
5484,2025-01-19,46,12,600,402,275.63,9,8526
5485,2023-09-02,67,5,601,400,262.65,45,9952
5486,2024-10-06,99,10,601,403,146.68,43,10811
5487,2023-08-12,66,11,602,401,261.85,72,12413
5488,2022-08-23,42,2,605,402,374.57,43,1733
5489,2023-02-04,27,2,600,401,343.66,91,7822
5490,2024-05-26,22,6,605,400,165.88,60,13582
5491,2025-05-18,97,5,600,401,431.86,63,11539
5492,2022-08-26,80,10,605,400,162.66,72,5364
5493,2023-06-06,74,9,602,403,420.35,7,6558
5494,2024-08-03,43,2,603,400,77.77,42,3460
5495,2025-01-02,78,12,604,400,435.66,33,2495
5496,2025-06-03,6,13,604,400,118.86,90,5430
5497,2023-08-19,34,6,601,400,406.95,19,3705
5498,2022-11-20,72,2,604,403,339.53,52,13523
5499,2025-06-01,1,7,602,401,77.08,60,1567
5500,2025-03-16,91,3,601,402,211.21,19,14501
5501,2025-02-24,80,7,601,401,68.41,88,10867
5502,2023-07-01,75,14,602,401,189.43,36,3136
5503,2024-11-08,11,1,603,403,497.81,99,1994
5504,2024-11-22,83,13,601,401,58.1,79,7381
5505,2022-11-06,57,1,601,401,54.11,25,3027
5506,2023-03-02,94,15,605,401,267.32,64,720
5507,2023-05-25,47,15,603,400,306.17,53,14533
5508,2023-05-18,76,14,601,400,420.93,86,6039
5509,2022-10-12,97,14,603,400,279.54,46,2537
5510,2023-02-27,24,9,605,400,396.59,99,446
5511,2023-11-16,70,2,600,401,307.59,56,7487
5512,2023-04-27,85,3,603,401,231.16,95,10824
5513,2022-10-27,93,15,605,401,82.2,29,10686
5514,2024-02-22,8,9,601,400,136.4,29,12611
5515,2023-08-16,63,1,603,400,415.58,46,6278
5516,2025-04-22,63,3,602,401,322.4,66,5607
5517,2022-07-26,54,9,601,403,499.83,85,5595
5518,2023-05-27,98,5,604,401,469.41,44,13053
5519,2025-04-09,38,2,604,402,298.18,59,14725
5520,2023-09-30,15,15,605,403,460.29,68,7324
5521,2022-10-08,91,7,600,402,83.1,31,14014
5522,2023-11-19,94,11,604,403,150.38,83,12892
5523,2025-06-04,19,10,603,401,400.68,30,13988
5524,2025-04-18,98,4,604,403,455.65,94,2732
5525,2024-07-12,95,5,602,400,158.1,33,12234
5526,2024-07-15,3,4,600,403,99.7,10,6335
5527,2025-04-24,13,2,604,402,135.79,95,2109
5528,2023-04-12,79,1,605,400,270.95,14,9752
5529,2023-04-28,13,2,601,400,97.02,86,4429
5530,2024-11-19,43,9,605,401,391.97,35,11482
5531,2023-12-04,2,2,604,402,55.4,64,5916
5532,2025-03-26,36,11,605,403,462.33,82,14784
5533,2023-11-21,52,6,604,402,107.21,46,3595
5534,2023-09-13,66,11,602,403,112.66,55,5974
5535,2024-08-21,99,1,605,400,281.4,34,5102
5536,2025-04-14,51,3,604,403,455.03,58,6228
5537,2022-12-18,84,3,601,402,157.94,32,3113
5538,2023-05-28,65,5,600,400,362.44,9,13466
5539,2022-07-20,76,10,603,402,459.5,96,3679
5540,2025-02-03,48,5,604,403,71.08,42,10139
5541,2023-03-27,37,4,602,402,477.47,51,14476
5542,2023-09-19,93,9,602,402,126.79,88,8529
5543,2023-11-16,58,7,601,401,388.49,55,14626
5544,2023-04-23,6,14,605,403,294.93,30,7704
5545,2022-12-20,9,11,600,400,406.68,93,1024
5546,2023-04-02,14,12,604,403,171.34,26,5148
5547,2024-05-12,31,13,604,403,246.19,30,9506
5548,2025-01-16,43,5,602,401,340.47,27,7484
5549,2025-01-04,78,1,604,403,222.08,88,11473
5550,2022-12-04,82,1,603,401,65.15,35,6828
5551,2024-03-27,100,6,603,403,409.26,48,13469
5552,2023-02-06,38,10,602,403,383.65,92,8161
5553,2022-04-18,32,6,605,402,360.56,92,6282
5554,2024-03-01,85,1,600,402,300.07,12,2895
5555,2022-08-27,22,13,603,402,148.03,13,6028
5556,2025-03-31,69,7,604,401,190.5,34,13013
5557,2023-11-20,38,9,600,401,113.55,58,9204
5558,2025-02-10,71,12,602,401,284.1,88,11042
5559,2024-10-23,12,4,602,401,136.91,88,5796
5560,2023-03-13,60,9,601,403,51.14,28,12131
5561,2022-05-24,60,9,603,402,470.44,47,14203
5562,2024-12-02,35,1,605,403,136.89,64,9940
5563,2023-05-17,83,7,605,401,71.09,65,7211
5564,2023-05-08,9,5,603,401,457.78,60,742
5565,2024-03-18,17,14,602,402,212.0,70,510
5566,2025-05-04,35,6,603,400,274.55,76,11521
5567,2024-09-22,5,5,602,403,207.73,33,14309
5568,2024-09-07,25,13,601,401,130.33,75,2535
5569,2024-04-26,9,13,603,403,185.44,99,861
5570,2024-10-01,7,13,604,403,104.22,22,14390
5571,2022-02-07,70,7,601,400,81.04,10,4690
5572,2025-06-23,55,7,604,402,416.14,50,1801
5573,2024-03-29,49,9,605,401,129.65,35,13292
5574,2023-08-25,56,1,605,400,350.17,71,5134
5575,2023-06-10,12,10,600,402,336.13,5,6505
5576,2022-07-26,7,12,602,401,441.6,18,477
5577,2024-06-13,33,7,602,402,312.78,68,9557
5578,2023-04-17,88,5,604,402,430.64,42,1994
5579,2024-05-18,96,6,602,402,220.1,59,14671
5580,2022-12-31,50,5,602,402,378.57,8,2490
5581,2023-12-09,41,12,601,402,346.27,79,5960
5582,2022-12-21,31,3,603,402,166.79,31,5694
5583,2023-06-18,57,7,600,400,472.19,37,8504
5584,2023-01-09,96,9,600,403,358.29,67,14099
5585,2022-04-09,73,1,601,402,115.83,54,5457
5586,2024-11-15,81,11,601,401,266.2,14,1907
5587,2024-10-27,100,8,604,401,414.72,74,6996
5588,2023-03-11,3,10,604,403,106.64,69,10369
5589,2022-01-04,73,15,602,401,310.76,65,8062
5590,2022-01-12,72,11,604,401,61.72,28,14126
5591,2022-08-23,83,6,604,400,54.28,77,2198
5592,2024-08-18,42,9,605,403,208.3,86,8300
5593,2024-03-15,42,5,605,403,156.95,52,4772
5594,2023-01-06,27,4,603,403,131.25,73,2967
5595,2022-01-31,46,2,604,401,464.41,71,10429
5596,2022-04-25,20,7,604,403,169.51,67,9620
5597,2022-12-29,48,8,602,402,117.58,38,14956
5598,2023-03-17,60,8,602,402,136.76,29,14913
5599,2023-01-23,82,2,600,400,52.5,49,10580
5600,2022-12-31,73,3,605,400,327.96,10,10988
5601,2023-11-24,66,12,603,400,425.29,79,14137
5602,2022-09-23,40,1,605,402,62.96,51,6201
5603,2024-05-21,51,7,601,402,285.19,48,7444
5604,2023-02-09,37,7,603,400,217.56,58,13300
5605,2025-02-18,84,6,603,400,157.31,9,368
5606,2023-10-30,16,3,604,402,469.85,88,3106
5607,2024-03-11,61,10,603,400,140.99,97,1772
5608,2022-09-23,77,2,604,402,68.54,87,2543
5609,2025-06-19,100,13,601,401,201.65,76,2387
5610,2024-03-01,67,14,605,400,269.09,69,8870
5611,2023-09-11,65,14,601,400,337.91,16,14735
5612,2022-12-23,78,6,603,401,160.52,92,9294
5613,2024-01-30,100,4,605,402,182.21,84,610
5614,2022-02-21,53,9,604,402,180.92,7,3760
5615,2022-04-18,22,6,605,401,113.63,84,8798
5616,2024-04-21,84,13,602,401,386.47,92,2415
5617,2023-04-23,38,7,604,400,362.26,93,14209
5618,2025-03-10,64,4,600,403,321.86,26,11856
5619,2022-12-17,35,2,601,401,448.72,41,8963
5620,2022-07-19,57,12,602,401,152.94,10,14221
5621,2022-02-09,22,4,603,401,293.96,12,14341
5622,2025-03-10,96,13,605,403,225.86,42,11509
5623,2023-02-06,40,1,601,403,452.37,68,2510
5624,2022-12-20,86,15,602,403,221.35,19,5413
5625,2023-03-16,28,11,604,403,295.22,38,9752
5626,2022-11-06,3,8,603,401,417.59,22,6683
5627,2022-07-24,78,6,602,403,121.27,91,6206
5628,2023-07-03,33,7,602,402,146.89,77,4492
5629,2022-07-19,40,9,603,400,182.36,69,7764
5630,2023-07-11,53,3,602,402,207.28,7,7133
5631,2024-09-29,63,7,605,401,264.66,63,13419
5632,2024-02-02,87,8,602,403,374.33,19,6318
5633,2024-01-29,96,11,603,402,201.49,61,7615
5634,2025-02-08,59,9,605,403,348.02,18,6908
5635,2023-09-18,10,14,605,402,76.6,57,323
5636,2022-02-11,7,13,600,402,297.46,33,1996
5637,2022-08-08,69,8,603,401,276.28,14,13455
5638,2025-06-07,95,15,604,403,484.07,8,537
5639,2024-07-31,15,2,601,401,366.83,31,888
5640,2022-10-26,30,9,603,403,451.54,13,3231
5641,2024-10-12,17,8,600,402,115.35,8,14535
5642,2023-03-01,15,10,604,400,197.44,53,4543
5643,2022-05-14,16,1,600,401,138.54,84,13015
5644,2023-10-29,85,11,602,401,180.6,83,2539
5645,2024-05-01,12,14,602,401,283.69,86,5397
5646,2022-12-02,61,14,605,403,482.57,43,11790
5647,2024-01-27,43,5,600,403,110.1,29,11066
5648,2024-06-29,59,12,602,400,343.77,65,5545
5649,2023-06-18,4,11,604,403,193.16,43,508
5650,2023-10-20,97,9,605,402,322.75,100,6101
5651,2024-10-29,54,9,601,403,431.72,72,2404
5652,2023-01-30,69,1,605,402,469.16,84,5080
5653,2025-02-05,46,6,603,403,278.14,15,8159
5654,2023-08-20,92,6,603,400,379.29,30,3686
5655,2023-12-06,41,14,605,403,372.94,26,8525
5656,2023-11-24,37,13,603,402,138.84,42,14296
5657,2023-12-03,92,3,602,403,410.37,41,923
5658,2025-01-10,96,7,603,401,110.25,21,10283
5659,2023-05-14,79,1,601,401,264.52,34,4383
5660,2023-10-29,62,6,603,400,463.05,38,2275
5661,2025-01-27,85,2,602,400,391.05,88,5461
5662,2025-03-27,84,15,602,402,498.21,81,1338
5663,2023-01-05,53,14,600,401,80.8,60,12344
5664,2024-10-21,34,5,600,402,309.98,31,6817
5665,2022-09-12,76,12,600,400,276.88,94,11193
5666,2024-11-12,30,14,601,401,234.9,90,10829
5667,2022-03-28,99,3,603,403,166.26,99,2400
5668,2024-08-17,24,12,602,403,244.36,27,701
5669,2023-06-06,76,5,600,403,75.75,43,8902
5670,2023-03-04,40,15,603,402,54.98,74,13872
5671,2023-09-22,29,10,601,400,387.99,17,8392
5672,2022-10-06,40,7,604,402,82.44,86,6680
5673,2022-08-25,14,6,604,401,429.64,44,10237
5674,2023-08-22,22,4,602,401,140.34,67,11400
5675,2024-11-24,9,9,604,401,180.95,24,5212
5676,2024-01-26,80,10,604,403,84.46,46,9548
5677,2025-04-19,68,7,601,401,124.4,37,1514
5678,2022-02-03,91,5,600,402,349.45,40,3521
5679,2022-01-26,53,7,601,402,187.17,95,10810
5680,2023-12-09,33,15,601,402,471.55,60,6076
5681,2022-08-04,2,2,605,402,211.13,99,6311
5682,2024-01-26,22,8,604,400,155.82,24,12049
5683,2022-06-16,13,10,604,401,322.61,100,7440
5684,2023-11-07,15,12,605,401,265.99,40,3411
5685,2023-05-09,84,8,604,403,189.12,35,14320
5686,2024-07-18,80,7,600,400,452.91,83,8416
5687,2023-11-05,11,8,604,400,148.76,66,14466
5688,2022-01-03,25,3,600,400,335.85,13,14740
5689,2025-06-22,10,12,604,400,492.88,77,7002
5690,2023-12-30,14,9,602,400,185.54,12,6143
5691,2022-08-05,6,14,601,401,264.36,89,9913
5692,2023-10-17,70,13,603,402,168.85,98,2794
5693,2023-08-18,95,6,603,403,397.46,56,12988
5694,2022-09-09,49,7,601,402,372.11,97,6510
5695,2022-03-24,70,5,602,401,101.15,61,13794
5696,2025-05-07,57,7,601,400,147.5,89,841
5697,2024-01-15,63,2,603,402,248.66,11,2703
5698,2024-03-01,93,4,604,401,93.73,64,1451
5699,2022-08-17,52,13,605,402,433.54,52,992
5700,2025-01-14,50,15,605,403,456.89,85,8502
5701,2024-06-19,68,10,600,400,347.04,85,14727
5702,2022-09-02,5,2,601,400,445.65,50,6484
5703,2024-12-14,36,7,602,403,243.69,62,2657
5704,2022-10-06,97,13,603,403,432.53,60,13297
5705,2022-01-13,13,1,605,402,460.21,32,14994
5706,2022-07-25,45,8,605,401,454.18,24,14328
5707,2024-06-25,45,15,604,403,200.56,29,3263
5708,2025-06-23,92,1,602,400,474.72,80,2616
5709,2025-01-27,33,4,601,400,80.63,74,2938
5710,2023-11-21,41,4,600,400,344.88,48,13940
5711,2024-12-08,98,3,602,402,414.17,33,7243
5712,2023-05-11,31,1,600,403,114.26,89,14306
5713,2023-11-22,57,15,601,402,342.27,88,6367
5714,2024-05-04,18,15,602,401,439.45,38,12458
5715,2022-07-10,58,7,602,403,368.05,8,12206
5716,2024-12-24,88,3,605,400,299.76,93,3654
5717,2024-04-28,78,5,600,403,344.11,57,14545
5718,2023-12-15,20,14,604,400,223.18,51,12720
5719,2022-05-27,16,8,600,403,381.05,47,5950
5720,2022-10-24,43,2,605,402,275.75,7,12778
5721,2025-02-13,76,4,603,401,247.86,80,4647
5722,2023-05-20,88,13,602,403,89.95,86,9605
5723,2023-10-30,33,1,605,401,451.28,95,14480
5724,2022-10-05,21,4,601,403,324.09,39,14100
5725,2023-04-06,90,4,601,401,345.05,31,9327
5726,2022-11-20,1,13,602,400,427.89,96,6326
5727,2023-09-15,45,12,603,401,90.74,35,10612
5728,2023-03-30,45,15,602,401,171.44,94,14478
5729,2024-02-25,30,9,600,402,395.41,93,13140
5730,2022-06-09,67,7,605,400,366.64,30,9508
5731,2022-01-31,91,9,600,402,203.36,56,8101
5732,2022-07-08,81,3,604,401,486.69,45,7804
5733,2025-06-13,49,7,601,402,347.47,52,14440
5734,2024-03-08,29,15,600,402,108.11,30,1451
5735,2022-12-23,96,14,603,402,160.06,25,8594
5736,2023-05-07,38,3,600,402,444.51,88,3375
5737,2022-08-24,26,3,602,401,139.03,73,10193
5738,2023-12-07,26,13,600,400,207.38,22,4195
5739,2023-10-13,84,15,603,402,490.89,62,7882
5740,2024-10-03,37,5,604,402,233.16,7,4874
5741,2023-04-15,25,7,604,400,476.43,35,299
5742,2025-05-08,71,7,602,401,348.76,6,5253
5743,2023-04-26,56,1,601,403,205.28,36,4114
5744,2023-10-12,54,3,605,403,311.34,10,14286
5745,2024-05-23,12,10,605,403,85.29,51,9435
5746,2025-02-12,47,10,605,400,138.81,23,4796
5747,2023-09-10,73,4,603,402,368.2,36,12025
5748,2023-02-17,62,12,602,401,321.72,94,9675
5749,2025-05-08,55,1,605,401,198.09,84,9970
5750,2022-04-02,64,9,602,401,422.8,78,9664
5751,2023-03-28,29,13,602,400,162.82,97,3380
5752,2023-01-18,26,9,605,400,422.21,48,12273
5753,2023-12-29,28,9,604,402,282.21,87,11303
5754,2022-10-09,35,8,604,403,408.5,99,608
5755,2025-03-20,47,7,605,402,470.17,54,13731
5756,2024-10-25,77,5,604,401,245.59,72,8105
5757,2022-08-16,78,12,603,402,171.95,54,6494
5758,2022-10-13,57,14,601,400,199.56,64,8190
5759,2024-11-13,3,10,602,402,194.27,65,1600
5760,2022-08-28,16,6,601,402,120.18,54,7206
5761,2024-01-06,73,14,604,401,85.56,30,1061
5762,2022-01-02,75,8,604,403,166.62,77,3539
5763,2023-10-30,54,12,603,402,494.19,20,14130
5764,2023-09-19,94,10,604,403,183.81,37,5634
5765,2023-08-13,16,13,601,401,315.07,89,9655
5766,2025-01-15,19,15,602,400,489.51,13,5467
5767,2023-07-24,26,15,604,400,496.93,19,741
5768,2025-03-02,23,11,602,400,377.76,12,12182
5769,2022-10-03,13,3,601,403,383.91,50,14932
5770,2023-05-11,17,13,600,401,449.02,8,12692
5771,2023-05-02,51,15,600,402,336.95,80,3614
5772,2022-07-23,98,15,605,400,86.78,11,14898
5773,2022-05-06,54,2,601,400,118.36,36,4185
5774,2022-11-22,28,4,605,403,209.24,94,174
5775,2024-07-04,42,8,601,403,283.57,95,318
5776,2023-01-06,77,9,605,400,277.71,25,6696
5777,2025-01-30,10,13,602,403,239.12,23,5100
5778,2024-02-19,7,14,605,400,470.21,56,13785
5779,2023-12-14,62,7,601,403,206.65,24,4262
5780,2023-05-22,95,11,601,402,345.75,56,6833
5781,2022-05-01,14,8,600,402,382.76,71,9698
5782,2024-05-01,58,12,604,403,361.99,49,9011
5783,2023-05-30,51,11,604,403,114.69,99,7186
5784,2022-10-30,74,10,604,400,289.86,21,13795
5785,2022-12-05,50,7,602,403,147.99,64,4572
5786,2024-10-01,83,9,604,400,272.24,87,11291
5787,2022-09-24,75,11,605,400,147.71,45,11743
5788,2024-12-03,14,5,600,402,475.64,82,9640
5789,2024-04-02,39,15,601,403,153.28,30,14493
5790,2024-12-19,85,3,603,403,400.98,42,7141
5791,2022-09-15,44,10,601,401,153.36,93,11857
5792,2022-11-21,2,11,600,402,420.95,59,14822
5793,2023-03-09,78,15,603,402,235.62,24,2584
5794,2023-05-24,81,12,601,400,120.28,89,4798
5795,2023-03-02,94,3,600,402,466.54,17,11120
5796,2024-08-29,79,12,602,402,358.64,37,5867
5797,2024-03-12,91,1,600,402,55.4,31,6499
5798,2023-03-19,75,9,604,400,318.03,47,2231
5799,2024-09-27,45,5,600,400,241.19,22,3203
5800,2023-10-13,48,12,600,401,467.25,41,8366
5801,2023-07-19,98,6,605,402,56.72,81,5806
5802,2023-08-05,55,5,600,402,452.01,53,6791
5803,2022-03-05,79,11,600,402,498.57,50,1853
5804,2025-06-11,53,13,605,401,100.5,11,2574
5805,2025-02-05,85,5,604,402,150.27,96,12211
5806,2025-04-14,82,4,605,400,310.88,16,7385
5807,2024-07-27,60,12,603,402,176.78,59,3364
5808,2023-12-22,82,15,603,403,455.04,75,3390
5809,2024-04-11,99,2,601,402,497.53,89,6360
5810,2024-10-02,48,4,601,400,140.0,56,4874
5811,2025-02-12,89,11,600,402,378.11,49,14358
5812,2022-10-21,68,12,602,400,381.8,95,2770
5813,2023-09-20,39,1,604,402,128.37,100,3470
5814,2024-07-08,60,15,605,402,404.63,62,6990
5815,2023-01-02,49,12,601,403,496.08,45,7297
5816,2024-07-22,97,15,604,403,339.81,55,12409
5817,2023-11-04,39,10,603,400,471.59,67,14005
5818,2024-10-26,92,8,605,403,357.42,91,8253
5819,2022-12-05,62,4,601,403,350.7,88,354
5820,2024-02-25,81,2,601,403,352.98,31,1971
5821,2022-12-10,66,4,600,402,254.28,100,688
5822,2023-07-13,13,8,600,400,369.89,82,3946
5823,2023-10-16,95,9,603,402,128.49,80,11567
5824,2025-02-07,7,10,602,403,470.14,12,4330
5825,2022-08-30,8,2,605,402,477.47,6,14228
5826,2022-09-06,80,13,605,403,408.33,71,5934
5827,2023-03-10,29,2,603,400,208.41,73,8650
5828,2025-06-26,22,2,600,403,404.22,46,10600
5829,2023-10-27,51,10,601,401,479.53,94,7789
5830,2025-06-08,19,4,603,401,360.03,47,12256
5831,2025-03-12,23,1,600,401,147.83,39,6184
5832,2024-04-26,100,10,600,403,254.44,87,1554
5833,2024-02-12,15,2,603,401,241.4,94,2016
5834,2022-05-26,100,10,603,401,368.01,32,518
5835,2024-06-02,51,1,604,400,145.12,73,404
5836,2025-01-18,63,11,605,402,466.69,79,860
5837,2023-09-09,80,8,601,401,469.28,45,2435
5838,2022-08-18,26,7,602,401,355.55,6,12582
5839,2022-08-16,33,11,605,402,75.18,83,9641
5840,2022-07-23,12,6,601,403,107.39,59,9698
5841,2024-06-04,54,1,604,401,200.95,89,7698
5842,2024-11-16,66,6,605,401,395.89,62,8990
5843,2023-11-30,96,6,603,402,344.43,16,1845
5844,2022-10-02,85,15,600,402,183.76,41,3951
5845,2022-06-04,5,4,601,400,88.34,12,6889
5846,2024-10-27,31,5,604,401,414.66,26,12598
5847,2024-01-04,86,4,602,401,456.71,69,1588
5848,2022-10-06,18,9,601,402,245.04,7,7264
5849,2024-01-04,78,12,602,402,399.28,70,14877
5850,2022-10-31,9,14,605,401,279.2,57,4585
5851,2024-09-03,33,6,601,403,398.32,100,2878
5852,2022-03-04,25,5,603,402,218.43,29,5083
5853,2022-10-14,91,10,603,402,107.27,52,7478
5854,2024-04-07,34,7,605,403,52.96,78,11576
5855,2022-09-03,89,3,604,402,200.38,6,13599
5856,2022-06-13,9,7,605,400,437.27,48,3546
5857,2024-09-27,75,7,600,401,257.71,8,6241
5858,2024-08-31,21,11,602,401,397.89,54,14191
5859,2025-05-20,20,2,600,400,171.66,25,8418
5860,2022-08-19,73,1,603,402,76.3,51,279
5861,2024-07-13,9,9,601,400,90.89,7,8613
5862,2025-04-25,99,1,602,400,355.83,48,8492
5863,2025-02-09,97,8,601,403,426.52,27,9245
5864,2022-07-12,53,14,603,400,232.12,81,6818
5865,2024-02-03,87,4,604,401,231.83,77,7410
5866,2023-09-12,50,6,601,401,135.46,19,14275
5867,2024-05-23,18,15,605,401,478.01,100,13488
5868,2024-07-12,66,2,604,401,81.32,80,4318
5869,2024-03-14,5,11,602,403,206.76,61,4855
5870,2022-02-24,85,5,605,401,413.79,15,7506
5871,2024-01-26,91,10,602,401,357.3,65,2660
5872,2023-02-19,68,3,602,402,367.08,82,858
5873,2024-12-21,27,3,604,401,463.09,36,5204
5874,2024-02-03,93,8,603,402,459.29,83,6014
5875,2024-03-12,13,12,601,401,407.75,87,2480
5876,2023-09-19,35,6,601,401,286.43,74,11948
5877,2023-04-30,93,7,602,402,90.65,39,9486
5878,2022-11-11,98,6,601,403,104.56,86,9808
5879,2022-01-05,75,7,605,401,201.96,27,13201
5880,2023-12-17,62,11,603,401,298.38,44,8253
5881,2024-07-04,42,13,601,403,227.28,62,5552
5882,2025-04-16,96,6,603,401,155.66,5,2010
5883,2023-11-11,16,2,605,403,56.86,35,12910
5884,2023-10-02,71,7,604,400,253.44,61,2939
5885,2023-04-16,77,9,602,402,100.25,42,3120
5886,2022-12-07,96,1,602,401,367.55,21,3835
5887,2022-03-12,82,3,600,402,145.85,41,3096
5888,2023-12-05,100,5,605,402,337.53,38,13098
5889,2024-05-10,51,8,604,402,221.54,11,6083
5890,2023-11-13,43,4,603,402,149.6,36,14066
5891,2024-12-06,91,3,605,400,465.38,22,3695
5892,2024-06-19,87,7,602,402,409.59,69,7764
5893,2022-12-06,27,7,603,402,185.4,92,12051
5894,2023-12-30,38,6,604,401,119.74,32,14352
5895,2024-02-16,46,6,605,400,476.84,47,14080
5896,2023-04-17,66,14,605,403,239.69,75,11538
5897,2022-02-16,68,14,604,403,175.87,50,6275
5898,2024-08-30,19,7,601,401,247.04,92,13709
5899,2023-08-11,42,2,603,402,117.05,61,14074
5900,2023-01-29,31,14,602,403,346.99,11,2950
5901,2024-09-16,96,11,601,400,109.61,17,1295
5902,2024-10-01,37,14,605,400,444.88,12,3063
5903,2022-10-31,75,12,603,400,319.24,79,14048
5904,2022-03-15,86,7,604,401,411.13,90,5173
5905,2024-11-08,73,12,601,403,208.67,83,7231
5906,2024-01-16,85,3,603,403,345.75,27,589
5907,2023-05-27,6,7,605,400,412.56,68,10128
5908,2024-07-03,50,5,603,402,69.9,39,6957
5909,2024-05-19,99,2,600,402,348.92,22,4999
5910,2023-05-24,81,7,601,400,236.6,97,3091
5911,2024-09-21,16,11,601,403,302.41,39,6771
5912,2022-03-24,93,9,600,401,333.77,69,7839
5913,2022-03-08,41,4,603,401,425.58,92,3901
5914,2024-08-07,44,14,603,402,178.91,43,3262
5915,2022-05-28,89,4,600,400,59.98,90,10203
5916,2022-10-21,8,10,601,401,328.89,45,6956
5917,2023-08-06,95,9,604,400,190.57,91,13689
5918,2022-06-11,10,9,604,403,468.86,60,510
5919,2022-08-22,20,2,605,402,382.94,59,11493
5920,2025-02-27,24,15,602,401,78.73,62,10878
5921,2023-11-10,42,12,600,401,357.06,62,972
5922,2025-03-27,7,10,601,402,138.89,76,12485
5923,2022-07-08,61,14,603,401,142.99,80,1771
5924,2025-03-21,46,6,602,401,421.84,13,4603
5925,2024-01-20,8,13,604,402,411.31,16,2245
5926,2024-12-05,89,3,601,403,397.04,42,8924
5927,2022-10-26,1,11,603,400,353.33,100,5987
5928,2023-11-28,57,11,604,402,488.41,86,13063
5929,2025-05-19,21,5,605,401,202.14,79,10594
5930,2025-05-10,23,10,605,400,243.02,64,8867
5931,2022-04-13,10,2,604,401,479.33,79,10961
5932,2023-05-04,40,14,604,403,229.88,68,10725
5933,2025-06-25,74,12,604,402,229.93,13,4268
5934,2022-02-18,65,11,604,401,422.9,93,12737
5935,2022-09-23,23,15,601,403,396.53,69,1826
5936,2023-09-27,10,9,601,402,293.07,33,7233
5937,2023-02-23,14,4,603,403,250.14,82,903
5938,2023-12-10,66,8,603,403,106.21,57,13322
5939,2022-08-04,76,9,602,401,235.04,58,2880
5940,2023-03-10,81,3,604,401,400.91,64,9744
5941,2025-02-06,38,14,600,403,98.61,74,1916
5942,2023-04-05,14,4,603,403,308.3,87,3933
5943,2025-03-20,13,1,601,403,181.19,12,9362
5944,2024-01-24,35,2,605,400,145.57,98,11755
5945,2025-01-22,84,6,603,403,317.24,18,2389
5946,2023-09-16,58,6,601,402,431.56,63,1482
5947,2022-07-17,68,14,604,400,428.99,63,11156
5948,2023-11-18,37,15,600,403,354.28,91,14522
5949,2024-01-30,10,9,603,402,220.78,66,4890
5950,2023-05-07,36,8,600,403,115.32,24,4032
5951,2024-11-19,23,6,605,403,162.84,69,4744
5952,2023-06-14,14,4,601,402,162.42,48,108
5953,2023-03-03,15,14,601,403,333.02,5,14601
5954,2025-05-21,25,6,605,401,383.02,16,11696
5955,2024-12-16,37,5,602,401,149.63,70,6104
5956,2022-12-06,14,12,602,403,140.13,89,14313
5957,2025-03-07,78,3,601,402,389.15,12,4368
5958,2023-03-20,43,7,602,400,397.72,59,6526
5959,2024-09-22,70,11,605,402,234.75,88,388
5960,2024-08-07,3,10,604,401,356.59,25,9624
5961,2024-06-24,70,2,602,401,75.41,10,10915
5962,2025-02-12,4,4,604,402,460.8,75,3506
5963,2025-04-19,76,11,603,402,328.32,94,12859
5964,2023-06-20,73,14,602,401,192.16,6,4767
5965,2022-02-16,73,8,601,402,494.24,58,14393
5966,2024-10-18,39,6,603,402,418.42,45,13302
5967,2025-03-18,20,5,605,403,397.78,19,6822
5968,2022-10-22,46,14,600,401,326.33,20,8358
5969,2022-07-13,39,1,600,403,79.13,34,14933
5970,2023-01-14,89,10,601,403,93.31,87,1516
5971,2022-09-15,16,15,602,400,244.57,90,3654
5972,2023-04-03,17,15,603,403,289.7,51,9074
5973,2022-05-31,79,3,603,400,226.77,33,9327
5974,2023-08-26,96,2,602,402,313.39,6,13009
5975,2024-09-28,73,4,600,403,172.71,54,6286
5976,2024-02-15,88,11,602,400,160.06,58,12727
5977,2025-02-11,95,4,601,403,108.77,31,5681
5978,2023-02-12,5,8,601,402,449.73,34,3842
5979,2024-11-04,65,1,604,400,201.44,59,941
5980,2022-06-03,100,14,601,401,197.35,30,13464
5981,2025-04-16,26,7,604,403,428.21,94,3271
5982,2023-02-28,38,2,601,401,352.79,34,5578
5983,2024-01-19,37,7,602,401,191.76,69,12255
5984,2022-01-31,20,2,603,400,331.38,69,13828
5985,2022-07-20,81,1,602,401,456.54,14,13266
5986,2023-12-18,68,10,605,400,346.77,32,6083
5987,2022-06-02,6,9,601,400,63.44,47,12688
5988,2022-01-29,28,3,602,402,202.5,19,4900
5989,2022-04-12,4,8,600,402,398.8,11,14865
5990,2023-05-22,29,10,603,401,100.61,16,6626
5991,2022-05-21,39,1,604,402,289.57,12,6059
5992,2024-05-23,12,3,605,401,259.16,33,2986
5993,2023-05-02,90,13,605,403,124.75,17,499
5994,2022-05-01,74,14,604,400,312.74,33,4509
5995,2023-06-25,50,10,604,400,354.93,36,1856
5996,2025-03-31,98,7,605,400,447.63,96,4272
5997,2022-08-19,94,2,605,400,427.05,67,10373
5998,2022-02-10,81,8,601,402,337.37,22,10194
5999,2023-05-19,60,2,605,400,258.73,86,3910
6000,2023-08-13,34,13,600,401,179.46,18,11881
6001,2023-01-26,58,7,600,401,383.62,84,1617
6002,2025-03-18,79,6,601,400,333.94,59,11721
6003,2025-01-25,23,14,605,400,222.7,92,2105
6004,2022-02-21,64,4,605,402,51.49,59,3028
6005,2024-02-18,44,2,602,401,424.46,57,311
6006,2023-05-05,11,13,602,402,184.28,94,8768
6007,2023-02-16,45,13,603,403,63.42,42,13489
6008,2025-04-19,73,15,602,403,227.07,99,11992
6009,2023-04-25,18,2,602,401,113.44,49,13977
6010,2023-05-15,13,12,601,400,51.23,7,9924
6011,2023-08-19,54,10,605,400,347.12,23,3236
6012,2022-11-01,83,1,605,400,428.05,81,14010
6013,2023-07-11,5,4,602,403,155.97,43,476
6014,2024-02-20,54,15,605,401,128.95,63,287
6015,2022-05-13,10,8,600,402,84.33,44,5598
6016,2024-09-21,78,15,605,401,327.76,56,9734
6017,2024-04-23,34,7,605,402,128.75,100,4923
6018,2025-06-20,57,15,602,400,342.39,23,1118
6019,2022-01-08,64,2,600,403,287.89,30,6643
6020,2025-03-25,21,10,600,403,230.32,11,5091
6021,2022-11-27,74,6,603,401,53.71,69,14079
6022,2023-06-14,35,9,603,400,381.99,50,4593
6023,2024-03-27,76,13,601,401,78.04,43,8738
6024,2025-05-09,37,3,604,403,78.69,59,9882
6025,2022-10-22,33,8,600,403,57.25,18,4900
6026,2025-03-19,4,11,600,403,452.41,80,14583
6027,2023-02-12,87,1,600,400,176.37,67,4205
6028,2024-07-27,34,12,600,400,72.05,46,11399
6029,2023-06-03,61,8,602,402,259.04,41,5392
6030,2024-06-12,31,5,603,401,248.38,39,6279
6031,2025-03-12,37,14,603,401,392.95,91,3899
6032,2024-11-24,38,10,605,401,247.4,88,13259
6033,2022-09-25,82,2,602,401,166.74,42,12904
6034,2024-06-15,12,15,604,403,280.88,35,7471
6035,2022-06-09,95,3,604,401,464.04,45,10914
6036,2022-05-25,88,6,602,401,68.44,85,7097
6037,2024-01-12,93,10,600,401,421.56,35,13714
6038,2023-07-09,73,8,604,402,295.41,17,1274
6039,2022-10-26,67,13,602,401,161.03,68,13254
6040,2023-10-13,57,4,602,402,499.46,6,6428
6041,2024-05-29,35,15,605,401,469.81,56,8670
6042,2022-12-12,53,1,602,402,128.04,11,4300
6043,2022-10-31,44,12,604,403,152.83,31,14877
6044,2024-05-29,19,5,601,403,499.8,86,425
6045,2025-02-21,33,9,601,401,398.62,90,6339
6046,2022-04-24,26,9,600,402,433.44,88,3885
6047,2024-01-10,34,6,602,402,60.73,7,11078
6048,2023-04-04,61,4,600,403,482.05,64,12230
6049,2023-07-21,73,1,605,401,403.66,39,6358
6050,2024-07-07,10,6,601,402,109.86,20,2730
6051,2022-03-11,89,13,605,403,277.62,40,6548
6052,2022-08-01,60,5,604,402,92.96,55,13427
6053,2023-01-25,10,11,605,402,148.25,15,10742
6054,2023-10-04,46,6,601,401,87.27,62,12071
6055,2024-10-12,65,5,604,400,136.0,39,6555
6056,2024-07-04,5,8,602,400,464.6,8,1983
6057,2024-07-04,59,11,601,401,93.4,94,5649
6058,2024-02-17,3,3,605,403,179.52,86,6494
6059,2025-05-15,9,4,605,402,103.15,66,13765
6060,2025-04-10,85,1,605,401,243.1,9,2565
6061,2024-08-20,5,10,605,400,138.56,56,5996
6062,2023-07-24,27,5,602,402,309.09,64,6230
6063,2024-07-09,62,10,600,402,414.92,87,6695
6064,2022-12-16,51,15,605,402,363.28,7,14208
6065,2022-01-17,98,5,605,403,65.16,52,4689
6066,2022-09-14,61,5,602,400,274.19,92,555
6067,2022-08-14,53,12,605,401,434.13,78,8142
6068,2023-01-25,72,3,603,400,83.65,93,11076
6069,2024-11-15,74,14,601,401,475.13,7,11932
6070,2023-08-25,41,7,603,401,277.92,37,3994
6071,2022-10-01,33,5,603,402,377.0,53,2142
6072,2023-11-29,50,2,600,401,439.76,33,11651
6073,2023-03-07,13,2,602,400,61.61,100,12843
6074,2022-12-31,16,10,603,402,324.41,49,1331
6075,2022-05-12,35,8,602,403,319.01,68,11462
6076,2024-02-01,42,12,601,400,128.21,60,6702
6077,2025-05-27,21,11,604,400,176.94,16,5066
6078,2025-03-01,99,15,601,403,181.9,89,3732
6079,2023-08-25,37,5,601,402,393.27,6,6720
6080,2022-10-31,4,1,603,401,386.0,8,4407
6081,2024-07-25,68,2,600,400,361.8,59,8907
6082,2024-04-23,73,9,600,400,138.58,45,2232
6083,2022-06-11,54,7,601,401,242.63,94,10767
6084,2022-12-04,45,15,602,401,163.35,26,12762
6085,2024-07-22,31,2,604,401,52.2,13,4306
6086,2024-08-21,95,1,601,403,390.2,39,14977
6087,2025-03-05,88,14,602,400,331.19,77,9076
6088,2023-01-24,14,7,600,401,147.89,76,13089
6089,2023-05-17,10,5,604,400,445.13,18,13778
6090,2023-12-22,95,6,605,400,127.78,97,10253
6091,2025-06-23,8,7,603,403,237.33,85,5306
6092,2023-03-20,62,8,602,401,433.4,83,5946
6093,2022-10-26,92,6,602,400,498.84,39,11747
6094,2023-01-25,58,13,604,401,181.88,82,14376
6095,2022-08-03,25,11,601,400,294.08,51,3897
6096,2022-02-05,65,15,602,400,213.07,6,11590
6097,2024-05-01,37,9,605,402,302.75,21,9538
6098,2025-04-01,73,3,601,402,149.73,22,10617
6099,2023-04-30,41,12,604,400,74.77,87,9932
6100,2025-03-03,32,9,600,403,386.69,55,14930
6101,2024-10-30,70,6,604,401,341.15,47,11055
6102,2022-06-17,52,14,603,400,279.59,16,6975
6103,2022-11-22,59,8,603,401,118.25,94,652
6104,2024-09-21,59,7,603,402,262.18,90,12051
6105,2022-11-29,81,10,604,402,487.55,27,10832
6106,2022-08-02,83,6,605,403,345.4,39,9034
6107,2024-08-02,44,7,605,400,431.26,80,4935
6108,2022-05-25,39,11,603,402,110.88,60,4302
6109,2022-05-23,61,9,604,402,196.22,31,8616
6110,2022-01-30,43,5,602,400,55.97,71,5750
6111,2025-06-08,44,8,602,400,226.08,76,7731
6112,2023-06-26,91,8,600,403,368.5,28,2913
6113,2023-09-14,42,7,600,401,411.35,33,10801
6114,2023-05-14,21,14,601,401,301.56,39,10311
6115,2024-06-17,29,9,602,400,84.05,14,8118
6116,2024-02-25,96,4,605,403,481.85,57,12211
6117,2025-01-01,94,4,600,401,412.81,9,10051
6118,2025-05-20,92,12,605,400,99.22,52,6864
6119,2025-06-29,86,14,601,403,338.92,34,14811
6120,2023-04-20,42,13,603,403,382.84,35,8432
6121,2024-09-19,28,4,604,401,154.96,58,3076
6122,2022-10-15,15,13,600,403,73.78,64,1482
6123,2022-01-22,31,10,600,401,431.41,32,4513
6124,2023-01-14,27,14,601,403,292.51,27,9197
6125,2024-10-20,37,13,602,401,316.66,16,14504
6126,2023-12-20,100,13,600,400,214.74,29,6953
6127,2022-12-06,71,1,602,400,192.95,99,9354
6128,2024-10-21,92,6,604,401,318.69,41,3749
6129,2023-11-15,30,13,600,403,446.56,44,4160
6130,2022-05-10,42,10,601,402,128.97,10,14232
6131,2022-07-07,2,10,603,403,153.74,91,10997
6132,2022-10-28,18,11,600,401,60.84,92,8581
6133,2023-08-07,88,1,605,402,422.93,11,1425
6134,2023-05-02,18,12,603,401,335.57,51,5884
6135,2024-11-13,18,11,605,403,145.6,57,13071
6136,2024-09-19,60,9,605,401,472.98,74,1191
6137,2024-07-07,23,11,601,400,475.87,13,2832
6138,2023-07-05,38,1,603,401,484.99,91,7646
6139,2024-09-25,33,13,602,403,380.38,55,7420
6140,2022-08-26,40,14,603,403,100.78,72,5348
6141,2023-09-22,43,15,600,402,165.58,93,9872
6142,2023-04-25,39,12,600,400,394.88,56,13139
6143,2022-12-26,40,1,605,402,73.16,58,8551
6144,2023-05-03,70,9,602,403,462.75,99,3669
6145,2023-10-25,65,10,604,400,321.08,74,12819
6146,2024-06-13,2,9,600,400,221.72,100,7722
6147,2023-05-16,73,5,602,403,480.69,92,13292
6148,2025-01-29,92,6,603,403,430.07,40,8265
6149,2024-05-03,33,6,601,401,185.31,92,7454
6150,2022-10-04,8,9,605,402,85.37,99,8328
6151,2025-06-23,55,6,603,401,307.51,73,14675
6152,2025-06-12,15,4,604,401,432.66,11,5961
6153,2022-02-22,64,13,605,403,320.46,66,6683
6154,2024-09-10,36,12,605,400,230.32,12,14031
6155,2022-03-17,13,5,602,402,363.69,25,1495
6156,2022-02-23,13,1,603,401,123.98,58,14245
6157,2024-03-28,36,8,603,401,228.5,51,11895
6158,2024-10-07,67,4,600,400,99.63,34,13497
6159,2023-10-20,66,1,601,402,98.09,7,13971
6160,2024-05-31,13,3,604,401,348.98,99,4610
6161,2022-03-29,78,6,604,402,398.27,73,412
6162,2023-04-18,86,4,604,401,314.15,49,14430
6163,2024-08-07,20,9,603,403,254.27,14,8420
6164,2024-02-02,46,5,600,402,269.11,12,5893
6165,2022-10-13,57,3,602,400,423.85,91,4822
6166,2023-10-20,39,7,601,401,348.36,42,10953
6167,2023-08-03,1,15,602,402,129.27,33,1869
6168,2022-10-14,57,8,605,400,162.93,96,13633
6169,2024-02-22,89,15,600,401,193.1,98,14673
6170,2023-06-06,85,11,605,400,309.78,18,294
6171,2025-02-06,80,14,600,401,463.69,71,2503
6172,2022-03-03,93,4,601,403,165.07,97,2277
6173,2022-10-07,86,7,603,403,445.36,61,5689
6174,2022-10-17,57,8,602,401,419.14,79,14261
6175,2022-03-05,63,6,605,402,76.92,10,1628
6176,2024-08-20,13,8,605,401,342.11,8,3892
6177,2023-08-01,33,13,605,401,85.18,53,2730
6178,2023-11-27,100,3,600,401,219.79,15,1580
6179,2022-07-17,42,9,602,402,346.52,8,9248
6180,2024-04-02,61,15,603,402,349.83,7,10987
6181,2023-06-04,29,15,600,402,166.03,60,14550
6182,2024-07-28,19,5,600,401,127.93,5,6273
6183,2024-01-02,33,10,605,401,429.53,54,900
6184,2024-04-29,92,10,601,402,225.28,41,11494
6185,2023-05-16,52,7,605,403,199.44,30,9046
6186,2022-03-21,94,6,605,402,415.97,87,4613
6187,2023-01-14,64,3,603,400,287.73,17,6219
6188,2023-02-20,60,15,600,400,460.47,74,8149
6189,2022-01-17,85,8,604,400,472.23,70,11203
6190,2025-05-30,50,3,604,403,139.86,96,3510
6191,2022-04-25,68,11,603,401,484.1,65,14846
6192,2022-03-04,79,10,605,402,311.9,47,11427
6193,2024-05-20,36,7,600,400,188.38,77,507
6194,2024-01-14,16,5,602,401,210.46,44,5045
6195,2022-07-28,29,9,603,401,237.04,69,9798
6196,2023-11-24,4,6,605,403,249.9,42,4628
6197,2022-03-22,4,3,602,400,424.15,98,10742
6198,2023-08-15,21,9,602,403,436.4,28,3870
6199,2025-06-28,52,13,601,401,365.32,16,14437
6200,2023-06-21,2,13,601,403,279.85,81,8401
6201,2023-04-20,90,13,604,403,72.46,25,3529
6202,2025-02-25,56,3,601,401,132.96,51,9504
6203,2023-12-06,14,4,602,402,355.37,53,10871
6204,2025-06-20,94,7,602,401,339.1,76,10786
6205,2022-06-09,75,8,601,403,466.62,27,4203
6206,2022-07-05,29,4,601,403,283.88,76,11067
6207,2022-11-21,85,10,602,401,57.22,61,13501
6208,2024-09-25,79,8,603,401,330.04,64,3383
6209,2024-12-01,89,14,601,400,427.7,86,6865
6210,2023-02-08,58,1,605,401,367.5,76,3207
6211,2024-01-16,3,10,600,401,64.27,99,12043
6212,2022-10-22,6,2,601,400,78.92,30,1487
6213,2024-01-01,72,7,600,402,235.72,100,9757
6214,2025-04-08,72,13,602,400,227.68,30,2459
6215,2023-04-21,80,6,602,401,228.2,29,6749
6216,2025-04-24,16,5,604,400,341.9,87,2226
6217,2025-02-14,93,2,602,401,76.32,96,2790
6218,2022-12-26,1,2,601,401,83.64,58,13726
6219,2023-04-29,50,15,601,401,384.02,64,1333
6220,2023-05-04,5,15,604,400,167.22,65,12184
6221,2024-04-10,1,6,603,403,444.61,69,3506
6222,2024-04-04,31,12,604,403,374.5,85,329
6223,2023-11-04,59,3,605,402,183.6,17,12346
6224,2024-10-31,55,15,603,400,253.11,48,5687
6225,2024-03-07,67,6,601,400,83.29,92,4226
6226,2024-08-13,58,5,605,401,270.94,53,8401
6227,2023-07-15,99,5,602,403,352.01,99,6739
6228,2024-12-31,55,12,602,401,52.32,10,12672
6229,2025-04-25,35,5,604,402,183.81,21,8586
6230,2024-11-26,14,11,604,400,465.7,59,8555
6231,2024-02-27,4,11,603,400,449.16,39,12999
6232,2023-06-03,25,4,604,403,444.54,39,5925
6233,2024-09-20,25,1,604,400,407.33,92,9432
6234,2025-02-12,93,14,605,401,356.56,41,14645
6235,2024-08-13,39,3,602,403,118.68,36,3211
6236,2023-02-24,95,11,604,401,410.39,51,10585
6237,2022-08-31,34,5,600,403,242.29,17,7805
6238,2023-05-28,76,10,604,403,374.11,9,10199
6239,2025-04-12,59,8,603,400,444.17,63,6771
6240,2022-08-23,58,9,603,403,82.96,50,7198
6241,2025-06-08,61,11,604,400,175.5,40,3174
6242,2022-11-18,25,5,604,401,133.84,49,2400
6243,2022-02-27,13,1,602,401,391.8,89,12999
6244,2023-01-04,14,3,604,402,236.47,53,9848
6245,2025-01-13,16,12,600,400,293.16,57,3830
6246,2022-01-10,77,9,600,400,235.25,46,8741
6247,2022-01-25,22,14,605,402,473.2,69,12128
6248,2022-04-27,51,1,603,401,181.57,91,1287
6249,2025-04-26,60,11,605,403,79.32,23,11344
6250,2025-04-22,25,13,602,403,278.08,70,6372
6251,2025-02-24,86,14,601,403,389.11,47,7441
6252,2022-10-19,11,4,601,403,94.07,26,14855
6253,2022-10-30,60,14,600,403,178.41,15,1679
6254,2022-07-20,29,7,605,403,215.5,50,6855
6255,2025-04-30,45,5,601,402,97.26,73,9950
6256,2023-06-20,37,3,603,400,406.82,47,3907
6257,2023-03-12,9,3,604,401,369.99,75,9559
6258,2024-03-22,93,15,600,402,481.95,78,3214
6259,2022-01-03,99,4,602,403,456.44,51,7443
6260,2024-06-07,89,7,600,400,399.26,9,13161
6261,2025-03-18,96,6,603,401,461.52,78,5639
6262,2022-06-11,51,10,601,402,176.51,57,11784
6263,2022-06-23,42,12,602,400,297.75,89,13490
6264,2025-06-13,83,2,604,402,164.44,57,5576
6265,2022-01-30,69,13,605,400,242.07,33,5562
6266,2023-01-27,32,11,605,402,107.9,27,5527
6267,2022-12-31,50,5,600,400,93.08,48,11649
6268,2023-03-28,62,10,602,401,454.35,81,14771
6269,2023-10-15,53,4,604,401,166.48,96,5148
6270,2022-11-11,96,12,601,403,435.12,17,3870
6271,2023-11-15,16,11,603,400,178.73,10,3976
6272,2023-05-10,10,8,602,401,314.74,87,12944
6273,2022-03-19,15,4,602,403,395.21,56,9513
6274,2023-12-21,8,3,600,403,301.81,53,5523
6275,2022-05-23,52,9,601,403,374.25,67,9949
6276,2024-09-13,91,10,603,401,330.85,91,12918
6277,2023-12-28,47,5,602,401,383.39,78,3283
6278,2024-03-22,43,8,601,401,195.44,62,12938
6279,2023-01-15,4,14,600,403,80.44,36,7866
6280,2024-05-17,11,2,603,400,287.22,74,7181
6281,2025-03-01,59,3,604,403,110.49,30,10525
6282,2022-06-08,98,7,603,403,414.59,53,12641
6283,2024-03-24,36,6,600,401,494.49,10,14946
6284,2022-12-15,25,4,600,403,70.82,26,7806
6285,2022-03-31,12,13,603,400,485.58,92,10397
6286,2025-04-28,7,9,605,402,375.81,17,13775
6287,2024-07-10,18,9,605,402,454.72,21,13001
6288,2023-09-04,37,13,604,403,121.02,12,13898
6289,2024-11-02,91,6,601,402,472.37,69,11704
6290,2023-10-01,95,2,602,401,408.58,8,1032
6291,2023-12-09,70,12,601,402,277.96,25,14707
6292,2022-06-04,67,6,602,400,443.01,10,2741
6293,2022-01-21,34,14,602,403,489.23,24,2654
6294,2025-05-24,40,2,601,403,204.88,43,3771
6295,2023-10-09,22,15,600,401,330.59,27,7375
6296,2023-10-17,57,1,605,400,315.41,14,5302
6297,2023-04-27,24,3,600,402,151.26,37,6787
6298,2024-12-26,51,9,601,400,204.48,98,2668
6299,2023-09-17,16,3,600,400,331.1,89,1973
6300,2024-03-02,61,5,602,400,498.14,91,4974
6301,2022-03-01,80,4,605,401,296.41,79,4016
6302,2024-05-09,85,6,602,401,419.84,71,2615
6303,2024-11-24,29,11,602,403,303.6,93,6371
6304,2023-05-10,51,12,603,400,494.04,13,12485
6305,2023-10-15,59,4,603,401,390.05,43,13028
6306,2023-11-12,96,6,603,401,363.17,87,9113
6307,2023-03-19,60,11,603,403,478.14,29,11783
6308,2022-05-20,9,2,602,401,66.58,41,12721
6309,2023-08-18,30,2,600,401,113.08,56,10874
6310,2025-03-22,71,4,601,402,312.32,20,11997
6311,2022-09-04,48,5,605,403,462.1,70,6994
6312,2025-05-20,92,9,604,403,446.32,72,7398
6313,2022-06-25,79,14,602,400,397.75,98,2974
6314,2024-05-06,4,12,602,400,207.6,98,3089
6315,2024-05-31,85,13,602,400,147.11,70,10094
6316,2025-01-08,3,9,604,401,99.97,98,10337
6317,2022-12-12,60,4,600,403,168.08,38,14040
6318,2024-10-16,15,1,605,400,441.42,83,10952
6319,2022-09-24,39,15,602,400,78.48,68,9350
6320,2022-06-02,47,6,605,401,440.45,45,7934
6321,2023-10-28,7,2,604,400,467.01,71,2375
6322,2022-12-02,13,9,603,401,414.18,96,6363
6323,2024-03-03,98,3,601,403,115.74,67,7707
6324,2022-11-28,58,5,605,400,287.65,62,2263
6325,2022-07-07,90,3,604,403,295.89,67,2883
6326,2023-02-18,36,9,601,402,173.77,76,3142
6327,2024-10-13,22,5,604,403,90.61,49,12519
6328,2022-07-26,85,8,602,402,111.73,30,12334
6329,2022-07-14,47,9,601,403,413.86,86,7400
6330,2022-04-12,98,10,602,401,254.79,65,3345
6331,2024-09-28,34,6,604,402,287.78,57,2004
6332,2025-01-18,94,10,602,402,450.0,69,3096
6333,2022-01-31,48,9,605,400,134.61,39,10094
6334,2024-11-29,1,10,601,400,71.9,12,8056
6335,2025-06-27,74,14,602,401,121.81,23,2582
6336,2023-12-29,70,12,600,401,370.56,64,1988
6337,2023-07-07,23,15,602,400,278.06,9,3063
6338,2024-08-19,39,13,601,402,353.07,39,6402
6339,2024-07-16,44,11,602,400,481.78,71,7284
6340,2024-04-06,1,8,604,400,347.0,13,2382
6341,2025-04-18,56,13,604,403,320.13,58,9633
6342,2023-11-21,12,14,604,403,237.24,89,8125
6343,2023-07-09,92,15,603,403,96.85,17,10434
6344,2024-06-10,76,4,601,403,123.26,15,10912
6345,2023-10-26,86,2,605,401,244.52,98,12815
6346,2024-01-17,31,13,604,403,90.34,44,7352
6347,2025-04-24,78,2,600,402,299.32,73,5197
6348,2025-01-06,62,6,605,402,468.09,90,2137
6349,2025-06-08,1,12,601,403,408.91,77,14099
6350,2024-03-17,49,10,600,403,120.0,99,14127
6351,2024-10-14,89,9,600,401,158.24,61,9900
6352,2022-12-16,94,15,604,401,343.14,37,2614
6353,2022-03-06,68,11,605,400,288.1,80,5120
6354,2024-07-25,27,9,602,403,275.29,62,6621
6355,2025-03-01,34,3,602,400,351.55,65,14420
6356,2022-11-27,76,1,603,401,337.96,71,6972
6357,2024-09-23,67,10,603,403,149.63,63,9572
6358,2022-10-05,93,14,601,403,188.37,47,5092
6359,2024-12-08,14,3,602,401,63.55,15,3326
6360,2025-01-15,50,8,603,403,494.18,50,13230
6361,2022-03-11,96,15,604,403,311.64,72,863
6362,2022-06-17,36,5,601,400,162.49,15,13660
6363,2024-05-15,86,10,603,402,190.73,18,9596
6364,2024-04-24,70,11,604,401,228.09,8,7011
6365,2023-02-05,6,10,601,400,288.81,72,5529
6366,2025-02-02,80,15,600,403,407.29,65,11270
6367,2023-05-06,40,8,604,401,108.87,84,2532
6368,2023-01-15,94,10,601,403,215.03,67,2525
6369,2024-06-27,38,10,604,402,399.81,98,6121
6370,2022-11-15,39,1,600,402,450.56,24,5787
6371,2024-08-05,94,3,604,402,312.66,19,3436
6372,2024-01-17,85,4,605,403,394.55,89,2486
6373,2023-03-02,27,13,605,402,491.75,29,13594
6374,2022-05-30,10,5,600,401,295.62,92,13393
6375,2025-04-22,4,10,600,401,476.67,35,4922
6376,2024-10-10,13,8,601,400,72.64,43,9866
6377,2022-01-15,14,3,605,401,63.27,28,5104
6378,2024-08-24,48,7,600,403,88.46,79,810
6379,2024-05-08,9,14,603,401,93.57,98,1336
6380,2022-10-14,98,3,600,401,456.19,95,4870
6381,2022-11-17,6,12,601,400,348.3,46,9956
6382,2022-03-07,43,12,602,401,67.35,5,1683
6383,2022-08-24,68,5,603,400,345.13,22,4325
6384,2024-11-24,3,6,604,402,332.22,66,11310
6385,2025-03-05,6,12,604,400,65.7,34,6015
6386,2023-11-10,97,7,605,402,187.0,31,1150
6387,2022-04-07,49,5,601,402,364.74,88,5257
6388,2025-03-25,85,9,601,400,185.72,40,11910
6389,2023-01-05,81,9,602,401,477.9,72,7616
6390,2025-03-31,37,9,601,403,183.63,34,1103
6391,2022-12-04,11,3,602,400,434.87,58,10221
6392,2025-03-01,23,5,603,400,198.08,5,7815
6393,2024-03-14,43,15,603,402,116.53,34,10422
6394,2023-05-06,99,13,602,401,462.23,10,8341
6395,2023-10-24,96,4,603,401,362.87,80,1412
6396,2023-06-02,70,6,603,402,330.5,29,12055
6397,2025-06-01,1,15,600,401,244.71,71,5566
6398,2024-07-14,74,2,603,402,219.22,27,14669
6399,2025-05-21,26,11,602,401,399.76,41,10316
6400,2025-06-28,34,10,601,403,116.98,66,13308
6401,2024-03-30,3,6,603,401,314.34,32,9508
6402,2023-04-25,1,10,602,400,288.39,86,2321
6403,2022-05-14,21,7,601,402,198.88,56,1590
6404,2022-02-13,68,4,600,403,412.59,7,414
6405,2022-05-05,68,3,601,400,120.31,31,11849
6406,2024-04-23,18,7,604,403,356.85,71,5834
6407,2025-05-16,20,14,603,403,276.76,92,3923
6408,2023-05-09,95,14,600,400,115.07,17,9883
6409,2024-12-19,65,12,602,400,242.27,9,10789
6410,2024-11-23,10,1,601,401,208.01,92,7420
6411,2022-01-09,14,5,601,403,167.57,91,796
6412,2024-02-16,64,4,603,401,398.19,99,11814
6413,2025-05-04,46,15,601,403,417.67,26,2152
6414,2025-01-24,71,4,600,400,428.65,57,14367
6415,2024-07-07,45,11,601,402,159.64,81,8522
6416,2024-08-18,51,1,605,403,443.27,28,14191
6417,2023-02-12,10,6,602,400,473.05,25,9483
6418,2022-07-24,13,15,600,401,157.34,64,2369
6419,2022-07-01,57,3,604,401,371.52,71,6339
6420,2023-06-04,7,10,600,403,279.11,39,931
6421,2022-10-23,51,3,602,402,355.75,98,137
6422,2024-01-21,10,12,602,401,204.21,99,11415
6423,2023-07-26,2,2,601,402,195.91,42,9101
6424,2024-09-02,5,9,600,402,198.39,76,5690
6425,2024-05-01,78,8,605,400,255.55,25,11573
6426,2023-01-22,5,4,605,402,224.35,42,14131
6427,2024-05-05,19,14,604,400,65.82,10,7703
6428,2022-09-16,69,3,604,401,448.68,40,1819
6429,2024-12-23,14,12,601,400,142.03,42,13591
6430,2022-10-09,21,11,603,403,200.66,93,1687
6431,2024-12-19,78,2,600,400,64.92,10,13684
6432,2023-05-05,45,6,605,400,356.26,75,14629
6433,2024-04-25,15,3,603,401,54.55,81,2831
6434,2023-02-11,19,4,603,401,185.03,62,6204
6435,2025-04-25,74,12,605,402,270.6,53,1314
6436,2024-07-11,21,14,600,402,462.18,51,3985
6437,2023-01-16,22,9,603,403,314.58,21,9667
6438,2022-08-23,56,15,601,403,146.02,80,13376
6439,2025-01-22,46,2,604,400,168.62,9,9901
6440,2025-01-01,71,13,600,403,190.61,86,13600
6441,2024-09-10,100,10,600,401,470.61,57,7922
6442,2022-08-22,12,14,600,402,208.67,37,10461
6443,2024-10-19,26,7,603,403,199.56,25,7895
6444,2022-08-23,33,7,604,401,124.37,73,6693
6445,2025-06-23,93,11,600,402,385.33,15,6356
6446,2023-12-13,5,13,602,401,311.68,85,8634
6447,2023-05-02,86,4,601,400,90.93,39,13801
6448,2024-11-19,50,5,602,403,335.23,46,3302
6449,2023-06-08,51,4,602,402,354.55,57,3290
6450,2022-03-28,72,13,605,401,172.39,63,6940
6451,2024-05-27,48,14,600,403,237.79,64,378
6452,2022-01-11,6,1,604,402,472.87,52,13467
6453,2023-07-08,100,2,603,401,435.94,70,7579
6454,2024-03-19,44,4,600,401,56.03,52,3813
6455,2023-06-13,21,12,601,401,73.23,46,5942
6456,2023-05-30,6,7,601,400,185.98,91,9050
6457,2023-07-10,88,6,604,403,454.73,70,1855
6458,2022-06-13,96,12,604,400,467.85,59,2756
6459,2022-10-27,30,3,602,402,242.94,27,1139
6460,2023-11-09,75,3,604,400,311.87,75,1851
6461,2025-06-12,100,1,601,402,480.68,80,11935
6462,2024-07-04,28,2,602,403,487.61,8,11085
6463,2022-07-20,91,10,600,401,427.51,48,14129
6464,2023-01-17,85,12,603,400,98.22,50,2648
6465,2023-02-16,97,2,602,403,368.08,45,14317
6466,2022-06-17,49,15,604,401,129.73,89,9692
6467,2024-11-08,68,7,603,403,184.02,43,8468
6468,2024-09-14,34,13,603,403,469.16,78,11027
6469,2024-02-10,57,15,602,403,311.84,87,10875
6470,2024-01-20,41,8,602,400,164.34,97,12462
6471,2025-04-24,89,2,602,401,289.77,66,3257
6472,2022-03-06,16,9,605,402,326.42,84,7362
6473,2025-02-25,6,6,604,402,419.12,58,5509
6474,2025-04-02,78,5,602,401,51.81,42,11032
6475,2025-01-27,45,9,604,403,160.76,95,3009
6476,2024-04-02,86,3,602,403,416.5,79,8416
6477,2022-05-12,27,15,604,401,231.69,40,11204
6478,2023-05-26,23,12,602,402,458.81,64,905
6479,2023-03-08,20,7,600,402,158.13,45,13632
6480,2022-12-18,63,9,604,402,254.17,66,6453
6481,2024-08-19,37,15,602,401,190.11,17,4612
6482,2022-01-24,10,15,602,400,472.87,50,2006
6483,2025-01-03,19,15,600,401,92.44,95,12466
6484,2023-05-15,80,15,600,402,138.51,84,7214
6485,2023-10-07,74,8,604,402,154.85,41,2183
6486,2022-10-09,31,10,600,402,174.74,60,5383
6487,2024-02-16,22,12,600,401,190.56,74,4027
6488,2022-10-13,10,1,600,403,282.44,25,8137
6489,2024-10-22,91,13,602,402,354.43,83,10222
6490,2022-12-07,79,7,605,401,97.52,18,13484
6491,2023-03-18,1,15,604,403,286.95,17,12765
6492,2024-12-11,46,11,603,403,387.78,19,12056
6493,2023-07-13,50,14,604,403,344.14,32,731
6494,2025-06-12,47,9,600,401,186.45,39,1462
6495,2022-03-04,20,5,604,401,75.31,29,3960
6496,2024-01-08,62,9,605,400,377.97,82,6490
6497,2024-08-01,63,11,603,403,314.74,14,8015
6498,2023-11-04,43,8,604,402,148.25,82,5726
6499,2023-09-09,44,12,602,402,455.21,55,2416
6500,2024-08-19,65,10,601,401,403.71,64,6585
6501,2022-04-22,77,12,600,401,58.42,67,2127
6502,2024-11-05,48,3,602,402,353.95,69,11832
6503,2023-02-04,85,5,604,400,419.26,49,9724
6504,2023-11-27,15,4,604,400,398.55,56,7226
6505,2024-09-12,97,12,602,400,60.22,46,4582
6506,2025-06-02,47,10,602,401,285.33,32,12724
6507,2024-05-23,53,6,602,401,234.49,74,13926
6508,2022-01-06,75,7,602,402,486.18,69,12342
6509,2022-08-08,58,4,602,401,118.27,23,10306
6510,2022-08-19,20,5,600,400,446.11,29,13426
6511,2022-08-06,24,7,602,403,80.12,56,5186
6512,2025-06-27,3,3,600,403,74.53,64,3655
6513,2025-03-10,22,5,605,401,283.32,79,5821
6514,2022-02-24,10,5,604,401,75.44,51,9628
6515,2022-04-10,43,1,602,402,374.45,30,13333
6516,2022-06-23,92,6,605,402,396.89,78,8398
6517,2022-12-19,55,10,604,403,68.42,63,11438
6518,2024-11-24,56,14,603,403,372.11,30,6873
6519,2023-06-22,74,7,600,403,166.94,98,9932
6520,2022-12-25,96,3,603,400,353.49,86,11879
6521,2023-05-20,5,10,601,402,295.33,62,5181
6522,2024-08-29,40,5,602,402,123.07,68,5494
6523,2025-02-09,7,11,601,403,372.91,26,14739
6524,2023-02-19,13,3,602,403,72.42,22,7287
6525,2022-07-11,71,1,601,401,207.22,13,8439
6526,2022-07-04,94,14,605,403,61.87,28,13872
6527,2023-02-25,49,12,605,401,293.39,42,4244
6528,2024-05-21,56,2,602,401,353.58,84,4114
6529,2023-07-31,88,1,603,401,116.16,70,3139
6530,2023-12-19,46,2,601,403,284.37,8,11924
6531,2024-11-28,41,3,605,402,437.14,6,4392
6532,2022-11-03,71,1,602,403,94.71,85,6612
6533,2025-04-24,58,6,603,402,188.37,99,2006
6534,2024-01-16,67,7,600,403,296.97,28,5872
6535,2024-11-06,35,13,604,402,480.99,28,3204
6536,2024-01-22,37,4,600,402,65.1,80,14514
6537,2023-07-11,100,12,601,402,182.21,61,13403
6538,2023-05-10,96,1,600,402,343.88,15,4154
6539,2022-02-25,23,15,601,403,381.99,88,3086
6540,2023-03-24,80,7,603,402,240.65,80,12211
6541,2024-11-25,41,13,602,403,57.65,77,14897
6542,2022-01-23,29,2,600,402,400.21,80,7622
6543,2024-12-12,44,15,600,400,291.18,25,11427
6544,2024-09-10,8,11,602,402,220.38,29,3365
6545,2025-04-01,54,14,603,401,448.82,95,9741
6546,2024-11-18,1,5,600,401,251.79,82,13367
6547,2025-05-20,28,8,605,401,447.03,85,9874
6548,2023-01-25,46,14,601,401,140.95,23,5447
6549,2023-09-09,61,9,603,402,279.43,7,2891
6550,2023-01-08,26,4,602,403,318.28,55,13488
6551,2024-02-01,86,14,601,400,407.28,94,11953
6552,2022-12-21,14,11,603,403,405.15,10,14446
6553,2025-04-18,6,9,600,403,396.0,67,14894
6554,2025-01-20,60,9,603,401,209.41,66,3125
6555,2023-08-15,52,9,601,400,155.24,52,6064
6556,2024-07-11,48,2,603,401,414.79,9,4830
6557,2023-04-10,93,7,605,400,325.3,56,5964
6558,2024-11-14,71,11,602,403,453.91,8,6498
6559,2022-05-20,84,3,604,400,60.54,75,8905
6560,2022-06-05,94,1,603,402,298.7,35,12692
6561,2024-08-24,73,15,605,401,432.57,39,7630
6562,2022-10-08,79,13,600,402,453.58,76,11517
6563,2023-07-24,39,11,600,403,311.74,77,12267
6564,2022-04-17,77,7,600,401,88.41,66,8346
6565,2023-05-14,59,14,603,403,340.4,35,14100
6566,2022-03-08,12,5,605,401,290.52,92,7560
6567,2024-11-21,92,15,603,403,70.2,42,8272
6568,2022-12-14,69,6,603,400,251.89,99,2849
6569,2024-04-15,46,1,604,403,431.82,37,8344
6570,2022-10-22,32,14,604,403,245.76,24,9696
6571,2024-05-11,3,8,600,401,245.59,24,1096
6572,2022-04-20,81,10,604,402,379.84,28,4372
6573,2022-03-02,37,5,605,403,280.02,59,3025
6574,2022-05-18,56,6,602,401,59.49,5,2522
6575,2023-07-12,77,5,600,401,497.42,70,14215
6576,2023-12-07,53,13,602,403,340.23,30,221
6577,2023-01-06,73,9,600,402,246.96,66,2058
6578,2024-06-10,77,10,603,402,147.4,27,2216
6579,2024-03-08,100,5,605,402,490.13,13,2331
6580,2022-11-09,52,1,604,400,360.68,90,14430
6581,2025-06-11,95,3,600,402,484.5,63,13691
6582,2023-09-29,18,14,600,402,174.9,64,6543
6583,2022-01-26,52,5,600,403,148.19,24,10305
6584,2023-09-14,90,12,600,403,346.94,49,6202
6585,2024-08-20,93,9,604,402,267.34,22,9125
6586,2025-03-24,42,8,603,403,235.81,65,4497
6587,2023-07-06,45,5,605,403,57.03,11,184
6588,2023-08-23,11,2,602,400,413.85,42,4276
6589,2022-04-10,44,8,600,403,386.22,32,13197
6590,2024-12-12,17,12,601,401,294.3,8,8307
6591,2023-06-19,83,12,605,402,356.36,20,8876
6592,2023-10-15,55,12,602,401,94.61,81,11075
6593,2025-04-24,76,8,605,402,260.52,54,11321
6594,2025-03-13,42,14,603,403,478.33,16,13415
6595,2024-04-16,41,6,603,400,204.82,32,4771
6596,2025-01-30,89,3,601,400,303.74,54,7031
6597,2023-04-28,22,13,600,400,347.58,39,2367
6598,2022-09-05,5,6,601,402,493.22,84,4389
6599,2022-07-07,44,11,602,403,150.28,26,6874
6600,2024-07-09,63,15,601,400,416.35,48,7079
6601,2024-07-31,66,2,601,400,422.37,48,5453
6602,2022-07-07,52,8,602,401,384.66,5,10226
6603,2025-03-25,32,14,605,402,93.42,19,1491
6604,2022-04-07,6,3,604,403,97.3,98,12580
6605,2024-10-26,5,14,605,400,362.61,27,13073
6606,2024-11-04,63,14,601,400,443.61,9,3836
6607,2025-01-16,66,10,602,403,218.68,52,6982
6608,2023-05-13,33,8,601,401,245.31,73,11771
6609,2023-07-07,36,13,602,403,266.91,68,6372
6610,2023-03-06,41,10,600,400,97.33,90,4833
6611,2024-01-24,64,10,601,402,330.88,99,13959
6612,2022-05-14,79,13,604,400,171.98,23,7487
6613,2022-09-25,33,9,605,403,143.78,25,6436
6614,2024-12-20,30,3,601,400,313.98,48,11566
6615,2024-08-01,4,15,601,400,364.01,63,5669
6616,2025-01-28,18,11,603,403,146.84,83,2710
6617,2022-08-03,57,4,602,400,59.41,13,12683
6618,2023-02-08,96,5,600,402,184.19,37,6929
6619,2024-04-02,62,8,601,403,382.33,5,7142
6620,2023-10-03,73,4,604,403,441.36,92,9475
6621,2022-12-27,16,2,602,401,221.49,39,8200
6622,2023-11-20,96,10,601,401,377.38,93,5789
6623,2024-07-14,61,10,604,400,462.7,74,7539
6624,2024-11-28,10,9,605,400,250.93,70,13230
6625,2024-04-30,88,13,603,403,469.89,60,8166
6626,2024-07-18,45,13,604,400,195.29,80,8603
6627,2024-05-25,35,15,601,401,251.96,89,7951
6628,2023-03-14,33,11,601,403,301.25,14,9994
6629,2023-05-11,50,3,605,403,261.41,53,13912
6630,2023-04-27,28,6,602,402,169.49,47,5008
6631,2022-03-19,89,2,605,402,340.04,75,1857
6632,2023-01-16,85,6,602,403,379.08,67,4555
6633,2025-01-12,68,4,602,403,325.7,96,10339
6634,2025-05-03,47,7,602,403,217.23,7,12483
6635,2024-03-10,32,13,605,401,417.21,35,9611
6636,2024-02-17,90,9,602,400,189.21,68,13026
6637,2022-02-11,84,12,601,402,422.74,13,14452
6638,2024-02-07,37,1,604,400,118.43,99,8905
6639,2022-11-25,64,10,602,401,135.52,7,6348
6640,2025-02-19,29,12,600,403,481.37,70,2860
6641,2024-05-09,62,8,601,403,265.31,26,5010
6642,2024-10-01,87,11,600,401,161.26,71,4721
6643,2023-08-11,60,15,601,402,258.4,31,7940
6644,2023-10-29,95,6,601,401,348.55,27,3871
6645,2024-02-14,39,6,604,403,409.42,21,5613
6646,2024-03-12,19,8,605,402,205.63,77,6089
6647,2023-04-23,9,3,603,400,61.23,37,11658
6648,2023-06-15,99,9,600,401,390.72,12,14693
6649,2022-02-15,7,3,604,403,231.66,100,9236
6650,2025-04-15,74,2,605,403,304.13,41,10140
6651,2022-06-28,16,4,603,400,106.74,67,7650
6652,2022-09-08,51,5,605,402,269.9,74,6464
6653,2023-02-23,68,7,601,402,271.53,36,366
6654,2022-03-23,53,8,601,400,66.69,7,4157
6655,2022-03-13,49,9,603,402,318.9,33,5985
6656,2022-05-25,33,13,602,403,116.95,63,11059
6657,2022-08-19,31,5,602,402,180.11,11,822
6658,2024-07-05,68,11,603,400,286.84,93,8930
6659,2024-10-09,98,4,601,401,86.69,60,14912
6660,2024-05-19,35,10,604,403,374.11,5,6036
6661,2022-09-13,58,12,601,402,251.11,45,5386
6662,2024-08-22,47,10,604,402,384.64,18,8375
6663,2022-05-05,39,2,601,400,135.06,61,8325
6664,2022-11-21,60,5,604,401,272.02,68,8958
6665,2023-12-01,25,5,605,401,195.63,77,6099
6666,2024-07-11,53,1,603,403,352.44,13,9981
6667,2023-08-11,18,10,603,402,419.27,92,12315
6668,2025-06-25,9,8,605,402,190.68,58,3852
6669,2022-03-02,12,11,604,400,81.81,98,6251
6670,2022-09-21,80,1,604,401,488.93,90,14521
6671,2022-01-13,97,15,600,403,342.47,28,1017
6672,2023-03-12,26,6,601,401,192.29,86,2779
6673,2023-01-07,87,5,604,400,358.22,69,3181
6674,2022-04-05,70,7,605,402,455.62,24,6685
6675,2022-06-04,30,14,601,403,64.87,56,3499
6676,2022-12-14,24,11,602,400,370.52,67,4949
6677,2022-09-09,47,3,604,402,340.5,59,9972
6678,2022-03-19,73,13,603,401,451.12,80,13643
6679,2023-02-13,25,5,601,403,188.45,65,7760
6680,2024-01-31,69,1,600,402,404.29,56,139
6681,2024-11-27,77,13,603,401,412.38,42,11330
6682,2022-04-17,38,3,604,403,404.32,31,1927
6683,2023-12-12,31,11,600,401,190.26,10,8682
6684,2023-09-19,23,3,600,403,89.75,29,379
6685,2024-02-17,94,15,602,401,59.63,56,9180
6686,2022-05-19,57,13,604,403,359.39,41,1180
6687,2023-04-04,22,9,601,403,273.59,58,1207
6688,2024-11-11,25,2,604,400,439.64,37,11381
6689,2023-01-31,34,11,600,401,471.44,17,10135
6690,2023-04-27,84,12,605,401,303.01,57,7665
6691,2024-10-18,97,13,603,403,310.93,63,6061
6692,2022-01-14,13,9,604,400,87.02,77,4207
6693,2024-06-29,17,15,603,401,373.54,5,1248
6694,2024-08-08,21,3,605,403,84.11,48,2535
6695,2023-07-31,93,6,604,401,127.11,48,2998
6696,2024-11-01,77,9,601,400,457.09,70,2525
6697,2024-05-12,47,8,602,402,93.2,58,6752
6698,2024-04-21,72,8,600,401,148.99,53,6143
6699,2023-10-09,32,14,603,403,322.06,31,9799
6700,2023-07-20,87,2,600,401,254.2,100,11200
6701,2022-08-30,28,11,601,401,215.16,9,252
6702,2025-01-30,87,12,604,401,101.63,98,7784
6703,2023-07-26,81,9,605,403,424.7,47,10612
6704,2024-09-09,76,5,603,403,460.56,53,6527
6705,2024-12-31,75,3,600,403,431.59,87,4764
6706,2024-05-28,86,4,603,401,222.68,65,7915
6707,2023-10-17,51,2,605,402,210.85,38,2743
6708,2025-01-10,98,8,603,400,63.5,57,10664
6709,2023-09-07,28,7,604,401,315.33,18,12178
6710,2024-07-04,19,6,602,400,129.86,10,3002
6711,2024-08-03,95,8,603,402,471.08,71,4236
6712,2023-01-06,28,13,604,400,472.18,13,5747
6713,2022-02-28,17,4,601,401,140.64,94,7226
6714,2022-03-28,28,10,600,400,269.86,52,10965
6715,2025-02-28,99,2,605,403,421.79,88,2378
6716,2025-06-21,80,15,604,401,484.74,72,10174
6717,2023-07-13,89,15,603,403,326.57,12,9823
6718,2023-10-14,86,5,605,403,76.07,34,10957
6719,2022-04-15,4,3,604,403,251.39,69,7419
6720,2023-05-15,33,9,602,403,394.01,15,1650
6721,2022-08-13,76,10,603,400,296.84,26,10089
6722,2022-08-12,76,4,601,402,277.76,24,7448
6723,2024-06-07,91,5,603,403,163.35,96,9637
6724,2022-09-10,20,5,605,400,361.3,87,11091
6725,2022-10-23,70,2,602,403,260.61,59,499
6726,2022-06-13,87,3,603,400,173.95,49,5528
6727,2022-01-28,71,4,600,403,310.92,41,9293
6728,2024-10-23,52,15,605,402,220.16,63,155
6729,2022-05-29,15,5,600,403,359.4,47,12816
6730,2022-07-03,39,8,601,401,312.99,77,3047
6731,2024-03-31,21,13,601,402,427.35,92,3316
6732,2022-07-05,6,5,605,402,290.4,32,261
6733,2024-09-10,34,9,600,403,433.17,11,13679
6734,2023-01-08,17,12,601,400,336.68,62,5175
6735,2023-12-08,20,5,600,401,272.82,70,3327
6736,2022-12-22,56,14,601,400,225.31,25,10335
6737,2024-12-25,37,2,604,402,259.54,6,14786
6738,2024-07-11,3,5,603,403,487.01,10,728
6739,2022-03-18,86,8,600,402,281.13,92,1793
6740,2023-01-29,34,4,603,403,325.28,29,14786
6741,2023-02-26,10,4,600,403,249.22,7,6656
6742,2024-08-16,20,13,604,400,67.35,45,5210
6743,2022-04-09,59,15,603,402,446.51,16,10540
6744,2022-11-07,51,6,605,403,119.58,37,5029
6745,2023-11-13,87,14,600,400,470.84,51,3832
6746,2024-12-02,54,13,602,403,184.79,41,12806
6747,2023-03-15,12,3,602,401,219.66,94,12966
6748,2024-10-30,44,10,600,402,235.97,53,12704
6749,2024-11-22,54,15,602,401,256.52,99,3218
6750,2023-10-14,89,12,605,401,287.78,63,12773
6751,2024-02-19,59,5,605,403,330.89,77,14084
6752,2022-01-15,78,2,601,402,405.5,42,9262
6753,2025-04-28,32,1,601,402,415.7,74,6159
6754,2025-05-18,33,4,603,402,181.05,87,1238
6755,2024-04-15,30,1,600,403,207.65,96,4334
6756,2023-02-01,43,10,601,401,276.55,19,3743
6757,2025-06-11,84,13,605,403,328.85,53,2628
6758,2024-01-02,50,9,605,402,311.02,80,1193
6759,2024-07-29,20,4,601,403,426.11,92,9857
6760,2023-04-27,2,14,605,403,227.47,52,7027
6761,2025-06-23,98,13,603,403,102.28,71,8482
6762,2024-11-20,70,4,602,402,246.25,43,9291
6763,2025-04-23,37,1,603,403,77.44,81,11692
6764,2023-11-14,24,10,603,402,168.07,80,8359
6765,2022-07-17,100,13,601,403,268.05,76,1757
6766,2023-10-10,71,8,601,401,456.17,7,13731
6767,2022-09-18,23,4,600,401,310.24,33,11799
6768,2023-04-06,89,12,603,401,201.38,68,5393
6769,2022-12-15,57,9,604,400,71.26,90,1160
6770,2025-06-08,12,13,605,400,291.1,7,5358
6771,2023-12-18,5,10,603,401,241.55,33,7140
6772,2023-01-21,93,5,605,400,127.62,44,5127
6773,2024-12-28,61,2,603,401,405.32,65,8912
6774,2023-05-05,61,3,601,403,59.59,98,13366
6775,2022-07-25,5,10,603,401,232.92,23,2279
6776,2024-05-05,35,11,602,401,231.61,52,4224
6777,2024-09-02,43,2,601,400,268.02,83,5320
6778,2023-10-17,85,8,602,403,457.71,28,7908
6779,2024-10-08,13,15,602,400,326.99,36,5900
6780,2022-04-12,24,13,600,403,478.06,67,4345
6781,2025-01-26,8,5,602,403,381.85,13,12064
6782,2022-05-15,18,4,601,401,344.53,14,7507
6783,2023-10-20,16,12,600,401,380.34,71,5916
6784,2025-05-30,24,12,604,400,143.59,87,2577
6785,2023-04-24,60,8,602,401,456.49,78,5041
6786,2023-07-15,77,8,604,400,476.11,99,10039
6787,2023-08-10,12,6,600,400,227.7,21,7906
6788,2022-02-24,86,8,602,400,291.15,6,14701
6789,2023-09-25,51,15,604,403,169.04,28,9162
6790,2023-02-14,36,12,605,403,434.58,70,3806
6791,2022-04-01,49,7,604,400,288.46,28,11151
6792,2023-01-21,42,13,604,400,430.69,74,8470
6793,2025-04-03,45,7,605,402,470.99,20,10264
6794,2025-06-05,13,2,605,401,477.23,86,1245
6795,2024-05-08,81,10,604,400,380.76,71,7448
6796,2023-02-26,9,7,604,401,138.11,30,5241
6797,2024-09-04,76,13,603,402,320.53,44,3483
6798,2024-10-10,75,15,604,403,146.04,66,548
6799,2023-07-24,41,12,605,401,431.56,77,1468
6800,2025-02-03,17,11,601,402,456.76,62,7600
6801,2024-12-20,40,11,604,400,77.27,88,11833
6802,2022-04-09,35,14,605,401,66.51,70,1124
6803,2024-11-07,78,6,605,402,336.27,87,6621
6804,2024-02-27,92,3,600,400,71.55,100,7493
6805,2024-05-26,83,13,603,403,172.31,55,173
6806,2023-09-09,75,6,602,400,458.2,9,5809
6807,2024-12-26,9,13,605,402,335.98,62,11146
6808,2023-04-19,78,13,600,401,457.0,10,8407
6809,2024-08-11,31,10,602,402,470.82,59,6570
6810,2023-07-28,3,1,602,400,256.5,19,415
6811,2024-01-16,80,8,604,401,190.11,43,6813
6812,2022-10-27,64,7,603,403,189.09,98,9000
6813,2024-07-12,24,5,600,401,434.83,69,4442
6814,2025-05-27,56,7,600,402,372.66,58,11084
6815,2025-02-22,45,12,605,400,86.35,33,5885
6816,2022-10-18,45,6,601,403,393.68,23,11296
6817,2023-07-04,4,14,600,402,281.13,93,2886
6818,2022-02-04,56,4,605,401,267.87,85,2581
6819,2023-09-14,5,5,604,400,289.42,22,4422
6820,2024-05-24,96,13,602,401,344.32,78,10638
6821,2022-02-25,37,14,601,402,315.17,91,10993
6822,2022-09-10,27,2,605,403,277.73,21,4772
6823,2025-04-18,3,6,605,401,113.1,36,8701
6824,2024-07-16,76,9,600,403,245.1,8,1753
6825,2024-06-13,39,1,604,401,328.06,96,11927
6826,2025-02-11,80,9,605,402,260.47,79,11886
6827,2023-08-03,64,2,605,402,104.44,16,6886
6828,2022-09-02,70,11,603,403,95.11,18,968
6829,2022-05-30,64,1,604,402,492.53,30,5105
6830,2022-01-27,31,8,603,400,247.59,40,12412
6831,2022-12-19,11,14,604,401,429.5,66,9057
6832,2024-04-12,16,15,601,400,124.24,84,14966
6833,2022-06-20,100,1,600,401,393.53,90,4840
6834,2023-11-06,81,2,604,401,346.15,100,13466
6835,2025-02-22,5,13,600,402,250.63,68,4383
6836,2024-01-29,87,9,600,400,310.08,29,7836
6837,2023-01-29,46,13,600,403,52.72,65,8023
6838,2025-05-03,58,2,602,403,316.35,74,11792
6839,2024-12-21,95,5,602,401,275.21,100,3336
6840,2022-04-10,47,14,601,400,60.25,82,2486
6841,2024-06-01,1,1,601,402,115.27,83,14304
6842,2023-03-27,50,5,603,403,499.64,15,1608
6843,2022-01-05,87,7,605,401,406.42,70,13837
6844,2024-12-02,41,11,601,402,235.46,55,4436
6845,2023-05-27,69,13,600,400,153.04,53,9568
6846,2025-01-05,67,12,601,400,458.93,60,7803
6847,2022-04-27,21,1,602,403,470.82,53,10149
6848,2024-02-10,27,2,602,403,273.36,91,11619
6849,2024-09-20,42,9,603,402,243.33,24,4855
6850,2024-01-06,61,4,601,400,266.78,52,8733
6851,2024-09-04,92,8,605,400,408.05,75,12466
6852,2024-12-23,85,5,604,401,362.1,33,13457
6853,2024-11-06,64,6,604,403,281.99,84,10187
6854,2024-07-09,51,9,605,403,318.38,54,5737
6855,2023-11-08,32,10,604,402,373.59,65,12987
6856,2024-07-25,60,10,602,402,233.47,81,9108
6857,2022-11-03,74,10,603,402,168.03,23,6744
6858,2023-10-16,67,11,600,401,322.27,22,11493
6859,2022-01-10,33,13,600,400,114.56,63,6647
6860,2023-12-22,24,3,603,403,335.67,23,13064
6861,2023-03-02,83,13,601,402,431.08,53,7955
6862,2023-03-11,23,9,602,403,145.54,81,13324
6863,2023-07-07,84,5,600,403,433.51,17,4940
6864,2022-04-14,64,14,605,402,112.73,29,7521
6865,2024-01-27,21,14,605,402,237.41,81,6811
6866,2023-10-30,67,6,603,402,156.28,86,6672
6867,2025-05-20,30,4,605,400,289.27,25,10869
6868,2023-07-05,51,4,604,403,489.85,55,6425
6869,2023-06-15,18,5,600,403,484.63,40,3126
6870,2023-02-02,13,5,600,403,80.74,65,5042
6871,2022-02-01,6,10,603,401,443.59,92,14824
6872,2023-02-24,77,2,603,403,122.71,64,1557
6873,2024-06-26,10,13,601,401,107.83,94,8844
6874,2024-01-13,81,6,601,401,143.62,48,12541
6875,2024-09-29,71,9,604,403,207.9,77,14305
6876,2023-09-25,43,2,601,401,363.24,29,13892
6877,2022-06-26,36,2,602,400,313.09,45,10141
6878,2022-05-21,70,9,605,402,100.31,13,14329
6879,2023-08-06,34,6,603,400,185.34,66,4360
6880,2024-11-29,99,10,605,401,330.08,40,5805
6881,2022-09-11,47,15,605,400,258.4,52,11137
6882,2025-04-13,37,1,605,402,80.17,82,14264
6883,2025-01-20,97,7,604,403,261.77,55,7581
6884,2025-04-27,60,15,602,401,295.43,94,10970
6885,2025-06-10,55,10,602,403,348.74,74,1813
6886,2025-02-12,55,1,605,400,150.79,98,1555
6887,2022-01-25,52,12,604,402,343.13,85,2823
6888,2023-05-21,64,8,603,401,318.88,17,3910
6889,2025-02-25,68,5,605,401,60.13,100,4246
6890,2024-07-31,92,15,604,403,485.44,21,6776
6891,2024-08-09,5,2,600,400,92.79,7,7999
6892,2024-06-09,92,9,603,400,418.81,70,3381
6893,2022-11-20,18,12,605,402,189.53,32,4689
6894,2023-10-28,15,2,602,401,65.26,58,3484
6895,2025-04-20,80,11,601,402,263.93,54,7278
6896,2024-02-24,66,11,600,403,249.59,19,3848
6897,2022-08-23,43,12,604,401,146.57,68,1751
6898,2024-04-09,78,7,604,400,242.04,90,9762
6899,2023-09-22,60,2,602,403,304.83,98,13217
6900,2025-04-05,57,15,605,403,183.98,51,5141
6901,2024-01-18,44,15,600,400,123.78,66,6781
6902,2022-01-18,51,14,601,401,240.43,22,2836
6903,2022-05-12,18,5,600,403,480.24,90,6551
6904,2023-06-22,73,1,603,403,446.38,60,9272
6905,2022-12-20,14,11,604,401,285.81,28,10618
6906,2022-06-23,32,4,602,403,437.08,7,10043
6907,2022-08-01,84,15,605,402,177.17,95,7419
6908,2024-04-25,45,3,604,401,77.26,62,3014
6909,2022-12-21,77,1,601,401,116.84,30,5400
6910,2024-07-21,26,10,603,400,123.61,86,5919
6911,2024-10-17,34,2,600,403,441.13,27,6493
6912,2022-12-05,94,15,601,401,241.02,9,6825
6913,2023-11-11,10,1,603,402,358.71,70,304
6914,2023-12-31,82,9,601,402,166.43,41,6279
6915,2023-03-10,43,12,600,403,71.1,25,9504
6916,2025-04-10,59,8,602,400,57.04,17,11726
6917,2025-06-08,1,3,600,401,173.8,36,1348
6918,2025-02-10,86,10,600,400,185.72,86,14463
6919,2022-12-22,54,2,602,403,247.98,20,11659
6920,2024-08-22,77,7,600,400,314.58,83,1387
6921,2022-12-28,61,13,602,401,451.5,58,12115
6922,2022-07-19,58,5,602,400,385.26,83,10458
6923,2023-05-04,1,2,603,402,244.14,7,3567
6924,2025-04-28,96,15,601,402,174.33,67,216
6925,2024-05-01,97,10,602,401,103.23,45,1603
6926,2023-11-29,35,9,602,401,337.12,98,4265
6927,2023-10-18,49,1,605,402,271.1,66,6108
6928,2023-02-24,98,2,605,400,201.09,28,1475
6929,2024-09-28,39,1,603,401,404.33,41,489
6930,2023-01-06,93,5,603,402,311.62,93,8673
6931,2024-07-30,96,5,605,403,351.73,71,611
6932,2024-07-14,33,5,605,400,340.26,99,7473
6933,2024-11-24,22,9,600,400,119.35,93,320
6934,2022-09-09,17,11,601,403,240.22,44,12876
6935,2024-02-04,91,12,605,401,319.22,21,14271
6936,2024-02-09,34,6,601,403,495.42,62,12414
6937,2025-01-05,59,3,604,401,312.04,67,12678
6938,2024-12-12,87,6,604,403,80.08,66,14813
6939,2022-05-03,79,13,603,400,392.84,82,9008
6940,2024-10-18,89,4,604,402,93.92,14,8058
6941,2024-08-13,35,11,604,401,404.21,59,4777
6942,2025-05-14,47,14,604,402,242.06,33,10191
6943,2024-08-19,62,7,603,401,284.57,10,10377
6944,2025-05-25,75,14,601,401,121.58,100,13442
6945,2023-05-13,6,15,601,401,454.93,27,841
6946,2022-07-21,61,2,600,400,443.23,85,1821
6947,2025-03-19,17,3,601,402,307.33,28,4578
6948,2022-05-31,54,14,602,401,50.88,58,1403
6949,2023-10-06,70,13,602,400,445.1,87,124
6950,2022-10-02,46,14,601,402,427.0,64,9607
6951,2024-12-30,24,11,602,403,84.93,18,6559
6952,2023-10-14,85,15,600,400,210.12,39,1346
6953,2023-03-01,9,5,602,400,161.35,45,6030
6954,2023-05-09,45,2,603,400,299.44,82,5109
6955,2025-05-31,62,3,601,401,369.22,26,8943
6956,2025-04-17,50,15,605,400,308.49,80,2867
6957,2024-12-06,71,8,600,401,134.64,96,13854
6958,2024-05-02,53,4,603,403,448.72,44,11181
6959,2024-07-18,11,7,602,403,456.08,51,9407
6960,2022-06-11,72,4,603,400,395.16,58,1649
6961,2023-05-25,26,10,604,403,328.06,32,10287
6962,2024-02-18,44,12,604,402,268.81,59,6426
6963,2022-09-01,18,13,602,403,366.93,77,14864
6964,2025-04-01,28,11,601,402,479.91,92,12253
6965,2022-04-06,82,11,604,401,374.86,44,2301
6966,2022-03-06,8,7,600,400,459.49,31,2187
6967,2025-03-03,16,12,605,401,135.17,20,11342
6968,2024-08-26,96,4,603,402,463.33,94,8903
6969,2022-04-21,74,11,602,403,184.37,78,12232
6970,2023-09-29,88,15,603,402,268.77,96,11631
6971,2025-02-06,97,5,600,403,133.67,48,6733
6972,2025-01-11,94,1,603,402,417.07,24,12474
6973,2024-09-16,41,6,603,403,98.93,27,14728
6974,2022-02-17,71,2,602,402,343.03,86,3681
6975,2025-05-30,56,12,605,401,166.02,91,14177
6976,2024-09-18,40,10,602,400,169.01,49,2689
6977,2022-10-06,16,6,603,401,67.49,47,10296
6978,2024-04-02,37,2,601,400,439.12,86,10097
6979,2022-12-23,65,5,601,400,441.08,67,4153
6980,2022-12-11,44,9,602,400,163.63,69,1852
6981,2023-12-23,48,7,602,401,252.65,22,10265
6982,2024-12-24,15,8,605,403,109.73,56,6093
6983,2025-02-28,19,1,601,403,482.58,6,5032
6984,2022-02-10,86,10,605,400,135.66,50,6883
6985,2022-01-09,75,6,604,403,81.03,70,304
6986,2023-02-12,79,9,603,400,312.51,11,10489
6987,2025-01-07,60,2,605,402,120.14,64,9262
6988,2022-05-24,92,10,602,401,441.72,5,8140
6989,2025-04-04,34,9,605,401,373.67,64,9225
6990,2022-01-07,21,6,603,402,254.5,32,1009
6991,2023-06-03,82,3,601,401,310.2,64,3292
6992,2025-04-29,11,12,605,400,363.36,92,3191
6993,2023-05-29,79,14,601,402,92.95,99,14214
6994,2023-05-11,4,12,604,403,412.87,27,964
6995,2022-08-19,38,10,602,400,224.24,90,442
6996,2024-06-10,4,3,601,402,287.59,57,5799
6997,2024-10-20,86,4,603,401,402.76,84,10023
6998,2023-06-24,24,6,605,401,385.4,57,11515
6999,2023-11-26,96,9,601,403,333.63,61,9169
7000,2024-10-14,75,5,602,401,421.0,37,8636
7001,2024-12-12,1,8,605,402,161.66,43,4389
7002,2023-01-19,69,5,601,401,450.81,61,2575
7003,2022-06-04,23,14,604,401,225.73,87,7146
7004,2022-07-14,10,15,601,400,238.65,88,14108
7005,2024-05-05,44,5,603,402,478.03,43,9944
7006,2022-05-26,72,4,602,402,135.11,16,3334
7007,2023-02-12,84,10,605,402,65.58,91,5802
7008,2023-12-21,11,8,602,401,402.16,94,477
7009,2022-02-19,1,6,601,400,207.86,70,7113
7010,2025-01-08,6,2,602,400,275.74,89,2999
7011,2025-05-01,14,15,603,401,362.66,27,2877
7012,2023-08-01,24,4,604,402,291.03,25,449
7013,2024-10-07,10,13,602,403,293.43,48,3031
7014,2024-10-25,99,8,600,402,264.81,84,1087
7015,2023-07-26,86,10,605,400,308.39,5,10696
7016,2022-04-21,83,13,605,400,167.3,48,2114
7017,2024-05-16,24,1,602,400,172.4,53,14380
7018,2022-05-07,30,5,604,403,235.29,26,13271
7019,2024-12-12,26,3,601,401,201.99,76,10693
7020,2022-06-22,79,9,602,402,220.6,18,7224
7021,2025-03-25,71,8,601,402,274.68,77,8302
7022,2022-07-20,77,6,600,403,287.54,99,4981
7023,2025-06-25,16,9,603,402,188.25,66,11217
7024,2025-02-27,41,2,602,400,487.0,98,12844
7025,2024-02-28,52,4,600,400,264.76,55,2243
7026,2023-08-01,31,2,604,402,486.31,14,3946
7027,2024-01-27,52,1,600,402,227.11,13,3226
7028,2025-05-07,19,6,600,400,137.14,17,7125
7029,2022-09-01,47,5,602,401,52.02,72,6146
7030,2024-08-15,35,7,600,401,283.72,91,8752
7031,2024-12-16,67,14,601,403,413.38,93,11514
7032,2022-04-25,91,6,603,401,185.4,67,1412
7033,2023-06-21,17,14,602,401,112.65,60,6269
7034,2022-05-23,52,10,600,400,473.16,53,5074
7035,2023-12-11,81,7,600,400,140.02,97,14252
7036,2025-01-09,29,9,604,400,58.19,40,1054
7037,2023-11-16,88,11,601,403,333.96,81,2746
7038,2022-07-12,1,2,603,402,189.28,15,7067
7039,2024-10-04,3,1,605,403,436.35,83,13613
7040,2023-05-14,11,10,600,401,436.59,53,7824
7041,2025-02-13,14,9,601,401,348.76,61,10155
7042,2023-06-11,93,5,603,401,115.47,91,1976
7043,2022-03-12,73,11,602,402,333.65,87,2911
7044,2023-11-01,10,2,604,402,499.15,68,4579
7045,2022-08-01,29,10,601,401,239.12,79,8246
7046,2023-01-30,90,10,601,401,233.79,30,845
7047,2023-10-08,94,9,603,401,408.42,23,10785
7048,2023-07-10,16,7,601,401,409.85,11,10574
7049,2023-08-01,29,11,604,401,314.62,18,4005
7050,2022-09-30,15,14,602,400,194.09,18,5957
7051,2023-03-09,52,8,605,402,277.44,97,9135
7052,2024-04-15,98,3,600,400,453.97,73,6266
7053,2025-02-07,74,7,600,403,182.6,72,9438
7054,2025-02-21,73,10,600,401,378.2,94,13138
7055,2024-03-31,83,9,603,402,470.43,75,10762
7056,2023-07-29,31,11,603,402,382.57,16,2451
7057,2025-06-07,53,15,602,400,336.81,81,6046
7058,2022-07-09,28,1,601,400,131.63,50,1042
7059,2025-01-12,70,12,605,401,315.22,32,2375
7060,2024-10-26,30,8,603,400,82.11,33,1826
7061,2023-06-20,62,10,601,403,168.88,63,5717
7062,2022-11-02,80,12,604,401,386.43,57,3972
7063,2024-09-30,44,1,604,400,446.08,20,3490
7064,2024-02-22,48,13,603,401,264.96,96,5534
7065,2024-07-13,95,2,603,401,273.67,36,4722
7066,2023-10-26,12,15,602,402,431.34,31,8266
7067,2022-01-27,33,10,604,401,228.39,39,12662
7068,2024-11-27,32,9,602,400,392.41,75,168
7069,2022-05-30,80,3,603,400,296.97,47,11635
7070,2024-08-15,99,11,603,401,352.57,36,451
7071,2024-01-05,60,9,603,403,359.89,94,9695
7072,2025-06-16,74,3,601,402,357.24,46,5179
7073,2023-07-28,23,12,605,402,95.33,18,5376
7074,2023-07-20,9,7,601,402,350.01,48,9814
7075,2024-08-07,19,5,600,403,167.29,25,12866
7076,2023-11-14,62,3,603,402,71.14,43,14343
7077,2025-03-09,37,14,600,403,378.19,37,5649
7078,2022-08-29,20,1,600,401,92.48,22,12729
7079,2024-05-19,69,5,605,401,445.83,82,7931
7080,2022-08-09,54,7,601,403,224.76,86,3956
7081,2024-04-23,100,12,602,401,205.75,30,956
7082,2023-10-11,77,7,601,402,422.5,54,4129
7083,2023-01-10,12,7,601,402,487.28,95,14774
7084,2023-07-15,43,2,601,403,497.19,76,9228
7085,2023-09-05,27,12,600,403,237.19,49,13765
7086,2022-04-01,74,2,604,400,52.0,13,2919
7087,2023-09-04,42,7,602,400,253.37,44,1947
7088,2024-12-01,24,13,604,401,276.64,19,6773
7089,2024-09-28,1,4,602,401,94.98,100,12316
7090,2025-06-10,2,12,603,403,202.34,26,4182
7091,2025-01-17,92,10,602,403,331.16,74,5833
7092,2023-02-27,16,14,601,400,275.93,33,1484
7093,2023-06-15,89,6,604,403,61.54,39,5629
7094,2023-06-08,39,1,605,400,376.87,43,1548
7095,2025-03-02,62,12,605,401,239.68,57,6601
7096,2023-04-25,44,13,600,401,195.95,53,7920
7097,2024-08-07,91,7,602,403,200.0,75,8863
7098,2023-10-05,7,5,600,400,425.79,82,12979
7099,2023-05-10,85,2,603,403,135.95,88,13464
7100,2023-05-03,47,14,604,401,242.64,48,7663
7101,2025-03-25,88,9,603,402,101.27,17,14845
7102,2024-07-04,75,14,605,401,127.29,95,6180
7103,2025-04-19,28,6,604,400,64.2,47,10545
7104,2024-01-28,98,13,601,402,160.27,45,9453
7105,2022-07-10,94,11,605,402,276.6,85,3944
7106,2023-10-21,12,8,603,401,152.64,17,2655
7107,2024-11-27,87,1,601,401,175.79,37,13680
7108,2022-05-23,20,9,604,401,350.37,99,872
7109,2023-08-11,66,8,600,403,465.16,76,6807
7110,2024-03-11,24,13,603,400,197.48,70,2009
7111,2023-08-14,26,1,604,403,230.26,60,3031
7112,2024-09-07,100,11,600,400,274.07,15,11580
7113,2025-06-15,5,2,605,403,64.98,12,13869
7114,2024-11-09,82,11,600,401,102.68,23,12470
7115,2022-03-07,95,14,600,401,263.19,34,8792
7116,2025-04-08,87,14,605,401,289.4,83,2934
7117,2022-03-15,20,11,603,402,138.25,23,3243
7118,2022-08-09,98,5,601,400,149.48,44,4571
7119,2023-01-21,7,14,605,400,338.12,87,1548
7120,2022-01-21,22,6,602,401,338.89,72,12595
7121,2023-10-20,2,9,603,401,414.05,40,11074
7122,2023-08-28,29,2,605,403,475.8,76,11236
7123,2024-02-20,19,7,604,401,120.13,5,7202
7124,2025-03-21,62,14,601,401,282.99,78,10050
7125,2023-10-12,67,6,605,402,182.8,30,7195
7126,2022-09-24,94,4,601,403,136.29,14,12684
7127,2022-12-26,87,13,602,401,419.24,38,2881
7128,2025-04-06,75,13,600,400,233.24,96,4036
7129,2022-11-15,51,6,603,402,288.82,35,4123
7130,2025-06-01,84,9,602,403,301.19,95,4450
7131,2024-08-12,78,10,603,402,245.54,87,858
7132,2023-07-19,21,2,602,401,412.36,65,891
7133,2023-09-05,52,3,600,401,468.76,20,14885
7134,2025-04-24,86,1,602,402,433.89,65,9684
7135,2024-10-02,37,9,601,403,226.91,29,3583
7136,2023-04-25,89,2,601,401,213.74,44,1271
7137,2024-12-23,96,4,603,403,326.15,73,12311
7138,2024-02-25,60,9,603,400,100.4,85,2224
7139,2024-08-07,13,3,600,402,160.82,54,8022
7140,2022-07-20,17,9,605,400,379.61,66,2004
7141,2025-02-26,45,3,602,403,463.05,17,3951
7142,2022-08-11,98,2,604,403,330.62,5,4471
7143,2023-01-13,46,2,600,403,386.24,93,10336
7144,2024-08-20,20,12,602,400,256.78,92,1656
7145,2023-01-02,49,8,601,401,367.82,10,11921
7146,2023-06-16,7,8,604,402,326.35,93,2945
7147,2022-06-28,29,11,604,402,181.27,58,3233
7148,2023-12-25,52,8,601,402,246.82,5,758
7149,2024-05-25,37,10,602,403,431.08,69,8530
7150,2023-05-03,97,5,602,401,139.6,24,12775
7151,2023-04-10,54,1,604,403,297.2,41,10581
7152,2022-02-26,42,12,602,400,426.23,20,12049
7153,2024-09-19,9,5,603,403,291.27,90,2508
7154,2023-01-19,82,11,603,400,81.23,86,7821
7155,2024-02-04,85,2,604,400,355.33,86,2145
7156,2022-03-30,54,15,603,403,458.04,98,12794
7157,2022-06-21,60,12,602,400,338.32,55,3869
7158,2025-04-17,14,11,604,401,467.64,40,4569
7159,2025-03-03,17,9,601,401,487.43,59,12466
7160,2024-12-02,82,6,600,403,237.38,13,13083
7161,2023-08-16,22,6,603,400,304.76,36,2029
7162,2023-04-19,1,8,603,402,256.96,74,7542
7163,2022-10-12,94,1,600,401,224.5,62,9359
7164,2022-09-26,29,2,605,403,368.34,35,14541
7165,2023-03-11,99,3,603,402,158.99,89,2150
7166,2024-03-31,17,8,601,402,490.1,43,14994
7167,2023-08-27,59,2,603,403,492.89,84,6609
7168,2024-03-23,62,11,601,401,207.13,77,11967
7169,2022-09-08,24,2,602,403,409.52,87,2245
7170,2024-01-01,91,1,601,403,191.84,33,10903
7171,2022-05-31,76,14,601,402,187.3,23,2013
7172,2023-09-16,76,12,602,403,294.88,93,11214
7173,2022-09-03,30,12,605,402,227.79,6,10623
7174,2023-02-04,11,4,604,403,314.3,39,11280
7175,2022-06-10,100,11,601,401,117.53,80,12982
7176,2024-10-05,68,12,605,401,363.77,94,6205
7177,2023-03-17,69,12,602,402,314.22,99,3176
7178,2022-10-03,47,8,602,402,418.72,70,2119
7179,2024-01-17,51,5,605,403,192.97,26,8266
7180,2022-10-03,58,8,601,403,121.91,57,132
7181,2025-02-15,29,6,603,403,151.69,44,12364
7182,2023-10-12,11,10,605,402,334.31,36,2921
7183,2024-09-24,51,3,604,400,360.32,43,776
7184,2024-08-15,88,12,605,402,131.65,80,3468
7185,2022-07-08,4,10,602,402,385.46,83,908
7186,2022-01-05,66,15,602,402,347.43,77,3706
7187,2024-01-27,20,9,602,401,479.42,36,8066
7188,2025-02-20,27,12,602,402,173.95,83,14472
7189,2022-09-29,86,15,603,401,365.96,52,7642
7190,2022-02-23,52,5,602,402,473.18,36,9809
7191,2024-06-02,38,4,603,402,73.9,64,108
7192,2022-08-05,87,12,600,402,445.03,42,2071
7193,2023-01-07,75,8,600,403,129.06,78,9617
7194,2024-08-21,50,6,605,401,70.26,38,13580
7195,2025-03-07,21,15,604,402,330.76,94,7757
7196,2025-01-07,47,15,605,402,397.96,41,2244
7197,2024-01-08,65,9,601,401,475.04,39,4096
7198,2024-12-10,59,14,603,400,183.34,53,5591
7199,2023-02-17,78,5,603,402,279.35,98,9329
7200,2024-06-01,23,3,600,402,454.71,86,7324
7201,2022-01-20,36,14,604,400,144.77,33,4724
7202,2023-06-28,42,3,600,401,259.26,65,3177
7203,2023-12-06,29,11,604,402,435.26,70,6442
7204,2023-08-29,72,15,604,401,437.36,24,6633
7205,2022-01-20,39,7,604,403,331.18,78,795
7206,2025-06-04,88,15,604,401,365.44,39,8608
7207,2022-06-16,78,8,604,401,482.93,38,12823
7208,2023-05-12,50,13,600,403,411.5,88,10729
7209,2023-01-22,30,13,605,403,186.56,95,3901
7210,2024-11-10,55,14,603,403,315.82,85,2620
7211,2023-12-07,44,14,605,400,305.79,69,14721
7212,2023-04-05,51,2,602,401,348.11,99,782
7213,2025-05-30,19,6,600,403,474.53,55,12571
7214,2025-03-03,2,8,601,403,438.35,36,3380
7215,2022-06-18,52,5,602,400,383.09,8,2678
7216,2022-11-19,46,14,601,403,101.28,35,10271
7217,2025-03-25,99,7,605,403,134.96,62,3297
7218,2024-05-05,73,14,605,401,459.19,97,11534
7219,2023-01-07,10,10,603,403,133.31,73,10637
7220,2022-07-02,96,3,603,403,441.82,8,14758
7221,2024-01-28,13,14,604,403,429.32,94,13199
7222,2025-02-19,33,4,603,401,490.01,22,2309
7223,2022-12-17,41,8,605,401,495.32,17,8636
7224,2025-06-01,20,3,603,401,400.25,65,7886
7225,2022-09-18,35,14,601,400,466.04,17,12694
7226,2024-01-12,68,15,602,402,297.11,79,4041
7227,2022-03-12,43,6,601,400,488.4,81,1757
7228,2025-03-29,85,11,603,403,335.44,40,5119
7229,2023-11-19,45,5,601,402,350.73,65,5192
7230,2025-04-25,49,5,603,400,203.24,51,13544
7231,2023-05-13,38,14,601,403,440.28,72,4097
7232,2023-04-16,70,10,603,401,121.88,74,4295
7233,2023-01-12,27,12,600,403,469.57,86,4047
7234,2025-01-06,22,10,600,402,270.15,71,9952
7235,2025-02-05,75,10,603,401,384.3,20,8242
7236,2023-01-08,5,3,605,403,183.55,54,4048
7237,2024-05-19,90,4,603,402,331.59,14,7527
7238,2024-04-21,54,9,604,400,283.9,55,13023
7239,2023-05-07,1,9,604,402,151.17,46,14092
7240,2022-07-22,29,1,604,402,355.58,36,4090
7241,2024-09-02,8,4,600,403,88.39,61,7628
7242,2024-01-15,16,14,603,402,326.37,50,9170
7243,2025-04-27,6,4,604,403,139.25,76,2909
7244,2024-06-06,13,7,604,400,358.36,96,10332
7245,2022-09-26,13,5,600,403,214.02,48,3184
7246,2023-06-15,85,13,604,403,483.01,23,3885
7247,2024-10-14,26,4,603,402,258.78,96,1134
7248,2022-04-06,76,1,603,401,439.79,19,880
7249,2022-06-25,41,11,604,400,410.43,63,626
7250,2022-11-11,16,6,605,403,486.76,34,10770
7251,2022-05-08,60,1,600,403,151.55,93,14874
7252,2025-04-03,71,8,604,403,471.73,28,6354
7253,2023-12-03,37,5,605,400,310.55,26,3461
7254,2022-01-16,99,12,602,400,126.2,35,4015
7255,2022-12-29,91,5,605,400,421.59,56,5507
7256,2025-06-19,47,14,605,403,490.06,71,12452
7257,2025-06-26,60,9,605,401,430.9,58,9544
7258,2022-04-05,36,10,600,403,229.74,10,8398
7259,2025-04-06,97,6,601,402,272.92,39,2633
7260,2024-06-22,19,5,601,402,77.61,58,12665
7261,2022-04-05,63,3,604,401,402.9,87,3976
7262,2023-06-11,73,2,600,401,243.68,27,14241
7263,2022-10-23,60,5,601,400,251.32,98,4679
7264,2023-07-05,67,1,603,401,380.78,56,3390
7265,2025-02-26,75,13,600,401,406.96,19,9546
7266,2025-06-10,80,7,605,400,50.51,94,274
7267,2024-11-20,92,3,602,403,319.22,88,1054
7268,2023-06-18,30,1,601,400,251.64,69,3316
7269,2023-06-08,6,14,603,400,80.01,21,10218
7270,2024-08-08,7,15,602,403,54.87,34,4531
7271,2022-07-26,61,9,600,400,103.25,95,11302
7272,2023-08-14,86,1,604,401,162.59,80,10730
7273,2022-03-11,69,14,603,403,175.89,70,14391
7274,2024-03-20,93,1,605,402,155.77,37,14285
7275,2022-03-20,32,9,602,400,219.04,96,14258
7276,2022-04-14,16,2,603,403,441.24,35,14120
7277,2022-12-28,97,15,600,402,406.88,84,6599
7278,2024-07-30,86,5,602,401,124.36,63,10784
7279,2024-11-11,71,10,600,402,229.13,71,1007
7280,2024-04-09,14,11,603,403,339.8,20,12939
7281,2024-10-04,86,7,605,402,450.85,31,4833
7282,2023-11-06,52,12,600,401,253.57,29,10282
7283,2024-06-22,28,11,600,403,307.76,80,12149
7284,2022-12-26,25,1,603,402,275.75,80,9684
7285,2023-07-30,44,13,601,403,413.81,61,6034
7286,2024-08-25,61,4,602,401,349.62,5,11650
7287,2023-10-31,56,11,603,400,251.72,41,12535
7288,2022-10-10,88,13,602,401,182.19,92,9280
7289,2022-05-03,95,2,605,400,446.69,26,11468
7290,2025-02-25,55,5,603,400,91.99,19,7537
7291,2023-03-15,81,2,603,400,56.09,63,1855
7292,2024-10-18,26,15,600,403,477.87,77,14467
7293,2022-09-20,51,3,603,402,199.38,74,5693
7294,2023-04-27,20,8,605,400,398.7,93,3639
7295,2023-07-12,19,14,601,400,382.6,79,4969
7296,2023-12-11,48,7,600,400,267.3,77,4868
7297,2023-09-14,32,11,605,401,231.28,46,8645
7298,2024-11-08,84,15,604,401,63.22,45,13213
7299,2023-01-31,56,4,601,402,386.75,58,2601
7300,2024-05-27,64,1,603,403,127.05,33,10197
7301,2023-04-16,25,7,602,401,487.62,46,5374
7302,2025-02-16,97,2,605,401,438.63,13,534
7303,2024-07-08,87,14,604,403,240.21,35,7965
7304,2023-02-25,3,15,605,401,385.31,92,10942
7305,2024-08-30,30,8,604,400,219.05,55,13429
7306,2024-11-10,62,4,600,403,347.97,19,1136
7307,2022-10-03,82,4,602,401,201.2,99,5068
7308,2025-05-07,32,9,600,402,119.41,16,764
7309,2024-03-16,86,12,605,401,184.5,42,959
7310,2023-01-09,21,1,605,400,480.47,76,10443
7311,2025-06-05,48,8,605,400,481.31,59,5439
7312,2022-03-30,66,6,602,402,466.92,87,7564
7313,2023-02-10,60,3,604,403,396.07,29,8606
7314,2024-07-15,45,7,605,403,248.69,28,2899
7315,2024-08-23,9,13,602,400,146.77,74,2204
7316,2023-03-18,86,7,602,403,264.29,20,14822
7317,2023-07-13,48,15,600,402,156.99,66,1401
7318,2024-12-15,54,2,600,403,379.23,94,3144
7319,2024-05-23,71,2,605,401,75.59,79,11574
7320,2022-04-22,14,8,602,403,323.87,73,13765
7321,2022-08-03,20,12,602,403,487.15,97,3902
7322,2023-08-24,12,1,602,401,442.02,33,9195
7323,2025-04-23,1,11,600,401,127.56,56,2164
7324,2024-08-29,68,1,602,402,300.86,61,11647
7325,2024-09-04,6,15,600,402,460.88,7,7528
7326,2023-05-19,44,9,603,400,411.12,46,105
7327,2022-09-26,21,4,602,400,363.45,88,13669
7328,2022-12-02,27,12,604,403,481.68,26,180
7329,2023-12-29,88,1,600,401,359.7,100,5031
7330,2024-01-30,38,4,601,401,282.73,38,14430
7331,2024-05-07,63,15,602,400,364.12,33,8354
7332,2023-09-09,14,10,601,401,163.57,56,3377
7333,2025-06-13,29,7,604,401,403.78,42,5338
7334,2023-10-19,45,7,601,402,413.09,64,12975
7335,2023-08-03,78,2,601,401,135.41,39,12184
7336,2024-01-21,37,3,604,401,73.61,63,11142
7337,2024-03-09,29,4,604,400,96.91,25,10010
7338,2024-04-29,70,1,600,400,101.84,26,1882
7339,2023-09-15,36,2,603,402,470.07,51,1692
7340,2023-08-31,83,8,600,403,215.14,63,10353
7341,2024-03-13,91,8,601,400,135.08,93,7234
7342,2023-02-14,71,6,602,403,106.06,40,335
7343,2022-08-01,45,5,604,402,408.76,31,10488
7344,2024-03-17,5,10,601,400,160.39,72,2017
7345,2024-01-30,78,6,601,401,283.94,100,10061
7346,2023-11-26,90,7,600,402,183.78,49,5517
7347,2024-11-06,59,9,605,400,453.41,17,3774
7348,2023-03-09,25,6,600,403,296.75,66,539
7349,2023-02-03,67,14,602,401,162.01,18,9043
7350,2024-05-13,42,6,605,401,317.88,55,5133
7351,2025-01-17,93,2,604,402,430.81,30,3546
7352,2022-05-10,58,3,600,402,400.61,82,5459
7353,2022-02-03,76,3,604,403,459.57,78,7990
7354,2024-02-19,78,10,605,402,486.38,83,13868
7355,2025-02-20,67,14,603,402,422.91,21,6105
7356,2022-01-10,84,10,603,401,480.89,99,9900
7357,2023-05-08,54,6,605,401,312.6,70,1924
7358,2022-03-03,64,11,604,403,315.08,87,7006
7359,2022-08-25,38,8,600,402,306.9,7,8687
7360,2024-09-11,15,7,600,400,143.5,63,5372
7361,2022-04-01,89,4,605,400,366.54,95,11364
7362,2023-05-04,72,14,601,400,356.11,94,11428
7363,2024-07-21,65,5,604,400,253.51,9,10024
7364,2023-01-31,63,8,605,402,401.44,18,4214
7365,2025-03-11,82,11,604,401,252.17,40,12609
7366,2022-02-28,6,15,601,402,397.16,14,9283
7367,2023-07-08,37,10,602,403,97.26,48,5086
7368,2024-05-01,12,9,602,400,61.48,29,10605
7369,2022-10-31,89,8,601,403,94.35,52,10845
7370,2024-01-30,93,12,604,400,250.06,51,11704
7371,2024-04-05,71,11,604,400,126.35,59,7192
7372,2024-09-02,85,3,605,400,182.3,38,8065
7373,2023-11-29,28,11,605,402,234.26,88,2525
7374,2022-03-29,83,9,601,401,69.49,18,2168
7375,2022-12-16,2,1,601,400,247.04,44,10118
7376,2023-04-15,5,9,605,400,255.13,66,2361
7377,2023-01-22,10,8,605,403,147.51,21,9135
7378,2024-08-21,79,11,602,403,213.27,65,2311
7379,2022-08-02,85,10,604,400,358.53,35,10277
7380,2024-04-11,40,1,602,403,340.31,80,2575
7381,2022-12-15,12,3,604,403,57.2,38,11689
7382,2022-01-21,94,11,600,400,385.92,97,13742
7383,2023-05-28,41,7,605,403,484.72,89,4578
7384,2025-06-02,78,4,603,401,290.17,23,11312
7385,2024-11-23,51,9,603,400,178.17,7,2311
7386,2023-04-03,30,7,601,400,59.95,37,3777
7387,2022-06-17,77,3,605,403,144.99,33,5282
7388,2023-12-04,98,4,603,402,396.06,30,3474
7389,2025-05-21,14,13,604,403,357.67,78,11936
7390,2023-05-05,85,5,604,401,389.67,31,546
7391,2022-12-22,89,11,602,401,186.2,88,13643
7392,2023-02-09,86,7,600,400,315.7,71,2453
7393,2023-02-22,100,12,605,403,254.42,18,9190
7394,2022-05-20,36,8,605,401,76.33,59,680
7395,2024-01-06,94,9,605,402,249.62,61,9530
7396,2025-01-18,33,1,605,403,408.49,82,9333
7397,2022-03-28,49,9,600,403,173.76,62,4153
7398,2022-09-25,33,8,603,400,326.44,49,14641
7399,2024-04-20,9,7,604,402,100.5,66,10109
7400,2023-01-09,36,14,605,400,87.57,69,11640
7401,2022-04-21,83,7,604,400,138.53,85,1255
7402,2025-01-02,7,6,604,401,362.06,27,10997
7403,2022-11-26,16,1,603,402,89.71,24,8011
7404,2023-06-21,20,3,600,401,309.74,86,11268
7405,2023-12-06,67,7,603,402,424.6,53,1519
7406,2023-04-19,30,5,603,403,456.61,98,8813
7407,2022-12-27,59,10,602,400,255.91,39,260
7408,2023-12-28,79,11,601,401,476.36,41,7373
7409,2023-06-29,82,5,601,402,446.51,54,3442
7410,2022-03-04,8,3,605,402,193.56,88,13170
7411,2024-01-11,96,7,601,402,259.92,24,1429
7412,2024-08-29,75,1,602,402,179.21,32,4378
7413,2025-03-25,32,1,600,403,306.42,28,9298
7414,2022-10-05,89,11,604,401,337.64,84,4427
7415,2023-08-13,69,7,601,403,229.81,99,7170
7416,2023-02-19,74,15,604,403,215.48,17,13573
7417,2022-10-19,95,11,605,402,368.15,52,5201
7418,2024-09-04,42,2,600,401,422.13,71,8068
7419,2025-05-26,80,6,604,401,134.19,52,6407
7420,2022-07-11,3,7,603,403,499.76,23,5498
7421,2023-01-12,41,11,605,403,237.14,92,14519
7422,2022-04-10,17,2,600,402,68.83,35,6268
7423,2022-03-02,66,6,602,400,174.47,8,14721
7424,2022-07-09,7,10,601,401,305.1,55,5908
7425,2023-10-15,21,11,603,401,423.14,58,1776
7426,2022-02-05,33,3,600,403,491.6,79,4127
7427,2025-06-17,24,5,601,401,137.08,29,5678
7428,2024-03-21,44,6,604,402,401.92,8,2877
7429,2022-06-06,76,9,602,403,90.63,50,9245
7430,2022-11-13,37,1,602,403,51.83,29,3882
7431,2024-03-17,18,3,602,403,345.1,96,3293
7432,2022-04-28,21,8,602,400,487.16,48,14492
7433,2023-08-30,68,3,604,401,323.96,30,3919
7434,2024-04-23,88,4,600,402,420.95,5,6396
7435,2024-10-13,54,11,601,403,134.61,45,1920
7436,2022-05-29,27,10,601,403,217.63,95,11752
7437,2023-08-04,33,4,601,400,221.83,11,5247
7438,2023-04-06,2,9,602,402,80.42,48,14485
7439,2024-08-29,39,10,602,401,73.26,8,2704
7440,2025-06-21,29,11,604,403,469.67,99,5879
7441,2022-04-10,48,8,603,403,130.15,52,10764
7442,2024-02-28,27,11,601,400,367.23,39,13814
7443,2023-12-29,50,1,603,403,479.36,10,12421
7444,2025-03-19,84,6,600,403,403.92,9,3689
7445,2025-03-15,77,12,602,403,95.07,87,3882
7446,2023-11-05,55,4,600,401,464.17,29,7031
7447,2025-03-19,97,5,602,403,273.0,70,10149
7448,2024-08-07,35,10,602,400,322.26,46,1586
7449,2024-01-28,1,6,600,403,263.1,31,12253
7450,2024-06-12,64,5,602,401,128.69,44,6111
7451,2023-01-09,17,8,604,402,118.88,75,12998
7452,2023-12-30,8,3,602,403,302.3,50,1171
7453,2022-11-06,82,12,602,401,342.66,20,5528
7454,2022-09-22,8,15,600,403,297.88,53,5538
7455,2022-03-09,42,14,605,402,201.11,60,12072
7456,2023-08-11,47,8,603,402,237.56,37,4367
7457,2022-09-06,93,11,600,400,283.9,47,220
7458,2022-01-15,75,2,602,400,341.53,8,2283
7459,2025-01-10,1,4,604,403,469.68,47,9884
7460,2023-11-12,87,14,600,400,170.29,50,6520
7461,2022-10-31,54,11,600,401,451.01,57,14169
7462,2023-04-26,39,7,605,402,483.44,36,9068
7463,2025-04-09,6,10,604,402,331.91,26,14145
7464,2025-06-20,100,8,604,402,378.47,61,11806
7465,2025-05-02,75,1,602,402,404.94,51,11025
7466,2023-07-29,27,8,601,400,468.15,41,263
7467,2023-11-06,13,3,600,402,289.77,72,5107
7468,2023-11-06,17,1,600,402,478.71,77,6096
7469,2023-07-24,54,3,602,401,458.91,98,2729
7470,2022-10-02,59,6,602,403,474.22,49,5840
7471,2022-09-17,2,13,600,403,453.09,96,3741
7472,2023-02-01,34,6,600,402,275.63,55,7655
7473,2023-10-13,86,13,605,402,369.83,80,6195
7474,2025-01-30,9,5,605,401,113.38,64,6647
7475,2022-12-29,13,6,600,403,441.81,96,10850
7476,2024-12-02,88,12,605,402,494.19,39,11402
7477,2023-09-12,88,5,605,403,191.28,18,11044
7478,2022-09-10,37,15,601,401,75.57,28,10155
7479,2024-04-21,68,6,603,402,344.49,31,10932
7480,2025-03-04,1,3,601,400,214.37,28,12225
7481,2023-08-18,57,9,604,403,404.73,97,7652
7482,2025-06-26,31,2,605,401,143.62,41,12403
7483,2023-10-07,14,12,605,401,77.15,86,12554
7484,2022-01-30,15,9,603,400,95.02,98,10318
7485,2023-07-08,56,1,601,403,305.82,80,2775
7486,2023-08-26,73,11,600,403,88.07,44,8240
7487,2024-02-20,91,6,602,400,251.37,50,11922
7488,2023-07-05,68,1,605,401,100.31,71,1587
7489,2023-06-22,37,10,600,402,343.77,86,12002
7490,2022-07-09,90,13,604,402,462.97,13,5148
7491,2022-11-23,24,13,603,400,68.44,18,12359
7492,2022-03-27,55,2,601,400,442.49,68,4379
7493,2023-03-04,93,3,604,403,270.63,98,3243
7494,2024-10-04,13,14,600,400,343.52,17,5090
7495,2025-01-19,19,12,603,403,286.18,18,2622
7496,2025-03-26,36,3,604,401,263.87,30,3642
7497,2024-06-25,68,2,602,401,426.17,46,1871
7498,2022-08-11,9,10,604,400,466.52,77,8732
7499,2022-03-14,34,5,604,403,225.51,97,9236
7500,2023-09-07,74,12,603,402,160.59,94,12311
7501,2024-07-18,20,3,605,400,219.15,55,10673
7502,2024-03-17,93,15,602,403,200.65,9,7431
7503,2025-05-21,97,13,603,402,339.85,68,5308
7504,2023-11-14,37,9,605,401,126.1,98,3280
7505,2022-11-29,92,6,601,402,178.07,97,12088
7506,2022-08-27,46,9,601,402,328.26,7,12152
7507,2025-06-08,44,14,604,403,291.26,17,13454
7508,2022-10-25,83,8,602,403,189.27,91,5152
7509,2024-06-03,15,9,604,402,131.38,27,918
7510,2024-09-18,65,13,600,400,93.27,65,14422
7511,2025-06-27,96,6,603,402,318.34,98,9041
7512,2023-05-16,78,11,601,403,263.06,34,6519
7513,2023-04-19,8,7,605,402,188.14,19,581
7514,2022-02-24,24,13,604,402,268.25,79,5202
7515,2024-11-24,92,13,605,403,368.57,13,6224
7516,2022-12-03,78,13,605,402,294.81,72,4562
7517,2023-06-07,5,3,601,401,420.98,9,8689
7518,2024-03-24,32,6,602,402,305.69,89,3770
7519,2024-09-05,86,12,600,403,161.85,66,10142
7520,2022-09-29,75,3,603,403,250.43,35,9024
7521,2023-02-05,84,11,604,403,128.91,81,14984
7522,2022-09-24,94,13,602,400,141.57,33,12629
7523,2022-05-26,70,11,601,401,188.79,10,1906
7524,2025-06-20,100,5,604,400,345.15,88,8974
7525,2023-08-10,69,9,604,401,318.38,40,4969
7526,2022-02-09,66,5,605,401,96.57,19,12711
7527,2023-11-18,79,1,605,401,351.81,18,7938
7528,2023-08-10,23,3,601,400,378.83,66,10319
7529,2022-10-18,93,4,600,402,219.68,8,3383
7530,2022-12-15,11,1,602,402,266.44,87,12230
7531,2024-05-09,35,15,602,402,205.96,100,1587
7532,2025-06-10,61,11,602,400,191.68,76,4187
7533,2022-11-20,19,4,603,403,133.19,80,7749
7534,2024-07-07,26,4,601,403,386.48,88,7120
7535,2025-02-21,94,5,603,403,221.45,57,7109
7536,2024-01-27,25,13,603,401,272.98,95,386
7537,2023-04-08,90,4,603,400,423.99,92,1625
7538,2024-07-16,39,14,601,400,186.0,98,2699
7539,2022-10-25,86,3,601,400,301.63,18,2806
7540,2024-01-29,48,6,605,403,450.5,59,5339
7541,2024-02-18,85,6,600,401,128.16,98,7116
7542,2022-02-15,52,5,600,402,253.17,55,14440
7543,2022-10-03,54,8,604,402,315.4,33,2966
7544,2023-01-09,59,12,600,400,338.63,84,3254
7545,2024-10-26,72,6,603,400,489.65,28,6976
7546,2024-07-23,42,7,600,402,373.09,95,1939
7547,2023-06-27,65,4,603,402,85.1,55,8686
7548,2024-10-14,36,7,604,402,237.05,92,11763
7549,2022-01-10,81,7,600,401,84.93,7,12506
7550,2023-06-19,84,6,602,402,242.28,43,221
7551,2022-05-03,85,3,600,400,123.88,82,1835
7552,2022-03-11,32,1,604,400,227.51,28,9489
7553,2023-12-29,96,9,600,401,327.17,39,1518
7554,2022-09-19,2,2,602,402,430.85,56,11011
7555,2024-10-31,15,12,600,401,216.07,63,14882
7556,2022-01-16,34,10,605,402,116.65,11,2023
7557,2023-06-04,30,5,600,400,453.6,7,678
7558,2023-06-08,31,11,600,402,376.6,14,7367
7559,2022-10-01,98,12,600,401,411.87,57,8061
7560,2022-10-08,17,10,604,401,199.68,20,12497
7561,2022-06-12,51,1,601,402,232.98,81,2733
7562,2023-05-11,9,6,604,403,107.4,17,7267
7563,2022-05-10,12,15,601,403,222.6,28,2201
7564,2025-02-10,53,3,604,403,284.1,100,3936
7565,2022-01-09,1,11,600,401,315.3,87,7803
7566,2024-01-09,94,10,604,403,462.93,11,2583
7567,2023-12-03,71,9,603,400,270.65,65,8326
7568,2023-10-19,71,14,605,402,131.87,86,13697
7569,2022-05-07,40,11,604,403,152.2,47,4133
7570,2023-04-09,96,3,603,403,427.22,34,6446
7571,2022-11-22,82,2,601,402,284.27,49,9119
7572,2025-06-19,30,2,603,400,312.04,98,13957
7573,2025-01-04,33,13,601,401,477.75,61,11842
7574,2022-10-02,37,4,602,400,239.98,14,10497
7575,2025-06-28,83,4,602,401,103.39,71,12506
7576,2024-06-09,53,9,604,401,350.86,89,13730
7577,2024-03-01,56,4,601,402,328.66,37,12688
7578,2022-09-07,20,8,600,401,269.05,19,158
7579,2022-07-31,9,5,600,400,208.93,76,13555
7580,2022-12-21,84,9,600,400,91.61,98,13304
7581,2024-02-22,41,4,604,403,345.13,78,14729
7582,2025-06-05,61,6,604,402,190.7,88,10527
7583,2025-01-07,66,3,603,401,467.07,29,1312
7584,2022-08-01,5,10,601,401,180.4,12,6995
7585,2023-12-26,22,10,602,403,102.26,32,5008
7586,2022-06-30,54,7,600,403,191.24,30,3148
7587,2022-04-16,24,12,600,402,358.2,63,11283
7588,2023-05-15,38,5,602,400,442.24,71,13671
7589,2022-09-25,99,5,603,400,134.66,43,2579
7590,2023-10-18,61,7,600,402,416.55,91,2683
7591,2023-04-30,65,13,603,403,329.78,77,7926
7592,2022-04-29,63,12,605,401,322.03,76,14000
7593,2022-06-04,10,3,600,401,434.71,47,6090
7594,2022-12-07,59,6,600,402,142.42,64,397
7595,2023-08-23,46,12,605,400,71.22,18,6304
7596,2023-01-02,60,5,604,403,326.35,25,8093
7597,2024-07-16,60,15,600,402,455.7,96,5529
7598,2025-06-02,71,4,600,400,171.68,61,6575
7599,2025-04-12,43,3,603,402,236.09,55,2078
7600,2024-04-10,16,10,605,401,224.71,67,10174
7601,2022-05-13,15,10,600,400,271.7,96,12531
7602,2023-02-21,79,12,602,401,165.84,93,7768
7603,2025-01-28,1,15,604,403,499.35,9,4446
7604,2023-05-09,22,15,601,403,164.86,45,10623
7605,2024-07-21,74,3,601,402,343.29,39,2798
7606,2022-12-08,48,3,604,403,208.96,41,12404
7607,2024-06-22,64,1,604,402,77.06,60,2074
7608,2024-04-19,76,4,600,400,220.09,69,1419
7609,2024-09-30,2,6,604,403,163.82,8,4292
7610,2024-07-07,24,11,603,401,125.87,85,3276
7611,2023-09-16,82,1,600,401,468.92,79,14280
7612,2023-10-24,26,12,600,403,288.42,80,4238
7613,2022-02-11,88,5,600,402,193.08,13,8034
7614,2024-06-21,50,13,604,400,274.13,18,8293
7615,2024-01-26,24,8,603,403,109.57,28,8671
7616,2023-05-10,19,14,604,403,397.95,50,8978
7617,2025-05-09,49,1,602,402,272.86,79,7748
7618,2025-02-13,78,6,601,402,299.36,52,4589
7619,2023-11-05,93,3,603,400,248.27,46,3996
7620,2022-11-25,46,14,600,403,421.78,97,7225
7621,2023-01-24,47,5,602,401,338.31,46,10797
7622,2024-10-05,5,8,602,401,184.56,39,11410
7623,2024-09-24,82,1,602,402,77.69,60,1925
7624,2022-09-24,95,10,600,401,204.47,71,445
7625,2025-05-14,18,2,603,403,169.43,63,1472
7626,2022-06-16,76,5,603,400,146.88,8,3681
7627,2023-07-30,69,5,604,403,117.4,13,11230
7628,2023-09-20,16,3,602,401,353.21,96,868
7629,2022-11-19,90,4,605,400,108.37,11,12275
7630,2023-07-12,39,3,604,403,389.33,68,2238
7631,2023-06-03,10,9,602,401,158.8,75,4409
7632,2025-02-12,17,4,602,401,393.86,65,5334
7633,2023-08-09,51,5,602,400,58.92,51,5122
7634,2024-10-19,45,3,604,401,359.58,100,7649
7635,2024-02-21,91,4,601,400,397.03,22,12257
7636,2022-12-29,22,2,600,400,280.24,44,1319
7637,2024-09-09,38,8,601,400,97.84,46,14428
7638,2022-01-21,24,1,604,402,203.32,9,14508
7639,2022-03-10,16,10,603,401,128.9,7,6829
7640,2024-07-06,24,10,602,403,301.55,30,8698
7641,2022-03-09,47,11,601,401,151.94,52,8548
7642,2023-06-11,18,12,604,403,409.83,97,12305
7643,2022-10-06,60,12,601,402,352.99,74,14308
7644,2025-01-08,47,8,602,400,72.07,33,6660
7645,2023-03-16,36,1,603,401,461.08,91,4697
7646,2025-05-05,58,7,605,401,266.59,12,10203
7647,2024-01-29,7,1,604,403,94.09,38,7535
7648,2022-11-23,75,12,600,403,388.32,73,998
7649,2024-11-08,60,13,601,403,94.89,10,2464
7650,2023-12-24,68,10,605,403,359.24,7,10919
7651,2024-06-21,69,15,600,403,405.43,99,6096
7652,2023-06-02,100,13,603,401,140.63,51,13339
7653,2024-11-07,91,1,600,402,452.72,85,11063
7654,2024-06-21,37,9,604,403,349.59,73,12222
7655,2023-04-05,4,3,600,400,302.92,17,2417
7656,2024-05-28,66,13,604,400,336.49,61,2245
7657,2024-11-22,22,6,600,403,155.93,17,7366
7658,2025-06-16,96,14,603,403,316.75,76,6676
7659,2022-07-14,93,8,600,400,66.07,11,9254
7660,2023-10-09,75,2,603,403,82.11,22,149
7661,2023-09-05,75,13,601,401,480.13,61,11872
7662,2024-07-24,36,14,602,401,189.84,50,3746
7663,2024-12-27,68,10,605,400,431.63,92,103
7664,2023-10-26,90,15,604,403,278.98,9,4212
7665,2022-02-10,50,12,604,401,61.73,44,12901
7666,2022-04-13,91,8,602,401,264.46,90,356
7667,2025-04-22,6,14,600,403,160.27,43,4708
7668,2025-01-30,20,12,603,402,259.88,48,3875
7669,2024-03-09,47,1,601,402,305.71,38,3579
7670,2023-10-26,23,5,605,402,282.19,43,5701
7671,2023-06-01,30,1,605,401,427.97,52,8241
7672,2023-10-14,30,9,600,402,429.78,77,10983
7673,2022-05-22,71,2,605,400,50.03,28,11085
7674,2022-06-30,75,1,603,401,368.84,44,9550
7675,2025-01-22,61,7,603,401,180.82,98,1197
7676,2023-02-09,8,4,602,403,90.07,80,11880
7677,2022-01-15,72,7,602,401,345.63,99,5137
7678,2023-02-01,46,9,602,403,214.51,8,14098
7679,2023-07-20,72,5,603,401,58.2,28,2897
7680,2022-11-20,47,4,602,400,211.58,5,9381
7681,2022-09-22,99,5,604,400,499.5,54,11622
7682,2023-06-10,48,3,601,401,259.66,39,8699
7683,2025-02-14,80,15,601,403,337.91,44,8049
7684,2025-04-25,17,7,602,403,138.07,7,4869
7685,2023-08-01,62,10,601,403,381.41,19,11804
7686,2023-06-23,97,10,600,400,106.13,88,723
7687,2022-01-14,16,5,603,402,275.77,91,14569
7688,2022-01-03,90,5,601,402,313.59,24,14197
7689,2022-02-02,12,7,605,400,145.45,11,4373
7690,2022-11-30,47,12,603,400,372.55,26,3761
7691,2023-05-26,10,11,604,400,120.21,23,5168
7692,2024-09-05,71,6,601,400,162.19,41,5929
7693,2022-07-28,62,5,600,403,365.91,38,3857
7694,2025-05-19,70,12,600,400,73.83,64,2358
7695,2025-02-25,64,3,600,403,76.13,85,9762
7696,2025-01-17,12,5,605,400,398.63,8,9791
7697,2025-03-29,84,2,604,401,472.25,7,10618
7698,2023-04-29,34,5,600,401,416.98,56,7963
7699,2024-05-19,89,12,603,403,256.13,49,11641
7700,2024-12-23,51,7,605,403,416.57,17,4627
7701,2022-08-02,80,10,600,401,115.38,24,9035
7702,2024-11-16,93,5,602,402,153.34,7,4577
7703,2024-12-04,11,15,605,403,326.74,32,8838
7704,2022-07-31,33,2,604,403,387.98,86,5114
7705,2023-06-21,5,7,602,401,53.58,20,5309
7706,2022-03-26,53,6,605,403,275.17,65,14266
7707,2023-01-11,37,1,601,402,138.18,36,1584
7708,2024-04-19,59,12,605,403,131.15,30,14921
7709,2023-05-21,80,9,603,401,412.76,96,13674
7710,2022-02-26,38,1,605,400,438.65,49,14727
7711,2023-06-08,68,4,602,402,331.58,97,14175
7712,2024-06-19,88,1,600,401,214.5,29,8653
7713,2024-12-19,89,8,602,401,441.3,58,14330
7714,2025-03-06,15,13,601,402,240.54,52,3787
7715,2022-07-02,70,13,601,402,177.11,65,411
7716,2023-07-22,6,13,603,403,236.6,18,4277
7717,2023-01-30,67,13,601,400,153.12,48,10629
7718,2025-06-06,72,15,604,402,61.38,9,9469
7719,2023-12-05,51,3,605,403,266.19,17,5708
7720,2022-10-09,94,7,605,400,374.3,5,5772
7721,2022-11-09,50,14,603,402,171.01,96,4612
7722,2025-02-09,54,3,601,401,456.35,18,12125
7723,2024-12-27,54,1,602,402,378.1,93,9898
7724,2022-11-07,14,7,601,403,300.78,94,14379
7725,2024-10-06,73,7,600,403,236.68,86,12363
7726,2022-07-02,46,6,601,403,497.61,13,6132
7727,2022-12-25,79,7,604,403,79.94,90,7419
7728,2024-11-27,1,8,602,402,496.11,50,6255
7729,2023-05-29,95,6,602,401,103.0,76,14558
7730,2024-04-22,29,10,605,402,213.83,66,6575
7731,2025-06-03,31,4,600,401,142.46,33,2855
7732,2023-07-25,99,7,602,401,293.2,60,8733
7733,2024-12-13,32,9,604,403,237.65,53,12077
7734,2022-10-05,20,5,601,403,152.63,95,3315
7735,2024-03-27,56,10,602,402,74.76,17,111
7736,2024-12-12,52,3,600,402,436.84,6,14076
7737,2023-03-29,7,11,605,400,439.64,46,14529
7738,2022-04-01,24,9,602,400,118.49,52,2786
7739,2024-09-18,67,7,600,401,271.1,72,540
7740,2024-08-15,4,11,603,403,185.94,80,7794
7741,2024-02-03,31,11,604,401,399.52,19,7896
7742,2024-05-05,6,5,601,400,65.25,82,3339
7743,2024-02-04,57,9,603,401,447.35,26,2378
7744,2024-03-05,76,10,604,402,264.1,45,14623
7745,2023-12-10,47,2,601,402,300.69,38,7675
7746,2024-11-26,46,15,600,401,316.1,51,6186
7747,2025-04-05,17,11,604,401,121.31,34,4038
7748,2024-05-14,86,9,602,400,211.93,36,1463
7749,2024-05-15,87,13,600,401,124.82,16,9602
7750,2024-04-11,12,12,603,402,354.55,44,2968
7751,2024-03-29,7,14,600,403,253.35,79,7810
7752,2022-12-12,88,3,604,401,123.08,23,2783
7753,2025-02-11,79,4,603,403,138.48,26,1894
7754,2023-12-12,44,1,601,403,491.29,73,13182
7755,2024-01-16,7,9,604,402,184.74,47,8329
7756,2023-09-22,15,12,602,400,345.74,66,13281
7757,2024-01-02,16,7,601,402,480.07,16,8056
7758,2024-07-30,72,12,601,401,345.81,32,378
7759,2023-03-20,27,1,601,402,469.85,58,211
7760,2023-03-17,11,6,601,403,181.37,90,8247
7761,2025-01-06,78,8,602,403,138.14,100,8578
7762,2022-08-27,72,12,601,403,486.94,75,5451
7763,2023-11-19,97,7,601,400,243.93,28,12210
7764,2025-05-03,47,1,601,400,329.16,53,478
7765,2023-12-04,2,1,600,401,267.93,20,5484
7766,2023-01-02,17,14,600,400,389.37,38,12700
7767,2022-02-26,57,11,602,403,199.9,48,10506
7768,2025-03-28,38,5,605,403,444.78,92,9419
7769,2022-08-31,12,2,603,402,134.84,25,1048
7770,2023-11-13,33,11,601,400,109.28,52,1187
7771,2024-06-13,35,15,603,402,253.11,40,12409
7772,2023-03-05,86,3,602,400,343.97,55,11466
7773,2022-01-04,18,10,604,402,181.9,78,11528
7774,2024-01-30,91,7,605,402,459.88,69,13357
7775,2024-09-09,45,1,600,400,70.07,80,11042
7776,2022-01-31,25,12,601,403,62.87,62,9402
7777,2024-09-14,65,9,601,402,59.36,82,8029
7778,2023-10-10,20,9,605,401,445.76,18,10498
7779,2022-11-04,8,9,603,400,231.67,85,3371
7780,2023-09-23,60,1,601,401,307.97,59,14032
7781,2023-07-18,61,12,602,402,254.86,65,1606
7782,2023-04-05,40,13,602,401,188.98,11,6276
7783,2023-08-26,35,4,605,401,283.96,68,8289
7784,2025-01-20,46,3,603,400,475.86,11,10569
7785,2023-11-02,58,12,601,400,190.17,86,12566
7786,2023-04-29,29,10,604,403,131.52,51,958
7787,2024-07-18,69,10,601,400,104.42,26,6173
7788,2023-04-10,69,15,603,400,420.61,10,8896
7789,2025-01-25,38,4,603,400,75.65,48,508
7790,2024-09-01,99,1,601,400,157.9,44,14590
7791,2022-03-12,11,8,605,400,433.86,45,3095
7792,2023-11-12,86,8,603,402,52.95,64,11954
7793,2025-05-25,48,12,600,402,248.89,55,14246
7794,2022-10-18,77,4,600,401,328.63,53,12835
7795,2024-10-28,45,14,603,403,421.69,19,5551
7796,2024-01-21,33,9,603,400,141.65,74,10014
7797,2024-05-17,90,12,600,401,458.72,62,10252
7798,2024-03-11,96,9,605,401,323.01,34,9724
7799,2022-10-03,34,5,602,403,255.77,75,6983
7800,2023-12-17,26,4,605,402,446.51,74,13973
7801,2022-12-10,72,3,601,400,192.78,5,4783
7802,2024-12-28,95,2,601,402,146.56,47,2349
7803,2022-12-20,85,1,602,402,432.53,11,9178
7804,2024-09-24,79,9,605,401,408.68,81,14958
7805,2024-12-20,18,14,603,403,371.37,81,1186
7806,2025-04-04,93,6,605,400,236.98,27,1204
7807,2024-09-25,3,15,600,402,474.43,53,5931
7808,2022-02-28,27,7,602,402,318.17,60,4990
7809,2024-03-17,19,11,604,401,496.11,14,6827
7810,2023-01-29,65,9,605,402,313.91,60,3736
7811,2023-11-26,16,3,600,403,175.6,92,8052
7812,2022-02-12,92,11,603,401,411.6,51,8258
7813,2023-10-19,3,10,605,401,486.49,24,284
7814,2024-07-16,56,13,600,403,450.84,17,4519
7815,2024-10-27,99,10,601,403,73.6,77,7271
7816,2022-11-21,26,12,601,403,107.13,41,13048
7817,2022-02-06,9,13,603,401,215.0,47,6704
7818,2023-02-04,55,11,602,403,184.53,98,14809
7819,2022-08-05,51,1,604,401,285.18,78,10466
7820,2022-07-08,68,7,604,403,146.23,59,12501
7821,2022-09-10,4,3,603,400,482.64,19,4123
7822,2023-10-09,62,15,605,400,87.71,43,11512
7823,2024-03-12,89,4,605,401,285.64,13,4860
7824,2024-11-03,26,10,600,402,392.83,82,9439
7825,2023-02-04,37,13,600,400,445.16,52,11655
7826,2024-02-19,78,6,600,403,200.47,17,11246
7827,2022-12-06,93,9,603,402,199.23,86,10385
7828,2024-05-12,85,9,603,403,386.41,38,9268
7829,2024-08-29,79,5,603,402,379.67,70,10697
7830,2022-02-02,77,2,600,401,144.12,21,13903
7831,2022-03-02,59,6,602,400,451.52,18,4844
7832,2023-05-14,49,6,601,402,171.15,88,9639
7833,2023-09-05,92,15,605,402,159.24,59,7067
7834,2022-03-23,51,5,605,400,116.54,90,8790
7835,2024-09-27,8,4,601,400,296.39,90,8348
7836,2024-07-08,23,8,601,401,107.13,63,9735
7837,2023-12-15,22,8,605,400,325.47,13,5107
7838,2022-02-13,44,12,604,403,457.89,41,13880
7839,2025-03-28,99,3,600,401,220.11,77,1151
7840,2023-09-30,4,3,601,400,438.43,71,8243
7841,2023-11-24,69,14,602,402,153.51,63,8854
7842,2023-02-23,25,3,603,403,370.69,95,2790
7843,2023-06-08,85,7,600,401,438.55,63,4150
7844,2024-03-04,21,7,603,403,319.69,33,9452
7845,2023-09-26,83,5,604,403,348.21,44,13711
7846,2023-05-21,11,13,602,400,390.2,9,10272
7847,2022-10-16,44,9,600,401,52.03,9,7887
7848,2024-04-14,60,14,601,401,328.62,85,6124
7849,2025-05-28,51,4,605,402,448.68,63,3674
7850,2022-08-02,96,11,600,400,475.54,17,4700
7851,2023-09-28,90,11,605,403,303.95,73,14367
7852,2022-06-25,46,4,600,403,254.3,29,11740
7853,2022-07-13,9,7,604,403,183.95,17,9922
7854,2022-10-07,2,15,600,403,177.1,22,14701
7855,2025-02-21,37,5,604,402,84.42,52,3523
7856,2022-11-06,10,12,602,403,465.91,77,12036
7857,2024-03-30,2,4,605,401,195.29,84,11765
7858,2022-01-22,83,15,604,401,381.32,60,5254
7859,2022-05-31,6,6,602,400,304.63,33,392
7860,2022-09-14,84,5,600,401,229.47,92,1575
7861,2023-06-30,77,3,600,400,264.04,13,4460
7862,2022-07-11,39,14,602,403,91.02,31,12470
7863,2023-09-20,71,12,600,402,249.87,34,6310
7864,2023-05-06,56,1,605,403,213.09,16,9468
7865,2025-04-26,46,2,604,402,412.32,87,5642
7866,2024-12-10,46,14,600,400,247.79,13,11607
7867,2023-03-02,68,9,602,400,418.8,90,494
7868,2022-12-17,55,8,601,401,262.01,35,8275
7869,2024-12-12,53,1,601,403,191.27,39,270
7870,2024-05-01,31,1,602,400,252.39,15,9822
7871,2023-06-11,5,8,604,403,132.86,83,8052
7872,2025-06-02,40,6,600,402,386.16,60,209
7873,2025-05-13,12,3,605,401,53.81,34,5684
7874,2022-07-04,16,6,603,402,315.66,32,2233
7875,2023-12-08,46,3,604,403,317.28,65,3184
7876,2024-03-06,68,11,600,401,388.0,24,6930
7877,2025-06-22,42,1,604,400,85.0,50,13485
7878,2022-02-10,27,1,600,402,266.85,86,9423
7879,2024-12-04,56,7,605,401,195.75,21,3192
7880,2025-06-07,78,5,604,402,264.36,9,5807
7881,2024-06-12,40,4,600,402,110.53,19,12408
7882,2024-07-24,24,13,600,403,257.66,71,2791
7883,2025-05-23,62,9,604,401,280.05,73,12260
7884,2022-07-01,24,1,604,402,84.0,57,4947
7885,2024-10-15,20,3,604,402,390.11,56,7739
7886,2022-07-12,54,6,604,402,238.84,35,11743
7887,2024-06-20,10,1,600,403,260.42,38,7099
7888,2024-11-03,65,9,603,401,306.24,69,196
7889,2022-02-28,82,15,605,402,472.2,18,12326
7890,2024-10-06,60,2,601,402,63.17,9,2478
7891,2024-07-09,100,10,600,400,198.46,48,13659
7892,2024-01-24,29,8,600,402,422.44,55,5400
7893,2023-12-23,25,11,601,401,62.96,35,6366
7894,2024-02-15,52,2,601,401,426.17,32,6086
7895,2022-12-28,66,13,601,403,318.48,16,728
7896,2023-09-09,73,4,601,403,189.8,18,815
7897,2024-09-13,9,14,601,400,166.08,91,9347
7898,2024-09-11,40,4,605,400,237.71,31,14643
7899,2024-12-11,10,8,605,400,273.36,91,4089
7900,2022-06-26,21,13,603,402,367.91,62,10653
7901,2023-10-01,72,6,601,403,87.59,30,7878
7902,2023-06-10,6,4,605,403,179.74,34,13037
7903,2024-01-18,19,11,603,401,184.68,79,1844
7904,2023-10-07,96,12,603,403,78.96,41,5208
7905,2023-06-07,20,14,605,403,264.03,98,4512
7906,2024-02-27,60,3,602,403,118.66,38,699
7907,2024-03-30,23,1,600,401,281.1,50,4192
7908,2022-03-30,88,5,601,400,204.45,98,11134
7909,2022-03-14,35,9,601,401,215.75,47,8865
7910,2023-03-17,48,15,604,400,269.14,64,5895
7911,2023-12-22,46,6,604,403,337.7,55,6945
7912,2022-07-13,24,1,604,403,193.62,75,5400
7913,2025-05-27,72,14,602,402,119.1,20,9363
7914,2025-04-16,28,10,604,400,413.82,18,443
7915,2024-05-12,82,5,603,402,269.35,56,13176
7916,2024-10-20,22,10,602,401,433.67,26,6737
7917,2025-01-11,73,5,604,401,385.98,21,6771
7918,2024-02-16,37,9,601,400,223.22,90,12594
7919,2024-06-10,100,6,602,403,327.97,20,748
7920,2024-07-11,38,12,604,400,209.68,96,4004
7921,2024-06-30,97,9,602,403,194.78,29,6342
7922,2023-08-22,15,4,600,401,92.63,89,3451
7923,2023-11-02,72,12,605,403,180.49,12,2554
7924,2023-02-08,20,12,601,401,308.07,74,2026
7925,2024-07-03,69,6,600,400,238.38,65,3742
7926,2024-05-26,45,6,605,401,326.45,16,2126
7927,2023-07-22,95,11,604,403,144.79,76,8644
7928,2022-11-01,86,14,603,403,327.13,62,9561
7929,2022-12-05,89,14,603,400,297.02,60,10501
7930,2025-03-19,91,13,600,402,198.35,91,7392
7931,2024-02-09,4,15,603,403,434.02,92,12427
7932,2024-09-27,47,9,604,400,61.94,50,12773
7933,2024-03-19,90,2,604,402,159.8,97,2202
7934,2023-12-01,81,8,601,401,268.72,21,11623
7935,2025-04-08,76,6,601,403,249.96,38,10826
7936,2024-11-14,49,8,605,403,390.79,69,14847
7937,2023-10-18,25,9,602,403,241.72,7,691
7938,2024-05-21,7,7,605,403,445.79,24,3014
7939,2023-12-01,64,2,601,400,130.9,93,7737
7940,2025-04-12,90,3,602,403,338.04,81,13093
7941,2022-01-21,14,15,602,403,125.35,92,1585
7942,2023-01-23,36,5,602,403,438.71,33,4269
7943,2024-11-21,89,15,601,402,168.36,50,10151
7944,2022-12-15,58,4,602,403,63.27,27,8728
7945,2025-05-04,31,12,602,403,286.52,64,10190
7946,2022-05-01,83,5,602,400,460.81,26,2104
7947,2023-12-05,71,1,605,403,275.78,53,7417
7948,2023-08-07,53,4,602,403,185.86,84,10532
7949,2025-02-05,8,1,602,403,257.98,23,3838
7950,2024-05-16,97,8,604,401,254.19,61,10622
7951,2023-02-24,43,11,600,403,166.26,85,8804
7952,2022-11-03,38,2,601,402,253.8,20,9518
7953,2025-06-27,46,1,603,402,198.9,84,6622
7954,2025-02-19,22,14,602,401,326.06,8,5678
7955,2023-01-25,20,9,602,400,191.57,9,5170
7956,2025-02-01,9,12,602,400,453.73,20,852
7957,2025-03-22,86,6,605,400,324.66,58,9909
7958,2023-03-03,65,6,605,403,260.22,17,2168
7959,2022-09-20,49,5,603,402,292.7,29,8456
7960,2024-08-22,89,5,602,401,340.02,82,2555
7961,2022-11-21,40,5,601,400,106.78,22,1702
7962,2022-09-25,55,10,604,403,265.56,75,14272
7963,2024-07-23,49,7,605,401,279.46,95,3548
7964,2024-10-27,90,11,604,401,324.24,9,10482
7965,2022-08-31,90,12,602,402,117.92,68,10576
7966,2025-06-09,15,5,605,403,213.99,70,14715
7967,2025-05-04,42,7,603,403,70.21,93,7878
7968,2025-05-31,15,14,600,403,135.93,30,5732
7969,2022-03-21,63,7,603,401,155.41,6,13818
7970,2023-08-10,40,9,602,402,104.5,80,6134
7971,2022-04-03,45,14,605,400,315.39,73,5395
7972,2024-04-21,81,7,603,403,224.25,52,5101
7973,2023-02-12,15,12,601,403,213.75,47,1676
7974,2023-02-23,5,10,604,402,53.75,35,1476
7975,2022-02-05,26,11,605,402,467.36,98,12843
7976,2023-07-31,1,6,601,403,83.86,66,6348
7977,2023-07-30,84,11,604,400,167.53,47,5385
7978,2022-10-31,56,7,605,402,493.28,98,9780
7979,2022-08-26,28,11,605,402,422.47,41,8964
7980,2022-01-21,94,1,601,401,208.15,59,12106
7981,2023-10-10,71,3,602,402,254.12,51,3582
7982,2024-04-26,33,8,603,402,418.74,20,4162
7983,2024-06-24,10,4,600,401,230.0,72,6664
7984,2022-08-14,33,11,602,401,73.69,80,1846
7985,2022-09-16,29,15,602,400,248.32,87,750
7986,2023-12-31,61,13,603,403,288.21,100,3194
7987,2022-01-29,37,2,602,400,326.5,31,3937
7988,2022-07-23,2,9,602,400,337.85,76,14876
7989,2023-09-07,7,5,602,402,222.02,98,8077
7990,2024-04-26,25,10,602,403,290.75,20,10554
7991,2024-07-03,75,11,601,401,433.29,22,573
7992,2023-11-16,92,9,603,403,175.37,27,1112
7993,2022-08-30,21,4,601,401,293.1,40,12245
7994,2024-04-03,70,12,605,401,219.52,24,12367
7995,2024-10-08,93,12,603,402,345.5,78,4169
7996,2023-01-28,4,3,601,401,282.22,16,1967
7997,2024-03-24,88,13,603,402,463.19,87,8634
7998,2023-06-30,36,1,605,402,110.02,61,2128
7999,2023-03-01,51,10,600,400,377.36,22,3179
8000,2025-05-28,92,1,600,400,445.53,83,2211
8001,2022-09-27,11,12,605,401,254.79,22,10962
8002,2023-03-24,58,14,604,400,425.93,47,1203
8003,2023-10-12,34,4,601,402,202.71,62,12444
8004,2023-12-09,19,13,600,401,468.04,54,14194
8005,2023-04-23,98,10,601,402,186.51,57,11171
8006,2022-08-21,86,13,605,400,70.99,100,9398
8007,2023-11-09,79,11,603,400,362.09,19,6434
8008,2022-11-01,59,8,601,402,230.79,68,3416
8009,2022-02-12,19,13,601,403,290.13,97,1080
8010,2023-01-27,88,6,604,403,480.85,10,13967
8011,2023-10-19,82,5,604,402,461.31,33,1096
8012,2022-09-20,79,8,603,401,155.98,37,10511
8013,2022-01-07,93,9,604,400,466.58,42,6119
8014,2022-02-17,30,10,602,402,400.65,57,14198
8015,2022-03-03,52,4,601,401,495.37,52,6570
8016,2022-03-08,81,9,601,402,192.58,21,9981
8017,2024-03-29,19,13,601,402,174.22,26,5176
8018,2022-10-02,43,10,600,401,434.72,35,4670
8019,2022-02-18,33,3,600,402,357.14,87,2971
8020,2024-12-04,32,2,600,401,420.07,95,9199
8021,2023-07-06,33,10,600,400,249.25,51,8751
8022,2024-04-07,86,6,602,401,118.47,70,2153
8023,2022-02-26,91,14,605,401,172.72,40,12892
8024,2023-12-24,96,6,601,402,60.53,31,12998
8025,2024-12-21,98,1,605,402,146.63,22,10999
8026,2022-09-22,36,10,600,403,282.54,32,1727
8027,2022-11-20,70,9,605,400,94.94,79,5332
8028,2023-12-20,93,3,602,401,349.21,39,5063
8029,2023-11-30,1,9,605,402,396.93,81,9440
8030,2022-06-22,51,13,604,401,65.25,52,4421
8031,2022-04-23,12,14,602,400,469.37,83,6473
8032,2024-10-15,87,10,603,401,366.86,86,11799
8033,2024-09-22,97,7,605,403,416.57,35,1889
8034,2024-09-06,29,14,603,403,276.9,81,14615
8035,2022-03-26,6,12,600,402,68.89,98,491
8036,2024-10-08,72,11,601,403,478.99,96,10577
8037,2024-01-18,61,10,603,402,349.84,44,8644
8038,2023-10-20,40,9,603,401,490.55,62,14619
8039,2024-11-01,36,6,600,400,124.86,38,14245
8040,2023-10-06,47,5,605,401,471.4,34,8187
8041,2023-03-14,88,11,603,400,230.42,83,6011
8042,2023-08-15,53,8,600,402,65.3,31,9550
8043,2024-06-10,27,6,601,403,310.23,20,14833
8044,2023-04-04,59,3,603,403,252.92,35,12330
8045,2023-12-07,89,13,600,403,444.86,7,9200
8046,2023-12-02,15,13,603,403,313.87,53,6412
8047,2023-09-10,69,14,603,402,493.58,67,8382
8048,2023-08-02,52,5,602,402,51.12,68,10843
8049,2025-06-16,86,15,600,402,375.75,46,5328
8050,2023-05-09,61,6,601,402,113.04,79,14992
8051,2024-03-14,98,4,602,400,399.19,5,4995
8052,2025-05-19,63,8,602,402,411.04,58,5795
8053,2022-08-11,67,5,600,403,451.76,7,1218
8054,2022-06-13,54,5,601,400,480.48,76,114
8055,2025-05-23,39,3,605,402,278.84,11,11870
8056,2022-10-17,33,13,602,403,315.35,40,2886
8057,2023-03-28,57,11,602,403,294.52,68,6638
8058,2025-05-11,56,12,602,402,426.35,37,10178
8059,2023-07-29,48,6,601,402,73.56,33,9561
8060,2023-05-16,27,13,604,402,382.52,84,2293
8061,2024-07-13,63,2,605,400,110.12,53,7891
8062,2024-07-23,59,7,601,400,400.94,30,10917
8063,2024-06-09,57,8,603,402,377.41,81,1329
8064,2025-01-16,47,6,601,400,101.45,37,3195
8065,2022-06-06,81,3,600,400,498.8,91,1696
8066,2023-04-22,29,5,604,400,88.26,22,5251
8067,2024-02-14,29,4,601,400,167.32,95,3895
8068,2025-04-29,53,2,601,400,221.16,28,7853
8069,2022-07-19,71,9,603,401,66.3,9,8740
8070,2022-02-02,7,4,602,403,371.8,60,10317
8071,2024-08-23,58,1,601,400,60.94,22,13769
8072,2025-03-31,16,13,605,403,193.32,44,11928
8073,2024-11-07,55,13,603,402,374.11,22,9634
8074,2025-05-20,80,12,605,402,257.47,34,14504
8075,2023-02-01,80,6,605,403,457.49,28,10773
8076,2024-12-08,57,7,602,401,348.89,40,618
8077,2025-02-25,4,5,605,401,134.31,54,344
8078,2022-07-04,48,6,600,400,108.77,33,4321
8079,2022-10-14,24,15,602,403,235.69,90,14864
8080,2023-07-17,42,1,602,400,346.44,53,10370
8081,2025-05-12,89,10,600,400,166.65,63,5509
8082,2024-08-28,14,3,601,401,254.62,23,10929
8083,2022-05-07,50,12,604,402,397.02,50,163
8084,2023-07-27,89,5,605,401,266.94,33,7763
8085,2023-10-06,80,1,605,402,491.69,24,10822
8086,2022-01-17,11,5,604,400,440.69,17,9080
8087,2024-04-03,48,14,602,400,132.63,85,1559
8088,2024-04-12,79,11,605,400,214.36,24,10528
8089,2024-06-27,6,7,603,400,364.89,18,10203
8090,2023-02-04,98,6,605,402,351.34,29,1423
8091,2022-02-09,54,12,603,402,59.26,65,9086
8092,2023-10-18,28,5,601,402,499.05,79,7385
8093,2023-01-26,80,8,605,403,371.38,6,10295
8094,2024-12-06,95,14,602,400,135.33,54,4226
8095,2025-04-04,67,1,603,400,393.45,17,13104
8096,2022-02-23,60,3,600,403,245.75,90,13162
8097,2023-11-03,38,9,605,401,300.89,93,1714
8098,2025-06-18,62,9,604,401,389.85,48,12450
8099,2023-01-14,61,3,601,401,68.54,19,1976
8100,2022-12-03,21,3,602,403,276.4,44,14572
8101,2022-06-22,4,4,605,403,178.52,53,8145
8102,2023-06-02,26,8,600,402,320.56,32,9112
8103,2022-02-15,35,10,601,401,363.02,92,13619
8104,2023-09-01,83,3,604,400,154.92,62,13950
8105,2022-09-30,58,13,603,403,149.1,52,4755
8106,2022-07-02,58,15,600,401,266.27,16,3431
8107,2023-08-29,35,6,600,400,91.1,87,13201
8108,2022-04-29,39,6,600,401,400.0,40,4927
8109,2023-01-27,36,5,602,400,270.91,74,6531
8110,2024-06-08,85,6,603,400,103.67,44,1287
8111,2023-11-19,39,4,604,402,470.96,10,619
8112,2024-11-26,3,2,601,401,371.68,28,309
8113,2024-09-07,49,10,600,402,392.37,18,4844
8114,2023-12-29,65,12,601,400,233.31,67,13987
8115,2023-06-07,53,3,604,403,458.39,100,4760
8116,2025-05-29,34,8,605,400,351.71,98,2987
8117,2023-02-23,26,8,605,401,340.65,34,6883
8118,2023-10-02,86,4,602,400,282.68,26,6039
8119,2024-10-24,51,12,605,400,365.29,31,10473
8120,2023-08-31,69,4,603,401,51.88,63,3246
8121,2022-10-21,66,9,605,402,255.46,10,14365
8122,2024-05-01,100,1,605,403,449.39,74,9612
8123,2023-03-10,46,10,604,402,122.87,59,1207
8124,2022-12-21,36,2,605,400,175.98,32,3563
8125,2023-05-16,17,6,601,402,372.87,48,4483
8126,2025-01-22,62,15,601,400,293.64,25,13699
8127,2023-05-12,44,7,600,401,222.16,88,426
8128,2022-07-24,77,15,603,402,421.12,13,4326
8129,2024-02-26,64,9,601,403,98.35,59,10076
8130,2024-10-17,100,4,604,402,311.3,92,12947
8131,2025-04-01,49,4,601,400,184.98,5,14698
8132,2022-04-16,14,3,601,402,316.11,20,12318
8133,2022-09-21,58,14,605,402,408.82,22,9602
8134,2022-08-24,22,13,602,403,94.11,68,2831
8135,2024-02-04,11,5,601,401,224.05,32,884
8136,2024-09-04,26,2,603,403,110.02,36,5772
8137,2024-02-09,91,5,602,400,179.66,68,1272
8138,2022-08-13,50,7,600,402,420.22,93,3241
8139,2025-04-05,52,15,600,400,499.64,100,7297
8140,2023-09-14,32,6,605,403,489.43,44,8829
8141,2024-08-20,3,15,601,402,459.91,15,11818
8142,2024-04-10,90,13,603,402,446.34,87,5778
8143,2022-03-26,92,15,604,401,354.23,43,12559
8144,2025-01-23,54,12,602,400,437.79,31,14294
8145,2024-11-27,25,14,601,400,229.76,99,13361
8146,2022-06-17,83,1,601,400,232.18,100,5718
8147,2024-11-02,27,10,603,401,381.11,40,630
8148,2025-06-02,67,4,603,402,394.17,33,11207
8149,2024-03-26,64,10,602,400,69.84,41,4224
8150,2023-03-15,44,11,605,400,279.4,44,639
8151,2024-05-03,70,5,602,401,113.72,30,13054
8152,2023-09-23,28,9,601,401,405.81,37,14785
8153,2022-09-19,86,8,604,403,132.81,100,11623
8154,2023-04-05,60,13,603,401,254.38,23,13042
8155,2023-08-02,12,11,603,400,56.46,78,866
8156,2022-10-08,99,5,600,401,335.8,45,4076
8157,2025-05-09,76,12,602,403,394.69,100,9541
8158,2024-05-08,19,7,600,402,146.1,27,14453
8159,2024-07-03,34,10,603,402,77.93,75,14757
8160,2023-05-03,39,10,601,402,294.87,77,9920
8161,2024-11-04,73,2,601,402,385.12,13,8342
8162,2024-04-17,91,8,603,403,461.52,12,10491
8163,2024-11-16,75,7,602,403,441.4,74,13470
8164,2023-06-14,31,6,601,403,448.05,89,12524
8165,2022-06-18,13,9,604,401,211.46,39,7390
8166,2024-10-19,80,7,603,402,277.77,93,13325
8167,2022-05-01,59,4,602,401,308.47,74,7486
8168,2023-12-30,23,14,605,403,162.42,51,9673
8169,2023-02-24,18,6,603,403,58.86,14,10336
8170,2023-12-14,27,1,600,402,188.54,50,5459
8171,2025-03-08,1,9,604,402,465.4,32,650
8172,2022-10-18,97,6,605,401,381.99,100,6820
8173,2022-05-16,55,6,600,402,309.88,95,6346
8174,2025-04-20,14,2,602,401,322.49,75,1711
8175,2023-08-13,90,3,602,401,205.85,23,11298
8176,2022-06-19,56,9,604,402,175.56,70,8914
8177,2024-08-03,22,12,604,401,323.74,67,8204
8178,2024-03-24,55,13,601,403,55.46,56,14125
8179,2025-03-31,19,5,603,403,116.26,32,13100
8180,2025-03-19,12,1,605,400,332.87,41,13067
8181,2023-11-27,83,7,602,402,306.61,23,1390
8182,2023-11-06,41,11,600,403,70.53,60,10002
8183,2025-02-05,27,7,602,401,394.39,84,5147
8184,2023-10-16,91,2,603,402,304.32,49,4917
8185,2024-03-08,67,9,600,402,467.13,29,12873
8186,2023-02-20,4,12,605,401,141.39,26,3843
8187,2023-09-24,77,3,602,403,288.62,36,9587
8188,2022-11-25,10,1,601,402,79.7,86,9044
8189,2024-03-28,25,13,602,401,336.86,15,2828
8190,2023-10-05,17,14,605,402,393.4,49,13938
8191,2024-10-02,38,2,605,402,261.85,40,915
8192,2024-10-02,97,14,601,403,220.68,38,1892
8193,2022-10-28,93,4,600,403,321.57,84,14463
8194,2024-08-02,80,14,602,400,76.82,17,9649
8195,2022-11-13,85,1,605,400,249.5,44,994
8196,2024-07-03,38,6,605,402,439.95,54,10292
8197,2025-05-05,57,8,603,401,396.74,51,14305
8198,2024-06-27,30,8,602,401,372.86,44,11361
8199,2023-04-13,85,8,603,400,67.27,55,4856
8200,2023-03-28,62,15,604,403,413.42,93,14109
8201,2022-02-14,8,13,602,400,215.92,94,6193
8202,2025-03-21,97,11,604,400,472.18,35,125
8203,2025-03-17,96,1,605,401,426.81,23,3463
8204,2022-12-08,44,13,605,403,173.63,7,379
8205,2023-05-01,43,10,605,400,153.41,65,8805
8206,2023-11-04,18,9,604,403,55.91,81,2807
8207,2024-12-16,87,2,603,402,413.58,41,5416
8208,2022-12-01,17,9,603,400,137.46,13,2647
8209,2022-10-30,46,4,603,402,188.81,47,5700
8210,2022-09-29,77,11,604,401,69.88,92,7881
8211,2023-12-08,17,2,602,402,433.19,96,2920
8212,2024-09-20,52,15,600,402,139.49,86,3287
8213,2023-09-02,59,1,601,403,410.44,99,3071
8214,2023-08-23,78,5,603,402,108.26,41,4510
8215,2022-05-06,91,8,603,401,432.49,10,12229
8216,2022-07-15,62,8,605,402,359.28,33,4196
8217,2023-06-16,50,2,605,400,311.6,43,14783
8218,2024-03-22,42,15,602,403,208.46,57,5258
8219,2022-03-13,79,12,601,403,417.92,79,6783
8220,2023-11-03,70,15,605,403,386.08,64,6701
8221,2022-01-08,82,4,602,402,191.78,49,9896
8222,2025-02-16,11,11,605,403,334.57,88,7335
8223,2023-12-16,18,8,603,402,124.32,32,5191
8224,2023-07-12,12,14,604,402,316.92,77,348
8225,2022-04-09,2,3,601,401,89.67,57,2557
8226,2023-01-22,51,9,604,403,130.46,42,5427
8227,2024-12-15,62,6,604,400,340.37,62,10170
8228,2022-02-13,51,12,605,402,245.87,97,7107
8229,2023-07-13,45,15,600,400,133.68,12,11498
8230,2023-09-25,92,13,602,403,225.16,44,1341
8231,2022-10-31,5,14,601,402,92.37,91,10760
8232,2025-06-21,58,14,601,401,387.85,34,901
8233,2023-09-12,15,6,604,402,189.71,72,2944
8234,2022-02-13,15,2,605,403,471.17,17,9635
8235,2024-07-04,41,1,605,401,116.68,13,12385
8236,2025-02-21,53,11,603,400,334.44,48,2335
8237,2024-10-21,44,12,602,402,222.8,100,7529
8238,2025-01-02,30,10,600,400,384.99,67,14395
8239,2022-03-14,43,1,605,402,67.32,57,8873
8240,2023-10-01,20,14,603,401,351.27,24,12014
8241,2023-01-30,64,13,601,401,312.97,29,6720
8242,2024-10-30,62,15,600,402,389.93,98,6356
8243,2022-12-24,7,4,601,402,79.55,81,12823
8244,2024-03-10,69,14,601,401,52.89,87,14118
8245,2024-02-18,52,12,600,400,315.95,11,7725
8246,2023-08-31,47,3,602,403,210.4,95,13635
8247,2025-03-11,79,11,602,403,151.62,76,13926
8248,2022-09-30,85,5,603,401,233.39,53,14946
8249,2024-04-03,100,8,604,402,161.34,52,8744
8250,2022-05-15,86,9,605,400,280.11,44,13722
8251,2024-10-20,51,7,600,403,92.14,23,3382
8252,2023-10-19,19,14,601,403,434.44,6,4570
8253,2022-02-26,99,10,602,403,151.91,60,8035
8254,2025-05-22,20,7,600,403,397.82,52,1164
8255,2022-05-21,53,3,602,400,417.05,62,5520
8256,2022-06-02,2,7,604,402,236.82,29,10725
8257,2024-05-23,74,14,600,401,164.14,11,5476
8258,2025-02-14,40,4,603,402,168.43,25,1096
8259,2022-07-30,57,15,601,401,367.03,46,10726
8260,2024-12-20,20,6,602,402,315.82,56,1040
8261,2025-06-24,86,6,601,400,363.67,45,14908
8262,2022-03-25,65,7,601,401,495.88,89,5000
8263,2023-01-15,50,6,602,401,466.47,63,3631
8264,2025-03-11,23,4,604,400,300.77,51,6278
8265,2023-08-23,26,10,604,403,431.59,84,7867
8266,2024-06-30,75,13,605,403,308.62,36,11377
8267,2023-01-29,24,9,602,402,243.08,58,2337
8268,2024-07-26,39,3,604,402,95.36,27,5095
8269,2023-06-07,73,2,603,400,446.79,14,8383
8270,2025-06-24,15,8,604,400,112.33,96,9518
8271,2025-05-21,39,7,603,401,352.79,56,8951
8272,2025-06-20,63,8,600,403,379.97,9,7631
8273,2025-03-08,98,9,605,402,432.07,58,12810
8274,2024-03-23,44,2,605,401,181.23,51,10315
8275,2023-04-17,84,5,602,402,206.09,28,7852
8276,2023-09-02,40,3,604,403,192.25,65,2509
8277,2022-08-28,13,8,600,401,181.5,18,9703
8278,2024-04-03,92,2,602,403,357.61,32,8037
8279,2025-05-06,84,15,603,402,442.8,22,14035
8280,2023-07-10,16,1,603,403,172.03,48,5411
8281,2024-09-10,51,7,600,400,76.96,13,12296
8282,2023-01-31,99,8,602,400,379.7,24,12617
8283,2023-05-20,86,12,603,401,295.5,82,12342
8284,2022-08-29,49,6,604,401,364.47,40,13230
8285,2022-03-19,93,13,605,402,295.25,85,7636
8286,2023-11-10,70,1,603,400,274.79,17,2048
8287,2025-03-09,16,11,604,402,281.18,96,11897
8288,2022-07-13,96,6,603,402,485.22,13,2053
8289,2022-10-18,77,5,602,403,289.91,100,3828
8290,2022-10-16,19,4,603,403,419.83,45,9914
8291,2025-05-06,66,5,602,400,197.87,42,12184
8292,2022-11-26,40,6,602,403,140.31,74,4577
8293,2022-05-02,73,14,605,400,336.19,12,14894
8294,2024-04-18,10,8,600,403,494.89,75,9337
8295,2025-02-05,73,2,601,400,445.98,35,8143
8296,2024-08-12,32,12,600,400,235.07,33,1398
8297,2024-04-22,11,1,600,400,410.55,28,13614
8298,2022-11-25,71,6,600,403,286.92,42,10825
8299,2025-02-10,60,5,603,400,384.97,36,8491
8300,2022-10-28,24,7,600,403,290.48,35,3287
8301,2023-12-20,2,6,605,400,384.78,95,12186
8302,2022-08-27,57,12,601,401,76.74,96,11824
8303,2023-06-14,100,6,604,402,316.04,36,8428
8304,2024-01-28,98,5,602,401,360.63,44,2254
8305,2022-12-14,97,14,600,403,487.17,35,8780
8306,2022-01-19,87,14,600,400,328.85,12,12251
8307,2024-03-31,86,14,604,400,88.1,86,486
8308,2023-06-14,73,7,605,401,78.87,40,13841
8309,2022-02-22,75,13,601,401,86.91,88,7132
8310,2024-10-01,54,13,600,401,438.94,60,12448
8311,2022-10-08,7,2,603,400,223.57,25,12204
8312,2023-11-21,99,11,601,403,337.71,59,14858
8313,2024-06-22,46,13,604,403,163.6,52,3524
8314,2025-01-27,33,5,602,400,426.22,83,1919
8315,2024-11-25,18,8,600,401,351.08,18,10015
8316,2023-09-22,99,13,600,402,491.72,62,1155
8317,2022-03-20,31,5,603,403,301.42,57,12928
8318,2022-07-06,39,4,602,402,285.44,59,1004
8319,2022-12-14,15,3,601,403,296.03,63,13099
8320,2025-06-19,8,2,603,403,491.25,5,12207
8321,2022-12-02,61,1,602,400,296.61,44,6750
8322,2025-05-26,86,8,601,402,421.89,65,9954
8323,2023-02-01,86,9,601,403,171.04,81,1909
8324,2024-04-19,38,11,601,401,347.32,80,2998
8325,2022-12-03,15,10,602,402,396.3,48,11921
8326,2025-06-09,93,3,602,400,323.17,54,5821
8327,2022-12-11,6,3,601,401,253.79,63,6154
8328,2025-04-27,11,15,605,400,446.24,56,4898
8329,2024-01-08,49,6,604,403,311.37,18,6007
8330,2023-10-30,42,1,602,401,111.16,28,4563
8331,2024-03-05,8,13,600,400,319.59,29,1475
8332,2022-10-09,71,11,603,401,288.2,50,12043
8333,2022-07-31,19,13,605,400,65.88,71,14347
8334,2024-08-20,24,8,605,401,430.67,79,5975
8335,2022-10-10,78,2,603,400,72.32,19,1558
8336,2023-03-15,65,11,600,401,386.03,56,7953
8337,2024-11-08,62,7,600,403,215.53,24,211
8338,2022-02-11,27,14,602,400,326.91,21,9136
8339,2022-07-13,89,6,601,400,243.46,23,2857
8340,2023-02-05,1,2,605,400,163.29,84,14410
8341,2025-02-03,28,5,603,402,58.29,15,14392
8342,2022-12-06,64,11,603,402,139.08,30,13699
8343,2024-11-25,15,12,604,401,398.62,91,11946
8344,2024-05-19,83,6,600,403,199.22,97,5769
8345,2024-06-18,27,14,605,400,270.09,23,2013
8346,2022-10-21,4,3,605,402,382.59,42,13726
8347,2024-09-18,74,14,603,403,96.79,21,1451
8348,2024-11-20,26,3,602,402,406.59,20,7976
8349,2023-03-27,59,1,603,401,65.9,37,6660
8350,2024-10-12,54,14,603,402,255.42,97,11528
8351,2025-06-26,43,1,605,400,213.84,36,6549
8352,2024-02-01,33,6,601,402,346.27,39,6866
8353,2024-12-02,52,3,605,403,158.18,31,9741
8354,2022-05-27,46,14,600,400,265.73,77,127
8355,2023-06-29,62,8,601,403,495.49,17,9602
8356,2023-04-27,91,14,600,403,486.46,47,3291
8357,2024-04-10,14,5,601,401,442.67,63,10521
8358,2022-01-16,55,1,602,402,353.63,51,7689
8359,2023-10-30,8,9,600,403,51.3,5,6020
8360,2024-12-13,19,14,602,400,242.4,96,9772
8361,2024-04-03,47,1,602,400,177.78,37,8555
8362,2023-07-05,23,11,603,400,355.25,82,262
8363,2022-05-15,33,8,600,402,331.69,83,8878
8364,2024-07-18,54,10,600,401,88.59,96,10441
8365,2023-07-02,15,15,600,401,302.71,87,7174
8366,2022-10-11,54,4,600,400,442.12,41,4060
8367,2022-02-24,58,6,603,400,453.59,42,9942
8368,2025-02-20,21,1,602,400,83.09,32,12261
8369,2022-12-02,8,6,605,401,380.52,29,1172
8370,2023-11-05,91,5,605,400,323.4,21,641
8371,2023-08-05,62,9,600,400,255.19,16,8996
8372,2022-06-01,38,6,603,400,398.16,8,11306
8373,2023-09-11,20,1,600,400,402.76,28,3667
8374,2024-11-03,83,3,603,402,224.69,12,5786
8375,2022-09-16,71,6,603,400,355.46,71,13874
8376,2023-11-09,2,3,602,402,267.63,79,12164
8377,2022-08-16,47,4,602,401,366.95,43,9301
8378,2022-03-20,81,9,603,401,487.22,30,4995
8379,2022-05-14,52,3,605,400,301.4,90,2862
8380,2022-11-27,82,13,603,400,450.78,45,5215
8381,2023-05-02,89,5,602,402,475.24,29,2678
8382,2022-11-05,47,13,602,403,270.33,64,421
8383,2024-03-11,59,6,604,401,368.15,8,2242
8384,2025-06-29,79,5,601,401,401.5,27,14273
8385,2022-01-15,26,4,605,400,58.83,23,6347
8386,2024-08-15,88,3,601,401,275.54,25,2383
8387,2025-01-13,65,7,601,402,338.88,9,4797
8388,2025-03-08,49,11,603,400,263.14,49,3133
8389,2023-08-20,43,4,604,401,377.57,74,1567
8390,2025-04-19,87,14,601,401,334.93,68,13210
8391,2024-11-18,65,4,604,401,350.96,27,6922
8392,2022-04-13,20,4,603,403,398.55,11,13054
8393,2023-06-28,77,10,605,403,166.36,75,9889
8394,2022-07-02,47,7,604,400,166.02,48,9764
8395,2024-09-16,55,8,604,401,454.59,81,8099
8396,2023-07-05,32,14,603,402,360.12,13,13341
8397,2023-09-09,67,9,604,402,435.62,30,12940
8398,2023-10-17,70,14,605,403,63.06,80,11601
8399,2022-08-24,67,3,604,401,364.91,13,2857
8400,2023-03-03,50,1,601,403,108.85,87,3849
8401,2022-03-21,77,11,602,400,209.6,73,11306
8402,2024-08-02,22,7,600,401,446.94,85,8917
8403,2023-07-22,56,8,600,400,426.68,27,851
8404,2024-10-12,15,8,600,400,456.76,57,9195
8405,2023-04-20,84,6,605,400,237.62,86,6620
8406,2022-02-13,43,2,602,401,93.8,91,9073
8407,2025-05-08,43,11,600,401,255.17,62,8194
8408,2025-02-28,57,15,600,400,468.78,25,14586
8409,2025-05-13,4,4,601,400,83.58,26,8381
8410,2022-08-07,38,13,600,401,353.51,23,12866
8411,2022-08-12,82,10,600,403,334.14,94,10734
8412,2023-11-20,63,15,604,400,239.34,50,9565
8413,2022-07-14,1,4,603,400,104.1,67,9221
8414,2022-11-01,24,14,604,400,53.5,49,6647
8415,2023-01-15,88,11,603,401,180.94,68,4005
8416,2024-11-17,38,2,605,403,290.38,56,9468
8417,2022-02-10,49,11,601,403,322.57,86,10945
8418,2024-11-23,25,3,604,403,417.5,40,13261
8419,2024-01-10,38,7,604,402,108.68,94,8737
8420,2024-10-08,49,13,605,401,374.85,18,6613
8421,2025-03-04,46,13,603,402,333.87,69,11259
8422,2025-03-24,56,14,604,401,448.17,29,7644
8423,2023-12-23,43,8,601,403,355.72,85,8474
8424,2024-06-30,20,7,602,400,102.57,67,6913
8425,2025-03-14,27,2,605,402,318.99,69,11869
8426,2022-03-16,56,3,603,403,323.15,56,2666
8427,2023-07-26,70,11,601,402,135.38,63,3985
8428,2023-12-12,39,14,605,403,101.0,73,9122
8429,2023-04-21,3,10,601,401,428.6,40,3330
8430,2022-09-22,38,3,604,403,236.93,80,9258
8431,2025-02-08,68,13,601,403,78.68,20,6112
8432,2023-08-02,79,12,601,401,167.63,49,1695
8433,2024-01-24,84,3,601,402,472.8,32,8555
8434,2024-07-01,39,4,602,403,130.6,65,14589
8435,2023-02-17,86,3,601,400,102.0,65,8035
8436,2023-11-20,64,3,604,400,179.65,88,7559
8437,2024-10-11,73,14,603,401,379.76,63,11297
8438,2024-06-27,57,10,600,400,223.62,20,4482
8439,2022-03-25,24,13,601,403,403.79,57,8509
8440,2023-10-19,3,12,605,403,453.07,5,1754
8441,2022-03-15,32,7,604,403,481.69,19,8252
8442,2024-12-14,83,9,604,403,93.17,6,14481
8443,2023-12-26,29,8,601,400,403.69,74,6395
8444,2024-06-08,85,9,604,402,435.55,14,5925
8445,2023-12-04,75,6,605,401,290.04,26,7666
8446,2025-05-18,60,4,605,400,267.16,86,10486
8447,2023-09-04,9,7,600,403,209.51,83,8764
8448,2022-10-18,100,9,603,403,395.71,92,2065
8449,2024-11-29,57,4,604,403,294.12,85,173
8450,2022-07-16,25,5,602,402,323.47,17,1482
8451,2024-03-04,52,3,601,402,435.95,90,8711
8452,2024-11-11,60,8,604,402,369.31,73,5298
8453,2023-03-17,19,11,600,402,460.8,42,11052
8454,2022-08-29,88,9,601,400,321.65,33,2839
8455,2025-06-21,8,14,601,402,409.34,97,6426
8456,2023-11-09,41,13,604,403,434.05,77,6208
8457,2025-06-09,36,14,602,403,379.28,60,2231
8458,2023-11-27,51,5,604,403,180.28,35,7305
8459,2025-04-16,25,3,605,401,404.26,83,7510
8460,2025-04-03,63,6,604,403,185.78,32,1232
8461,2022-12-12,86,10,604,401,479.36,99,10113
8462,2024-10-18,4,15,601,400,314.18,68,4726
8463,2023-07-24,26,7,601,400,428.01,79,5603
8464,2025-05-01,50,12,605,400,132.64,63,2510
8465,2023-07-02,39,8,601,400,372.7,18,10839
8466,2022-04-07,63,13,604,401,365.11,48,14034
8467,2024-07-19,83,11,605,402,403.21,84,3033
8468,2023-08-18,82,15,603,403,323.41,77,6516
8469,2023-07-30,11,1,605,402,70.38,40,14176
8470,2022-01-14,74,4,603,401,485.1,32,2758
8471,2022-06-03,85,12,602,401,355.77,39,3628
8472,2025-01-01,56,15,605,400,271.85,87,9007
8473,2023-09-23,34,1,604,402,213.68,37,1871
8474,2023-01-18,24,1,605,400,132.21,42,8520
8475,2024-02-11,66,9,603,400,331.42,47,11199
8476,2024-05-20,52,13,601,403,387.13,80,8085
8477,2023-11-19,52,2,602,402,421.22,66,6530
8478,2023-08-25,10,13,601,401,474.15,26,8325
8479,2024-01-20,77,11,605,402,239.73,10,4013
8480,2022-01-11,74,1,600,402,209.39,100,636
8481,2024-04-06,92,4,603,400,419.67,45,2132
8482,2024-07-14,43,6,602,400,310.11,57,3406
8483,2022-07-07,77,4,602,400,325.9,77,8666
8484,2025-03-03,82,6,601,400,165.09,100,12413
8485,2023-09-16,78,7,600,400,323.1,10,6594
8486,2022-11-26,67,2,605,401,195.87,81,6841
8487,2022-11-13,88,3,604,402,362.04,11,10937
8488,2024-02-14,81,15,600,403,486.56,71,6727
8489,2022-08-16,20,10,603,401,357.8,6,12882
8490,2025-02-08,79,8,605,403,192.5,68,13317
8491,2023-10-18,64,10,600,402,415.38,8,2760
8492,2024-01-10,19,12,605,402,446.79,64,11350
8493,2024-12-15,24,2,602,401,499.84,35,2793
8494,2025-06-24,15,1,605,403,320.49,25,1657
8495,2024-02-20,6,12,604,402,90.77,99,1155
8496,2023-01-23,74,3,603,400,487.73,30,12167
8497,2024-01-23,16,2,602,403,349.1,7,8282
8498,2022-09-01,12,2,600,401,239.06,78,8997
8499,2022-12-27,48,12,603,400,212.83,38,5775
8500,2023-07-22,90,11,603,402,233.46,28,10221
8501,2025-01-17,100,11,603,403,492.25,95,3624
8502,2023-03-06,60,2,603,403,496.8,96,12732
8503,2024-12-13,31,15,603,401,363.65,34,2636
8504,2024-03-20,76,9,605,403,54.96,76,3225
8505,2024-12-06,96,3,605,400,74.26,56,2154
8506,2022-05-20,44,6,603,400,207.7,68,14283
8507,2023-08-29,34,12,604,403,406.83,53,11950
8508,2025-03-20,10,15,601,401,281.17,45,14238
8509,2024-11-21,51,3,602,403,426.9,64,3005
8510,2025-02-27,8,6,600,401,64.51,82,10814
8511,2022-10-20,38,14,605,400,416.43,100,9819
8512,2025-01-07,76,10,602,401,294.22,80,10656
8513,2023-04-10,56,15,602,403,446.19,39,8931
8514,2022-07-19,22,12,603,402,385.61,71,11145
8515,2023-03-30,24,15,604,402,493.94,54,10256
8516,2023-07-07,66,15,603,402,418.01,81,4648
8517,2024-10-31,27,4,605,401,302.24,55,400
8518,2024-12-12,72,5,604,400,146.78,86,963
8519,2023-06-19,42,3,602,402,323.25,44,6974
8520,2022-06-07,34,11,600,403,251.97,52,2094
8521,2022-07-28,17,11,601,401,165.13,97,3001
8522,2025-05-21,100,8,603,403,440.35,64,901
8523,2024-10-27,81,4,602,402,249.88,64,5194
8524,2022-08-24,37,5,602,402,185.87,30,3572
8525,2024-02-06,82,14,601,403,394.32,22,10163
8526,2024-08-04,40,15,602,402,172.7,75,14214
8527,2023-01-12,75,3,605,403,456.79,49,922
8528,2022-05-02,100,7,605,400,397.46,61,14766
8529,2024-08-23,83,5,600,400,168.56,30,10377
8530,2024-11-02,56,14,604,402,491.99,71,8840
8531,2025-06-11,54,9,600,400,238.46,65,5290
8532,2022-08-09,1,4,603,402,154.16,18,3648
8533,2023-02-07,19,10,602,403,165.4,6,14904
8534,2022-08-04,66,5,603,400,155.01,30,12251
8535,2025-02-20,32,5,605,402,123.04,39,3051
8536,2022-01-25,26,7,603,403,337.27,20,812
8537,2023-10-05,66,7,600,403,115.63,47,618
8538,2022-01-25,18,7,600,400,157.81,85,1995
8539,2024-07-20,20,15,605,400,304.05,87,3422
8540,2022-01-20,65,14,603,403,371.44,58,14416
8541,2023-07-24,4,4,602,402,379.04,33,3109
8542,2023-05-04,11,2,603,403,291.98,35,11504
8543,2024-11-16,14,9,605,401,474.54,44,544
8544,2022-03-14,81,14,602,403,228.05,83,6652
8545,2022-11-21,5,8,602,403,483.72,58,13726
8546,2025-06-02,69,3,604,403,367.34,73,9803
8547,2022-09-29,56,5,601,403,317.22,90,12864
8548,2024-02-13,71,6,604,403,475.92,54,2013
8549,2023-09-07,36,9,605,401,133.99,6,13067
8550,2024-10-22,80,8,605,402,279.83,100,852
8551,2024-06-03,32,6,601,400,65.6,60,11723
8552,2022-03-12,25,12,603,403,112.33,41,8933
8553,2024-10-14,41,13,605,403,305.76,82,12070
8554,2025-05-30,20,3,603,402,420.24,85,4475
8555,2022-05-19,24,14,605,403,307.29,36,5213
8556,2025-06-23,72,3,605,400,487.81,71,4618
8557,2022-06-15,34,2,605,403,76.88,38,3942
8558,2022-11-02,6,13,601,401,50.32,77,3856
8559,2025-05-20,76,9,604,401,372.19,39,13300
8560,2023-03-14,70,5,601,402,113.4,36,9850
8561,2025-04-03,58,7,603,401,129.76,67,3609
8562,2023-08-06,62,9,602,400,234.98,95,3990
8563,2024-05-19,89,9,602,400,146.88,34,3595
8564,2023-09-24,21,10,605,402,320.53,43,1882
8565,2022-01-23,33,4,601,402,135.03,37,11134
8566,2022-03-30,76,5,604,401,215.73,82,10389
8567,2023-11-24,61,13,600,403,304.68,39,2230
8568,2024-01-30,6,10,603,401,246.49,27,4677
8569,2022-02-26,61,9,602,400,141.65,19,13159
8570,2023-11-14,80,4,604,401,271.26,50,8026
8571,2023-09-11,25,3,602,400,274.25,59,923
8572,2023-07-12,84,10,605,400,481.84,35,6791
8573,2025-03-03,77,14,605,403,319.4,84,5783
8574,2024-11-21,29,11,600,403,86.3,64,13043
8575,2024-01-26,8,15,600,400,301.54,17,14093
8576,2024-01-28,23,1,602,402,80.33,21,2143
8577,2023-02-26,88,9,604,402,494.54,43,4102
8578,2022-05-14,14,4,602,402,165.74,24,3175
8579,2024-03-28,43,10,603,401,316.05,76,1021
8580,2025-06-13,7,1,603,403,327.27,65,9517
8581,2022-04-21,13,7,604,401,418.64,74,7639
8582,2022-12-02,21,12,605,401,109.38,53,14668
8583,2024-09-24,42,12,600,403,195.09,75,6553
8584,2025-04-12,17,12,604,401,494.2,40,5314
8585,2022-09-09,92,14,600,400,466.13,89,3963
8586,2022-09-04,46,3,602,403,355.25,53,1333
8587,2022-09-23,66,9,604,403,73.89,61,9232
8588,2023-09-23,68,5,601,400,396.35,46,2084
8589,2022-02-04,37,5,602,402,278.53,8,8041
8590,2022-03-31,2,6,604,401,87.69,29,14929
8591,2025-06-03,96,2,604,401,496.85,93,13012
8592,2023-07-12,21,4,605,400,175.96,24,3973
8593,2023-12-01,70,10,602,403,456.97,26,2067
8594,2025-05-12,3,1,601,400,249.05,89,9820
8595,2022-12-03,31,4,600,403,231.98,46,8356
8596,2023-11-27,100,7,603,401,325.76,35,611
8597,2024-07-16,11,3,602,400,196.71,63,3073
8598,2024-04-13,30,12,605,403,177.76,88,6346
8599,2022-07-24,65,3,604,401,58.49,77,2126
8600,2024-12-09,18,9,603,401,288.49,8,6354
8601,2022-10-10,20,1,605,401,161.94,20,10325
8602,2023-08-11,19,3,603,400,90.97,55,4959
8603,2022-08-11,31,2,604,402,432.17,10,5924
8604,2024-10-30,41,12,604,401,307.58,63,4462
8605,2025-06-11,46,8,602,400,431.24,16,13471
8606,2022-09-03,83,11,600,402,74.58,97,7065
8607,2022-09-24,46,11,600,400,111.42,35,6306
8608,2024-02-27,99,12,600,401,189.57,71,14149
8609,2022-11-13,63,8,604,403,375.25,43,7006
8610,2022-02-18,38,12,600,401,497.62,77,4990
8611,2022-02-07,84,9,602,400,353.28,6,8219
8612,2023-12-28,24,4,604,403,95.46,96,14155
8613,2023-08-23,20,9,605,400,344.28,23,10512
8614,2024-05-05,49,7,601,400,73.27,83,1445
8615,2025-06-25,11,6,605,402,64.68,50,12852
8616,2022-01-11,25,11,604,400,236.41,76,1659
8617,2024-07-22,37,2,601,400,73.34,71,11474
8618,2024-02-13,68,6,601,402,454.39,86,692
8619,2023-04-13,63,7,605,402,460.07,95,2192
8620,2022-01-31,41,6,604,400,60.85,96,2256
8621,2025-01-22,15,9,602,400,57.71,79,2943
8622,2022-02-06,90,12,604,403,248.38,21,8875
8623,2023-08-19,42,8,604,400,89.54,81,8288
8624,2024-06-13,43,5,603,402,166.34,89,14545
8625,2024-04-15,41,11,604,401,436.09,80,8385
8626,2022-04-27,41,10,603,400,388.28,83,9874
8627,2024-03-28,50,12,600,403,362.75,23,5367
8628,2024-07-23,76,13,601,401,288.01,86,6105
8629,2022-11-27,80,1,604,402,412.57,95,10133
8630,2024-11-23,23,15,602,402,353.47,49,8529
8631,2024-04-16,61,15,603,403,219.56,40,11788
8632,2025-06-06,93,6,603,403,425.36,67,11948
8633,2023-07-12,97,9,602,402,417.75,48,8639
8634,2025-01-21,43,10,603,403,487.28,59,9517
8635,2023-02-22,4,8,604,403,266.55,23,9698
8636,2022-05-12,72,7,603,402,71.21,75,11026
8637,2023-05-31,40,11,602,403,94.81,31,12208
8638,2022-07-28,15,13,601,401,151.71,68,12115
8639,2025-02-18,8,15,604,401,405.08,87,6206
8640,2024-08-23,20,1,601,402,228.04,25,9544
8641,2024-06-07,31,15,600,401,109.14,88,12975
8642,2022-12-22,61,7,603,400,250.35,83,11250
8643,2025-01-03,100,6,604,400,300.16,62,14628
8644,2023-08-18,13,15,603,401,214.98,7,918
8645,2025-01-31,73,7,602,401,416.53,81,9778
8646,2024-09-18,51,15,601,403,276.41,88,12800
8647,2024-05-13,9,8,602,401,135.56,94,6087
8648,2023-05-24,4,1,600,401,395.76,88,4170
8649,2025-04-11,16,8,600,402,200.11,46,11398
8650,2023-07-27,82,9,602,402,409.16,86,1320
8651,2023-08-05,73,9,601,402,453.49,99,6281
8652,2025-02-20,89,7,605,403,308.36,12,2751
8653,2025-05-23,29,5,603,401,336.06,95,8665
8654,2025-01-13,80,3,602,402,52.99,37,8473
8655,2023-01-27,84,4,602,402,294.01,77,7361
8656,2023-11-30,93,11,601,402,466.88,70,5187
8657,2025-06-01,43,13,600,402,404.28,96,13510
8658,2022-02-15,11,1,601,403,230.4,63,14828
8659,2024-01-26,95,3,600,400,305.1,60,14251
8660,2025-01-31,76,15,601,403,102.9,77,10364
8661,2023-10-21,84,6,603,403,260.38,95,6955
8662,2025-03-22,32,9,605,402,332.35,46,1224
8663,2024-02-12,38,8,605,402,407.76,37,3269
8664,2022-02-13,40,14,603,401,269.95,12,10997
8665,2022-01-09,57,2,605,401,407.67,8,8637
8666,2025-06-19,92,10,602,403,229.2,69,2270
8667,2022-01-21,64,15,601,402,431.24,49,12929
8668,2023-01-11,57,3,604,403,389.61,23,6776
8669,2022-05-01,31,14,601,401,310.31,99,9414
8670,2024-12-16,86,15,603,401,371.62,65,11951
8671,2023-06-15,50,14,605,401,200.74,46,13938
8672,2024-05-22,12,15,602,401,243.24,27,1240
8673,2024-11-11,68,3,602,402,442.53,97,6308
8674,2023-05-08,90,6,603,400,180.35,45,11771
8675,2022-06-06,1,7,603,402,187.22,17,7425
8676,2022-10-15,19,9,600,400,59.55,71,8229
8677,2022-06-25,2,12,600,401,159.55,30,7929
8678,2024-08-30,90,15,602,403,139.55,80,12208
8679,2024-07-03,88,2,602,403,275.08,18,9969
8680,2024-05-29,94,1,601,403,392.7,28,10274
8681,2023-11-02,30,12,604,400,222.05,90,3820
8682,2024-07-16,2,6,605,402,125.0,47,11762
8683,2024-11-13,20,5,604,401,416.42,16,14535
8684,2024-04-27,20,7,605,402,136.2,55,10159
8685,2022-12-16,85,13,604,403,216.11,20,11429
8686,2023-09-17,100,12,605,401,435.21,23,7225
8687,2025-03-21,53,8,604,400,360.38,95,13778
8688,2022-06-09,69,11,601,402,444.57,77,13225
8689,2025-03-16,14,3,603,400,256.29,48,12741
8690,2022-11-01,38,9,600,401,71.93,47,9249
8691,2023-01-11,27,6,603,402,449.07,93,3674
8692,2022-01-20,87,1,604,401,363.52,61,7016
8693,2024-04-11,29,11,601,401,414.47,11,12492
8694,2023-06-20,56,10,603,401,417.22,19,6702
8695,2025-04-26,40,15,603,403,370.49,75,6716
8696,2024-06-07,43,1,602,400,299.64,7,12715
8697,2025-03-24,89,11,601,402,400.3,37,13213
8698,2024-07-11,49,6,602,402,468.58,65,10811
8699,2023-09-01,25,7,603,400,298.25,55,13082
8700,2025-06-11,6,13,605,401,162.7,67,2797
8701,2022-06-11,4,5,601,400,389.44,16,1091
8702,2024-03-06,100,5,604,400,326.39,52,6341
8703,2024-10-14,21,7,601,402,493.97,14,9079
8704,2023-11-29,4,2,603,403,335.3,27,9792
8705,2025-02-27,78,10,600,403,118.71,70,3193
8706,2022-09-07,20,1,604,401,346.21,53,3411
8707,2025-05-21,19,14,602,400,457.59,21,13942
8708,2023-12-07,27,5,605,402,88.12,53,2358
8709,2024-11-09,5,2,603,401,336.01,13,8465
8710,2023-03-25,74,13,604,403,323.31,65,14289
8711,2022-12-10,33,1,601,402,149.9,6,10647
8712,2025-02-05,88,7,605,400,376.36,51,2404
8713,2023-03-31,9,5,605,401,449.22,35,12336
8714,2022-09-28,93,6,601,401,321.22,77,7554
8715,2022-11-16,80,15,601,401,228.78,35,6762
8716,2022-04-16,5,14,605,401,209.79,72,14454
8717,2024-10-31,88,12,605,400,98.58,43,9586
8718,2023-11-01,36,7,602,403,359.14,10,3159
8719,2022-04-04,20,11,602,403,55.39,70,7035
8720,2024-03-20,97,12,603,402,137.67,64,5331
8721,2022-12-21,30,3,604,402,414.06,85,5949
8722,2022-05-26,92,15,603,401,442.83,70,1779
8723,2024-05-02,83,11,603,403,156.15,46,13431
8724,2023-08-13,22,6,603,403,161.14,47,5880
8725,2024-05-08,58,13,600,402,466.12,68,5887
8726,2022-09-11,52,4,603,400,189.9,14,11885
8727,2024-05-27,56,9,600,400,106.41,11,14348
8728,2024-09-17,78,9,604,403,321.16,23,14872
8729,2025-01-13,68,5,605,401,437.23,56,2738
8730,2024-11-03,45,3,601,401,214.93,26,9023
8731,2024-08-12,22,7,602,400,404.37,46,9657
8732,2022-07-21,14,5,602,400,407.9,38,6659
8733,2023-03-03,43,11,604,401,145.29,80,11230
8734,2022-03-20,22,3,604,403,70.44,67,11887
8735,2024-12-10,53,12,604,400,228.11,89,800
8736,2024-05-11,55,1,600,403,496.27,69,1693
8737,2022-11-19,22,7,603,402,427.12,54,11168
8738,2024-08-18,16,12,602,402,104.92,21,9409
8739,2025-03-31,33,4,602,401,97.43,92,7398
8740,2024-12-25,56,13,600,401,174.25,53,4212
8741,2022-01-30,95,13,601,400,441.56,46,5396
8742,2023-12-30,78,7,600,401,263.66,42,7008
8743,2023-08-14,94,3,600,400,138.13,26,10687
8744,2022-09-07,67,9,605,401,140.26,91,11819
8745,2024-11-25,55,12,601,400,106.79,14,1548
8746,2025-06-28,37,2,604,401,265.5,90,4116
8747,2022-09-21,63,9,603,400,285.8,93,12792
8748,2023-11-19,30,11,605,401,372.68,28,2990
8749,2024-11-03,5,3,602,401,301.12,31,1923
8750,2022-10-27,9,6,604,402,437.14,73,13914
8751,2022-02-01,67,9,602,401,177.85,85,154
8752,2024-11-23,17,14,602,402,253.61,59,4285
8753,2023-04-29,72,10,600,403,420.15,15,3651
8754,2022-07-29,18,12,603,402,141.16,57,924
8755,2023-10-17,98,1,604,401,361.5,73,688
8756,2024-12-10,93,6,601,402,483.19,96,11458
8757,2022-05-17,8,1,601,403,368.62,70,4286
8758,2022-11-17,50,3,604,400,167.4,69,11575
8759,2022-12-04,17,12,601,402,443.75,88,10595
8760,2023-10-27,11,13,601,401,58.96,99,1362
8761,2025-01-29,1,1,602,401,299.87,77,11298
8762,2022-12-10,31,7,601,403,159.24,61,3099
8763,2022-07-07,45,15,605,402,285.29,98,238
8764,2022-10-07,85,15,605,403,205.01,69,7467
8765,2024-11-08,17,7,604,401,276.62,18,11754
8766,2024-07-09,23,13,602,403,188.71,36,10611
8767,2024-08-22,27,11,604,400,251.51,77,11617
8768,2024-06-10,22,11,603,403,305.59,10,6701
8769,2022-08-08,41,14,603,403,303.72,47,11686
8770,2023-04-30,87,13,604,401,254.05,12,8223
8771,2022-05-14,71,14,600,403,139.4,65,4203
8772,2023-05-10,17,14,604,402,364.86,83,7556
8773,2024-07-10,31,12,600,400,473.25,86,12997
8774,2022-04-01,46,1,601,401,351.2,40,11622
8775,2022-06-13,64,6,605,403,403.5,73,9188
8776,2025-06-13,9,15,602,400,485.74,52,9983
8777,2024-05-29,48,12,604,403,248.71,8,13136
8778,2022-12-07,82,15,603,401,211.83,21,13009
8779,2023-05-06,46,6,604,402,105.74,54,3090
8780,2024-02-23,48,1,600,400,219.64,9,12486
8781,2024-10-23,33,13,605,403,454.82,39,4596
8782,2024-07-11,15,8,602,403,357.11,37,4005
8783,2022-07-15,31,3,600,402,182.45,27,10783
8784,2022-07-31,10,8,605,400,136.48,83,8178
8785,2023-04-25,58,11,605,402,492.69,41,6718
8786,2024-12-14,63,11,605,400,413.46,8,13016
8787,2023-02-28,96,2,600,402,382.28,95,9830
8788,2022-06-08,40,9,604,402,338.27,90,5636
8789,2025-04-10,30,1,600,402,421.49,86,13074
8790,2022-01-31,21,14,602,401,77.65,93,9040
8791,2022-02-21,41,9,602,401,161.0,98,3208
8792,2023-02-13,25,13,605,403,422.64,39,9323
8793,2025-01-28,49,12,604,403,113.37,58,6209
8794,2022-06-02,14,9,604,400,311.13,9,6358
8795,2022-02-15,49,11,602,401,401.99,69,2993
8796,2022-06-20,68,5,602,401,377.41,39,868
8797,2025-01-20,77,7,604,400,498.19,85,4073
8798,2024-05-14,19,11,605,403,68.67,23,11148
8799,2024-11-16,85,2,603,402,221.08,16,7148
8800,2023-08-01,89,3,602,403,225.26,86,1136
8801,2022-11-09,48,8,600,401,205.57,84,12478
8802,2023-03-22,68,12,602,402,239.59,26,13542
8803,2024-02-26,41,5,605,403,74.47,18,1316
8804,2024-03-17,84,6,604,402,339.86,84,9351
8805,2023-12-06,49,14,602,400,51.35,38,5172
8806,2024-03-18,65,5,601,401,450.56,38,12227
8807,2025-03-02,46,6,600,401,280.34,84,3877
8808,2023-06-26,31,14,605,402,414.65,42,10400
8809,2025-01-21,18,13,602,401,185.68,47,1580
8810,2022-09-15,40,15,605,402,66.5,59,1078
8811,2025-01-06,10,10,601,401,290.34,53,6539
8812,2023-04-13,73,9,604,403,332.12,30,14528
8813,2023-06-16,32,8,601,401,260.6,80,10426
8814,2023-09-05,78,13,603,400,136.17,29,4262
8815,2022-04-30,51,3,602,400,456.46,65,7452
8816,2022-09-11,15,10,604,402,55.58,87,14979
8817,2023-05-04,10,14,604,400,323.63,13,12726
8818,2025-01-15,12,1,601,400,321.57,13,11152
8819,2024-11-19,67,3,603,400,192.0,95,12646
8820,2023-11-14,29,15,604,402,161.72,22,5453
8821,2024-01-15,30,4,600,400,481.17,34,2986
8822,2022-01-19,13,15,600,403,211.76,98,1733
8823,2022-02-22,49,11,605,400,369.66,24,6890
8824,2024-09-30,85,3,601,402,484.41,77,12667
8825,2022-08-06,87,15,601,401,293.43,68,3590
8826,2022-05-31,7,3,603,402,369.83,38,616
8827,2023-09-01,27,14,601,402,192.54,24,655
8828,2022-07-27,76,2,600,400,441.64,26,3770
8829,2024-10-16,67,3,602,400,381.89,82,2607
8830,2023-11-18,84,5,600,401,319.83,27,4646
8831,2024-09-25,71,10,601,400,405.52,62,11838
8832,2024-10-30,5,2,601,400,134.35,78,9883
8833,2023-09-20,75,12,604,401,155.29,70,11073
8834,2024-02-04,56,11,602,402,308.78,73,14797
8835,2024-07-09,83,8,600,403,498.54,89,7154
8836,2023-12-31,77,3,605,400,393.04,19,7562
8837,2025-06-09,72,5,605,401,312.85,85,2078
8838,2022-06-11,99,5,600,402,399.07,20,8121
8839,2024-11-20,10,8,604,403,118.99,21,4186
8840,2023-12-01,17,14,605,403,135.87,51,13286
8841,2023-11-09,14,15,603,401,199.93,72,8543
8842,2023-05-25,66,15,600,402,207.64,77,6200
8843,2023-07-20,5,3,600,403,122.58,23,11375
8844,2023-04-22,41,12,602,403,399.31,51,7811
8845,2024-02-06,49,8,600,403,346.56,30,7536
8846,2024-11-08,41,3,605,401,347.01,52,10500
8847,2022-12-30,76,9,603,401,162.75,51,1179
8848,2023-11-27,51,10,605,402,339.97,48,7533
8849,2022-10-24,2,13,603,401,219.24,84,12120
8850,2023-01-25,4,7,604,400,405.0,85,695
8851,2022-06-15,83,15,600,400,189.48,30,8844
8852,2023-05-17,66,11,600,402,389.92,14,1011
8853,2022-10-08,57,9,602,401,66.47,65,6253
8854,2023-01-05,28,2,600,402,129.35,7,348
8855,2023-11-14,77,3,605,402,89.28,50,7412
8856,2022-05-24,78,9,603,402,378.8,79,9574
8857,2024-12-16,15,12,604,403,383.66,95,3470
8858,2022-03-17,53,5,602,400,298.38,71,536
8859,2023-03-23,40,9,601,400,175.62,98,2738
8860,2022-04-01,9,2,602,401,248.76,88,8897
8861,2022-09-26,48,2,600,403,178.4,32,14045
8862,2025-04-01,90,9,600,402,120.81,30,3905
8863,2024-05-29,74,13,604,402,212.01,82,1494
8864,2024-04-07,54,1,603,400,339.77,71,4570
8865,2023-03-15,72,3,604,402,364.16,36,191
8866,2024-10-20,82,2,603,402,267.3,91,3049
8867,2022-08-30,25,5,605,401,189.6,80,4775
8868,2022-05-11,39,5,603,400,88.1,20,11990
8869,2024-03-12,51,5,602,400,123.46,86,12620
8870,2022-09-20,86,11,603,400,308.36,91,2913
8871,2022-02-20,72,3,603,400,413.64,38,11902
8872,2024-12-10,61,3,604,400,202.61,50,664
8873,2023-07-28,39,4,604,400,318.75,29,14437
8874,2024-02-14,49,14,605,400,54.13,7,6201
8875,2023-04-04,67,2,604,400,65.85,58,6310
8876,2024-03-13,39,14,603,403,306.42,71,4237
8877,2025-04-05,47,6,603,400,489.75,87,9681
8878,2024-11-21,56,12,603,401,73.0,11,13971
8879,2025-02-01,87,15,600,402,465.1,87,1340
8880,2025-04-08,71,11,602,402,416.93,27,4695
8881,2024-07-06,42,3,604,403,88.32,25,3159
8882,2023-11-14,81,4,603,403,52.46,95,7394
8883,2024-01-16,73,4,600,401,418.96,80,13842
8884,2023-04-17,29,2,603,401,195.87,77,14788
8885,2025-01-14,26,7,601,402,344.87,14,3846
8886,2023-12-23,100,15,600,403,208.15,62,12387
8887,2022-08-25,53,15,602,402,378.76,13,7819
8888,2023-05-23,82,13,603,400,486.01,6,9257
8889,2022-08-27,66,15,605,401,377.41,43,6954
8890,2024-12-19,64,15,604,401,50.83,58,4267
8891,2022-04-27,52,4,601,400,98.18,56,494
8892,2022-01-07,22,12,605,403,444.73,86,12136
8893,2025-01-03,93,15,600,401,275.78,33,4557
8894,2024-01-27,18,4,600,400,298.89,100,3012
8895,2022-08-26,90,14,604,401,271.17,75,9666
8896,2024-08-10,57,1,604,400,243.44,88,3874
8897,2023-01-11,34,9,605,401,110.56,5,5833
8898,2024-11-08,3,11,602,402,487.32,100,1607
8899,2024-07-06,96,10,603,402,296.95,62,11854
8900,2023-03-03,46,2,601,402,422.24,75,10954
8901,2024-11-25,24,11,600,400,406.82,35,4260
8902,2022-11-23,5,14,600,401,162.26,69,4012
8903,2023-03-16,8,6,600,400,389.06,33,12719
8904,2023-02-14,26,7,604,402,148.6,60,12579
8905,2024-06-18,95,12,602,400,488.67,53,8225
8906,2022-10-04,12,1,600,402,288.92,7,4503
8907,2023-07-08,28,10,600,403,251.34,31,9975
8908,2022-07-30,44,3,601,400,336.51,12,359
8909,2023-05-04,86,3,604,401,131.3,49,7982
8910,2025-01-06,92,13,603,402,147.18,51,11376
8911,2024-07-31,92,12,605,401,287.47,31,3454
8912,2024-06-03,69,8,601,403,335.75,54,13617
8913,2024-01-02,3,2,601,403,286.92,6,10208
8914,2025-03-25,57,9,604,401,332.33,96,7897
8915,2022-10-10,37,5,605,401,256.38,21,7158
8916,2022-08-10,99,4,605,402,214.92,32,13754
8917,2025-03-20,94,2,600,402,114.74,38,350
8918,2022-08-19,54,4,603,401,136.19,100,3557
8919,2023-11-20,85,4,602,400,185.55,94,13744
8920,2023-11-21,15,2,602,402,216.81,16,10040
8921,2023-05-23,10,6,603,400,238.29,41,3039
8922,2024-08-31,12,5,605,403,165.32,14,11324
8923,2025-06-22,82,6,601,403,424.29,49,8862
8924,2023-08-12,42,4,600,403,396.77,86,6832
8925,2022-06-03,18,12,602,403,361.22,31,7033
8926,2023-06-08,31,4,602,402,140.1,31,817
8927,2023-01-28,78,3,601,400,470.43,49,10134
8928,2022-11-14,24,8,604,403,331.43,22,6426
8929,2022-05-02,65,14,605,401,319.47,20,8300
8930,2024-06-05,96,6,604,403,360.18,63,8736
8931,2022-06-30,62,4,604,400,406.79,46,958
8932,2025-06-07,73,3,605,401,73.2,57,4943
8933,2025-01-23,49,6,603,400,478.13,28,1893
8934,2022-08-12,71,11,600,402,427.45,10,8250
8935,2022-01-29,60,14,600,400,464.0,78,5238
8936,2024-04-15,87,1,604,401,144.43,8,8032
8937,2024-04-18,15,6,600,401,146.81,72,10417
8938,2023-10-19,57,9,600,400,481.16,17,11692
8939,2022-01-08,48,12,605,401,337.23,54,7273
8940,2022-04-17,70,1,603,403,274.42,94,14108
8941,2025-06-29,83,5,603,400,307.17,47,281
8942,2022-05-08,68,8,603,400,317.63,78,14405
8943,2025-06-26,96,1,602,402,313.44,81,7832
8944,2022-08-05,57,15,604,403,355.38,72,7068
8945,2023-07-08,6,5,601,403,350.71,50,5391
8946,2023-02-16,22,5,600,402,475.86,59,484
8947,2025-03-22,31,13,605,401,216.64,8,11568
8948,2023-04-22,79,9,605,402,73.64,11,13012
8949,2022-08-31,69,8,600,403,102.7,73,5820
8950,2023-07-12,6,12,602,401,396.79,79,4487
8951,2022-04-24,37,14,605,403,217.18,19,13993
8952,2022-01-23,64,11,604,402,314.26,94,12263
8953,2023-09-13,12,14,601,403,415.58,36,5090
8954,2023-09-22,11,2,603,400,248.18,56,3911
8955,2022-02-11,43,2,605,402,268.64,85,6043
8956,2024-06-03,6,4,603,403,167.73,58,13445
8957,2024-06-09,2,12,603,401,225.88,71,11826
8958,2024-10-27,91,14,604,402,153.4,63,1725
8959,2024-10-02,92,3,600,400,169.82,80,8552
8960,2025-05-02,8,3,602,401,425.2,14,12602
8961,2023-07-02,45,10,603,400,421.57,28,14829
8962,2023-06-28,9,10,603,403,204.76,79,4218
8963,2024-03-20,74,14,604,400,460.33,78,14741
8964,2024-02-22,49,7,601,400,263.77,48,14403
8965,2024-12-17,50,7,603,400,282.08,72,12039
8966,2023-09-01,28,12,602,402,196.43,22,443
8967,2024-07-10,97,6,602,402,396.68,43,12359
8968,2024-10-28,13,2,600,402,390.76,26,2937
8969,2025-03-12,37,8,605,403,278.54,82,3244
8970,2023-04-01,32,10,602,400,494.15,31,10163
8971,2023-02-05,38,9,604,403,158.98,9,6834
8972,2025-04-29,31,14,601,400,207.16,21,5383
8973,2025-02-05,25,10,600,403,155.39,16,8115
8974,2022-10-29,15,2,602,402,365.08,35,6868
8975,2023-09-01,24,11,605,401,99.76,55,12911
8976,2023-06-22,5,9,601,400,458.55,66,6764
8977,2022-02-22,48,7,603,402,196.63,67,10299
8978,2024-06-06,21,2,602,403,176.72,92,4896
8979,2022-03-13,31,1,605,400,61.72,37,4739
8980,2023-06-15,69,14,602,403,190.3,20,4800
8981,2022-07-22,8,10,604,403,200.28,26,4588
8982,2025-04-28,71,8,601,401,140.07,40,12800
8983,2024-05-03,84,1,605,400,386.8,95,12570
8984,2024-01-08,93,13,601,402,280.37,13,1807
8985,2022-07-29,53,13,601,402,397.3,95,339
8986,2024-01-12,66,5,605,402,160.79,5,9580
8987,2023-07-02,33,2,605,400,310.33,100,2062
8988,2023-08-28,43,8,600,403,355.28,36,9443
8989,2023-12-12,50,12,602,402,394.85,87,1182
8990,2024-03-28,46,1,604,400,378.34,87,10137
8991,2025-01-18,99,8,601,403,122.27,23,2890
8992,2023-11-16,5,10,600,402,122.68,75,14763
8993,2024-05-06,8,9,600,402,325.61,53,2069
8994,2024-02-05,43,15,601,401,292.59,76,12343
8995,2025-06-09,80,1,601,403,124.79,78,3019
8996,2022-02-13,58,4,605,403,486.02,66,10032
8997,2022-08-03,13,15,600,401,86.36,25,11258
8998,2023-04-02,62,6,602,401,384.07,46,10947
8999,2023-11-14,45,9,602,402,115.94,20,5447
9000,2023-08-14,74,8,601,400,230.99,31,9960
9001,2023-01-07,21,7,602,403,130.74,60,10826
9002,2022-12-23,30,12,604,403,53.7,54,7677
9003,2023-12-26,67,7,600,400,183.93,25,10742
9004,2023-06-07,34,9,600,402,292.22,53,1463
9005,2023-02-24,20,13,602,401,122.67,90,10450
9006,2022-06-14,63,8,602,402,272.48,40,2386
9007,2024-02-27,46,9,601,400,171.64,14,5942
9008,2022-05-02,83,14,601,401,252.31,82,7861
9009,2022-10-04,89,9,601,401,249.01,25,7724
9010,2022-03-06,80,8,602,401,290.89,67,1233
9011,2024-07-26,18,13,604,403,288.17,27,7290
9012,2024-06-22,53,8,605,402,498.22,95,6034
9013,2025-03-25,100,4,600,401,336.52,52,2378
9014,2023-07-19,37,7,605,401,219.67,99,2299
9015,2022-02-12,67,8,602,402,297.28,24,9744
9016,2024-09-16,16,3,603,402,426.71,22,5044
9017,2022-06-20,84,11,600,402,153.93,55,13269
9018,2023-04-04,18,3,602,402,88.08,70,1423
9019,2025-04-21,47,11,601,401,357.64,88,4267
9020,2025-01-12,33,15,605,400,454.93,99,7981
9021,2023-03-23,82,11,605,400,84.57,11,14825
9022,2024-08-31,35,10,600,400,285.2,11,872
9023,2023-09-26,72,6,604,401,205.6,9,2059
9024,2024-12-09,94,10,603,403,437.59,59,14587
9025,2024-10-08,90,8,600,403,271.09,27,7104
9026,2024-12-09,19,2,604,400,417.21,84,14579
9027,2022-12-22,78,14,604,401,52.05,37,4186
9028,2023-10-25,20,15,602,403,64.48,45,1044
9029,2023-01-01,64,7,601,403,487.12,85,8658
9030,2023-03-05,94,2,602,403,323.38,20,10284
9031,2023-02-27,19,11,603,403,341.21,29,13846
9032,2023-11-13,71,1,601,401,203.24,12,4836
9033,2025-04-25,19,6,601,401,167.72,57,6162
9034,2025-02-24,18,12,604,401,75.46,61,3395
9035,2022-02-24,77,8,604,401,121.89,28,3155
9036,2022-03-27,58,10,603,402,461.78,47,11658
9037,2024-01-16,100,3,605,401,454.5,13,807
9038,2024-09-17,52,5,605,402,306.28,9,14900
9039,2023-10-25,37,9,602,403,69.34,84,3817
9040,2024-10-28,13,7,603,402,491.24,75,8847
9041,2024-05-14,65,14,600,402,63.41,6,1023
9042,2022-09-07,17,8,600,401,343.73,48,1442
9043,2022-04-01,63,12,600,401,246.43,74,12672
9044,2023-09-08,9,7,604,400,156.52,56,1847
9045,2025-06-24,67,2,604,401,127.0,40,10323
9046,2025-04-26,56,10,605,403,486.56,6,3896
9047,2022-05-05,6,15,603,403,449.41,71,4894
9048,2024-03-23,70,14,604,403,340.21,39,11234
9049,2022-06-30,10,13,600,401,433.92,35,3690
9050,2023-05-07,75,5,601,402,129.9,51,13102
9051,2024-09-08,70,10,601,402,106.65,9,14436
9052,2022-06-01,30,4,600,400,99.94,91,9680
9053,2024-01-08,30,3,604,400,246.57,68,408
9054,2024-05-30,25,4,600,400,130.77,43,6983
9055,2023-07-24,83,8,602,401,360.89,40,4894
9056,2023-04-19,30,9,601,403,240.86,59,5500
9057,2022-11-13,93,10,605,402,489.37,89,14793
9058,2023-12-02,92,6,603,403,375.23,86,13452
9059,2023-02-10,39,7,603,401,221.46,71,13811
9060,2023-03-09,50,4,603,403,341.49,13,11871
9061,2025-01-09,39,13,602,400,63.68,58,14510
9062,2024-12-13,14,12,603,403,173.99,44,8117
9063,2023-12-19,47,5,605,403,258.59,76,13348
9064,2025-02-06,81,1,603,403,471.46,95,8347
9065,2022-10-06,68,15,605,403,278.01,79,10281
9066,2024-04-20,61,8,602,403,253.61,53,1754
9067,2023-06-08,82,5,603,400,215.62,44,12154
9068,2023-01-21,38,11,603,400,119.47,40,10699
9069,2024-01-17,18,8,602,400,492.1,5,2385
9070,2024-11-18,76,3,605,401,150.68,25,2976
9071,2024-06-21,39,8,601,401,137.87,66,8379
9072,2025-04-18,5,10,601,400,374.99,89,10635
9073,2023-09-21,39,12,605,402,280.46,12,7609
9074,2022-01-01,93,4,604,402,186.91,6,7865
9075,2024-11-12,4,10,603,403,189.98,79,11263
9076,2023-02-27,2,12,600,403,90.32,20,13528
9077,2023-12-30,91,6,603,401,305.38,42,7241
9078,2024-09-26,14,12,602,402,87.3,90,4239
9079,2024-04-19,70,14,605,403,220.37,21,6045
9080,2023-03-15,45,8,604,403,127.43,74,13720
9081,2022-02-09,42,12,603,403,143.77,54,10747
9082,2023-04-18,26,7,603,401,289.83,39,5402
9083,2024-04-10,1,10,603,403,251.43,57,8645
9084,2024-04-19,87,11,601,400,403.75,45,13647
9085,2023-05-14,11,14,603,401,192.08,12,8872
9086,2024-01-03,37,8,600,403,437.0,67,3380
9087,2024-08-13,53,13,604,401,286.53,39,10265
9088,2024-02-27,2,7,605,402,292.17,19,12345
9089,2022-11-04,16,3,601,403,420.65,72,6338
9090,2022-08-14,52,3,605,403,281.6,82,12619
9091,2022-01-04,99,8,605,401,125.23,95,2901
9092,2024-05-04,45,13,602,400,449.46,66,8335
9093,2023-02-25,47,2,604,400,386.13,34,6275
9094,2025-02-24,93,13,605,401,422.23,30,13130
9095,2023-05-03,38,7,605,401,316.35,66,1772
9096,2025-01-21,71,15,602,401,426.95,6,2210
9097,2023-11-12,90,8,605,402,340.88,39,1615
9098,2024-10-07,22,6,602,400,328.87,23,9903
9099,2024-09-19,80,12,604,400,364.86,6,7727
9100,2022-09-05,95,6,602,400,134.12,97,4661
9101,2023-10-07,17,1,601,400,415.2,52,6837
9102,2022-04-23,76,14,601,403,188.74,29,5115
9103,2023-06-25,48,6,600,401,295.75,77,3119
9104,2023-04-23,46,9,602,400,435.32,8,14982
9105,2023-02-19,4,3,600,401,227.67,78,8856
9106,2023-08-07,30,8,603,401,280.35,26,4819
9107,2022-03-30,88,3,601,401,194.52,30,7984
9108,2024-06-11,18,1,603,401,329.27,35,2340
9109,2023-12-25,59,9,605,402,448.09,31,14283
9110,2023-02-15,89,5,603,401,367.86,70,5515
9111,2022-11-25,99,3,602,403,463.62,30,6270
9112,2023-03-21,76,1,602,402,58.23,13,6286
9113,2024-07-05,88,15,601,401,382.69,20,14047
9114,2022-10-19,41,15,602,400,240.09,23,390
9115,2024-06-20,40,11,600,402,227.02,74,5373
9116,2023-09-24,34,7,603,402,358.45,86,5994
9117,2023-04-22,45,14,600,400,486.98,29,3222
9118,2022-03-12,81,11,604,401,72.11,92,13065
9119,2024-01-04,50,10,602,402,490.36,85,4354
9120,2025-05-15,6,1,603,400,70.67,33,561
9121,2023-08-31,73,5,600,401,291.84,71,12696
9122,2023-04-05,63,14,603,403,480.97,70,1978
9123,2025-01-28,16,15,602,403,149.37,9,9078
9124,2023-04-11,11,2,604,403,463.74,92,8484
9125,2023-05-21,33,2,605,401,73.58,98,6288
9126,2022-08-28,91,2,602,402,159.27,76,13417
9127,2025-01-18,83,6,601,402,218.56,11,2734
9128,2023-02-07,30,14,602,400,57.13,29,9046
9129,2022-05-16,11,2,600,400,336.79,94,2179
9130,2023-09-07,5,6,601,401,216.51,84,12799
9131,2025-04-05,92,1,603,401,393.53,8,8687
9132,2025-04-17,5,9,601,401,138.36,32,3232
9133,2024-03-31,5,9,600,401,473.07,94,13841
9134,2024-01-17,71,8,604,402,275.44,36,7176
9135,2022-04-02,55,14,602,401,401.13,84,5863
9136,2022-12-20,38,2,605,402,382.28,73,11502
9137,2024-04-02,34,15,602,402,461.29,97,8539
9138,2022-03-05,35,5,605,403,88.49,61,11119
9139,2023-03-08,76,8,602,401,180.03,59,3786
9140,2023-12-03,20,14,604,402,417.96,79,8343
9141,2023-04-09,46,4,603,402,293.76,33,12764
9142,2023-09-14,72,2,605,400,301.81,18,9661
9143,2024-08-08,55,12,602,400,405.3,11,3487
9144,2025-05-11,33,9,600,400,186.02,18,12372
9145,2022-05-19,19,14,604,403,429.9,71,7221
9146,2024-01-10,80,8,600,402,452.1,74,656
9147,2023-07-13,37,7,600,401,147.86,14,12150
9148,2022-02-12,28,13,603,401,470.08,49,10497
9149,2023-03-24,48,2,605,401,353.86,53,2109
9150,2024-12-29,65,7,602,403,358.75,37,744
9151,2022-03-05,67,2,600,403,109.84,59,6825
9152,2022-07-04,48,3,604,403,211.94,20,10886
9153,2025-02-20,64,2,602,401,92.07,91,2628
9154,2022-11-25,7,2,603,403,227.98,83,12829
9155,2024-05-10,39,1,602,403,264.65,78,2706
9156,2023-02-21,35,13,600,403,167.1,24,10108
9157,2022-11-01,95,5,603,403,481.15,36,4269
9158,2025-01-14,76,2,603,402,101.07,60,5166
9159,2022-08-12,22,14,605,402,383.28,27,14765
9160,2023-05-23,36,1,605,403,370.97,83,6096
9161,2025-05-16,48,8,603,400,334.93,25,6797
9162,2023-10-13,14,2,602,403,53.47,97,9762
9163,2022-04-03,63,3,605,402,486.53,93,6425
9164,2024-11-11,9,7,600,400,189.91,27,11038
9165,2023-07-28,17,11,604,403,491.51,65,14855
9166,2024-11-11,54,15,601,401,170.66,11,9412
9167,2023-02-02,82,13,605,401,200.74,20,10298
9168,2024-07-18,16,4,600,402,122.41,30,2314
9169,2023-10-17,32,1,603,403,292.1,57,9076
9170,2023-04-04,59,10,601,403,327.23,70,8931
9171,2024-03-21,31,13,603,402,407.97,45,1622
9172,2022-08-26,53,10,602,403,185.87,56,3706
9173,2025-05-01,10,13,603,400,115.65,49,12296
9174,2024-02-10,89,12,601,403,402.94,53,12500
9175,2022-01-03,75,4,605,402,72.01,67,5895
9176,2022-08-07,56,11,602,401,150.67,53,2776
9177,2022-07-02,99,2,605,401,436.6,87,5786
9178,2024-07-21,37,11,603,403,119.54,30,4046
9179,2025-03-27,80,15,603,402,151.01,92,544
9180,2025-01-28,35,13,601,402,244.77,40,9759
9181,2023-12-30,61,1,601,402,102.92,18,11499
9182,2023-08-03,39,10,604,400,298.73,14,10383
9183,2022-03-24,16,15,602,401,361.36,61,12597
9184,2023-03-19,64,8,604,403,222.16,16,5070
9185,2023-04-23,75,3,601,401,353.24,99,7542
9186,2022-02-11,24,11,603,402,121.03,42,10854
9187,2023-03-02,27,7,605,400,478.25,24,5369
9188,2023-01-24,84,4,601,401,238.96,56,9452
9189,2022-12-04,89,10,604,402,312.7,5,13077
9190,2023-12-03,81,11,604,401,387.54,71,11998
9191,2023-05-18,64,6,603,400,172.17,54,5051
9192,2022-03-16,2,10,604,403,454.97,84,2320
9193,2024-02-20,74,1,603,403,352.85,85,13553
9194,2023-10-20,93,1,600,400,419.19,69,6522
9195,2023-12-29,43,1,601,402,124.1,8,5196
9196,2025-06-04,5,5,603,403,120.1,52,7675
9197,2025-06-24,35,9,600,401,253.95,8,1938
9198,2022-05-16,98,12,605,400,247.93,54,478
9199,2024-11-05,51,11,603,400,412.12,5,11583
9200,2025-06-22,91,12,600,403,75.46,94,4681
9201,2023-02-19,46,2,604,402,236.52,86,3025
9202,2025-05-27,82,7,605,401,410.73,21,775
9203,2022-02-27,2,5,603,403,261.62,15,9619
9204,2024-07-12,44,14,602,402,211.53,28,7124
9205,2023-07-02,64,8,602,402,103.97,49,3822
9206,2022-09-17,48,15,601,401,56.85,44,5289
9207,2025-01-03,57,9,601,400,300.41,100,12812
9208,2023-06-30,35,6,602,403,82.19,57,7330
9209,2022-12-27,39,5,604,401,212.86,32,7436
9210,2023-05-27,49,1,601,402,485.64,45,2952
9211,2022-03-06,4,15,605,401,99.69,12,7215
9212,2023-01-12,63,1,602,402,200.34,46,10646
9213,2024-12-09,10,1,603,400,453.31,68,8097
9214,2024-04-04,64,4,600,401,354.15,42,7409
9215,2022-12-27,19,13,603,403,486.47,63,6659
9216,2022-11-28,21,8,604,401,137.27,55,13138
9217,2025-01-11,13,6,603,403,348.99,61,2105
9218,2024-11-14,76,11,602,403,84.88,14,11373
9219,2023-04-16,58,6,602,403,75.71,93,9060
9220,2023-10-27,3,11,603,400,470.99,45,12155
9221,2022-05-18,36,4,602,403,370.91,81,10432
9222,2024-01-04,57,9,600,400,71.41,62,5353
9223,2025-01-22,32,5,601,401,132.05,5,12371
9224,2024-06-08,18,6,604,400,382.2,26,10982
9225,2024-11-22,99,10,605,403,134.46,58,9035
9226,2024-01-15,32,11,601,403,71.18,67,8831
9227,2023-03-17,5,10,603,400,315.95,6,6259
9228,2022-05-25,46,7,604,403,373.12,49,4619
9229,2022-08-17,68,12,603,402,331.33,81,2171
9230,2025-01-13,25,6,601,400,203.41,89,1889
9231,2023-07-02,4,5,601,401,381.13,44,11569
9232,2022-04-05,71,5,602,402,451.66,51,14218
9233,2023-07-10,72,11,604,401,253.76,35,9068
9234,2023-05-19,52,3,603,400,250.37,67,1961
9235,2025-04-29,66,12,602,403,269.62,11,7308
9236,2024-02-01,30,6,602,403,268.49,65,7277
9237,2024-07-26,63,13,602,403,142.75,55,2717
9238,2022-11-20,70,6,605,400,109.42,38,5060
9239,2024-08-12,2,3,605,401,240.66,39,14024
9240,2025-04-15,39,5,600,400,355.78,100,9799
9241,2025-01-01,90,11,605,403,499.26,6,1149
9242,2022-03-30,94,14,603,400,247.59,68,1010
9243,2023-01-27,58,6,603,401,484.59,32,10630
9244,2024-09-27,30,2,602,401,333.24,37,1122
9245,2023-01-18,78,15,603,402,285.42,17,8907
9246,2025-03-23,45,3,602,403,71.3,37,4102
9247,2022-04-07,46,7,601,402,472.07,70,12286
9248,2022-08-27,61,4,600,400,388.4,77,650
9249,2025-02-22,76,11,605,403,188.19,81,9637
9250,2023-05-08,25,12,602,401,396.63,36,7153
9251,2023-12-06,92,2,605,401,160.24,31,1371
9252,2023-04-14,90,15,602,402,277.96,34,4445
9253,2022-04-15,53,8,604,400,261.12,52,3130
9254,2023-06-28,66,4,604,400,491.22,17,8607
9255,2022-01-07,37,14,602,400,336.16,36,6186
9256,2023-01-22,36,12,601,400,259.31,36,5671
9257,2025-06-26,29,13,603,401,412.2,41,14365
9258,2025-02-15,19,5,605,400,203.54,18,554
9259,2022-01-10,33,13,601,403,345.44,59,7867
9260,2023-01-27,11,11,605,403,216.32,9,9333
9261,2023-03-29,96,9,604,403,461.84,8,4823
9262,2025-02-07,65,13,600,402,118.18,87,6465
9263,2022-11-10,80,2,601,402,236.87,100,14398
9264,2024-05-05,85,12,602,401,142.58,99,6439
9265,2025-06-24,56,4,604,401,390.67,100,6697
9266,2025-05-22,61,9,602,402,60.84,24,9008
9267,2022-04-30,10,6,601,400,95.34,21,8183
9268,2023-06-12,12,3,603,403,160.72,80,625
9269,2024-04-14,22,10,605,402,281.8,24,7857
9270,2023-11-30,20,5,605,401,435.68,69,5507
9271,2024-01-13,19,11,602,400,80.5,69,3627
9272,2023-01-04,19,15,600,400,106.83,72,2830
9273,2025-06-05,64,9,601,401,380.6,54,3213
9274,2023-01-13,50,14,601,402,248.72,21,9618
9275,2023-06-19,62,15,602,402,476.7,43,7256
9276,2025-03-13,100,1,601,403,178.69,62,14518
9277,2023-01-18,49,6,605,401,227.1,18,10197
9278,2024-11-29,80,3,605,402,282.35,70,2621
9279,2022-04-27,55,11,600,403,111.54,60,12327
9280,2023-09-09,14,12,605,400,221.37,57,12465
9281,2022-11-09,53,9,600,402,423.4,75,9524
9282,2024-03-09,100,12,604,401,166.99,83,2946
9283,2024-08-03,95,9,604,402,483.62,97,770
9284,2022-12-10,37,7,602,400,483.34,53,14260
9285,2023-07-09,73,6,600,403,249.42,35,471
9286,2024-10-05,34,3,604,403,71.02,49,5152
9287,2023-03-20,18,14,600,400,115.92,83,1443
9288,2023-03-20,43,6,602,400,468.28,30,3735
9289,2022-11-19,91,3,602,400,92.52,33,14325
9290,2023-02-03,62,15,605,402,174.48,54,1984
9291,2023-10-27,19,6,600,401,468.4,20,9229
9292,2025-04-19,81,13,600,403,202.44,90,12314
9293,2025-05-12,64,6,600,400,440.13,30,6645
9294,2023-01-12,23,7,604,400,396.24,8,9841
9295,2022-03-26,80,13,600,401,399.91,83,5232
9296,2023-11-25,32,3,601,403,208.93,95,8383
9297,2023-01-26,8,10,603,402,353.41,90,4773
9298,2022-02-16,96,14,603,400,291.03,25,3786
9299,2025-03-02,20,12,601,401,380.47,90,12934
9300,2025-05-04,49,8,604,403,345.77,85,10618
9301,2025-06-06,1,10,605,402,472.27,99,14754
9302,2025-03-02,96,5,600,401,198.79,58,4552
9303,2024-05-24,6,15,600,400,297.57,54,1515
9304,2023-02-24,34,2,601,403,130.67,80,14214
9305,2024-09-02,21,11,605,403,233.61,93,1891
9306,2023-10-23,91,10,605,400,459.33,57,4079
9307,2025-06-26,78,14,602,402,493.77,5,2566
9308,2023-05-19,16,15,603,403,270.82,48,11449
9309,2022-04-09,69,6,604,403,243.81,23,12266
9310,2024-06-09,49,8,602,403,336.92,8,8627
9311,2024-05-18,83,12,603,402,337.12,92,7076
9312,2022-10-24,61,9,600,400,446.53,33,14357
9313,2025-03-03,31,9,600,400,175.71,96,14731
9314,2025-05-07,97,5,600,400,78.7,52,4189
9315,2023-02-14,25,13,605,400,282.66,49,3207
9316,2025-01-09,60,2,601,401,227.78,43,13055
9317,2022-05-07,29,6,604,401,356.51,78,2045
9318,2024-06-24,27,15,605,401,252.72,35,6824
9319,2023-01-28,4,9,603,400,54.05,40,699
9320,2024-06-20,45,9,600,402,389.46,53,4541
9321,2025-03-19,66,4,600,402,115.76,59,5185
9322,2025-05-18,32,8,602,402,145.24,78,3356
9323,2022-03-19,80,10,601,401,420.7,11,5217
9324,2024-04-26,92,11,605,401,239.86,38,9363
9325,2022-02-16,68,3,602,400,55.97,94,14012
9326,2023-10-20,95,5,601,403,51.28,89,6720
9327,2025-04-09,65,4,600,401,395.99,83,3509
9328,2022-07-11,35,3,605,402,341.86,45,619
9329,2024-10-15,93,10,601,402,258.97,12,5947
9330,2022-03-16,24,10,601,402,120.39,10,8333
9331,2023-06-29,26,3,605,403,307.57,39,3351
9332,2025-05-06,57,4,605,403,447.43,59,11631
9333,2025-01-01,74,10,600,401,50.28,84,11041
9334,2023-04-08,82,15,604,401,160.54,71,5729
9335,2024-05-28,9,2,604,400,422.63,90,9973
9336,2024-01-10,10,12,604,401,452.92,11,11143
9337,2022-12-08,88,4,604,402,256.46,83,13674
9338,2022-05-06,41,13,600,402,198.82,28,7423
9339,2023-10-17,87,12,605,403,189.18,92,4640
9340,2023-09-13,82,11,600,401,398.68,10,5178
9341,2024-08-04,100,15,604,401,220.94,54,11915
9342,2024-04-07,79,15,602,401,470.45,49,10203
9343,2023-12-15,83,4,603,403,415.04,85,11463
9344,2022-09-12,13,11,602,402,263.28,92,9590
9345,2024-05-25,75,12,601,403,150.83,12,6606
9346,2023-01-31,30,9,605,403,331.87,84,381
9347,2024-02-04,82,1,600,401,441.98,100,1709
9348,2024-05-30,22,6,603,403,280.25,43,231
9349,2023-12-11,28,6,602,400,419.67,23,13496
9350,2024-02-22,77,8,601,400,101.24,63,14685
9351,2024-03-24,29,14,604,402,82.15,95,14284
9352,2022-08-04,79,6,600,402,336.33,23,3139
9353,2022-05-16,85,5,603,403,294.4,10,987
9354,2022-03-21,88,6,605,401,246.47,32,3012
9355,2022-08-25,68,7,603,403,459.34,79,7757
9356,2024-06-08,64,6,600,400,349.78,10,12080
9357,2023-11-04,92,6,602,403,293.46,13,2768
9358,2024-02-07,48,10,603,403,56.27,97,12604
9359,2025-02-18,42,5,604,402,391.09,20,10113
9360,2023-05-01,25,6,600,400,310.4,81,11176
9361,2025-04-24,92,2,603,400,348.05,35,1233
9362,2024-01-30,61,10,605,402,232.37,25,11230
9363,2022-05-19,52,2,601,403,437.77,76,5005
9364,2022-02-19,66,6,602,402,394.67,63,3591
9365,2024-10-12,4,10,601,400,251.34,41,3423
9366,2023-11-02,91,11,602,402,337.6,33,3801
9367,2024-09-29,20,2,602,400,109.08,56,11276
9368,2024-05-10,25,12,603,403,468.9,72,9201
9369,2024-05-22,26,2,605,401,476.69,42,1576
9370,2022-01-04,70,5,604,403,135.36,20,14929
9371,2022-11-25,44,12,602,400,114.06,22,12608
9372,2023-01-15,47,7,601,402,152.45,99,3581
9373,2023-05-06,12,9,604,403,51.08,98,11502
9374,2022-04-01,31,15,600,403,342.18,99,7682
9375,2023-09-20,12,2,600,401,205.0,52,12687
9376,2022-08-13,73,8,603,400,360.67,68,9148
9377,2023-08-23,32,8,600,403,445.29,26,10439
9378,2023-06-06,25,3,602,402,496.89,96,13925
9379,2024-11-21,56,15,603,401,134.72,98,9440
9380,2022-02-24,54,9,604,403,141.58,10,3962
9381,2024-04-11,70,2,603,403,319.21,80,13657
9382,2022-07-02,7,8,605,403,436.08,44,9847
9383,2023-11-28,67,10,600,401,352.15,96,13687
9384,2023-06-17,2,2,603,403,340.48,88,5479
9385,2023-04-17,81,12,604,402,494.62,78,2085
9386,2024-07-21,94,1,603,403,200.7,83,10546
9387,2024-10-26,8,10,601,403,331.74,25,10662
9388,2025-03-16,17,15,601,403,173.52,16,1356
9389,2022-03-19,39,9,602,403,299.24,14,5523
9390,2025-06-06,68,3,605,400,221.24,74,2501
9391,2022-08-19,17,9,605,400,335.58,98,431
9392,2022-06-15,86,12,605,400,425.2,57,1318
9393,2025-01-20,39,3,602,402,241.83,30,14753
9394,2024-03-09,45,13,602,401,265.36,87,13311
9395,2024-04-08,78,2,602,400,53.69,82,12390
9396,2023-10-22,84,3,602,403,76.11,31,5004
9397,2022-06-30,79,7,600,403,413.09,68,13220
9398,2025-03-02,94,5,603,403,470.82,22,4485
9399,2025-02-10,22,1,604,401,222.07,15,4151
9400,2022-04-26,5,2,604,402,320.53,64,14373
9401,2022-02-14,29,14,601,403,142.48,38,11316
9402,2023-04-28,99,8,601,402,401.71,94,14908
9403,2023-09-05,12,8,604,400,404.25,19,6417
9404,2024-03-06,47,11,605,400,421.15,40,8832
9405,2024-10-29,73,4,602,402,286.75,6,14472
9406,2023-04-20,3,9,600,400,180.82,57,1526
9407,2024-04-03,19,12,600,401,288.19,46,7369
9408,2022-11-16,67,10,605,401,56.02,64,777
9409,2023-06-06,37,11,603,400,233.18,20,1615
9410,2023-09-02,36,4,605,400,292.0,23,12548
9411,2022-11-20,79,5,602,402,484.32,9,6763
9412,2022-11-21,85,1,604,402,289.45,78,8143
9413,2022-09-27,93,6,600,401,333.89,73,5103
9414,2022-03-16,7,14,604,400,346.18,85,2521
9415,2022-03-08,75,12,604,400,212.95,96,9561
9416,2022-10-03,22,13,602,401,158.15,40,2648
9417,2023-05-24,46,13,603,402,302.17,88,13957
9418,2023-08-12,36,8,601,402,121.91,52,441
9419,2025-04-13,60,8,604,401,268.44,31,10001
9420,2023-08-07,31,12,605,401,470.35,9,3992
9421,2025-01-20,10,14,603,401,168.66,97,11876
9422,2022-03-01,98,12,604,402,273.41,53,6299
9423,2023-06-28,18,4,604,403,321.95,71,9272
9424,2025-05-11,24,12,604,402,427.74,76,8194
9425,2022-06-23,14,10,601,400,116.3,40,8482
9426,2024-12-31,59,5,605,400,398.15,83,7591
9427,2023-10-03,69,10,603,402,126.82,82,2751
9428,2023-10-26,32,12,605,403,167.22,89,812
9429,2022-05-21,28,11,604,402,364.0,76,14738
9430,2022-10-06,16,13,605,403,317.12,28,12381
9431,2025-01-26,91,1,605,403,493.98,55,6866
9432,2024-09-30,64,15,605,400,192.34,46,6541
9433,2024-12-19,70,14,605,400,455.36,7,11055
9434,2022-12-17,73,3,602,400,348.97,86,13512
9435,2023-09-10,5,9,605,402,383.5,25,13256
9436,2023-04-09,98,1,603,402,394.98,97,11366
9437,2023-02-25,69,6,603,400,188.08,74,7457
9438,2023-09-07,71,2,604,401,418.61,14,12006
9439,2023-06-09,37,4,604,402,431.57,93,13173
9440,2023-04-10,30,9,602,402,495.66,37,6324
9441,2024-08-05,71,3,600,403,259.5,18,12762
9442,2023-07-30,5,11,605,402,441.89,94,3218
9443,2022-06-21,52,3,600,403,106.54,51,7113
9444,2022-07-19,85,3,600,400,220.58,26,10921
9445,2022-01-21,37,13,605,400,320.08,94,9678
9446,2023-02-01,13,15,604,403,88.16,80,8985
9447,2024-01-10,43,12,603,403,341.63,69,2625
9448,2024-01-14,46,15,603,401,443.86,27,6276
9449,2024-03-02,59,15,601,400,112.41,86,10678
9450,2024-05-18,49,6,604,403,107.49,43,9152
9451,2022-06-20,93,5,601,402,439.37,25,14753
9452,2025-02-21,90,9,602,401,229.28,75,3119
9453,2022-09-28,96,1,602,403,447.73,47,1353
9454,2022-08-23,85,3,600,401,58.21,8,490
9455,2023-08-10,30,5,602,400,317.12,88,7342
9456,2023-09-08,79,6,601,400,136.26,86,3809
9457,2022-02-26,47,1,605,400,295.29,38,1845
9458,2022-11-16,100,4,604,402,76.14,32,11133
9459,2022-01-12,20,8,602,401,130.71,73,13877
9460,2023-06-06,68,8,603,402,157.64,35,8758
9461,2023-04-25,98,8,602,401,209.1,55,3256
9462,2022-05-28,88,3,604,403,308.81,52,6273
9463,2024-12-10,54,12,605,402,144.82,74,10270
9464,2025-04-27,65,8,600,402,407.45,40,10667
9465,2023-03-20,51,9,603,400,141.63,98,4053
9466,2025-06-20,54,7,604,401,84.75,48,6835
9467,2022-12-25,33,14,603,403,394.36,6,13158
9468,2025-06-10,80,8,603,402,241.17,24,14986
9469,2025-01-11,66,3,600,402,451.36,85,11586
9470,2024-03-30,48,10,601,400,163.37,41,4014
9471,2024-10-20,65,15,605,401,92.33,33,1448
9472,2025-03-01,54,6,602,402,76.23,37,5334
9473,2025-06-09,31,4,602,400,431.69,37,5067
9474,2024-01-28,52,12,604,403,453.21,18,9093
9475,2023-12-10,39,6,600,403,206.92,56,1621
9476,2024-01-06,54,7,603,400,136.08,57,2281
9477,2022-08-02,50,4,600,400,181.48,39,8422
9478,2022-04-04,21,11,603,403,306.38,50,3087
9479,2025-06-12,3,14,605,401,357.12,33,3629
9480,2024-05-02,49,6,604,403,232.03,40,8749
9481,2023-01-15,82,15,603,400,401.3,35,3034
9482,2023-05-03,7,12,603,403,173.01,73,809
9483,2022-06-12,19,8,603,403,422.47,65,6437
9484,2024-09-05,24,10,604,402,177.6,16,1657
9485,2023-05-15,45,7,600,401,217.74,92,1014
9486,2022-05-22,82,2,600,402,166.5,83,7662
9487,2025-03-07,2,1,603,402,135.63,22,7422
9488,2022-01-16,16,1,603,403,177.89,88,1429
9489,2022-05-13,56,14,601,403,366.27,95,9216
9490,2022-02-05,55,1,601,401,446.84,97,4224
9491,2022-03-22,81,14,605,402,488.16,61,860
9492,2022-06-02,32,2,604,402,317.12,25,8029
9493,2023-10-03,44,8,602,403,241.83,6,4543
9494,2024-10-16,8,4,601,401,321.31,66,7272
9495,2023-09-06,7,7,605,400,94.72,7,5443
9496,2025-03-01,83,10,603,402,439.11,71,1599
9497,2023-11-12,52,14,600,401,390.24,14,2744
9498,2023-08-05,53,5,600,402,128.11,59,8267
9499,2024-05-13,26,2,600,403,375.38,76,2899
9500,2023-08-16,66,13,600,403,55.51,66,6290
9501,2022-03-30,8,3,605,403,413.71,50,6277
9502,2024-12-27,35,10,603,403,484.17,11,3101
9503,2022-02-05,11,11,600,400,447.27,69,11880
9504,2025-02-21,50,6,600,403,141.57,9,231
9505,2024-08-19,100,9,601,401,235.47,77,3527
9506,2024-11-27,13,9,605,401,497.01,10,7882
9507,2022-09-07,44,11,602,402,381.43,74,13124
9508,2023-04-05,27,2,604,401,419.71,43,152
9509,2024-04-29,80,14,603,403,231.73,70,6562
9510,2022-11-22,48,8,601,403,486.0,16,6624
9511,2023-05-04,9,11,602,400,319.13,44,13008
9512,2025-02-10,16,15,601,401,158.06,73,13240
9513,2024-01-16,41,10,605,400,353.15,95,14590
9514,2024-09-11,30,3,604,400,81.29,22,11726
9515,2024-08-22,94,3,604,400,296.93,40,7689
9516,2024-11-09,55,2,605,403,396.68,66,13507
9517,2024-05-22,39,15,605,402,282.4,7,3188
9518,2024-06-10,100,1,604,402,227.44,30,7116
9519,2023-01-18,86,5,604,402,103.81,24,5868
9520,2024-05-11,76,15,601,403,264.01,44,11147
9521,2023-03-04,78,11,603,402,155.82,48,8064
9522,2022-02-23,14,2,605,401,297.5,96,5257
9523,2025-06-05,72,6,600,400,336.11,64,10777
9524,2024-04-18,30,15,602,400,184.69,57,823
9525,2022-12-12,100,15,603,401,303.89,48,14173
9526,2023-08-05,15,15,604,401,367.36,38,9243
9527,2022-10-27,1,13,604,403,368.88,53,3902
9528,2024-12-04,68,1,602,403,229.97,40,9590
9529,2023-10-20,99,13,604,403,179.6,56,6761
9530,2024-06-26,86,1,602,401,445.58,21,8094
9531,2024-03-29,4,15,602,402,102.43,46,6800
9532,2025-03-27,78,10,600,400,70.32,10,4619
9533,2025-06-01,98,10,603,401,463.5,72,9821
9534,2024-05-01,43,11,600,401,246.93,47,13858
9535,2023-10-22,57,4,604,400,420.19,56,4883
9536,2023-01-13,62,1,600,403,98.75,85,12213
9537,2022-03-07,89,13,602,401,122.52,75,2907
9538,2024-08-28,48,9,604,400,272.15,27,3710
9539,2023-08-12,62,8,605,401,246.16,38,398
9540,2023-10-06,75,12,601,402,405.26,58,9895
9541,2022-12-10,91,2,601,403,77.32,25,12380
9542,2023-09-22,88,12,600,403,196.51,59,13603
9543,2025-03-17,83,12,600,403,293.61,12,11025
9544,2024-05-03,82,15,604,403,359.58,83,303
9545,2023-11-23,30,4,600,402,322.03,24,2679
9546,2024-11-21,22,2,605,403,371.84,56,6465
9547,2022-09-13,25,10,601,403,146.77,60,7247
9548,2023-10-12,37,2,601,403,490.16,38,13583
9549,2023-01-02,26,14,601,400,454.76,6,7597
9550,2023-03-08,84,13,603,403,459.43,72,8621
9551,2023-09-26,39,1,604,402,209.4,12,6353
9552,2024-06-18,93,6,602,401,111.52,54,2148
9553,2024-10-31,80,6,604,403,135.54,89,4921
9554,2023-07-06,47,10,604,400,321.88,68,9685
9555,2022-11-23,69,1,602,400,286.83,27,13489
9556,2025-06-02,60,11,605,400,151.47,73,4910
9557,2023-04-16,47,1,604,400,66.96,9,11504
9558,2024-11-29,50,13,604,403,61.4,94,9294
9559,2022-08-13,81,8,605,403,307.08,54,8266
9560,2023-03-31,38,10,600,403,396.44,33,9687
9561,2024-06-09,50,11,604,403,374.6,14,13364
9562,2022-01-23,5,14,603,403,226.89,72,14819
9563,2023-01-16,21,7,605,401,440.13,44,10784
9564,2024-10-25,61,3,600,400,244.18,92,3504
9565,2025-06-24,84,3,603,400,410.31,82,9177
9566,2024-11-18,56,14,603,401,489.75,81,2339
9567,2025-05-14,83,5,603,401,441.32,16,12648
9568,2024-02-10,51,8,601,403,400.64,97,8679
9569,2024-08-18,43,13,600,400,92.92,10,4966
9570,2022-02-13,10,6,601,403,164.42,80,14451
9571,2023-02-17,56,3,605,403,122.14,13,7470
9572,2023-03-03,10,8,601,401,60.03,56,7921
9573,2024-03-14,18,11,604,403,421.78,52,877
9574,2022-07-24,85,2,603,403,383.21,34,7099
9575,2023-11-13,3,8,601,401,371.35,48,9718
9576,2025-01-31,39,8,601,401,291.97,38,6208
9577,2022-09-01,62,6,601,401,352.38,21,4909
9578,2022-10-27,33,14,601,402,494.04,51,12980
9579,2022-10-18,74,3,602,401,440.65,55,730
9580,2022-10-22,72,5,602,400,184.33,49,8030
9581,2025-03-08,14,4,603,402,123.25,7,7745
9582,2025-05-07,21,12,605,401,462.22,72,3515
9583,2025-02-05,17,15,605,403,212.56,25,3309
9584,2025-06-18,23,1,600,402,104.78,74,10974
9585,2024-05-17,75,4,604,400,476.19,76,4769
9586,2024-05-09,79,8,603,401,373.54,48,3228
9587,2023-08-22,31,2,600,400,354.81,59,6740
9588,2024-08-26,68,9,601,401,173.16,35,5046
9589,2023-10-03,50,14,603,402,368.49,58,6866
9590,2023-03-09,86,7,600,403,290.51,7,1201
9591,2023-06-18,69,2,600,401,375.95,89,8259
9592,2024-05-02,77,6,601,400,218.87,73,5447
9593,2023-05-16,87,7,600,402,446.41,97,14133
9594,2024-06-07,98,6,603,400,177.19,57,7593
9595,2022-07-18,84,11,600,403,483.54,14,14034
9596,2023-02-03,70,8,600,401,323.39,10,6756
9597,2024-05-06,98,5,604,402,465.73,10,651
9598,2023-04-20,65,5,600,401,193.21,52,12927
9599,2024-12-05,74,7,601,401,120.1,85,11769
9600,2024-01-07,22,13,603,403,216.72,47,13409
9601,2024-09-06,91,2,605,401,226.76,79,2878
9602,2022-10-05,21,10,602,401,411.79,46,12861
9603,2022-05-22,46,9,604,400,78.98,70,7108
9604,2023-04-12,31,4,602,402,108.86,7,14972
9605,2023-11-27,20,4,605,400,80.24,67,1679
9606,2024-08-12,56,5,605,401,87.81,42,7113
9607,2022-08-01,84,1,604,400,252.93,19,3179
9608,2023-04-10,73,15,605,403,131.97,94,3248
9609,2022-07-18,42,1,605,400,69.0,38,7344
9610,2024-11-17,27,3,601,401,165.32,41,3097
9611,2023-03-13,18,11,603,401,161.86,52,6692
9612,2023-01-12,32,7,604,401,341.6,92,14216
9613,2024-08-20,58,14,604,403,448.18,41,5921
9614,2025-01-05,58,4,601,400,236.93,23,1676
9615,2024-12-08,66,15,602,401,224.15,9,13136
9616,2024-03-20,35,1,604,400,224.99,67,4376
9617,2023-10-30,80,5,603,400,68.87,17,11658
9618,2023-03-29,39,2,602,402,98.44,92,1063
9619,2023-02-19,45,4,601,403,457.69,27,8185
9620,2024-04-02,77,6,603,400,329.63,27,11668
9621,2022-08-28,16,1,601,402,407.73,65,839
9622,2022-02-07,24,12,600,402,307.36,43,8789
9623,2023-02-21,45,1,603,402,124.07,99,2772
9624,2023-12-13,46,10,600,400,70.17,11,11241
9625,2024-04-28,5,13,601,403,453.88,7,8462
9626,2023-11-14,58,3,602,403,162.22,85,7158
9627,2022-07-19,15,3,604,401,400.65,20,241
9628,2022-01-09,18,9,601,403,150.66,41,1881
9629,2024-07-14,40,9,601,400,54.28,36,3531
9630,2024-11-11,3,15,602,401,318.53,8,2794
9631,2023-04-11,39,9,601,400,190.21,92,5185
9632,2024-05-30,15,14,602,400,222.13,100,9405
9633,2023-03-06,55,11,602,400,383.34,88,6098
9634,2023-01-07,34,3,603,400,480.12,43,13691
9635,2025-05-23,91,13,602,400,105.03,17,11001
9636,2024-08-26,63,14,604,400,433.78,70,11566
9637,2023-03-18,93,1,602,400,389.57,99,6256
9638,2022-01-22,99,7,605,402,274.98,34,1055
9639,2025-01-11,100,7,602,401,286.89,33,3577
9640,2022-05-26,53,8,605,400,229.34,82,421
9641,2022-09-02,62,9,605,400,267.63,60,519
9642,2025-01-04,87,11,605,402,367.56,75,10157
9643,2023-07-21,60,12,603,403,285.64,48,1048
9644,2024-08-13,75,12,603,402,116.79,35,6123
9645,2025-03-23,98,6,600,403,51.26,29,10346
9646,2022-09-12,22,13,605,401,325.86,69,7933
9647,2023-05-27,54,6,603,401,235.08,62,8595
9648,2023-12-01,1,14,603,403,164.8,13,866
9649,2022-10-29,99,11,604,400,296.15,82,11262
9650,2024-04-10,40,13,602,403,416.18,96,10682
9651,2025-05-25,70,1,604,402,429.74,41,5940
9652,2023-10-05,59,8,601,403,385.65,37,1768
9653,2023-05-21,91,6,600,402,201.71,25,9036
9654,2023-09-23,54,5,604,401,183.81,67,10235
9655,2022-09-07,50,1,602,401,103.79,7,5979
9656,2023-01-06,47,1,601,401,91.9,46,13380
9657,2022-12-17,93,10,603,401,441.54,26,13097
9658,2024-01-23,34,2,605,403,356.73,83,12175
9659,2024-10-15,46,6,600,403,282.92,6,8359
9660,2023-11-29,23,13,602,400,230.13,53,9305
9661,2023-12-01,60,14,603,401,302.0,78,11001
9662,2025-03-10,62,13,603,403,241.3,56,4378
9663,2022-05-21,96,9,600,403,254.86,80,4120
9664,2023-06-02,12,6,603,402,417.43,68,3616
9665,2022-02-11,1,7,600,401,229.65,7,14312
9666,2025-03-05,38,1,605,401,284.62,16,13229
9667,2022-05-02,62,5,601,403,308.72,69,8533
9668,2022-02-23,20,8,605,402,386.53,33,1037
9669,2022-07-01,14,4,600,402,157.76,54,10183
9670,2025-02-03,19,2,601,401,271.96,80,12487
9671,2024-12-26,4,13,604,401,482.82,72,9372
9672,2024-03-28,90,9,600,400,490.82,5,2818
9673,2024-09-25,21,7,604,400,105.94,47,6885
9674,2022-07-03,82,11,605,401,219.3,61,14358
9675,2022-03-20,70,10,603,402,441.21,50,14141
9676,2025-03-18,76,11,605,402,422.44,44,2676
9677,2025-05-23,60,8,604,403,347.71,72,11764
9678,2024-04-09,65,12,604,400,224.96,22,6662
9679,2022-01-12,82,13,605,402,116.04,6,2408
9680,2023-09-24,70,13,602,403,208.96,24,7344
9681,2024-06-30,67,6,603,403,130.62,33,11456
9682,2024-01-15,79,11,603,402,62.46,46,13705
9683,2024-11-06,38,12,603,402,220.73,25,747
9684,2024-12-17,14,14,601,403,275.93,97,5425
9685,2022-08-01,44,9,604,400,359.95,93,10164
9686,2022-05-19,68,15,603,401,494.66,79,11298
9687,2025-05-14,47,7,604,400,331.17,40,14522
9688,2022-11-24,95,11,604,401,302.56,57,3357
9689,2024-03-21,53,12,600,402,194.78,26,9417
9690,2024-02-27,47,8,600,402,282.56,72,12410
9691,2023-04-17,27,14,605,400,480.65,96,11218
9692,2023-04-19,32,8,605,403,312.61,51,1395
9693,2023-12-22,55,15,603,401,123.53,24,4457
9694,2024-05-29,63,11,603,400,116.51,43,10111
9695,2022-09-22,44,4,602,400,400.87,16,6486
9696,2024-12-28,60,1,604,400,197.83,78,14294
9697,2022-09-02,42,5,605,400,334.52,77,6707
9698,2024-04-25,32,3,602,400,88.76,25,8213
9699,2022-01-24,4,3,603,402,131.21,55,10238
9700,2025-01-14,94,9,603,400,134.56,25,650
9701,2022-08-31,90,15,603,402,298.18,64,6078
9702,2024-05-05,60,1,605,400,67.0,97,7649
9703,2024-12-24,26,12,600,402,260.12,87,5677
9704,2022-12-26,38,5,602,402,242.73,48,10777
9705,2024-06-20,30,3,604,402,299.18,41,14446
9706,2023-03-13,79,9,605,402,148.83,84,7188
9707,2023-11-22,87,6,601,403,252.83,47,13932
9708,2022-05-13,79,9,604,401,289.19,31,4168
9709,2022-11-12,67,14,603,400,286.01,60,6911
9710,2025-01-18,19,12,602,402,150.47,90,8449
9711,2022-07-09,11,11,600,400,157.96,100,11563
9712,2022-05-19,49,11,603,400,325.62,23,8800
9713,2022-03-16,88,5,605,401,444.15,21,2601
9714,2024-09-16,74,14,605,400,149.22,19,4302
9715,2025-06-20,28,11,605,402,493.89,51,245
9716,2024-10-02,100,2,605,401,118.72,92,4834
9717,2025-05-08,24,15,604,403,486.94,21,13623
9718,2024-08-18,55,5,605,403,402.15,95,14577
9719,2023-10-18,13,9,602,403,499.53,18,6332
9720,2022-10-04,3,7,602,402,229.67,29,1653
9721,2023-05-31,2,1,600,403,161.11,45,12511
9722,2023-04-15,2,15,600,403,267.37,100,4936
9723,2024-11-13,25,3,603,400,239.04,62,6036
9724,2025-02-21,28,5,604,403,403.4,38,12138
9725,2022-11-25,17,2,601,403,75.85,67,2189
9726,2025-06-09,98,11,605,400,448.42,85,3361
9727,2022-04-11,61,13,603,401,146.13,41,13931
9728,2024-03-28,94,5,601,400,287.51,79,10298
9729,2022-03-17,79,4,601,401,263.2,85,2232
9730,2024-12-28,5,3,605,400,104.12,64,5505
9731,2024-02-29,79,5,600,400,453.51,86,13040
9732,2022-06-17,60,5,602,403,427.63,59,4938
9733,2024-10-14,7,11,603,403,234.62,28,2856
9734,2022-10-28,93,1,600,401,280.82,34,3432
9735,2022-08-31,55,9,601,402,461.03,25,255
9736,2025-01-09,71,10,603,403,161.4,64,6826
9737,2024-10-22,3,13,602,402,365.11,71,11965
9738,2022-08-28,34,6,604,401,495.87,97,2474
9739,2024-12-08,42,15,603,403,464.51,21,6247
9740,2022-02-12,41,11,603,401,391.77,58,6223
9741,2023-05-06,59,12,600,403,157.93,90,11284
9742,2024-08-05,74,9,601,401,185.82,14,3294
9743,2024-03-18,81,2,604,400,357.68,70,6948
9744,2023-01-03,71,13,601,403,299.99,92,13340
9745,2023-02-13,44,3,604,402,381.82,55,12005
9746,2024-07-18,73,8,602,400,188.83,91,8654
9747,2024-11-14,8,6,605,400,398.17,45,5659
9748,2025-03-08,89,6,600,401,446.08,15,2854
9749,2023-09-17,13,5,604,400,475.95,24,1568
9750,2023-12-22,35,15,603,402,169.83,69,8629
9751,2024-02-19,48,1,602,402,81.74,81,12760
9752,2023-08-02,6,8,603,403,394.42,72,6753
9753,2024-10-16,33,11,602,402,309.43,28,1973
9754,2023-05-27,2,10,602,403,63.06,93,5697
9755,2025-02-15,42,5,605,402,412.37,15,7828
9756,2024-08-30,64,7,604,401,409.85,85,291
9757,2023-06-03,75,15,601,403,61.32,37,14080
9758,2025-01-04,39,1,604,402,239.21,86,1123
9759,2025-03-03,100,1,605,401,422.13,20,12053
9760,2024-04-30,53,1,603,402,277.8,49,2499
9761,2022-04-30,18,4,605,400,451.1,89,2486
9762,2022-11-12,10,11,600,401,424.78,82,780
9763,2023-06-06,87,12,600,402,444.91,63,9563
9764,2023-01-05,69,10,604,402,197.77,87,3200
9765,2024-04-06,44,11,602,400,240.59,82,4471
9766,2022-05-16,64,6,601,403,376.1,82,1763
9767,2023-02-12,43,6,605,402,152.72,72,14167
9768,2022-10-12,82,8,601,401,314.62,93,2996
9769,2024-04-21,77,8,604,403,369.1,41,10995
9770,2023-07-26,63,7,600,400,361.93,42,3938
9771,2022-02-07,39,11,603,400,427.32,76,2915
9772,2025-04-14,48,2,603,400,109.25,58,649
9773,2024-11-26,51,5,603,400,214.09,90,3663
9774,2022-05-18,71,4,602,401,85.92,14,11791
9775,2024-03-15,10,5,603,403,301.76,84,13711
9776,2022-03-01,39,10,605,400,314.36,73,2395
9777,2022-01-22,78,14,603,401,326.63,54,13287
9778,2022-06-01,94,15,605,403,471.4,100,13733
9779,2025-04-30,79,3,605,400,197.3,44,5281
9780,2022-06-01,81,8,601,403,110.93,38,3010
9781,2024-08-23,68,5,602,403,166.11,23,729
9782,2022-06-26,68,15,602,402,198.81,76,2736
9783,2023-07-18,17,6,604,400,457.79,93,6322
9784,2022-05-30,26,13,600,402,186.55,33,7440
9785,2025-01-26,93,13,600,400,295.68,62,8823
9786,2023-07-25,6,7,604,400,225.94,39,3793
9787,2022-05-07,44,3,605,403,339.62,80,6333
9788,2023-04-01,73,5,605,400,105.49,78,10588
9789,2024-06-20,25,4,604,402,58.79,31,14001
9790,2023-12-11,73,8,603,400,95.14,65,11624
9791,2023-12-24,36,12,605,403,156.61,94,3023
9792,2025-01-13,94,2,604,403,299.17,95,14615
9793,2024-09-24,14,12,604,402,384.08,31,10018
9794,2023-12-28,17,15,600,402,155.21,98,5710
9795,2023-03-05,76,7,603,401,208.25,23,2411
9796,2022-06-12,18,3,604,403,169.13,44,6335
9797,2023-09-12,10,12,605,402,267.52,78,5563
9798,2022-04-24,83,7,602,402,409.27,87,11492
9799,2022-06-24,3,3,602,402,66.52,99,12822
9800,2022-08-04,47,9,605,402,64.23,13,3149
9801,2023-11-13,16,6,600,402,357.47,61,7699
9802,2023-03-16,72,8,600,402,154.1,78,9480
9803,2024-09-21,47,11,602,403,356.04,56,6841
9804,2023-08-24,100,3,601,400,167.85,71,4984
9805,2025-04-05,20,8,600,403,138.87,44,11879
9806,2022-06-28,19,12,604,400,380.0,97,13576
9807,2023-06-06,33,1,603,402,206.32,49,11763
9808,2024-12-29,48,12,602,402,349.67,11,13134
9809,2022-08-28,98,14,605,402,305.83,56,9879
9810,2024-03-05,69,4,605,402,401.98,5,3323
9811,2023-07-30,92,12,605,402,247.56,15,9642
9812,2023-04-16,64,13,605,402,297.56,72,2518
9813,2025-06-18,44,8,605,403,60.86,89,14902
9814,2024-09-29,74,11,605,402,283.86,23,3797
9815,2024-02-16,72,6,604,400,378.6,77,6046
9816,2022-02-13,20,6,600,400,141.62,85,6306
9817,2025-03-02,40,7,602,403,86.51,89,3646
9818,2022-10-16,97,5,601,402,429.89,13,7536
9819,2022-11-04,43,10,600,400,420.21,70,8455
9820,2025-04-16,1,14,603,403,302.05,13,13795
9821,2024-10-15,88,3,603,400,183.08,78,11859
9822,2025-01-20,3,12,600,402,245.2,76,9459
9823,2022-06-11,59,12,603,402,110.58,23,5521
9824,2022-10-24,64,12,603,402,361.54,93,3687
9825,2023-08-17,66,14,604,401,271.42,7,4202
9826,2023-07-20,61,9,605,403,58.97,34,8275
9827,2025-05-06,50,11,601,402,495.67,52,1841
9828,2025-04-08,97,3,603,402,219.67,22,12344
9829,2022-05-07,44,13,602,402,159.6,45,9812
9830,2025-06-21,97,5,602,402,107.49,16,6443
9831,2022-05-05,14,3,600,402,269.66,50,5883
9832,2022-03-20,86,2,601,400,162.13,47,6215
9833,2023-03-02,50,15,604,402,463.42,43,9867
9834,2025-05-25,41,8,602,401,95.63,8,10943
9835,2022-12-13,15,6,600,403,197.37,6,894
9836,2025-02-21,2,12,602,403,59.7,13,1729
9837,2022-04-01,84,12,600,402,205.73,22,2246
9838,2022-02-08,99,8,605,402,298.89,56,7038
9839,2022-06-11,17,14,605,403,80.22,38,8945
9840,2024-12-27,17,13,602,403,213.74,59,1474
9841,2024-06-15,80,12,605,403,272.8,53,6857
9842,2024-05-15,50,5,601,402,203.54,61,7449
9843,2022-03-16,81,5,605,402,442.67,25,11944
9844,2023-01-03,64,13,605,403,223.78,69,4900
9845,2023-02-20,44,7,602,403,168.69,97,5885
9846,2022-07-11,18,11,605,402,140.07,24,10163
9847,2024-06-22,2,12,601,400,80.68,53,2034
9848,2024-10-05,100,9,602,400,242.86,45,12419
9849,2022-03-31,60,5,604,401,139.13,6,2115
9850,2024-02-16,35,13,601,401,398.25,100,9057
9851,2025-04-13,18,8,601,400,215.72,17,14154
9852,2024-09-29,74,15,602,401,488.48,25,6112
9853,2024-12-14,80,1,603,402,389.73,12,12310
9854,2024-07-12,85,5,600,401,471.98,46,9265
9855,2023-10-02,83,15,603,400,314.2,31,14279
9856,2022-06-19,77,5,600,402,89.31,64,6036
9857,2022-04-22,99,13,600,403,360.19,51,12132
9858,2023-11-16,85,15,600,402,124.81,75,3680
9859,2022-12-07,81,6,602,402,316.1,84,9793
9860,2025-03-30,17,1,600,403,494.26,75,12306
9861,2024-03-27,3,12,600,403,249.65,96,12803
9862,2022-03-13,24,13,601,403,440.65,29,1320
9863,2022-08-12,77,14,605,402,427.84,9,10986
9864,2022-07-17,30,5,601,403,464.66,51,14397
9865,2023-07-02,98,8,604,400,267.77,14,12520
9866,2022-05-15,8,4,602,403,288.99,96,4581
9867,2023-01-31,22,12,605,402,220.11,88,9896
9868,2025-04-13,70,7,605,402,359.85,62,9650
9869,2025-05-22,39,9,605,402,344.51,6,7293
9870,2023-03-22,18,12,602,402,363.61,82,2279
9871,2024-01-30,84,15,605,402,267.77,20,12741
9872,2024-08-13,75,1,604,403,235.85,72,1761
9873,2023-10-27,65,15,604,402,158.68,55,3978
9874,2023-06-21,30,10,601,403,204.54,39,8559
9875,2025-06-13,11,9,603,400,375.47,62,9968
9876,2025-03-07,50,11,604,403,106.61,31,6815
9877,2022-02-24,70,4,600,402,360.1,42,135
9878,2024-03-06,47,12,604,403,140.67,86,1842
9879,2025-01-04,61,13,604,400,223.26,33,14994
9880,2025-05-17,43,2,605,402,195.2,87,6957
9881,2025-04-05,93,2,600,403,225.97,43,6278
9882,2025-04-07,44,1,605,401,308.89,41,802
9883,2022-09-28,33,12,601,401,392.41,70,5177
9884,2023-09-28,7,5,603,403,393.06,77,12686
9885,2023-10-19,46,9,602,400,117.84,97,3909
9886,2024-12-17,73,8,600,403,366.42,82,1929
9887,2022-01-12,43,8,604,401,280.57,42,12466
9888,2022-07-22,86,6,600,401,486.74,74,9825
9889,2023-01-21,83,5,601,402,474.55,77,12438
9890,2024-04-03,12,10,602,400,391.12,73,14010
9891,2023-11-16,34,14,605,401,203.28,40,7710
9892,2024-02-15,86,7,603,402,150.36,67,2375
9893,2023-03-06,69,7,600,400,382.23,26,11963
9894,2022-01-27,4,4,603,402,402.91,8,13861
9895,2022-09-16,74,2,600,401,385.92,35,2298
9896,2023-12-02,9,10,602,403,59.52,6,302
9897,2024-11-21,15,13,605,401,285.97,75,12689
9898,2024-02-20,84,6,600,400,248.66,93,9110
9899,2022-01-19,98,9,602,402,267.15,36,7389
9900,2023-03-15,44,14,602,401,355.64,42,14516
9901,2022-05-09,65,10,605,401,271.14,37,302
9902,2023-03-18,61,4,605,401,337.45,93,4556
9903,2023-10-30,83,15,602,403,105.33,37,14595
9904,2023-05-06,96,2,600,402,294.66,92,4213
9905,2024-07-26,20,10,602,401,67.86,21,14437
9906,2022-05-25,3,11,602,400,284.94,76,6636
9907,2024-11-07,63,11,601,401,266.54,29,7632
9908,2022-07-03,52,9,602,402,164.84,24,8822
9909,2023-12-31,44,6,603,402,113.61,97,356
9910,2022-06-05,49,4,605,401,52.5,31,14543
9911,2023-04-07,78,10,600,401,184.69,47,9450
9912,2023-01-11,87,4,600,403,359.26,34,5210
9913,2024-07-04,83,6,603,401,76.58,16,5547
9914,2025-05-07,60,8,605,401,280.22,46,8541
9915,2023-11-28,80,3,602,403,423.94,10,11164
9916,2023-09-29,70,12,603,402,249.11,29,13988
9917,2025-04-27,74,4,604,400,109.09,30,13896
9918,2024-11-05,97,7,600,401,208.23,57,101
9919,2024-01-30,76,9,605,402,251.14,57,5187
9920,2024-11-21,16,8,601,403,488.54,52,2897
9921,2022-01-18,27,7,605,401,484.51,75,8204
9922,2023-12-03,27,1,602,403,267.3,62,9415
9923,2024-04-01,94,8,600,403,479.41,19,12548
9924,2024-07-17,42,13,602,402,171.1,7,6262
9925,2022-02-19,39,10,602,403,237.66,14,1381
9926,2022-01-07,64,5,602,401,147.1,12,3028
9927,2022-10-29,90,11,604,401,220.61,31,8923
9928,2023-05-26,98,6,604,401,94.63,41,2688
9929,2025-01-30,18,1,602,400,361.91,67,7152
9930,2022-04-28,93,1,600,401,94.96,85,9472
9931,2022-06-04,5,9,604,403,118.74,42,4146
9932,2024-12-18,65,9,605,401,348.79,89,14487
9933,2023-03-30,42,12,602,403,312.09,28,1066
9934,2024-07-10,16,14,604,400,483.21,100,2868
9935,2023-01-21,23,7,603,403,325.35,67,1229
9936,2023-08-09,35,12,603,402,285.63,83,12610
9937,2022-01-16,67,2,602,400,280.28,25,2107
9938,2024-03-28,75,1,600,400,180.18,45,6652
9939,2022-05-24,55,4,605,402,442.92,44,3993
9940,2022-04-01,3,9,601,402,226.33,68,5827
9941,2022-05-28,39,8,604,400,129.99,82,10355
9942,2023-02-09,61,15,604,400,355.52,30,12094
9943,2022-12-13,57,5,600,400,266.6,100,5091
9944,2023-07-09,21,7,602,403,232.64,10,6990
9945,2023-06-22,23,6,605,403,107.69,78,10674
9946,2025-06-05,87,1,600,402,353.12,72,11670
9947,2022-11-01,21,8,601,401,147.59,29,13144
9948,2023-06-30,16,12,601,400,113.97,18,13801
9949,2023-01-10,90,4,601,401,91.33,28,11305
9950,2023-08-24,4,1,603,401,291.92,73,13709
9951,2023-12-29,14,1,603,403,105.46,17,7946
9952,2023-12-24,11,14,601,403,265.28,13,4297
9953,2024-09-22,49,5,600,401,217.73,38,3401
9954,2022-10-10,82,3,601,401,312.85,73,1792
9955,2022-02-13,99,13,600,400,221.06,23,10462
9956,2022-08-07,38,9,602,403,392.9,78,4128
9957,2022-11-16,96,7,600,400,336.27,88,1627
9958,2023-07-13,26,2,604,402,71.65,6,8574
9959,2025-01-24,26,12,603,401,117.28,26,5608
9960,2023-09-12,8,12,600,400,67.47,11,3723
9961,2025-01-11,19,3,605,400,349.93,54,2261
9962,2023-07-10,93,3,604,402,149.0,8,7594
9963,2023-07-13,65,14,600,401,157.37,59,9745
9964,2022-12-12,56,12,601,402,67.37,30,13905
9965,2022-04-26,83,15,604,401,295.94,15,13046
9966,2025-05-06,34,2,605,401,127.15,59,598
9967,2024-11-24,77,9,603,402,336.12,32,5066
9968,2022-04-06,100,6,604,403,335.81,61,1932
9969,2024-08-10,56,12,604,403,201.05,81,5644
9970,2022-02-21,61,15,600,402,353.07,49,11319
9971,2023-06-06,63,14,603,401,206.14,94,13830
9972,2022-09-07,78,3,604,401,184.41,17,10431
9973,2025-03-25,68,12,600,403,117.38,9,4504
9974,2022-03-03,31,6,602,401,490.34,8,5973
9975,2023-10-24,29,1,602,401,445.04,82,9046
9976,2024-03-10,40,4,601,401,333.48,33,7200
9977,2024-04-14,61,6,601,402,164.19,40,7472
9978,2025-06-15,37,12,600,402,371.82,64,6050
9979,2025-02-17,61,15,603,402,285.32,6,14199
9980,2023-03-18,84,13,603,403,392.26,14,7194
9981,2024-01-28,57,13,602,402,348.84,36,6275
9982,2023-10-07,13,14,600,401,236.32,51,14756
9983,2024-03-16,92,14,600,402,427.05,71,3987
9984,2022-11-01,79,11,602,400,332.05,79,11185
9985,2022-05-07,98,10,603,403,185.19,64,4005
9986,2023-06-07,39,12,603,403,449.5,50,5859
9987,2022-09-29,71,5,604,403,197.49,97,3587
9988,2025-03-03,58,1,604,402,130.57,38,3090
9989,2023-10-08,18,1,601,402,399.48,17,1490
9990,2024-07-10,37,6,605,401,345.19,14,13986
9991,2024-04-02,4,13,601,400,497.4,55,3190
9992,2024-04-23,1,8,601,403,335.99,35,5602
9993,2025-05-09,56,12,603,403,283.33,39,2824
9994,2023-06-03,79,15,605,402,482.09,85,4329
9995,2022-06-05,94,15,601,402,287.12,58,8689
9996,2025-02-19,28,12,603,401,383.33,37,9654
9997,2024-09-01,98,9,605,403,374.21,58,10672
9998,2022-09-01,85,14,600,402,98.16,15,13798
9999,2024-03-02,81,12,603,403,179.32,61,3214
10000,2023-12-28,20,11,600,400,355.43,78,7188
10001,2024-07-05,35,7,605,400,345.48,70,10981
10002,2025-03-21,44,3,604,400,60.09,71,3131
10003,2022-03-01,82,4,601,402,70.17,17,6454
10004,2024-04-19,81,10,601,403,84.15,62,6471
10005,2022-05-15,92,7,600,401,72.33,86,5902
10006,2022-12-22,93,3,600,402,277.78,46,13726
10007,2025-03-27,99,10,602,403,163.62,77,3442
10008,2023-08-24,24,10,602,402,264.84,79,4930
10009,2022-10-21,71,4,601,400,327.64,80,10624
10010,2022-07-31,56,6,605,403,145.28,7,13311
10011,2022-06-15,46,3,602,401,384.25,71,1075
10012,2023-08-12,36,7,600,400,67.9,65,10661
10013,2023-10-17,46,9,600,403,185.97,19,10099
10014,2025-03-20,65,2,601,401,402.1,52,8427
10015,2022-08-23,79,5,602,400,196.67,100,11600
10016,2023-04-03,72,13,604,402,94.61,16,2002
10017,2025-04-01,42,14,600,400,215.55,63,1929
10018,2023-11-09,94,6,600,400,273.77,92,14886
10019,2023-12-28,64,7,603,401,290.48,66,13021
10020,2022-08-22,92,7,605,403,446.4,95,4814
10021,2022-01-09,90,8,604,403,370.3,94,3713
10022,2025-05-13,1,3,605,400,362.54,86,10092
10023,2025-01-14,30,15,604,402,320.45,15,1337
10024,2022-08-07,55,7,602,402,353.66,78,2003
10025,2022-03-20,39,9,600,402,244.31,76,11404
10026,2025-05-16,23,6,601,400,165.05,74,4060
10027,2025-05-30,49,11,605,403,264.59,92,4956
10028,2023-10-10,87,13,604,400,357.79,53,9274
10029,2023-09-07,27,11,605,400,197.96,83,7823
10030,2023-07-25,36,2,601,403,130.25,76,512
10031,2022-01-05,22,6,603,401,272.07,16,10386
10032,2023-09-24,93,5,601,403,338.58,12,10888
10033,2022-06-17,38,14,601,400,324.68,38,267
10034,2023-01-28,58,3,600,403,481.1,25,5531
10035,2024-11-14,46,4,605,401,340.04,15,763
10036,2025-03-23,67,6,603,401,483.28,23,2971
10037,2024-08-19,16,15,603,402,81.31,8,4357
10038,2022-10-16,91,4,605,401,82.44,94,6753
10039,2025-06-13,53,2,601,403,496.36,94,12868
10040,2022-01-18,43,13,603,400,475.27,66,11260
10041,2023-03-13,44,5,604,400,97.9,11,843
10042,2023-01-01,68,10,601,403,152.76,42,11680
10043,2022-12-28,29,2,601,403,110.32,47,9570
10044,2022-09-23,66,12,601,402,279.88,35,8826
10045,2024-11-25,16,4,602,400,301.98,41,2892
10046,2022-12-14,64,5,602,401,171.63,82,7726
10047,2023-03-08,87,4,602,400,335.9,29,3738
10048,2023-09-10,4,14,601,400,436.17,55,11486
10049,2024-08-07,46,4,605,402,339.92,6,14232
10050,2024-09-09,22,5,600,400,126.36,82,11498
10051,2022-05-30,18,12,600,402,130.54,18,5261
10052,2022-12-14,53,10,605,403,79.26,31,7861
10053,2024-08-27,98,4,601,400,441.04,13,8160
10054,2024-04-28,70,7,600,402,123.14,69,13481
10055,2024-10-12,87,4,603,402,475.03,23,2836
10056,2022-07-05,62,3,603,403,219.24,62,13849
10057,2024-05-11,8,5,603,400,238.21,62,10816
10058,2025-06-17,4,9,600,403,126.33,7,13623
10059,2025-02-09,30,14,600,401,100.06,34,14743
10060,2022-06-05,34,5,605,402,162.66,97,4765
10061,2023-01-31,79,14,604,402,302.53,96,6139
10062,2025-05-08,36,5,602,400,147.15,35,2023
10063,2024-07-02,20,5,605,403,53.9,30,10963
10064,2022-08-12,98,3,600,401,386.35,31,11236
10065,2025-04-20,75,10,601,401,349.38,60,1888
10066,2022-08-10,34,8,600,401,107.3,15,350
10067,2022-10-08,87,15,604,400,241.81,94,5300
10068,2024-11-06,57,12,605,401,124.53,90,11146
10069,2025-05-18,74,11,602,400,134.6,39,13207
10070,2024-05-12,18,12,601,401,332.35,57,7119
10071,2025-04-06,11,3,602,400,166.1,39,1351
10072,2022-11-18,11,9,600,400,157.97,54,583
10073,2023-06-07,35,2,604,402,405.56,58,4482
10074,2024-02-22,13,10,605,400,266.15,71,14249
10075,2023-02-09,37,12,603,400,89.94,87,6444
10076,2023-11-01,4,12,603,402,266.86,41,6830
10077,2024-10-20,98,5,601,400,452.58,22,8007
10078,2025-05-24,82,13,600,400,150.3,6,10921
10079,2023-04-28,41,10,604,401,346.51,30,12055
10080,2023-03-18,3,1,602,401,219.87,100,4226
10081,2025-01-20,44,13,602,401,345.42,92,13904
10082,2024-01-28,10,5,601,403,199.75,57,545
10083,2023-03-30,78,4,602,403,370.92,46,5159
10084,2025-01-12,35,3,604,401,129.59,98,9038
10085,2023-08-02,84,14,602,400,187.34,45,14640
10086,2024-05-14,88,5,605,401,183.23,81,3797
10087,2023-01-16,83,6,604,401,275.39,34,11280
10088,2022-11-18,55,8,604,401,217.34,64,2318
10089,2022-07-08,28,13,603,402,465.12,48,816
10090,2025-04-28,35,9,600,400,188.26,5,3490
10091,2022-07-10,72,3,600,401,313.33,18,13428
10092,2024-06-27,75,5,605,403,171.11,59,14684
10093,2023-06-24,2,15,601,400,291.76,57,12661
10094,2022-04-05,82,1,600,403,115.36,93,7923
10095,2022-04-07,3,9,600,400,217.09,5,12218
10096,2022-12-20,3,13,604,400,315.08,30,2821
10097,2024-06-04,18,6,601,402,259.38,9,13926
10098,2024-07-28,39,4,604,402,251.42,19,7690
10099,2023-01-19,2,14,601,403,140.69,59,10212
10100,2022-11-10,31,10,603,402,358.03,16,5326
10101,2024-12-17,54,10,600,400,155.41,59,8777
10102,2024-12-12,81,3,604,401,197.15,22,11442
10103,2022-02-17,94,15,603,400,270.26,26,9961
10104,2022-05-11,6,7,602,402,199.14,55,10057
10105,2022-08-05,28,4,604,403,192.56,18,2508
10106,2022-09-02,11,7,605,401,442.69,95,12840
10107,2025-03-27,54,9,604,403,301.44,8,898
10108,2023-06-28,62,10,600,403,426.61,87,12287
10109,2024-01-16,47,8,600,403,277.64,19,3129
10110,2023-08-27,91,9,600,402,304.55,77,8100
10111,2024-10-03,84,3,604,403,115.58,12,1052
10112,2022-02-02,64,3,604,401,331.51,25,7804
10113,2024-02-29,37,5,601,400,411.6,23,4371
10114,2024-02-02,69,2,604,403,105.93,34,3661
10115,2023-08-20,48,15,603,402,486.57,84,5079
10116,2025-06-24,97,10,604,402,104.86,90,10040
10117,2023-12-15,83,5,600,402,133.71,13,3632
10118,2023-08-07,23,5,602,401,124.08,16,11821
10119,2025-02-16,45,5,604,402,256.15,91,14809
10120,2024-02-11,4,15,602,401,154.32,46,4154
10121,2024-10-05,62,9,601,401,307.42,29,14380
10122,2022-04-07,97,14,601,400,373.92,31,4116
10123,2023-04-17,32,6,600,403,270.73,31,1810
10124,2025-03-24,21,5,604,402,265.68,60,3202
10125,2025-03-26,13,11,605,402,232.67,80,11503
10126,2025-05-15,24,6,602,401,71.7,79,2316
10127,2025-01-02,20,13,602,400,84.39,60,3134
10128,2022-07-03,67,2,604,402,255.72,85,194
10129,2022-10-24,24,11,604,400,266.77,52,14011
10130,2023-04-04,21,15,604,402,263.45,87,12528
10131,2025-02-14,52,7,602,402,290.71,22,14809
10132,2023-11-10,72,10,601,401,244.72,81,7628
10133,2023-05-26,77,5,602,401,124.23,58,680
10134,2023-01-03,30,4,603,402,149.01,28,730
10135,2022-12-02,55,9,605,400,145.67,14,10831
10136,2025-01-11,46,9,603,401,94.56,100,801
10137,2022-04-28,43,11,603,403,165.09,85,10636
10138,2022-04-01,41,15,601,402,173.3,30,12536
10139,2024-09-17,40,2,604,401,89.61,49,13748
10140,2022-05-16,95,4,605,402,274.55,59,6699
10141,2022-11-12,100,14,605,402,128.83,97,5275
10142,2023-04-08,69,5,600,401,149.75,66,5961
10143,2024-07-18,97,9,604,401,331.53,56,900
10144,2022-10-21,92,4,605,402,344.3,68,10021
10145,2022-10-09,93,8,602,403,157.51,76,10087
10146,2023-04-04,52,14,602,402,286.32,67,1493
10147,2023-02-01,87,9,604,400,386.34,63,7950
10148,2022-06-16,59,11,601,403,279.38,58,7264
10149,2023-09-03,10,12,601,402,280.51,62,13422
10150,2023-06-20,26,2,604,403,91.31,5,12670
10151,2023-12-08,63,14,605,401,464.75,10,11555
10152,2023-11-07,88,8,604,402,126.69,51,3786
10153,2023-01-18,16,11,602,402,283.44,69,8272
10154,2023-08-06,52,8,600,401,136.38,33,2091
10155,2024-02-29,76,9,601,401,196.43,46,12741
10156,2025-04-27,20,1,604,403,52.98,81,12679
10157,2024-10-13,66,4,603,403,272.7,43,11272
10158,2024-10-12,8,1,604,400,468.3,26,4515
10159,2023-09-21,3,14,601,401,457.85,66,13811
10160,2022-11-11,27,5,605,401,157.16,88,11321
10161,2023-06-05,64,14,603,400,193.67,86,7826
10162,2024-04-19,90,11,603,402,183.56,23,2781
10163,2023-09-09,98,5,600,400,493.89,53,9750
10164,2022-04-09,58,13,601,400,455.04,7,9017
10165,2024-01-01,81,2,602,403,435.94,65,4064
10166,2023-05-18,47,1,603,402,457.11,33,10138
10167,2024-06-21,11,10,604,401,362.31,43,5775
10168,2022-09-14,92,10,605,401,458.79,39,13559
10169,2023-09-25,8,1,602,403,236.08,92,8745
10170,2023-06-05,61,7,602,400,394.04,29,9052
10171,2023-10-31,100,9,600,403,399.64,5,7859
10172,2025-05-10,42,6,602,403,229.09,9,940
10173,2022-04-13,73,5,600,400,102.6,24,12154
10174,2023-02-14,38,3,602,403,114.59,51,3091
10175,2022-09-30,87,9,600,400,85.47,39,4513
10176,2024-01-13,9,14,600,403,231.16,21,4980
10177,2022-03-10,54,13,603,400,127.83,67,5745
10178,2025-01-04,97,9,602,402,358.67,17,13493
10179,2023-08-05,1,3,600,401,93.84,54,1848
10180,2023-06-16,3,6,602,402,285.1,24,7605
10181,2022-07-10,94,9,603,402,87.98,36,11686
10182,2022-01-12,81,13,604,402,91.98,35,5959
10183,2023-10-10,91,7,600,400,241.45,14,5247
10184,2024-09-28,73,9,603,401,289.17,14,1070
10185,2023-10-03,48,13,600,402,307.66,53,8136
10186,2023-09-14,28,12,600,400,424.44,23,1064
10187,2024-06-02,97,13,605,400,258.27,83,5774
10188,2024-07-06,13,4,600,402,275.16,39,11210
10189,2023-05-09,63,7,604,402,353.46,97,10848
10190,2022-06-21,66,5,601,403,60.84,26,14543
10191,2022-06-13,33,5,601,401,101.74,74,1327
10192,2022-12-31,28,12,601,402,109.86,85,12921
10193,2022-04-19,11,14,601,401,303.22,95,11472
10194,2023-12-27,80,12,601,402,199.18,7,5620
10195,2024-12-02,62,8,600,401,234.26,82,9397
10196,2023-02-14,3,15,602,403,244.12,86,4174
10197,2023-11-12,42,12,601,403,236.8,100,14445
10198,2024-01-15,7,4,602,402,283.37,84,7795
10199,2023-07-29,63,12,600,400,186.19,94,1688
10200,2022-03-05,19,8,605,401,338.97,9,10549
10201,2025-06-03,4,9,604,403,400.61,40,11722
10202,2022-10-27,91,13,602,401,64.42,75,2481
10203,2024-07-01,24,12,602,403,113.84,34,3330
10204,2023-05-01,80,12,600,400,412.85,82,566
10205,2022-04-24,39,4,603,403,413.9,94,11727
10206,2024-01-01,59,2,600,400,320.92,20,11280
10207,2022-01-28,67,6,601,402,333.94,92,10315
10208,2024-01-06,22,9,604,402,67.46,7,13724
10209,2023-06-21,97,4,602,403,97.56,29,13042
10210,2022-10-26,70,6,603,403,288.82,70,2249
10211,2024-07-20,73,6,605,403,228.06,85,11341
10212,2024-11-03,48,6,604,400,478.97,50,12845
10213,2023-02-06,63,13,605,402,454.84,49,13452
10214,2024-12-20,88,9,602,402,58.33,32,13786
10215,2023-06-09,60,12,602,402,463.43,37,10813
10216,2024-10-03,53,15,603,400,161.46,14,9848
10217,2024-08-28,13,11,601,401,54.05,21,6030
10218,2024-10-03,78,6,601,403,342.56,40,5701
10219,2024-07-07,67,1,605,402,419.1,74,7098
10220,2022-08-30,82,10,603,400,419.24,75,14418
10221,2025-02-05,53,10,601,401,245.16,10,14691
10222,2025-03-27,58,7,604,403,182.43,9,3303
10223,2022-01-30,50,5,605,403,345.14,97,13234
10224,2025-01-15,14,8,603,400,136.73,17,7850
10225,2025-01-28,49,8,600,401,307.98,30,6589
10226,2024-09-16,26,13,604,400,147.47,84,11257
10227,2023-10-11,69,4,600,402,292.55,57,10101
10228,2023-07-31,1,12,601,401,82.74,90,14311
10229,2025-02-09,93,11,604,402,290.87,16,13939
10230,2024-08-08,38,9,604,401,240.3,70,2460
10231,2023-02-06,61,13,601,402,230.15,68,9474
10232,2022-12-08,30,7,605,400,54.62,79,2449
10233,2024-03-10,22,12,602,402,472.63,59,1515
10234,2024-05-18,13,3,603,401,68.71,89,5262
10235,2024-04-08,74,8,605,403,75.04,92,8034
10236,2023-12-31,37,12,603,400,65.03,88,10810
10237,2023-08-04,60,3,605,401,424.61,65,5341
10238,2022-10-01,44,9,605,403,314.07,98,1526
10239,2022-10-24,23,11,601,403,314.87,26,3460
10240,2023-10-15,32,14,603,400,429.51,85,3173
10241,2023-10-01,55,8,601,403,186.51,56,3013
10242,2024-03-11,46,12,600,401,446.76,29,5304
10243,2023-12-17,97,6,605,400,142.82,26,12234
10244,2022-06-18,8,1,601,403,339.92,62,8109
10245,2023-02-26,73,12,601,402,423.27,59,14476
10246,2024-03-18,7,13,603,403,477.52,73,7455
10247,2022-01-17,14,10,605,402,255.1,48,14685
10248,2025-01-09,20,1,602,403,411.54,80,2285
10249,2023-11-23,44,4,602,400,115.32,20,7465
10250,2024-10-01,98,9,604,400,153.75,73,11248
10251,2023-12-13,98,1,602,401,353.62,68,2711
10252,2024-05-15,94,9,602,402,221.75,41,9197
10253,2024-11-03,5,5,603,400,333.63,31,9316
10254,2023-05-12,42,4,604,400,159.0,50,8235
10255,2022-09-27,54,15,601,401,363.77,50,4098
10256,2022-10-21,97,10,602,400,172.07,61,7459
10257,2024-09-06,97,9,600,400,490.15,96,7114
10258,2023-04-12,35,8,601,403,282.22,55,9508
10259,2023-10-28,99,14,605,401,301.0,95,5078
10260,2023-09-15,41,9,603,403,159.55,19,10528
10261,2025-03-22,77,4,602,402,454.54,64,5758
10262,2022-06-15,21,11,600,402,126.09,25,8258
10263,2024-05-12,22,10,603,402,342.08,73,3843
10264,2022-02-16,27,13,605,400,283.27,46,11894
10265,2023-04-02,16,5,601,403,160.57,26,5320
10266,2025-01-25,9,1,600,400,406.96,70,8854
10267,2023-11-15,46,10,600,402,326.7,48,3862
10268,2023-08-02,49,2,601,403,148.24,96,9007
10269,2025-01-27,54,2,604,403,207.99,19,7694
10270,2023-08-03,78,2,604,401,189.87,89,11393
10271,2023-04-16,48,13,601,402,377.0,57,13982
10272,2022-09-10,7,13,600,403,234.43,79,11628
10273,2023-07-06,12,3,604,402,311.54,86,11595
10274,2023-11-04,83,14,604,402,197.97,22,11620
10275,2024-07-19,16,3,601,402,482.31,51,11300
10276,2022-07-18,74,14,605,401,341.69,48,6348
10277,2024-01-20,69,5,603,403,382.39,95,9655
10278,2022-02-02,96,13,605,402,297.38,9,4076
10279,2022-12-27,91,7,604,401,431.86,84,14660
10280,2025-04-24,50,15,603,402,251.26,59,6435
10281,2022-02-16,60,12,603,403,297.5,75,5272
10282,2023-11-04,57,12,600,402,277.48,49,10435
10283,2025-06-07,69,4,600,400,81.4,49,7279
10284,2022-09-13,69,7,601,400,145.78,76,12548
10285,2024-01-27,56,12,603,403,160.99,9,12357
10286,2022-09-14,99,5,604,402,214.42,12,3193
10287,2022-01-21,61,2,603,401,238.54,62,3116
10288,2024-04-11,96,12,603,403,210.63,58,11118
10289,2022-04-07,96,7,600,403,220.9,7,5895
10290,2022-04-21,64,15,600,401,467.96,7,7128
10291,2023-05-27,7,8,603,403,81.05,17,12815
10292,2024-08-22,27,11,603,402,135.44,81,9461
10293,2024-09-03,92,8,600,401,209.81,49,11994
10294,2023-01-09,79,1,602,400,368.97,25,4727
10295,2022-06-29,15,9,602,402,396.78,38,6726
10296,2022-07-30,79,13,603,403,74.64,34,4254
10297,2024-07-04,91,3,605,401,177.96,39,2774
10298,2024-05-06,34,5,602,403,184.49,56,455
10299,2024-04-09,39,3,604,400,51.78,82,1401
10300,2025-06-12,72,14,604,403,337.37,82,1725
10301,2024-03-22,53,14,602,401,388.79,26,11611
10302,2023-08-14,44,11,605,402,211.64,27,3758
10303,2023-09-25,23,14,602,402,323.77,32,921
10304,2025-01-23,43,7,601,400,264.26,58,14448
10305,2022-05-27,37,6,601,402,81.35,58,2843
10306,2023-09-23,32,3,605,400,454.57,43,759
10307,2023-11-17,85,6,603,403,210.23,90,10316
10308,2025-04-20,71,3,602,401,428.66,99,12822
10309,2024-07-07,86,13,604,403,180.18,57,11084
10310,2022-06-12,19,4,601,401,89.43,77,14826
10311,2024-08-31,45,12,601,401,144.57,73,13496
10312,2022-06-26,60,6,603,401,428.39,28,1066
10313,2025-03-29,83,11,605,402,81.2,42,3835
10314,2022-03-09,25,15,600,401,323.07,24,10997
10315,2022-01-04,17,2,604,402,101.66,62,2626
10316,2023-03-23,35,6,604,400,277.13,77,11032
10317,2023-01-26,84,5,603,401,494.07,11,14156
10318,2022-07-11,3,12,605,400,167.09,30,742
10319,2023-10-25,85,4,603,403,108.55,75,11154
10320,2023-11-06,65,3,603,402,307.1,39,11820
10321,2022-08-10,99,6,600,402,280.35,88,14682
10322,2022-08-03,67,12,603,402,231.26,27,2704
10323,2022-12-21,80,2,604,402,479.25,34,11620
10324,2025-02-04,97,7,600,403,170.61,20,14488
10325,2024-02-26,96,15,602,403,184.76,90,862
10326,2023-06-03,95,2,604,400,147.22,100,8912
10327,2022-08-11,55,15,605,400,317.53,55,11364
10328,2024-04-14,82,2,603,402,159.04,83,953
10329,2023-10-14,10,2,604,402,71.27,97,14234
10330,2023-09-27,19,9,602,402,176.71,61,8832
10331,2024-02-16,89,7,600,401,239.3,83,3551
10332,2022-06-19,70,13,603,403,58.05,98,5716
10333,2024-05-17,68,9,602,402,162.22,8,5158
10334,2023-11-15,40,12,600,402,410.48,83,562
10335,2023-08-01,39,5,603,403,163.8,6,11391
10336,2025-05-26,76,5,604,402,396.37,84,13858
10337,2022-08-31,55,13,602,401,438.47,94,9636
10338,2023-04-18,78,3,605,400,449.14,54,3260
10339,2022-02-15,66,10,602,400,473.78,5,14351
10340,2025-01-26,13,6,602,402,305.04,27,2733
10341,2024-04-29,30,9,602,400,363.33,63,14444
10342,2023-08-20,62,13,601,401,141.93,37,14565
10343,2024-07-21,59,4,602,401,104.33,6,12320
10344,2024-04-15,11,12,600,401,361.75,65,2674
10345,2024-02-05,53,7,601,402,284.98,9,1699
10346,2023-08-20,34,15,602,403,67.12,87,13086
10347,2025-06-25,89,2,604,402,263.63,73,14598
10348,2023-08-12,13,5,602,402,355.69,72,6545
10349,2023-03-16,94,13,601,400,410.41,37,14094
10350,2023-12-26,69,1,601,403,142.48,46,8463
10351,2024-12-07,93,13,600,403,257.0,39,11989
10352,2022-12-01,81,8,603,403,349.27,98,3768
10353,2024-09-15,67,2,600,402,491.76,18,3116
10354,2024-09-08,79,2,602,401,372.65,17,5766
10355,2022-03-25,1,2,600,401,233.83,72,14715
10356,2022-01-29,26,2,604,400,449.84,13,3462
10357,2022-06-04,16,11,601,400,222.22,78,13832
10358,2022-07-15,23,15,603,401,177.45,32,9764
10359,2022-12-15,41,11,601,403,125.48,6,1858
10360,2024-05-19,51,6,604,402,330.94,59,1018
10361,2023-08-31,94,15,604,400,479.33,34,10393
10362,2023-08-23,44,3,602,401,271.63,8,8947
10363,2022-08-23,100,9,605,401,355.18,99,7368
10364,2024-04-02,27,9,602,400,244.72,74,14744
10365,2022-05-26,4,2,602,402,296.28,20,14071
10366,2024-10-10,98,13,605,402,473.98,21,3039
10367,2023-07-24,85,3,605,401,185.83,92,3976
10368,2022-11-08,94,9,601,402,318.52,29,2902
10369,2025-01-28,100,1,605,400,58.47,46,12267
10370,2023-06-26,32,4,604,403,208.72,25,10328
10371,2024-03-10,47,15,603,403,291.88,62,13796
10372,2023-07-20,95,1,604,401,128.19,18,12416
10373,2023-07-07,70,8,604,402,111.65,74,3489
10374,2024-07-29,40,12,605,400,96.07,60,13653
10375,2024-11-19,91,2,602,401,489.82,87,13342
10376,2023-01-31,39,2,601,402,379.53,8,12103
10377,2023-06-06,71,14,605,403,430.96,92,11661
10378,2023-10-18,65,12,601,401,301.96,55,13143
10379,2023-05-15,79,9,600,403,308.19,51,8221
10380,2023-02-19,83,2,603,403,494.35,82,5408
10381,2023-04-18,45,10,603,403,477.39,56,7439
10382,2023-03-19,100,12,605,403,184.7,68,1072
10383,2023-04-10,29,14,605,400,214.78,8,6283
10384,2025-05-14,83,10,601,402,253.22,60,2816
10385,2023-07-01,28,2,603,402,227.11,40,7738
10386,2024-10-10,49,13,603,402,431.97,95,14471
10387,2023-10-12,47,11,604,400,356.4,13,2682
10388,2022-03-28,3,15,602,400,478.65,42,10789
10389,2023-04-15,57,7,605,403,336.93,17,2885
10390,2022-09-15,48,11,601,403,168.94,42,8822
10391,2023-03-04,44,15,605,403,128.05,65,3169
10392,2025-02-11,72,4,600,401,309.44,61,7132
10393,2025-05-21,5,2,602,400,400.63,26,7566
10394,2024-01-22,28,4,602,402,325.9,75,8828
10395,2023-08-17,48,12,605,400,238.12,48,14884
10396,2022-06-03,27,11,603,400,197.82,78,3941
10397,2023-05-30,99,2,600,401,333.3,55,11204
10398,2023-12-06,4,4,601,400,279.57,43,3130
10399,2022-11-05,69,5,602,403,59.18,20,3694
10400,2022-06-10,12,13,602,401,186.21,33,13294
10401,2022-04-17,29,3,603,401,309.48,48,6671
10402,2022-03-04,57,13,601,401,190.31,46,802
10403,2023-12-04,23,7,605,401,71.99,14,2608
10404,2023-06-12,81,6,601,402,372.33,70,6818
10405,2023-07-14,30,1,601,401,430.94,5,5468
10406,2022-09-16,24,1,601,400,223.75,65,5938
10407,2023-05-02,22,5,600,403,345.03,98,8854
10408,2023-08-12,39,9,601,400,208.78,18,8331
10409,2025-02-09,58,1,605,401,115.59,70,13507
10410,2024-05-12,41,12,601,403,182.45,88,8847
10411,2023-12-23,61,9,601,402,166.74,72,708
10412,2023-07-18,1,13,602,403,407.04,96,8687
10413,2022-10-11,29,2,603,403,218.55,98,5643
10414,2022-02-05,96,9,603,400,77.94,81,6195
10415,2023-05-01,71,7,601,403,275.42,84,14100
10416,2023-01-30,23,13,604,402,324.29,23,12377
10417,2023-03-30,95,1,601,403,103.35,42,11982
10418,2024-02-08,42,10,600,400,168.0,72,5341
10419,2025-02-05,11,13,603,400,206.74,38,11484
10420,2025-03-14,32,11,603,402,101.16,98,2263
10421,2024-10-03,36,6,602,402,404.74,87,11554
10422,2022-02-15,86,10,605,403,72.49,36,14392
10423,2025-05-16,68,10,601,402,52.69,91,9043
10424,2025-03-23,77,8,600,402,439.36,79,3629
10425,2024-07-25,57,6,602,401,335.69,48,6317
10426,2022-07-25,46,14,600,403,175.44,46,4966
10427,2024-06-11,40,9,602,402,463.64,88,12416
10428,2024-03-21,38,9,603,403,318.25,86,6242
10429,2022-01-23,75,10,600,401,70.13,23,4323
10430,2023-04-10,3,7,604,400,240.06,6,14058
10431,2022-12-10,10,14,601,400,470.28,8,4662
10432,2022-07-18,84,6,603,401,374.43,68,4425
10433,2023-06-09,98,12,604,403,219.97,26,13174
10434,2022-01-02,91,3,601,403,285.5,32,5607
10435,2023-10-14,40,3,600,400,293.97,45,7460
10436,2024-06-11,73,13,601,402,361.35,7,14792
10437,2022-10-25,73,14,603,403,190.71,47,11033
10438,2024-04-13,26,5,603,400,294.93,94,12533
10439,2022-05-19,28,4,603,402,224.57,24,7181
10440,2023-08-21,72,2,600,401,299.35,45,4943
10441,2023-02-15,35,14,604,400,332.98,48,10143
10442,2024-08-23,96,14,602,400,82.92,53,4963
10443,2022-09-08,40,13,604,401,115.94,61,3980
10444,2024-09-10,75,1,604,403,207.21,12,8060
10445,2023-09-12,11,15,602,402,375.57,13,8991
10446,2022-09-25,85,5,603,402,107.95,33,8879
10447,2023-08-17,38,13,603,403,318.06,93,884
10448,2024-12-21,3,15,605,403,124.1,20,592
10449,2025-03-10,55,13,603,403,391.3,15,5316
10450,2023-06-21,44,10,601,401,232.96,67,7091
10451,2025-04-30,87,11,604,402,332.46,15,14946
10452,2025-04-05,17,6,605,400,306.18,43,6689
10453,2023-06-05,31,12,605,402,426.62,75,5229
10454,2024-12-25,95,9,602,401,181.51,90,2577
10455,2023-01-02,19,2,602,401,342.03,62,2315
10456,2024-06-10,64,5,600,401,234.72,29,6487
10457,2022-04-14,26,11,604,400,274.45,89,14558
10458,2024-07-09,3,13,603,401,398.71,78,1568
10459,2024-03-28,89,10,600,401,290.98,44,11278
10460,2023-12-05,100,2,605,402,53.61,100,6367
10461,2023-10-22,56,5,601,403,112.19,82,5425
10462,2023-03-15,85,9,600,403,55.64,67,10658
10463,2024-11-06,41,1,600,401,407.57,5,5077
10464,2025-03-12,67,11,601,402,371.49,50,12436
10465,2022-12-05,22,8,601,403,350.27,68,9865
10466,2023-01-23,46,13,605,403,265.97,96,7134
10467,2023-02-16,35,5,603,403,87.63,51,11335
10468,2022-07-15,86,4,603,400,463.06,53,14338
10469,2024-01-17,86,7,600,400,436.8,31,14405
10470,2022-10-27,83,5,601,402,141.43,65,13945
10471,2022-07-04,68,8,604,403,305.95,80,13328
10472,2022-08-12,21,6,604,403,352.65,77,11204
10473,2024-10-11,15,10,602,402,62.26,35,1116
10474,2025-04-21,18,15,603,402,428.63,16,7524
10475,2023-06-14,29,5,603,403,144.36,97,13501
10476,2023-07-15,32,1,603,403,498.13,50,6452
10477,2022-06-03,89,6,605,403,225.1,73,688
10478,2024-01-27,32,13,600,400,54.4,51,5612
10479,2024-03-28,78,2,602,400,133.09,30,815
10480,2022-03-30,7,5,600,403,234.64,74,13735
10481,2023-11-15,79,3,604,400,70.15,98,13289
10482,2022-07-27,1,11,605,400,146.7,62,8350
10483,2022-09-03,2,4,601,400,416.85,42,5966
10484,2022-05-31,29,12,605,401,400.87,30,5402
10485,2024-01-14,97,15,600,402,59.16,58,4166
10486,2024-11-05,40,13,600,402,62.66,99,4636
10487,2023-10-10,29,9,605,403,57.75,7,10831
10488,2024-04-24,3,13,600,403,372.42,39,8507
10489,2024-09-23,53,14,605,400,324.69,33,697
10490,2024-09-04,55,6,603,403,241.52,96,11423
10491,2022-12-06,6,12,603,403,146.62,95,6944
10492,2024-05-17,42,6,603,401,69.55,41,2242
10493,2023-01-26,58,7,603,403,285.64,62,14764
10494,2022-08-31,88,12,605,402,210.03,34,14021
10495,2025-05-09,8,15,600,400,87.38,94,10402
10496,2022-08-20,6,13,604,400,379.55,38,689
10497,2024-01-22,93,3,601,401,297.74,72,6264
10498,2022-10-01,86,15,603,401,475.15,96,4047
10499,2023-05-22,97,6,605,400,480.88,69,3331
10500,2024-02-19,19,15,602,400,283.15,66,10408
10501,2024-03-29,25,3,602,400,206.64,22,3441
10502,2024-01-30,88,1,605,402,400.89,9,1763
10503,2022-08-30,66,1,603,403,169.88,11,10321
10504,2024-09-10,58,9,605,403,157.73,30,825
10505,2023-08-29,69,11,604,400,115.3,70,14506
10506,2022-06-01,37,12,600,400,402.34,11,7737
10507,2022-08-21,73,7,605,403,470.19,87,2906
10508,2024-09-21,49,7,604,400,401.2,97,3480
10509,2024-12-08,78,14,600,400,332.97,15,5350
10510,2025-04-03,46,7,604,400,284.84,15,3792
10511,2023-07-09,86,5,604,401,56.86,71,5854
10512,2024-05-02,38,15,600,401,178.78,40,8463
10513,2022-04-08,89,8,604,403,415.35,10,2663
10514,2023-08-12,55,11,604,401,308.75,83,1359
10515,2022-12-05,67,1,604,401,300.5,32,5050
10516,2023-05-12,8,4,600,402,398.49,45,485
10517,2025-05-06,67,15,600,403,280.28,92,6988
10518,2024-08-10,9,8,603,401,71.09,45,13178
10519,2025-05-29,3,15,601,402,234.42,65,8661
10520,2024-02-12,81,13,603,400,498.04,32,9838
10521,2024-01-21,61,5,604,402,273.27,22,5292
10522,2023-08-03,91,2,604,401,130.09,67,1680
10523,2022-01-07,7,15,600,403,94.43,60,6767
10524,2023-11-19,98,12,602,401,429.68,96,9046
10525,2024-12-24,94,3,600,400,280.31,16,7786
10526,2022-12-10,71,8,601,401,231.24,19,8380
10527,2022-06-13,22,1,605,402,175.08,66,593
10528,2023-04-20,9,10,600,400,259.78,92,13289
10529,2022-06-18,94,3,603,401,307.71,98,11173
10530,2023-11-09,32,14,602,403,243.86,72,6193
10531,2023-01-12,41,7,600,401,141.44,60,12755
10532,2023-12-02,82,15,601,400,462.82,76,6527
10533,2024-09-24,68,2,602,400,89.04,96,2926
10534,2024-12-14,64,2,601,400,447.44,8,8961
10535,2024-08-17,60,5,605,402,459.63,40,1617
10536,2022-01-09,62,3,601,403,424.4,27,2545
10537,2023-04-19,19,8,602,401,103.67,25,11724
10538,2022-06-19,30,5,605,403,89.16,62,12724
10539,2024-06-04,95,13,600,402,217.5,80,10249
10540,2023-10-21,92,2,600,400,297.2,84,11669
10541,2025-01-12,30,1,605,401,448.41,24,8362
10542,2023-04-19,42,5,601,402,492.5,40,13199
10543,2022-04-21,61,6,603,403,186.41,44,10221
10544,2024-02-25,10,9,605,403,273.98,91,6199
10545,2023-09-14,15,7,600,400,113.91,77,495
10546,2023-04-03,87,2,603,400,161.22,46,9835
10547,2024-08-15,26,2,603,401,349.27,47,10695
10548,2025-02-19,27,1,604,402,80.35,34,10699
10549,2022-07-08,70,7,602,402,381.98,72,7096
10550,2024-05-24,62,6,601,403,492.73,50,11172
10551,2022-06-25,82,9,602,400,341.7,10,8647
10552,2025-05-01,68,6,603,400,441.26,58,2692
10553,2022-01-31,28,14,600,401,55.38,8,2839
10554,2022-04-17,34,12,602,400,289.96,31,13151
10555,2024-10-31,37,4,602,402,459.92,91,3052
10556,2022-05-08,91,12,604,402,484.59,83,702
10557,2023-06-12,1,15,605,402,364.84,18,4375
10558,2024-12-01,42,5,600,401,345.56,86,709
10559,2023-10-12,80,7,605,400,141.92,15,8600
10560,2024-09-25,27,4,605,401,234.95,96,13320
10561,2023-02-18,52,11,604,401,430.29,85,3022
10562,2022-09-21,39,3,601,402,268.47,14,3436
10563,2025-01-02,42,15,600,403,86.11,65,10836
10564,2025-01-18,63,3,600,402,102.7,41,7460
10565,2025-03-11,16,12,601,401,435.56,95,698
10566,2023-02-03,45,10,602,401,57.57,47,13234
10567,2024-02-23,98,2,603,401,71.87,57,4010
10568,2022-12-12,34,10,605,401,266.33,9,4359
10569,2022-08-28,30,1,601,400,180.96,43,13053
10570,2024-01-19,50,4,603,402,327.35,14,159
10571,2023-10-18,64,13,605,402,347.94,41,13608
10572,2022-08-11,79,7,605,402,302.11,52,3480
10573,2022-10-10,34,1,602,403,427.11,86,1788
10574,2023-04-15,99,15,605,400,481.41,93,12838
10575,2025-06-23,6,1,603,401,484.54,15,7508
10576,2022-03-24,86,15,600,402,267.25,82,8560
10577,2023-10-21,59,10,600,403,337.69,46,3981
10578,2023-04-14,10,14,601,403,362.14,33,4838
10579,2024-02-28,73,15,602,401,226.31,68,3302
10580,2023-07-27,44,3,602,403,245.77,61,3985
10581,2023-01-08,59,1,603,403,384.96,95,8973
10582,2022-10-12,6,8,605,400,430.35,77,6877
10583,2023-03-23,40,8,602,401,144.01,12,12105
10584,2023-10-09,7,11,604,403,167.19,15,4863
10585,2023-10-05,27,3,604,401,54.08,94,11412
10586,2025-02-28,1,13,600,401,436.36,75,579
10587,2023-10-10,50,5,603,402,484.62,65,13783
10588,2023-01-06,90,13,605,403,203.7,97,10383
10589,2022-07-12,68,3,605,402,438.02,7,6248
10590,2025-01-13,11,4,602,402,118.54,60,12116
10591,2022-10-31,74,6,604,403,290.35,67,9960
10592,2022-01-01,19,8,601,402,294.79,89,4544
10593,2024-02-09,41,7,601,402,113.14,37,512
10594,2023-09-07,18,13,603,402,392.98,34,13512
10595,2022-03-27,36,10,605,400,390.81,62,3877
10596,2022-11-30,38,12,605,403,452.83,59,14783
10597,2024-02-09,45,3,603,402,83.55,72,5788
10598,2024-09-07,75,8,605,403,139.45,13,11525
10599,2022-09-17,4,5,604,400,247.43,52,1627
10600,2024-10-12,47,6,601,400,465.92,9,1127
10601,2023-07-31,97,11,600,402,117.91,73,7972
10602,2023-10-15,17,6,600,400,370.64,80,5792
10603,2022-09-30,11,14,602,401,495.38,40,10128
10604,2023-04-10,67,2,605,400,341.68,63,8395
10605,2023-11-05,89,8,605,400,454.5,86,10297
10606,2024-12-05,17,8,604,402,324.48,94,2629
10607,2023-08-17,11,2,601,400,168.05,95,13845
10608,2022-12-11,10,14,600,400,351.46,85,344
10609,2023-06-26,31,15,604,401,56.88,34,10084
10610,2025-03-31,99,8,601,402,64.84,77,5822
10611,2022-05-16,79,2,604,403,449.54,66,9836
10612,2024-10-04,44,12,604,402,485.2,86,12845
10613,2023-06-10,37,1,604,401,405.09,29,5578
10614,2024-07-11,78,14,602,403,240.05,62,5551
10615,2025-01-12,90,2,601,402,145.53,26,7776
10616,2022-09-05,27,7,604,402,79.02,78,4776
10617,2024-12-02,10,12,600,400,339.57,8,2308
10618,2022-04-04,51,6,604,401,76.4,41,12093
10619,2025-03-28,69,9,602,403,278.5,23,10379
10620,2024-08-28,23,2,605,402,152.32,93,6220
10621,2022-11-04,54,8,603,400,68.18,22,3447
10622,2024-01-29,16,6,600,403,401.34,8,9815
10623,2024-09-11,91,8,600,400,150.25,27,13421
10624,2024-11-13,65,11,601,403,59.48,42,10031
10625,2022-12-13,77,2,605,400,157.4,20,5887
10626,2023-12-01,23,11,605,402,198.05,98,4715
10627,2024-09-24,2,13,603,403,104.21,14,3734
10628,2025-06-14,28,12,602,400,130.04,29,3465
10629,2023-11-22,53,12,602,400,442.91,74,8951
10630,2024-10-10,100,5,602,402,137.52,22,7732
10631,2023-04-27,2,7,601,400,352.63,62,8453
10632,2023-03-16,98,10,605,402,195.33,51,2405
10633,2022-07-07,58,14,601,403,251.37,87,5231
10634,2022-02-22,4,14,604,403,498.55,88,13563
10635,2022-01-13,31,13,605,400,435.14,80,9352
10636,2024-04-19,51,6,603,403,433.37,47,9059
10637,2022-11-19,86,4,602,401,285.27,20,14387
10638,2024-07-29,59,11,604,402,437.96,10,3994
10639,2022-11-07,57,8,605,400,72.34,14,9283
10640,2022-12-05,88,8,603,402,59.18,24,13350
10641,2025-01-24,62,13,601,402,196.47,93,2669
10642,2024-11-04,80,3,603,401,140.48,90,948
10643,2024-11-09,74,1,602,401,388.31,75,7829
10644,2022-11-14,79,15,600,401,158.47,19,5277
10645,2022-07-14,10,8,603,402,51.48,10,6825
10646,2025-05-03,84,6,603,400,193.0,36,737
10647,2023-03-06,27,2,602,403,51.27,58,11651
10648,2023-03-01,67,12,600,403,418.19,96,14295
10649,2022-12-26,64,15,600,402,55.24,51,5930
10650,2022-04-30,75,3,604,402,138.15,40,3982
10651,2024-04-22,72,2,604,403,323.69,12,552
10652,2022-06-28,92,2,604,400,216.3,45,13369
10653,2024-09-27,32,12,605,400,409.61,23,6304
10654,2024-06-15,66,14,605,401,231.31,82,6011
10655,2023-09-08,31,11,601,402,101.01,37,14385
10656,2023-08-15,43,6,605,403,451.0,81,11123
10657,2025-06-09,77,10,603,402,302.66,77,11596
10658,2024-12-28,48,12,601,402,283.17,7,5321
10659,2024-05-27,3,14,602,403,321.41,87,2056
10660,2023-08-08,13,9,601,403,340.28,68,7163
10661,2025-01-28,21,11,601,400,134.97,62,4982
10662,2023-06-30,66,15,603,400,208.28,18,10247
10663,2022-03-06,25,12,602,400,341.2,99,14368
10664,2023-09-25,24,13,604,403,213.8,53,5811
10665,2023-12-10,85,15,602,400,133.95,41,14656
10666,2022-11-02,15,15,603,400,366.72,37,1022
10667,2024-05-13,2,8,604,401,417.74,73,1142
10668,2024-11-06,57,4,603,403,77.07,76,14867
10669,2025-06-24,97,14,605,401,407.19,18,1340
10670,2022-08-15,49,4,600,402,230.04,68,7823
10671,2024-02-24,24,8,601,401,362.4,39,7317
10672,2022-12-19,11,9,603,403,280.1,81,8087
10673,2024-03-05,61,4,600,401,163.06,89,14825
10674,2023-05-31,37,12,601,402,481.32,29,13758
10675,2023-10-16,49,3,603,400,391.21,33,2414
10676,2023-06-17,73,6,603,401,285.19,57,10384
10677,2022-04-17,24,8,605,403,195.43,29,13968
10678,2024-10-13,53,8,601,401,494.81,10,13442
10679,2025-02-09,67,15,601,402,125.08,42,2310
10680,2024-07-10,81,13,605,401,385.17,22,13502
10681,2025-06-04,49,15,601,400,117.47,58,9581
10682,2025-04-07,84,1,603,403,191.27,100,2994
10683,2023-01-18,33,6,605,401,123.74,97,8920
10684,2024-05-23,78,15,602,402,131.26,69,5990
10685,2024-09-25,32,4,602,402,481.62,37,12509
10686,2024-01-16,39,4,602,403,298.37,47,10045
10687,2022-02-07,80,6,601,401,231.33,49,10771
10688,2023-09-19,47,3,605,400,62.65,48,835
10689,2024-03-02,29,8,603,403,360.91,46,11980
10690,2024-10-30,23,3,601,402,83.05,62,9885
10691,2024-10-09,36,3,601,402,227.49,85,489
10692,2024-12-21,81,11,604,403,157.17,28,14399
10693,2024-10-04,94,2,604,401,97.29,7,640
10694,2024-08-14,76,1,605,402,351.7,24,11295
10695,2024-04-14,48,5,603,400,327.57,97,1920
10696,2022-02-08,74,8,604,401,318.61,52,7616
10697,2025-03-21,79,2,600,402,80.55,30,11610
10698,2024-01-27,67,10,601,402,466.06,40,13184
10699,2023-02-02,45,11,603,400,223.96,72,13143
10700,2022-12-05,84,12,605,403,435.22,11,4829
10701,2024-10-23,7,15,605,403,488.7,47,8798
10702,2025-03-12,37,1,602,402,382.83,15,12996
10703,2024-07-17,53,8,600,401,238.53,69,14233
10704,2023-06-01,52,8,603,403,325.73,26,11312
10705,2024-12-24,97,12,605,402,302.57,25,6435
10706,2024-10-17,30,2,604,401,164.96,55,6356
10707,2023-04-05,6,1,601,401,408.41,54,706
10708,2022-06-03,92,12,603,401,222.7,56,10678
10709,2025-03-09,25,7,605,401,201.98,44,9804
10710,2022-12-11,83,9,602,402,388.28,87,9915
10711,2023-05-03,78,14,604,402,252.94,18,3670
10712,2023-11-09,74,13,602,400,103.4,19,14933
10713,2025-02-27,18,10,600,400,174.86,45,9501
10714,2023-10-21,55,9,605,402,194.0,66,14285
10715,2024-02-19,92,14,600,401,434.52,88,759
10716,2023-12-23,25,10,601,402,342.52,95,2215
10717,2023-12-10,98,11,602,402,89.58,46,11401
10718,2025-06-25,77,9,600,403,108.24,71,2101
10719,2024-03-17,10,4,603,401,345.13,29,4070
10720,2022-04-08,16,5,604,402,69.36,86,14693
10721,2023-07-04,80,10,602,402,498.36,39,7900
10722,2023-02-10,2,11,601,400,490.26,31,7444
10723,2023-01-05,65,2,605,402,329.96,34,6673
10724,2023-12-21,94,13,600,402,59.72,81,4671
10725,2023-08-11,77,6,600,401,158.78,75,3946
10726,2022-06-15,78,11,602,400,389.86,75,13546
10727,2024-07-27,74,12,602,401,469.95,19,14422
10728,2025-05-24,62,11,601,400,437.89,25,3248
10729,2022-07-13,17,15,600,403,474.55,57,2789
10730,2023-03-05,9,6,601,403,106.05,76,13853
10731,2023-02-01,74,14,600,400,58.51,65,8044
10732,2022-05-10,3,5,603,403,89.0,51,2335
10733,2024-07-15,19,3,602,401,158.82,15,12532
10734,2025-05-20,81,12,603,400,339.83,23,2576
10735,2025-03-28,67,13,600,400,171.27,100,4427
10736,2023-05-28,87,8,602,403,129.76,38,13712
10737,2022-10-13,30,4,602,402,446.69,8,13472
10738,2024-07-02,94,9,604,401,85.44,7,14470
10739,2024-06-02,91,11,600,401,166.09,99,14302
10740,2025-03-25,22,4,605,401,357.02,48,7678
10741,2023-04-13,95,4,603,403,409.31,44,12502
10742,2024-07-11,87,10,604,402,444.43,92,4507
10743,2023-08-20,2,1,603,400,423.7,51,5527
10744,2025-04-23,72,1,601,402,92.45,95,4145
10745,2025-04-05,39,15,601,402,158.49,89,1814
10746,2023-08-07,54,11,600,402,244.73,85,1734
10747,2022-11-05,53,2,600,403,307.33,21,125
10748,2022-12-11,6,11,601,400,159.71,65,11158
10749,2022-11-30,86,8,600,402,173.89,97,11199
10750,2023-08-17,84,2,605,401,383.37,83,4370
10751,2024-04-24,82,14,601,401,301.28,17,4177
10752,2023-11-15,48,7,601,403,148.99,16,9726
10753,2024-11-09,57,6,600,401,374.14,24,3077
10754,2024-07-21,9,11,605,401,188.33,92,7697
10755,2023-07-30,74,6,605,402,322.92,94,3670
10756,2024-12-24,88,11,603,402,189.92,49,5667
10757,2023-09-03,76,5,604,402,130.78,59,14797
10758,2022-07-11,67,7,600,400,69.92,94,11717
10759,2024-04-09,90,9,603,403,181.64,89,12291
10760,2023-01-23,56,2,603,401,165.87,76,7782
10761,2024-12-24,48,14,603,401,382.88,49,1194
10762,2022-01-26,33,13,600,403,185.82,8,11510
10763,2024-04-05,78,1,601,400,443.77,13,14242
10764,2022-05-22,1,12,604,401,383.71,28,5525
10765,2022-12-01,84,2,605,402,346.9,23,13050
10766,2022-11-21,42,7,604,401,84.21,7,3827
10767,2023-04-26,13,1,604,401,409.74,98,14117
10768,2022-01-30,25,10,603,401,472.29,91,10839
10769,2024-05-23,43,4,602,402,302.29,57,8589
10770,2025-04-19,46,10,602,402,103.44,39,5479
10771,2024-12-13,77,15,605,400,122.85,70,6795
10772,2023-12-25,48,2,602,403,211.56,7,12302
10773,2022-08-22,1,3,604,402,263.58,30,14189
10774,2023-05-28,80,4,601,401,348.52,44,10550
10775,2024-05-28,46,7,604,401,313.49,40,6010
10776,2023-03-02,42,8,601,401,399.82,71,11445
10777,2023-11-23,89,3,600,402,456.73,88,8890
10778,2023-02-20,12,8,601,403,80.39,75,8800
10779,2022-02-28,31,13,602,403,151.48,7,1442
10780,2022-08-06,90,3,600,403,420.36,10,13179
10781,2023-04-10,63,10,600,401,101.49,77,11487
10782,2023-01-03,39,12,603,400,149.66,34,1131
10783,2024-02-10,10,2,605,402,163.56,15,9067
10784,2022-03-21,29,8,605,400,195.76,77,8708
10785,2022-01-14,96,10,604,403,435.99,33,13191
10786,2023-01-24,94,9,601,403,162.63,55,6908
10787,2025-01-16,57,2,600,401,65.64,50,9802
10788,2022-08-27,66,7,602,402,439.34,100,10501
10789,2023-12-14,88,1,603,402,302.47,21,2305
10790,2023-11-23,91,10,605,401,254.83,80,9241
10791,2022-12-10,82,6,604,400,373.48,93,2050
10792,2025-02-09,33,6,601,401,55.57,67,7617
10793,2025-03-29,66,13,603,403,491.02,17,5630
10794,2024-03-25,41,14,602,403,114.1,57,6590
10795,2022-09-18,89,4,602,400,232.56,27,4841
10796,2025-01-23,57,9,605,403,71.71,65,9674
10797,2025-01-12,90,4,601,402,126.41,66,4267
10798,2024-12-11,30,10,601,401,205.27,23,13034
10799,2022-02-05,100,2,603,400,138.75,63,11733
10800,2022-06-06,66,8,602,402,162.37,61,1428
10801,2023-03-03,42,14,605,400,295.59,8,6289
10802,2024-11-17,56,2,602,400,219.72,19,14787
10803,2023-01-13,27,13,601,400,222.47,90,14497
10804,2023-04-06,35,15,602,402,477.29,20,12501
10805,2022-04-14,26,11,603,400,218.2,100,13322
10806,2022-02-08,16,3,601,402,93.75,76,7392
10807,2024-08-08,96,14,601,403,471.19,77,13828
10808,2024-11-23,97,8,602,402,89.35,91,13699
10809,2022-12-25,27,9,604,400,319.18,47,12660
10810,2024-01-26,92,1,601,401,468.03,28,9240
10811,2024-08-12,55,7,605,402,444.19,25,7595
10812,2022-11-07,76,8,603,403,229.0,26,10953
10813,2025-02-19,50,14,605,403,211.35,67,9425
10814,2022-10-30,5,7,604,402,293.24,62,1724
10815,2024-05-12,47,4,604,401,157.9,50,14624
10816,2023-11-17,12,15,600,401,263.73,72,5191
10817,2025-02-25,8,15,603,403,436.16,71,6850
10818,2024-09-28,55,5,605,400,483.17,46,3351
10819,2024-05-18,86,5,604,401,247.26,89,5278
10820,2023-08-23,87,9,605,402,92.56,19,14217
10821,2025-01-18,9,13,601,403,320.88,65,11055
10822,2023-06-02,82,14,603,402,145.84,82,8622
10823,2024-12-19,57,4,601,400,440.72,31,13806
10824,2023-08-14,87,15,603,403,316.65,14,259
10825,2022-10-26,93,3,600,400,153.71,72,10114
10826,2024-09-13,31,14,603,402,197.02,87,7721
10827,2023-03-11,71,15,600,400,356.88,13,6533
10828,2024-11-23,80,3,601,403,71.55,22,2170
10829,2023-08-25,25,12,601,401,238.81,8,5473
10830,2023-12-03,71,13,601,402,304.66,79,4345
10831,2023-04-21,8,15,601,403,405.62,14,12414
10832,2022-08-22,100,15,600,401,440.3,82,4894
10833,2024-09-09,62,10,603,400,229.75,32,12048
10834,2024-05-12,89,2,605,400,166.98,66,4344
10835,2024-11-14,41,15,602,400,210.12,29,7815
10836,2022-06-26,63,8,603,403,66.02,7,5479
10837,2022-06-10,55,14,601,402,424.85,65,10810
10838,2022-07-04,16,1,603,403,444.94,13,7615
10839,2022-12-17,35,6,602,402,230.73,83,4405
10840,2024-05-05,41,10,604,402,312.59,96,14137
10841,2022-07-13,13,15,605,401,77.68,96,2464
10842,2023-04-14,10,2,602,402,368.05,75,10881
10843,2025-04-16,25,14,603,400,228.11,42,6130
10844,2022-07-31,12,12,603,402,199.23,34,11752
10845,2024-11-13,68,10,600,401,67.19,76,1145
10846,2024-02-26,46,6,601,401,332.31,72,12346
10847,2022-03-21,13,15,600,403,389.11,7,9787
10848,2023-03-05,86,3,602,402,194.28,72,9946
10849,2025-02-05,78,6,600,400,470.1,16,11395
10850,2022-01-08,60,2,603,400,429.46,40,5773
10851,2025-03-29,19,7,605,401,273.77,29,8860
10852,2022-08-10,13,2,605,402,404.25,13,9526
10853,2023-10-17,84,1,601,403,57.0,25,578
10854,2024-07-26,24,1,603,402,469.6,45,10700
10855,2023-03-19,28,1,605,401,430.35,12,3673
10856,2022-09-05,50,4,600,403,166.39,64,12978
10857,2023-05-05,94,2,602,402,395.33,11,13835
10858,2024-04-10,12,1,604,400,75.7,38,3331
10859,2023-01-10,58,11,605,403,436.92,65,14687
10860,2024-07-10,53,6,602,400,156.86,12,10238
10861,2024-07-09,63,12,600,403,352.91,68,12535
10862,2024-01-14,38,6,605,401,464.59,93,4633
10863,2022-12-08,9,5,605,400,476.61,42,1749
10864,2024-07-30,55,10,602,401,106.21,81,12202
10865,2025-02-12,71,2,600,403,328.51,64,575
10866,2025-05-28,10,12,602,401,83.98,86,9226
10867,2024-04-14,80,4,600,403,92.21,84,9707
10868,2024-01-06,14,13,605,402,370.17,79,11412
10869,2025-05-21,76,3,601,403,367.41,64,1341
10870,2023-10-17,44,13,603,400,288.58,45,8267
10871,2023-05-18,87,15,603,403,259.98,23,8362
10872,2024-09-27,93,11,601,402,427.26,88,4476
10873,2022-10-06,9,13,602,402,393.94,75,817
10874,2023-10-19,5,8,605,400,475.75,79,12592
10875,2023-04-01,34,12,602,402,394.62,35,10473
10876,2023-06-12,45,8,601,400,379.06,9,11275
10877,2022-04-25,37,10,600,400,194.78,91,5516
10878,2022-08-16,86,1,603,400,415.85,22,5828
10879,2024-03-09,44,4,602,402,166.46,9,3578
10880,2022-10-08,63,6,601,403,414.33,67,2326
10881,2022-09-30,93,10,600,402,392.41,8,8420
10882,2022-05-28,82,7,600,403,396.31,65,925
10883,2025-03-08,90,12,602,400,495.31,31,7051
10884,2022-11-03,65,3,601,401,441.15,66,3461
10885,2022-11-17,19,11,602,402,477.38,91,4246
10886,2023-08-08,90,8,603,400,95.7,19,6666
10887,2023-10-05,80,10,601,400,131.75,31,9524
10888,2022-07-31,59,12,605,403,360.1,61,7214
10889,2022-03-19,34,9,604,401,131.65,72,14492
10890,2024-09-13,64,12,603,400,383.57,34,5983
10891,2022-12-23,64,9,601,403,246.96,51,13801
10892,2025-04-08,36,3,603,400,483.5,46,867
10893,2022-10-03,24,5,603,402,423.83,25,3297
10894,2025-05-13,67,14,600,403,361.96,8,4595
10895,2024-04-17,35,7,601,403,404.91,49,12730
10896,2024-04-11,26,14,601,400,215.75,78,12244
10897,2024-03-10,79,5,604,401,320.8,61,6343
10898,2025-05-10,17,10,603,401,154.32,91,14973
10899,2024-07-24,52,2,601,401,270.69,5,4146
10900,2023-01-21,93,8,604,402,384.71,83,2091
10901,2023-11-22,99,12,601,400,439.24,95,6658
10902,2024-08-30,89,14,601,403,256.37,21,3414
10903,2022-04-10,76,5,603,400,222.68,74,14054
10904,2023-03-29,65,5,600,402,330.65,37,10598
10905,2022-04-29,12,12,601,401,168.55,54,3961
10906,2022-02-26,35,8,602,401,101.1,86,1236
10907,2024-12-12,45,8,605,403,393.14,35,11525
10908,2024-10-09,26,12,604,402,383.57,61,8710
10909,2025-06-23,52,7,605,403,302.53,33,1375
10910,2022-10-24,99,9,600,400,461.34,71,4299
10911,2024-02-16,95,10,604,403,458.18,80,12814
10912,2024-06-29,76,4,605,401,383.2,27,8367
10913,2022-10-06,93,14,601,402,109.98,48,10469
10914,2023-11-03,22,3,601,401,280.25,7,9580
10915,2024-05-12,11,9,601,401,60.83,55,572
10916,2022-09-19,63,3,602,400,167.09,53,10128
10917,2022-01-23,39,2,601,403,95.18,85,5581
10918,2025-02-15,55,11,600,403,176.11,37,2741
10919,2022-01-26,4,2,602,401,454.62,30,10363
10920,2025-02-20,94,12,603,400,467.54,65,585
10921,2022-07-29,53,12,602,403,75.78,46,4625
10922,2023-09-16,44,8,602,401,192.28,99,4557
10923,2023-11-21,84,2,601,402,188.86,65,7731
10924,2025-01-02,35,14,605,402,495.05,44,14013
10925,2023-06-28,36,4,603,401,112.9,37,2505
10926,2024-11-13,67,10,600,403,304.91,23,3005
10927,2024-08-10,31,13,605,403,114.04,94,11396
10928,2022-02-05,1,3,600,403,62.43,62,3998
10929,2024-10-02,27,6,604,403,481.1,47,2217
10930,2022-11-02,53,9,605,400,420.21,43,1426
10931,2025-05-30,20,15,604,402,228.39,96,10334
10932,2022-06-20,42,3,601,400,479.61,43,2998
10933,2025-03-12,73,8,603,401,407.43,48,14312
10934,2024-04-11,22,13,604,401,70.29,97,4716
10935,2023-04-05,38,8,603,400,302.64,27,3211
10936,2025-05-08,71,2,600,401,84.69,61,5117
10937,2023-01-08,81,10,602,403,373.69,10,6549
10938,2023-06-26,68,8,602,403,150.98,75,11128
10939,2023-08-17,78,6,604,401,366.69,65,14295
10940,2024-06-23,61,14,601,403,316.18,35,1329
10941,2022-09-17,85,10,600,400,321.2,74,4159
10942,2024-02-11,26,12,600,403,176.3,16,14305
10943,2023-07-04,95,8,602,400,385.35,58,8848
10944,2025-04-27,100,15,605,402,313.64,70,6042
10945,2024-04-29,17,5,605,402,391.25,72,12092
10946,2025-05-21,40,2,605,403,272.66,97,5921
10947,2024-08-06,71,9,604,403,241.6,65,13586
10948,2023-12-19,27,4,602,403,153.18,60,2540
10949,2025-02-14,72,6,604,400,167.49,48,14114
10950,2023-06-11,28,3,600,401,210.55,6,3091
10951,2022-03-29,48,3,600,401,145.66,41,6682
10952,2025-04-14,49,11,600,403,262.91,58,3790
10953,2024-02-17,66,3,605,401,292.58,65,12960
10954,2023-08-07,66,5,603,400,365.92,48,4611
10955,2024-04-23,27,3,604,401,155.89,64,9870
10956,2023-09-23,43,10,604,403,468.25,65,12156
10957,2022-02-20,16,11,605,400,113.4,61,6171
10958,2022-02-26,38,11,602,401,382.18,28,12442
10959,2022-09-28,91,4,600,401,170.43,61,10192
10960,2022-03-22,30,5,604,403,242.63,36,3167
10961,2025-05-20,27,15,602,401,459.67,21,4456
10962,2023-01-29,92,8,600,400,142.74,85,13941
10963,2023-10-20,53,15,605,403,184.75,7,13225
10964,2023-02-25,49,11,605,402,342.95,11,12750
10965,2025-01-21,76,8,604,400,164.03,25,2008
10966,2025-06-17,57,13,604,400,292.54,60,5994
10967,2022-03-31,24,2,605,400,240.89,11,8093
10968,2023-07-08,1,12,601,401,341.25,91,12402
10969,2022-05-24,34,15,605,403,414.08,54,13862
10970,2022-11-19,45,10,604,402,121.18,23,8639
10971,2024-04-29,73,1,602,401,375.66,59,10686
10972,2022-09-05,43,14,601,402,188.97,94,1625
10973,2024-08-09,82,13,604,401,291.92,53,7697
10974,2024-01-26,2,14,604,401,93.49,27,12369
10975,2023-07-09,69,8,600,401,147.34,24,14849
10976,2024-05-11,8,7,600,402,458.2,19,5148
10977,2022-07-11,100,11,602,402,317.78,92,8866
10978,2022-10-22,99,1,605,402,303.43,42,3108
10979,2022-11-23,64,1,600,400,225.01,21,3667
10980,2023-08-22,66,7,603,402,419.0,49,393
10981,2022-12-11,87,8,600,401,274.39,79,3934
10982,2022-08-17,45,14,601,403,393.22,96,5350
10983,2022-11-04,75,13,602,401,387.55,44,12950
10984,2023-10-19,70,15,602,400,433.73,13,2682
10985,2022-12-23,27,11,603,403,364.49,5,8082
10986,2022-03-12,52,8,604,402,158.44,59,9550
10987,2022-06-16,60,11,601,403,391.33,51,5704
10988,2023-08-02,39,6,601,402,256.35,80,669
10989,2024-06-11,82,15,603,400,305.4,46,7563
10990,2024-12-02,4,1,600,401,372.78,17,12709
10991,2024-11-05,9,1,603,401,94.48,25,8823
10992,2025-02-10,32,15,601,401,177.57,18,5837
10993,2023-10-07,92,4,604,402,422.2,90,13464
10994,2024-04-19,55,8,600,402,389.06,33,3640
10995,2025-04-04,7,6,601,401,457.03,90,838
10996,2024-11-24,28,2,602,400,305.17,13,531
10997,2022-09-10,74,14,605,402,222.09,7,11919
10998,2023-06-07,99,13,604,403,365.3,24,5979
10999,2022-09-16,1,3,604,400,187.11,73,659
11000,2022-05-12,51,5,602,403,213.05,7,2464
11001,2023-07-19,17,2,604,402,491.8,79,9689
11002,2024-05-09,80,5,603,401,292.91,59,6452
11003,2022-03-09,55,15,603,403,352.52,32,13391
11004,2023-03-26,93,15,602,403,109.61,85,14821
11005,2023-11-30,75,7,603,402,323.21,11,3661
11006,2023-06-02,13,12,602,402,177.54,78,11198
11007,2024-10-24,33,12,601,400,320.83,11,7424
11008,2024-10-26,38,4,602,401,439.5,68,4831
11009,2022-07-28,72,5,605,400,222.72,86,10059
11010,2024-11-06,16,5,601,402,369.89,96,6245
11011,2025-03-17,8,3,601,400,431.76,23,10747
11012,2022-05-07,28,12,605,403,361.17,61,980
11013,2024-11-10,19,10,601,401,194.88,21,14929
11014,2023-11-28,82,10,602,400,443.15,7,14456
11015,2023-03-31,68,3,600,403,391.94,24,1224
11016,2024-06-16,38,5,602,400,224.03,77,6405
11017,2023-01-14,17,3,601,403,254.75,26,2222
11018,2023-05-02,72,11,601,402,319.56,99,2273
11019,2022-03-22,18,8,601,401,188.59,72,12774
11020,2025-04-29,45,5,605,400,387.58,55,8354
11021,2024-04-07,41,6,601,403,389.28,45,5325
11022,2023-02-26,25,6,602,403,457.42,90,2490
11023,2023-08-02,13,3,600,402,419.15,14,11558
11024,2023-10-16,35,5,602,403,334.58,46,4812
11025,2023-08-31,25,4,605,401,172.94,63,12367
11026,2025-06-29,57,7,601,401,291.95,45,14228
11027,2025-05-01,90,14,601,400,383.94,76,9103
11028,2024-01-23,81,1,602,400,215.78,99,4052
11029,2022-07-24,86,8,602,400,106.44,86,10838
11030,2025-04-02,92,5,602,400,412.7,63,8199
11031,2025-02-20,59,11,604,401,278.24,72,12609
11032,2023-01-06,20,13,604,401,443.28,63,8059
11033,2023-04-15,14,1,605,400,163.67,11,13098
11034,2023-01-31,8,12,600,403,269.47,53,14939
11035,2022-04-12,15,3,605,403,72.91,36,8317
11036,2025-01-02,66,13,601,402,205.96,30,698
11037,2024-10-16,9,11,603,401,171.12,45,7336
11038,2025-01-19,91,13,603,402,366.45,38,1906
11039,2022-09-03,42,2,600,402,402.22,72,3188
11040,2023-09-27,95,12,600,401,236.36,49,9607
11041,2022-05-28,10,15,603,402,458.77,70,311
11042,2025-05-17,62,3,605,401,461.43,23,9831
11043,2023-02-25,97,4,604,400,367.23,41,3809
11044,2023-09-07,11,15,600,400,255.35,52,9568
11045,2025-06-16,68,8,600,403,300.84,69,6883
11046,2022-06-11,39,12,605,403,183.58,52,5686
11047,2022-07-10,94,12,600,403,309.92,15,1819
11048,2023-11-01,81,5,604,400,268.09,68,10972
11049,2023-04-16,74,13,605,402,309.53,27,10779
11050,2022-08-17,11,7,600,400,50.5,32,7738
11051,2024-08-08,61,10,602,403,197.68,72,2163
11052,2023-05-10,60,10,603,402,291.93,10,7176
11053,2024-11-26,86,13,604,403,92.99,48,11937
11054,2022-06-11,64,9,603,400,109.42,77,9075
11055,2023-04-16,58,13,602,403,290.18,67,3376
11056,2023-02-22,45,11,605,400,473.08,77,10248
11057,2023-02-11,95,12,600,401,162.32,90,1089
11058,2024-10-03,94,6,603,403,493.74,83,8269
11059,2025-03-29,70,5,601,400,203.55,57,1509
11060,2023-05-07,53,3,605,401,237.81,99,4391
11061,2022-01-08,13,2,602,402,156.91,15,3855
11062,2023-05-12,25,14,603,400,349.57,54,13911
11063,2022-02-08,37,8,600,403,56.54,83,9766
11064,2022-10-23,73,4,601,400,294.56,30,1286
11065,2022-05-04,36,3,603,402,161.59,7,2061
11066,2023-10-09,36,8,604,403,192.71,74,8911
11067,2022-02-08,66,1,605,403,494.26,67,2811
11068,2025-03-24,22,2,603,400,309.66,58,194
11069,2023-10-11,8,8,600,401,273.38,61,4887
11070,2024-07-31,13,13,605,400,409.14,95,2178
11071,2024-12-04,27,13,600,403,234.55,41,1348
11072,2024-11-12,11,10,600,403,217.5,51,10367
11073,2023-07-14,53,7,605,400,472.28,28,2450
11074,2022-05-28,65,3,603,403,169.0,32,2768
11075,2024-02-24,10,14,604,403,273.28,77,10223
11076,2024-10-04,77,8,600,402,260.13,85,14673
11077,2022-04-28,44,14,605,400,359.19,33,1784
11078,2024-08-17,94,8,605,401,414.54,59,1929
11079,2024-08-03,7,7,602,400,391.25,44,14108
11080,2022-08-15,17,6,604,402,285.53,49,14229
11081,2022-04-19,50,6,604,402,129.11,29,9107
11082,2024-03-09,52,8,603,402,244.55,16,4967
11083,2023-01-21,43,7,603,403,73.01,19,1590
11084,2024-04-11,66,2,602,400,63.35,14,9774
11085,2023-10-05,78,3,602,401,419.1,45,4938
11086,2022-11-05,5,5,600,403,257.95,49,8766
11087,2023-11-28,28,11,600,400,442.46,65,8461
11088,2025-02-20,7,12,601,401,497.86,58,5252
11089,2024-07-07,84,13,603,403,388.28,44,9083
11090,2024-01-08,90,5,604,400,154.37,51,7160
11091,2022-06-26,16,6,605,402,172.84,54,10900
11092,2025-05-29,15,2,603,401,222.58,36,12112
11093,2023-08-31,31,1,600,403,118.19,82,9834
11094,2025-01-11,62,7,603,401,476.5,39,12829
11095,2023-07-15,79,11,605,402,475.94,97,14282
11096,2022-12-01,22,7,602,402,96.43,71,9534
11097,2022-05-20,25,2,601,400,246.7,39,1792
11098,2025-03-03,50,9,600,401,85.91,26,8729
11099,2023-11-06,92,3,602,403,143.64,87,7556
11100,2022-03-16,41,9,601,402,71.09,8,7011
11101,2022-03-02,75,3,605,400,124.6,38,6066
11102,2024-05-30,47,13,602,403,471.16,48,4248
11103,2025-06-25,79,10,601,401,398.21,21,10948
11104,2022-07-07,75,1,600,402,166.76,83,6329
11105,2023-11-04,71,3,602,402,270.93,91,306
11106,2022-09-09,71,5,605,403,495.78,42,5193
11107,2024-03-10,70,7,602,401,475.74,65,1565
11108,2025-05-29,97,2,605,400,408.37,11,6629
11109,2023-01-30,73,2,604,403,259.47,48,7802
11110,2025-04-22,50,13,605,400,293.97,93,13242
11111,2022-05-05,89,6,601,402,201.33,40,1134
11112,2024-03-06,14,13,603,401,412.36,83,11233
11113,2023-08-06,77,9,600,400,468.05,56,4724
11114,2023-01-03,85,13,600,401,426.17,14,7610
11115,2025-01-15,4,2,605,403,243.8,97,8163
11116,2024-10-26,47,10,601,401,260.97,80,10359
11117,2022-02-08,37,5,604,400,271.86,100,6017
11118,2022-11-15,12,11,601,401,477.86,80,4975
11119,2022-03-02,19,13,603,400,82.03,84,7734
11120,2024-02-17,43,10,600,400,258.26,64,12483
11121,2022-09-19,51,6,600,400,487.5,15,4699
11122,2024-12-22,42,7,604,401,63.06,25,11183
11123,2022-07-02,34,3,602,401,284.58,62,9894
11124,2023-12-21,34,9,603,402,55.76,73,3294
11125,2023-12-05,97,10,605,403,297.74,48,14107
11126,2025-01-08,69,8,603,402,101.56,32,5398
11127,2025-03-14,21,11,603,400,418.87,50,12239
11128,2024-04-28,58,2,603,401,274.9,26,14653
11129,2023-10-13,66,5,602,400,303.68,46,7501
11130,2022-10-04,28,15,601,403,139.41,19,1785
11131,2024-11-19,16,15,604,400,476.36,82,10126
11132,2024-11-07,54,14,605,401,144.27,99,12730
11133,2024-03-09,87,15,603,402,484.41,79,6279
11134,2025-06-06,60,10,600,402,320.07,27,5697
11135,2024-02-02,64,7,601,401,133.26,42,8953
11136,2025-06-02,61,10,602,402,177.48,20,1429
11137,2024-02-09,85,10,604,402,459.34,39,2274
11138,2024-05-05,60,12,602,403,77.65,85,1223
11139,2025-04-26,12,8,602,400,274.03,8,10399
11140,2023-03-07,63,12,604,402,441.13,30,1496
11141,2022-06-24,83,1,601,402,368.45,57,11089
11142,2024-02-02,61,6,602,401,113.39,73,12250
11143,2023-02-27,32,10,600,402,382.04,18,9345
11144,2023-08-18,55,8,602,403,223.31,45,8681
11145,2023-01-15,13,13,602,402,353.03,64,775
11146,2025-03-25,22,10,603,403,282.04,44,1808
11147,2023-12-26,25,6,604,400,351.49,98,2339
11148,2023-12-13,15,8,601,403,350.87,7,4146
11149,2023-04-18,84,8,604,402,323.06,12,754
11150,2022-01-28,28,4,601,401,451.54,91,1624
11151,2025-05-27,86,14,602,402,119.78,36,1874
11152,2023-07-20,54,1,602,401,397.91,70,905
11153,2022-06-07,10,3,605,401,401.52,98,2715
11154,2023-09-24,33,10,605,401,383.14,77,9194
11155,2022-09-07,51,3,602,402,404.32,10,5299
11156,2022-05-31,75,7,600,400,432.0,21,4878
11157,2025-05-07,46,6,603,400,114.85,76,13443
11158,2022-12-29,97,6,605,402,317.92,31,1093
11159,2023-01-10,39,1,605,401,450.91,6,3017
11160,2024-05-05,39,15,605,401,109.93,8,5023
11161,2024-07-31,67,8,601,400,430.46,64,10473
11162,2025-03-18,40,14,601,403,54.02,49,1157
11163,2023-05-07,39,9,604,400,388.91,90,8400
11164,2024-04-11,83,13,602,403,457.49,36,6198
11165,2023-11-01,56,12,603,401,357.81,37,3470
11166,2022-03-21,68,7,601,401,81.44,40,13284
11167,2025-06-01,15,8,603,400,250.13,94,14285
11168,2024-05-30,3,12,602,402,432.7,5,3249
11169,2024-03-22,62,15,601,402,124.16,73,9936
11170,2022-07-12,57,1,600,403,267.32,31,3380
11171,2022-06-08,99,14,602,403,245.62,33,1860
11172,2025-04-25,12,10,601,402,330.29,14,7467
11173,2023-06-09,75,9,602,403,309.59,13,1142
11174,2024-11-10,9,12,604,401,83.4,58,12343
11175,2022-05-05,73,4,603,402,150.75,49,14256
11176,2022-05-05,61,10,601,401,391.56,20,1186
11177,2022-04-01,8,11,600,401,350.69,26,1616
11178,2023-10-05,48,11,605,400,353.63,95,9067
11179,2023-10-15,59,8,600,403,184.88,54,12313
11180,2024-10-31,33,5,604,400,149.81,100,8256
11181,2023-08-13,96,6,603,401,167.49,62,1300
11182,2022-04-01,95,13,603,402,400.79,87,11425
11183,2023-06-06,1,2,601,403,278.99,43,7043
11184,2023-12-02,36,14,603,402,350.72,40,2140
11185,2023-05-28,84,4,604,400,349.8,8,2520
11186,2024-12-28,4,9,603,401,334.76,32,6679
11187,2024-07-19,32,9,605,403,422.92,24,3011
11188,2024-11-25,79,7,604,401,125.01,32,12584
11189,2022-02-09,77,1,603,400,457.39,9,1436
11190,2025-05-15,35,8,605,401,224.82,24,3767
11191,2023-01-08,21,8,605,401,199.28,43,13522
11192,2023-12-15,25,8,603,400,362.72,37,11421
11193,2024-11-06,33,6,602,401,221.04,28,2415
11194,2022-07-19,100,5,600,402,330.5,67,10100
11195,2024-02-10,82,12,604,400,451.08,50,3892
11196,2024-07-04,28,2,604,402,286.93,9,14383
11197,2022-08-04,32,13,601,403,424.28,97,3494
11198,2022-10-25,40,12,603,403,365.86,46,11991
11199,2023-04-14,9,9,603,400,319.3,97,9963
11200,2023-06-18,15,11,602,402,386.83,9,9283
11201,2022-07-05,83,8,605,403,169.83,42,12149
11202,2022-11-07,26,11,602,402,284.49,97,7328
11203,2025-02-20,78,2,603,403,475.41,25,5784
11204,2023-01-19,86,11,600,401,384.47,37,3011
11205,2022-07-09,38,10,604,401,460.55,98,10888
11206,2023-08-23,51,8,601,402,74.09,26,12819
11207,2022-07-16,84,3,600,402,388.46,39,4220
11208,2024-10-22,19,7,604,400,85.58,21,12661
11209,2023-05-30,86,8,605,403,256.73,12,3698
11210,2024-07-01,95,9,604,402,108.72,20,10530
11211,2024-06-30,20,7,602,400,314.28,27,1161
11212,2024-01-10,36,12,605,400,116.43,28,13663
11213,2025-02-08,69,8,600,403,463.72,84,5825
11214,2024-10-26,60,3,604,400,465.9,20,11727
11215,2024-05-24,78,14,600,400,478.1,52,3810
11216,2024-10-21,69,12,600,400,283.47,18,3995
11217,2022-11-02,36,12,604,402,486.45,56,13877
11218,2023-07-14,62,8,604,402,387.6,80,5409
11219,2022-02-28,59,15,601,402,407.69,27,11016
11220,2023-01-13,53,2,602,401,239.18,28,6296
11221,2023-05-25,97,8,605,400,64.29,73,13881
11222,2023-12-11,30,5,603,403,391.7,57,2455
11223,2022-02-08,2,6,604,403,201.21,72,3687
11224,2023-02-09,42,1,603,400,317.71,29,2102
11225,2022-08-18,52,3,602,403,59.55,48,3283
11226,2024-10-17,3,11,603,400,395.45,90,3858
11227,2023-12-30,48,4,601,401,421.34,16,10841
11228,2022-12-18,50,7,604,403,90.69,72,1139
11229,2024-01-20,95,13,603,400,398.5,52,10852
11230,2025-03-26,50,8,603,403,340.4,22,13149
11231,2023-04-06,4,7,605,402,79.67,16,14436
11232,2022-10-22,54,12,600,402,430.82,38,6646
11233,2022-06-07,59,9,604,400,359.74,43,9702
11234,2023-12-22,24,2,600,403,461.47,37,9562
11235,2024-08-21,79,13,601,403,379.1,76,2725
11236,2023-01-30,57,13,600,402,355.78,20,4926
11237,2022-05-27,33,12,600,403,473.84,74,7185
11238,2024-12-16,4,2,604,403,371.41,92,5380
11239,2022-04-09,98,1,602,401,146.26,13,12746
11240,2023-05-11,32,3,601,402,291.19,65,6589
11241,2025-02-21,73,14,601,400,129.24,24,343
11242,2025-02-10,46,15,601,400,376.71,71,1533
11243,2023-03-12,3,15,605,401,399.29,88,13042
11244,2022-07-20,80,5,602,400,162.32,59,9882
11245,2022-12-22,76,14,603,402,479.61,74,5265
11246,2024-04-19,30,6,600,402,382.19,75,13081
11247,2024-08-15,86,12,602,401,239.91,45,7392
11248,2022-07-31,92,6,604,402,342.34,56,6464
11249,2023-05-31,94,1,600,402,148.06,70,4035
11250,2023-11-06,45,14,600,400,203.95,28,14304
11251,2022-04-26,78,12,602,402,136.96,51,3118
11252,2022-11-24,72,6,604,402,64.23,9,9142
11253,2022-08-11,62,14,605,402,302.54,26,4167
11254,2022-07-02,81,8,601,403,212.72,92,4001
11255,2025-02-07,43,12,600,403,80.73,34,6718
11256,2022-07-20,88,11,603,401,59.6,85,7079
11257,2023-12-27,57,15,602,403,222.06,42,6080
11258,2025-01-17,63,3,601,400,222.82,42,5282
11259,2024-02-26,39,1,602,403,235.37,48,4724
11260,2024-12-02,61,14,602,403,386.83,46,7317
11261,2022-10-23,48,15,600,401,88.78,47,13316
11262,2023-07-01,89,7,605,400,227.33,51,4011
11263,2023-01-09,65,9,603,402,293.54,82,9486
11264,2024-09-02,61,4,604,400,74.09,21,12331
11265,2023-08-24,88,3,602,400,318.25,49,6733
11266,2023-07-19,81,3,605,402,384.99,60,5358
11267,2024-11-15,37,14,602,402,293.02,61,9041
11268,2025-06-04,43,15,600,403,335.66,83,2668
11269,2023-09-19,33,9,604,403,156.37,7,10761
11270,2022-08-05,54,4,602,401,231.41,86,2045
11271,2024-01-09,39,1,605,401,245.93,42,1895
11272,2024-01-18,20,11,601,400,397.99,58,9487
11273,2024-10-28,24,4,604,402,77.41,66,7278
11274,2022-11-11,45,3,600,403,381.28,67,6683
11275,2024-09-30,67,11,601,401,421.03,82,13776
11276,2024-03-24,21,10,601,401,381.69,11,13191
11277,2024-01-11,93,4,604,400,245.72,59,7010
11278,2022-11-14,83,9,605,403,75.19,43,1819
11279,2023-10-21,40,8,604,403,88.84,56,10231
11280,2024-03-09,30,13,602,400,419.33,99,7518
11281,2024-10-24,62,8,604,402,61.23,99,3190
11282,2024-09-17,90,15,605,403,118.79,64,13102
11283,2022-10-03,65,13,604,400,451.18,50,14492
11284,2025-01-14,25,4,605,400,111.55,53,3921
11285,2025-04-15,46,2,600,401,327.84,85,1728
11286,2024-03-21,40,2,603,400,330.85,19,2168
11287,2024-05-21,94,3,601,402,213.82,10,3572
11288,2024-11-22,3,9,603,400,325.48,56,7678
11289,2023-05-11,11,13,605,403,332.15,84,9137
11290,2025-04-01,71,9,602,400,450.32,92,13681
11291,2023-04-28,90,10,600,400,246.59,82,10385
11292,2024-02-25,70,10,600,401,222.14,80,6654
11293,2023-02-12,8,3,603,401,172.99,85,9327
11294,2023-08-13,64,15,603,403,130.58,84,712
11295,2022-09-16,55,2,600,402,112.68,17,2722
11296,2023-01-28,32,2,604,402,342.02,42,1548
11297,2023-08-24,54,10,604,401,105.53,79,8554
11298,2024-11-11,99,8,603,402,393.23,10,4665
11299,2024-10-14,96,12,604,402,387.72,77,8892
11300,2022-01-18,72,8,603,403,365.39,41,11151
11301,2025-05-20,74,13,603,401,195.38,34,14487
11302,2022-05-27,30,1,600,402,294.77,59,8822
11303,2025-06-29,22,12,605,400,195.24,89,11110
11304,2022-07-09,19,14,603,402,292.02,35,3860
11305,2023-12-02,50,1,600,401,421.57,84,1563
11306,2022-12-22,53,1,600,402,320.42,58,2981
11307,2022-08-15,87,12,601,402,51.69,23,7157
11308,2024-02-29,76,9,602,401,448.8,21,3033
11309,2024-01-04,38,9,604,401,456.32,44,305
11310,2022-08-14,86,2,604,400,247.97,97,13159
11311,2025-05-09,33,2,601,400,257.26,14,11085
11312,2023-06-19,43,8,601,401,407.25,73,7923
11313,2024-01-29,53,1,601,400,228.06,53,6867
11314,2024-04-16,54,7,600,400,54.68,57,1574
11315,2022-08-19,100,6,603,401,486.57,60,3455
11316,2023-03-16,85,1,605,403,101.28,70,7942
11317,2025-02-19,8,6,604,402,380.37,43,8303
11318,2025-05-03,37,13,604,401,357.22,47,12613
11319,2022-05-24,85,8,604,401,330.56,30,454
11320,2022-03-01,55,9,605,402,409.47,26,3001
11321,2023-11-28,86,2,601,402,476.99,94,5008
11322,2024-11-09,63,13,602,403,359.46,89,8794
11323,2022-12-11,47,4,602,400,456.95,84,1452
11324,2022-05-20,38,12,603,402,169.76,91,10124
11325,2025-02-15,4,9,605,403,462.66,82,12115
11326,2024-10-21,35,3,600,400,134.96,74,14039
11327,2025-06-16,99,10,603,403,51.77,77,4054
11328,2024-06-14,77,5,600,402,284.86,79,11369
11329,2023-10-09,32,2,602,402,102.5,38,13529
11330,2024-03-11,85,7,605,402,207.76,30,9684
11331,2022-11-18,91,5,601,400,269.35,26,14058
11332,2023-12-02,77,5,605,403,392.69,16,11733
11333,2024-05-26,40,12,605,401,69.86,48,6066
11334,2023-05-05,7,5,603,403,165.05,66,14711
11335,2023-06-07,74,10,603,400,339.48,53,11664
11336,2023-07-26,50,11,601,403,298.38,17,12949
11337,2024-05-12,53,8,602,401,470.08,94,5773
11338,2022-09-18,22,14,604,400,421.6,100,5565
11339,2022-06-22,35,15,602,402,334.06,100,8436
11340,2022-01-18,94,12,600,402,317.74,23,2531
11341,2022-02-06,46,10,605,402,353.29,44,4582
11342,2025-05-17,30,4,602,402,409.41,57,6089
11343,2024-01-16,66,10,601,402,493.34,67,3715
11344,2022-06-16,25,9,601,401,302.53,94,11685
11345,2023-10-07,86,11,603,402,369.01,100,9399
11346,2023-03-14,96,7,602,400,91.31,67,6633
11347,2023-06-28,18,2,601,403,308.66,49,3665
11348,2023-09-05,35,3,600,401,367.39,11,3561
11349,2025-02-15,33,3,605,400,410.79,97,5082
11350,2022-04-09,36,15,602,402,408.91,55,2412
11351,2025-05-15,2,6,602,400,404.77,69,2701
11352,2024-06-29,5,9,601,403,313.07,97,6494
11353,2024-07-04,81,14,603,402,305.03,39,6894
11354,2022-10-24,8,5,605,403,458.94,73,180
11355,2023-06-21,81,9,601,400,382.23,59,5167
11356,2024-02-26,68,10,602,401,414.48,39,8559
11357,2022-11-14,5,6,604,403,89.5,87,2229
11358,2024-05-06,26,7,600,403,284.92,96,6850
11359,2023-03-08,5,1,601,402,458.24,32,2865
11360,2023-01-19,55,8,602,403,111.93,55,3445
11361,2022-12-30,9,1,600,402,200.68,99,320
11362,2022-05-01,47,1,604,401,219.16,6,12787
11363,2022-04-16,69,6,604,400,240.0,49,6749
11364,2023-02-26,89,8,601,403,364.4,19,6842
11365,2023-05-28,83,2,601,400,414.74,98,5667
11366,2023-09-26,23,8,605,401,55.22,71,1899
11367,2022-02-27,70,1,602,402,362.69,69,12208
11368,2022-03-25,44,4,603,403,479.77,78,8790
11369,2022-04-15,89,14,600,400,381.37,51,11870
11370,2025-06-15,20,15,604,400,263.16,63,10951
11371,2025-03-21,1,3,602,403,304.73,55,11950
11372,2023-11-19,84,12,603,401,406.71,20,13249
11373,2023-03-04,86,8,600,401,484.35,69,5693
11374,2024-12-13,23,10,602,402,495.57,80,7808
11375,2024-06-05,28,6,605,400,303.14,96,12419
11376,2022-04-10,84,14,603,403,225.33,83,3572
11377,2025-01-05,72,4,601,400,152.17,31,10475
11378,2022-03-15,12,10,602,400,491.46,35,5731
11379,2023-03-29,55,9,605,400,154.18,62,6964
11380,2025-06-29,39,1,603,403,223.32,9,539
11381,2022-02-26,79,11,604,403,331.41,35,1384
11382,2025-01-03,12,11,602,400,202.77,39,13035
11383,2024-10-04,74,3,603,402,188.45,32,11203
11384,2023-04-06,79,12,604,402,427.16,33,8116
11385,2025-06-03,81,15,605,400,260.06,88,2977
11386,2024-09-21,1,9,602,402,423.89,22,4233
11387,2022-06-03,69,3,602,402,214.61,74,6007
11388,2022-03-08,29,11,604,402,184.55,71,5043
11389,2025-04-19,36,13,601,402,274.24,7,12709
11390,2024-01-07,82,11,602,403,97.92,62,1607
11391,2023-05-17,58,11,605,403,420.49,6,13969
11392,2022-08-02,64,9,601,401,59.92,64,12373
11393,2024-01-06,79,1,600,403,192.39,35,1211
11394,2023-04-29,46,2,603,400,460.33,8,10725
11395,2024-02-26,63,9,605,401,102.19,17,11965
11396,2022-10-24,63,15,604,403,381.77,57,4624
11397,2024-06-05,42,7,600,401,123.58,57,10337
11398,2024-10-27,72,2,601,401,233.37,73,11603
11399,2025-02-15,69,14,603,403,153.48,40,11545
11400,2022-08-27,78,14,602,400,485.0,98,13079
11401,2022-09-27,53,2,600,402,421.88,21,6507
11402,2025-02-17,35,15,605,401,268.31,61,8584
11403,2024-01-11,24,11,601,402,227.11,53,4643
11404,2022-12-13,97,7,605,400,229.67,60,7309
11405,2023-03-11,22,15,604,400,75.75,7,859
11406,2023-09-11,64,1,602,402,252.86,65,13263
11407,2023-11-06,64,8,605,402,405.54,83,12358
11408,2025-05-31,47,9,604,400,59.41,100,11265
11409,2024-04-07,9,15,604,401,301.32,40,9896
11410,2024-08-03,64,3,605,400,95.85,6,4472
11411,2023-08-01,11,3,601,403,232.31,34,6434
11412,2025-05-21,91,4,602,400,400.22,32,11350
11413,2022-12-11,56,12,605,403,362.95,54,10132
11414,2023-09-13,70,3,600,402,315.49,7,8364
11415,2023-05-05,28,6,600,403,366.52,6,6248
11416,2023-08-19,67,10,601,403,110.07,39,6465
11417,2025-02-02,93,13,600,401,353.12,82,12064
11418,2022-09-23,59,4,601,400,209.27,82,14269
11419,2022-03-03,84,5,601,401,117.0,39,10826
11420,2023-06-15,70,6,602,400,238.0,55,6468
11421,2022-08-12,47,14,601,403,331.5,21,12686
11422,2022-03-07,97,14,603,403,261.4,60,4727
11423,2022-05-10,41,14,603,400,354.84,80,12472
11424,2025-06-18,25,10,604,402,135.43,84,9226
11425,2023-10-24,29,4,601,402,112.12,83,4742
11426,2025-03-29,99,8,603,403,439.77,100,13261
11427,2024-03-08,80,10,604,402,290.77,87,3545
11428,2023-09-02,80,14,601,402,102.62,22,14383
11429,2024-12-21,80,2,603,402,352.13,77,11516
11430,2022-12-14,22,7,601,400,387.3,100,12839
11431,2025-04-05,27,13,602,400,432.01,97,1771
11432,2025-01-25,82,8,601,401,72.02,72,11102
11433,2025-05-27,71,1,600,401,108.44,64,4473
11434,2024-04-09,78,7,605,400,306.96,11,8343
11435,2023-05-23,29,14,600,402,163.56,71,13054
11436,2022-12-27,19,5,603,402,204.7,51,3026
11437,2023-02-01,40,8,603,400,442.57,66,2825
11438,2024-10-08,36,2,602,403,217.42,82,4273
11439,2023-02-26,2,14,605,400,485.14,45,2128
11440,2022-08-10,9,12,604,402,136.43,47,5118
11441,2023-12-22,4,5,602,401,400.02,30,6115
11442,2022-05-29,69,12,605,402,209.8,19,11129
11443,2022-11-20,1,9,602,403,138.51,14,4935
11444,2023-03-20,21,5,605,401,258.11,97,9899
11445,2022-10-23,100,12,602,402,368.17,86,10869
11446,2024-10-31,68,3,604,403,95.04,18,14704
11447,2023-08-06,11,14,605,400,460.3,77,1661
11448,2023-10-31,7,1,605,403,326.87,22,8585
11449,2025-02-08,16,1,600,401,229.61,89,12818
11450,2022-03-29,92,10,603,400,111.76,72,1243
11451,2024-07-11,94,9,604,403,356.23,85,11679
11452,2024-10-12,32,4,601,401,50.23,98,14811
11453,2023-03-10,57,6,600,401,444.73,77,14405
11454,2022-10-30,97,7,602,401,308.55,36,7470
11455,2025-01-29,26,14,604,402,474.15,68,3839
11456,2024-02-21,12,8,603,402,198.8,85,11021
11457,2022-07-29,8,1,601,403,229.16,88,6327
11458,2023-06-14,43,13,603,403,390.77,85,223
11459,2022-02-26,24,8,605,403,443.72,34,12675
11460,2024-05-27,70,10,600,400,230.4,46,4420
11461,2023-03-05,66,8,603,403,240.5,87,8947
11462,2024-11-02,37,5,603,403,75.56,30,6526
11463,2025-04-30,69,3,605,400,346.3,56,6538
11464,2024-02-15,36,5,601,403,483.36,8,1131
11465,2024-03-12,11,10,600,402,435.64,59,10365
11466,2024-05-21,18,15,600,402,213.08,28,11522
11467,2023-12-30,79,2,602,401,386.3,48,13962
11468,2022-12-21,40,1,601,400,409.5,72,3478
11469,2024-09-23,19,1,602,401,381.16,51,1368
11470,2024-12-04,76,7,603,401,142.51,61,9197
11471,2025-02-01,54,3,605,400,155.16,73,8854
11472,2022-10-25,69,2,601,400,94.74,73,4287
11473,2022-12-20,24,9,603,402,302.99,77,1625
11474,2022-05-16,69,6,602,402,285.8,32,6074
11475,2023-07-29,46,14,601,400,281.31,19,6780
11476,2022-11-09,11,3,601,403,432.2,51,3280
11477,2025-01-22,63,10,604,402,315.02,98,12557
11478,2024-12-28,89,11,604,402,339.02,90,4150
11479,2025-05-01,30,1,603,403,222.37,64,5173
11480,2025-05-19,96,14,604,403,280.78,55,3777
11481,2024-05-08,71,8,605,401,84.06,100,12022
11482,2023-04-29,9,8,604,400,194.23,33,14468
11483,2024-02-14,40,15,604,403,171.75,91,7418
11484,2022-01-16,100,4,604,403,262.69,55,12057
11485,2023-03-17,29,9,600,400,479.04,52,8806
11486,2023-01-17,70,15,600,400,94.04,64,7277
11487,2022-07-16,35,11,605,401,342.09,90,1912
11488,2024-04-28,31,12,603,403,485.1,88,5032
11489,2023-03-11,61,11,603,403,264.12,12,10413
11490,2023-03-24,74,14,602,402,281.87,8,5313
11491,2022-11-28,54,14,601,402,73.98,48,12548
11492,2022-04-27,99,6,602,400,336.98,81,8389
11493,2022-08-30,72,12,605,401,457.59,34,9119
11494,2023-04-05,34,12,600,400,212.09,32,960
11495,2024-08-01,5,9,600,401,225.97,73,2992
11496,2023-09-08,41,4,603,400,149.9,84,4920
11497,2023-07-23,12,14,603,400,125.21,13,4631
11498,2024-09-22,71,15,605,401,64.82,61,14969
11499,2022-10-10,32,12,604,401,301.97,90,5617
11500,2025-05-22,95,2,600,400,265.34,42,5356
11501,2022-10-26,81,9,603,403,169.81,79,13604
11502,2024-05-01,58,6,600,403,372.98,77,2325
11503,2023-12-26,83,3,604,400,414.06,100,4514
11504,2025-06-26,38,14,602,403,202.09,5,6508
11505,2023-05-27,83,6,600,403,461.72,40,6135
11506,2023-11-25,98,10,601,403,291.82,5,14482
11507,2022-02-10,93,2,605,402,159.12,5,4510
11508,2025-05-13,86,6,604,401,398.37,22,5679
11509,2024-02-26,45,13,601,402,159.27,63,6132
11510,2022-03-01,67,7,603,401,426.87,47,10164
11511,2024-02-05,10,2,605,400,362.07,20,2818
11512,2023-09-22,63,12,604,401,55.74,85,8634
11513,2024-06-19,57,6,603,403,53.28,90,3064
11514,2022-06-04,20,6,600,403,113.17,11,4938
11515,2023-09-26,40,15,603,403,353.33,50,273
11516,2022-05-12,95,8,604,403,385.66,71,3434
11517,2023-12-16,6,6,600,401,220.99,27,10783
11518,2024-09-27,19,11,600,400,97.24,41,10243
11519,2024-01-16,84,12,601,400,431.87,99,2873
11520,2023-12-19,92,2,601,401,429.81,81,13409
11521,2023-04-28,87,12,600,401,289.22,27,6879
11522,2025-04-29,31,11,605,403,337.86,43,1923
11523,2025-03-10,40,13,602,401,240.0,18,11871
11524,2024-10-18,2,11,601,403,259.67,80,8061
11525,2023-12-13,85,4,602,403,411.62,48,2903
11526,2024-03-16,42,1,605,402,188.2,54,277
11527,2022-10-04,88,8,604,400,483.24,56,1501
11528,2023-11-13,72,8,601,403,98.4,72,6165
11529,2024-02-05,71,11,601,402,254.98,60,4267
11530,2023-12-01,36,5,601,400,463.8,64,5429
11531,2022-08-22,75,1,603,403,386.08,75,9660
11532,2022-01-10,83,9,605,402,377.22,78,4289
11533,2023-05-03,80,3,603,401,144.83,26,8272
11534,2023-09-27,97,9,600,402,243.4,54,194
11535,2024-10-25,29,10,602,401,74.22,46,9766
11536,2025-01-19,20,11,600,403,180.51,39,11889
11537,2022-12-27,51,4,600,401,364.59,12,13495
11538,2022-03-19,39,6,601,400,358.68,84,12839
11539,2024-05-20,10,15,600,402,299.5,80,1460
11540,2024-12-28,25,10,604,403,268.53,90,13759
11541,2024-05-10,35,2,601,401,76.15,31,9099
11542,2024-05-31,89,13,602,400,59.93,29,10977
11543,2022-05-18,39,3,601,401,448.55,6,3823
11544,2024-08-27,23,12,602,403,210.53,60,9579
11545,2024-03-03,22,11,602,403,481.21,27,8245
11546,2022-01-07,92,7,604,401,82.67,53,4231
11547,2023-06-20,14,12,602,403,450.99,11,496
11548,2024-05-02,95,10,601,402,129.25,5,2561
11549,2023-09-24,79,4,605,400,105.36,26,7899
11550,2023-10-15,88,14,600,403,191.21,34,9705
11551,2023-01-27,74,12,601,403,238.9,89,4862
11552,2023-01-19,32,14,600,401,155.0,54,4773
11553,2022-10-05,99,10,600,401,247.63,88,4975
11554,2022-04-28,37,9,601,400,393.58,81,5279
11555,2024-09-10,80,2,603,402,305.23,79,2147
11556,2023-04-19,3,8,605,401,377.44,29,5953
11557,2022-12-14,42,5,601,403,432.38,76,14557
11558,2024-02-08,67,7,604,401,428.3,36,11200
11559,2024-07-02,19,13,603,400,71.97,47,7388
11560,2023-06-24,80,15,602,400,143.67,96,4842
11561,2024-09-04,83,14,600,403,431.08,82,1042
11562,2022-10-25,13,10,603,401,318.43,52,11391
11563,2024-09-28,19,9,605,402,490.68,51,8075
11564,2023-12-23,74,11,604,402,157.08,6,4737
11565,2023-02-25,17,1,605,400,81.75,52,10916
11566,2025-03-31,19,6,601,400,324.07,25,13995
11567,2022-08-28,32,12,603,402,387.94,19,10793
11568,2022-08-25,83,2,604,402,82.41,35,10348
11569,2022-01-24,90,12,602,402,497.32,100,12591
11570,2024-08-04,48,4,602,403,342.31,51,14621
11571,2025-05-13,20,15,600,403,203.14,84,7320
11572,2022-01-30,78,9,603,400,69.65,58,13107
11573,2024-03-02,62,8,602,403,298.12,100,4276
11574,2025-05-06,63,7,603,401,108.05,38,3731
11575,2024-12-07,60,2,604,400,130.34,69,13058
11576,2024-04-15,33,10,600,402,352.79,38,12507
11577,2023-06-26,82,15,602,401,498.29,95,14408
11578,2023-01-27,93,15,603,402,431.58,28,13566
11579,2022-10-20,91,2,601,401,347.54,19,11053
11580,2024-05-01,90,6,601,403,491.48,47,2278
11581,2024-06-06,68,8,604,401,160.67,21,3448
11582,2023-03-22,96,1,601,403,129.74,24,6533
11583,2023-11-26,44,15,602,401,435.5,12,1473
11584,2023-02-24,52,6,605,403,411.74,95,6490
11585,2025-04-19,94,9,602,401,389.99,73,13752
11586,2024-06-13,30,10,604,401,475.51,9,6224
11587,2022-07-24,24,7,602,402,368.14,62,4861
11588,2024-01-24,77,6,601,402,212.58,91,7705
11589,2023-02-17,14,1,600,400,424.51,37,8747
11590,2025-01-03,46,13,600,402,375.72,37,2447
11591,2023-12-30,44,6,601,400,172.73,61,1738
11592,2022-10-01,9,2,600,402,400.2,56,10884
11593,2023-01-03,53,2,601,400,55.85,82,14039
11594,2024-04-04,25,9,605,402,78.91,18,12311
11595,2022-10-24,90,2,603,403,189.13,34,3230
11596,2023-11-16,78,15,600,403,354.83,9,10124
11597,2025-03-18,17,12,605,403,60.05,9,2348
11598,2024-07-09,29,1,605,403,265.57,90,709
11599,2025-04-11,88,14,601,400,362.58,79,236
11600,2023-06-02,29,3,601,401,301.43,76,11874
11601,2023-03-01,63,11,605,402,440.91,42,480
11602,2022-05-11,48,3,602,401,157.77,83,1625
11603,2023-04-07,62,4,600,403,154.18,9,2793
11604,2023-04-17,93,5,601,401,179.8,30,3522
11605,2022-12-03,64,10,600,403,228.95,58,12979
11606,2024-08-31,18,12,603,403,96.78,25,3327
11607,2024-01-09,86,14,603,400,188.12,76,13597
11608,2023-03-22,88,4,605,400,308.63,85,5914
11609,2022-01-14,80,6,605,403,358.55,86,13198
11610,2022-03-02,71,7,601,403,368.19,94,12317
11611,2022-12-25,9,10,602,403,395.76,29,3925
11612,2022-09-12,42,2,602,402,201.75,97,1841
11613,2025-01-06,51,3,604,401,430.07,73,3050
11614,2024-06-06,85,5,601,401,433.56,12,7194
11615,2024-06-10,11,11,604,403,70.78,91,6034
11616,2024-02-24,74,1,605,402,54.31,40,7035
11617,2022-12-31,51,3,602,401,337.06,73,12966
11618,2023-01-17,64,7,605,400,235.57,42,5972
11619,2025-05-02,27,12,600,400,138.26,23,13239
11620,2024-10-06,21,1,600,401,159.23,36,9801
11621,2022-01-18,9,9,604,403,132.23,26,8230
11622,2024-06-12,21,11,604,400,377.25,61,8504
11623,2023-06-03,84,10,600,402,54.54,90,6494
11624,2022-01-06,70,7,603,400,226.9,65,8149
11625,2022-09-11,38,13,604,402,190.5,33,12476
11626,2025-05-25,97,12,604,401,237.94,39,9447
11627,2025-01-04,47,7,603,403,265.77,58,14297
11628,2022-04-06,55,3,603,401,291.31,70,12787
11629,2022-01-11,17,11,604,402,219.71,32,13340
11630,2023-02-01,43,2,601,400,459.84,17,12833
11631,2025-05-23,75,1,601,403,367.54,24,12941
11632,2024-05-01,7,8,600,403,421.55,37,14887
11633,2023-06-30,84,4,600,401,324.07,57,11306
11634,2024-06-04,47,15,603,401,449.37,90,5317
11635,2022-07-15,92,5,601,402,292.4,91,363
11636,2023-09-12,52,7,604,402,252.39,90,6257
11637,2024-01-07,35,7,604,400,153.54,29,12695
11638,2022-08-18,79,12,604,402,420.11,65,8404
11639,2022-08-16,36,7,602,402,248.6,51,5077
11640,2023-12-31,86,11,603,403,175.88,55,9774
11641,2023-02-11,8,9,601,403,206.46,7,12445
11642,2025-03-22,2,3,603,403,85.56,41,9872
11643,2022-01-05,50,8,605,402,478.74,40,6036
11644,2025-03-15,34,8,601,400,225.55,84,12859
11645,2023-10-03,99,15,600,400,374.72,52,12913
11646,2025-03-20,65,1,605,400,210.28,44,11803
11647,2023-11-06,46,12,602,401,388.39,46,8434
11648,2025-06-25,4,6,603,403,489.78,93,4973
11649,2022-07-14,86,11,601,401,242.19,37,14416
11650,2025-06-21,99,1,601,402,332.47,32,13678
11651,2024-01-28,4,14,603,401,231.99,49,2033
11652,2024-05-13,77,7,600,401,429.49,93,5933
11653,2023-02-05,94,3,600,402,160.41,10,4922
11654,2023-09-11,33,1,604,402,198.78,41,6587
11655,2023-02-04,56,3,600,401,401.21,8,3143
11656,2023-06-10,22,4,603,403,367.93,15,119
11657,2023-01-02,38,7,600,400,317.76,73,13521
11658,2023-01-07,95,8,603,401,440.21,13,10930
11659,2023-06-29,5,6,602,401,364.85,93,10820
11660,2024-01-26,96,11,604,402,231.23,56,10239
11661,2023-02-12,6,13,602,403,310.39,79,10034
11662,2022-02-23,51,10,601,400,431.87,74,13833
11663,2024-09-23,55,6,604,402,295.66,92,14951
11664,2025-05-02,82,5,603,403,435.76,32,2761
11665,2023-10-17,20,12,604,400,257.42,59,1029
11666,2023-03-14,94,15,605,401,294.89,81,301
11667,2025-05-08,65,3,604,401,83.71,81,8309
11668,2022-04-29,91,11,600,403,311.45,61,10726
11669,2023-09-14,64,3,602,401,128.51,80,12727
11670,2022-09-16,60,15,600,400,441.28,47,10101
11671,2024-09-24,69,2,603,402,58.53,57,6564
11672,2024-07-05,8,3,600,401,261.22,67,121
11673,2024-09-14,45,4,603,403,127.48,70,1561
11674,2022-03-23,93,9,601,402,186.75,64,7376
11675,2023-12-04,10,11,603,403,185.72,58,14515
11676,2022-02-04,21,10,605,400,148.42,70,6175
11677,2024-05-29,77,12,600,402,367.37,71,11258
11678,2025-06-03,23,9,604,400,183.42,85,4987
11679,2025-05-12,36,11,604,403,253.45,76,2441
11680,2022-09-04,40,15,605,400,228.75,95,7784
11681,2023-01-30,43,15,603,400,329.44,44,10885
11682,2022-06-17,13,3,603,402,269.36,92,6898
11683,2025-02-28,77,2,603,402,164.01,100,12689
11684,2022-11-20,20,5,602,400,477.53,6,7717
11685,2022-05-02,64,9,602,403,303.12,78,8257
11686,2025-04-25,33,6,605,402,161.49,49,13053
11687,2023-12-09,16,2,603,400,59.9,14,10320
11688,2022-07-18,23,13,601,401,69.84,59,998
11689,2025-03-19,11,5,600,400,246.87,23,7542
11690,2025-02-21,41,6,603,401,453.14,39,8577
11691,2023-09-12,92,12,605,402,109.05,53,13101
11692,2022-03-01,30,3,600,403,160.34,98,8651
11693,2022-12-23,75,7,605,400,289.15,21,9667
11694,2022-12-15,71,2,600,400,177.63,83,10875
11695,2022-05-18,82,2,605,400,445.32,23,10670
11696,2022-07-26,99,3,601,402,417.45,69,10254
11697,2022-12-25,78,12,601,402,85.75,6,4941
11698,2022-11-26,28,13,602,400,498.08,83,14645
11699,2024-07-28,49,3,605,400,152.78,98,2032
11700,2022-10-14,41,8,603,400,70.51,82,1486
11701,2024-08-29,59,15,601,403,54.08,100,3221
11702,2023-10-31,12,2,605,401,351.37,15,13556
11703,2024-01-30,16,3,600,401,392.68,59,472
11704,2022-08-15,59,1,602,400,423.51,46,6750
11705,2024-06-26,79,14,600,401,137.35,34,6586
11706,2022-09-08,24,4,605,401,304.17,21,12938
11707,2022-03-28,76,3,603,401,487.05,72,13828
11708,2022-11-11,93,3,603,402,235.37,91,9264
11709,2025-05-08,41,12,602,403,453.71,64,11816
11710,2022-02-11,89,3,600,402,324.81,12,8456
11711,2022-09-18,90,1,604,403,490.37,10,2866
11712,2022-10-15,44,6,605,400,494.79,57,6358
11713,2024-03-08,6,10,601,401,103.68,73,3010
11714,2022-05-26,24,3,605,403,436.37,46,6249
11715,2022-06-19,52,2,600,401,455.7,73,7677
11716,2024-05-16,75,13,605,402,352.51,46,6844
11717,2025-04-09,93,11,603,403,419.35,84,13182
11718,2023-02-24,2,4,600,403,342.97,35,8696
11719,2022-05-30,51,8,602,400,141.13,21,6240
11720,2024-06-02,40,4,605,403,334.72,89,11736
11721,2022-02-15,94,5,600,401,310.11,83,7154
11722,2023-08-09,17,15,600,403,86.67,94,11453
11723,2022-06-13,85,1,604,400,477.42,90,2231
11724,2024-05-03,44,5,600,402,322.57,69,11602
11725,2023-02-21,37,7,603,401,71.92,50,5456
11726,2022-05-01,96,15,602,400,465.08,13,10142
11727,2024-02-20,57,15,602,403,231.44,38,3020
11728,2022-10-08,14,4,600,400,84.81,21,12747
11729,2025-06-15,33,14,603,401,442.27,52,460
11730,2022-09-21,76,10,605,402,445.57,29,4839
11731,2022-05-06,69,3,601,401,390.79,67,5271
11732,2024-09-29,73,15,602,402,313.06,28,14398
11733,2025-02-13,72,6,603,403,169.98,46,13652
11734,2025-05-14,56,4,604,402,86.22,95,14864
11735,2022-01-20,76,15,605,403,204.85,58,7945
11736,2023-05-05,87,2,601,403,213.38,81,8977
11737,2022-12-04,58,2,600,403,320.23,68,311
11738,2024-06-07,28,6,605,400,214.52,63,5494
11739,2024-01-08,65,11,603,401,194.29,20,12263
11740,2023-06-25,27,9,605,402,162.4,70,6854
11741,2023-09-07,64,1,604,401,466.72,40,12814
11742,2023-07-08,12,5,600,402,365.03,49,14376
11743,2023-09-19,74,8,604,401,303.06,61,10974
11744,2024-12-01,57,4,602,401,311.13,7,1850
11745,2024-11-22,81,11,603,402,87.97,22,9960
11746,2024-07-24,73,12,605,401,93.2,60,8569
11747,2022-11-15,93,10,601,400,410.09,97,9750
11748,2024-08-10,3,3,602,400,447.41,54,3043
11749,2023-11-19,39,5,605,402,437.73,22,3157
11750,2022-12-22,41,5,600,403,362.66,49,4508
11751,2023-04-12,6,2,602,402,417.63,90,14992
11752,2024-03-28,1,2,605,403,448.81,93,204
11753,2023-05-29,37,3,604,401,267.77,66,7198
11754,2024-01-09,45,8,604,400,126.73,35,3522
11755,2022-03-20,86,15,605,403,487.02,18,8470
11756,2024-11-01,77,14,603,401,96.74,10,11858
11757,2023-04-10,22,14,602,401,90.94,58,9492
11758,2023-02-20,97,10,601,402,407.8,90,13032
11759,2022-08-05,16,2,600,400,384.33,43,1739
11760,2022-07-07,12,15,600,401,149.93,35,14791
11761,2024-06-11,33,13,600,401,160.54,24,9037
11762,2022-04-23,87,8,605,402,210.18,97,2260
11763,2024-10-13,44,7,601,402,169.5,90,14058
11764,2025-03-03,6,5,601,403,259.72,7,9439
11765,2023-11-24,21,8,602,402,425.69,61,9517
11766,2024-01-14,61,4,604,400,102.84,93,13728
11767,2023-06-05,10,12,602,403,351.32,95,7968
11768,2023-08-24,20,9,605,403,216.29,70,11443
11769,2024-07-28,40,3,600,403,113.01,96,7695
11770,2023-06-20,13,3,604,402,438.82,80,2988
11771,2025-06-08,57,8,604,400,350.32,95,386
11772,2025-06-18,63,8,600,400,119.5,43,620
11773,2025-01-09,4,15,602,401,227.37,5,10827
11774,2024-07-06,21,14,605,402,328.07,71,9598
11775,2024-04-18,97,3,604,400,281.79,32,12849
11776,2024-08-07,42,11,600,402,196.16,21,11964
11777,2024-10-05,79,2,601,402,158.59,20,6466
11778,2022-01-27,16,6,602,401,159.19,69,13321
11779,2023-03-01,100,4,600,402,216.5,79,8161
11780,2024-08-24,45,2,603,401,223.01,21,8498
11781,2022-11-25,38,8,603,400,450.86,70,13362
11782,2023-09-15,9,3,605,400,255.89,73,2816
11783,2024-08-28,81,9,601,401,424.29,8,951
11784,2025-06-03,50,10,600,401,290.89,94,11690
11785,2024-02-06,89,13,603,402,184.06,26,8434
11786,2024-01-25,68,13,601,401,413.38,47,7676
11787,2025-05-12,79,5,600,400,404.38,27,5216
11788,2025-05-23,64,14,603,402,89.29,62,5378
11789,2024-10-29,73,6,604,402,392.04,14,10572
11790,2024-11-28,46,14,603,401,58.09,88,445
11791,2022-09-11,57,7,605,403,65.46,68,14331
11792,2022-11-09,48,12,604,400,388.3,94,8058
11793,2022-09-24,70,14,603,400,162.83,67,9200
11794,2024-10-12,53,5,605,402,188.85,83,1286
11795,2024-03-29,88,13,600,401,218.04,65,8795
11796,2024-11-24,97,14,605,403,403.3,17,3462
11797,2022-05-19,24,10,602,400,349.07,48,969
11798,2024-10-10,9,7,600,400,470.2,54,12203
11799,2022-08-07,58,12,600,402,287.06,61,256
11800,2023-02-16,40,13,601,403,127.4,94,9193
11801,2023-10-06,74,8,605,402,207.58,26,12171
11802,2023-05-25,52,12,604,401,144.02,27,14426
11803,2023-10-02,64,15,604,400,366.84,45,8708
11804,2023-01-02,17,10,601,400,125.72,52,13073
11805,2022-05-21,58,2,603,403,146.44,96,3529
11806,2023-01-18,54,10,601,402,346.76,28,1369
11807,2022-04-19,25,12,600,401,175.79,35,3808
11808,2024-02-05,19,2,601,402,218.77,11,8918
11809,2023-09-25,77,8,603,402,290.84,65,9887
11810,2022-11-10,78,1,605,402,441.11,81,14530
11811,2024-05-25,60,9,605,401,328.12,45,10501
11812,2022-08-14,72,13,602,400,469.18,69,375
11813,2023-10-20,39,5,602,403,140.73,75,13227
11814,2025-06-17,70,6,603,403,324.43,74,3891
11815,2024-07-12,30,7,604,403,315.43,5,10194
11816,2023-08-17,71,9,605,401,446.22,90,6150
11817,2023-03-16,19,8,605,402,469.11,64,14361
11818,2025-02-05,41,10,603,401,78.21,98,3735
11819,2023-07-12,77,9,604,400,139.11,7,2745
11820,2024-03-02,87,5,602,401,291.58,47,8296
11821,2023-12-26,52,5,605,401,357.86,100,4294
11822,2023-03-15,39,3,605,401,366.69,95,5017
11823,2024-11-16,19,11,605,401,402.25,68,2872
11824,2024-06-26,24,13,600,401,458.7,97,5118
11825,2022-03-26,79,3,604,403,153.56,16,1089
11826,2024-05-09,27,4,601,401,373.84,13,2757
11827,2022-06-11,80,12,604,400,317.84,98,7394
11828,2022-05-26,36,14,601,403,78.89,12,13983
11829,2024-11-14,90,2,603,402,497.58,91,12370
11830,2023-02-07,34,8,603,403,218.99,90,8132
11831,2022-01-24,56,14,603,400,195.57,11,14085
11832,2022-03-08,2,5,602,403,452.17,33,9718
11833,2023-11-29,29,14,601,400,253.89,93,3595
11834,2022-01-09,33,6,605,401,307.97,20,3739
11835,2022-06-05,52,6,605,402,496.56,84,2707
11836,2023-04-20,81,9,604,400,469.38,87,8383
11837,2023-10-13,28,12,601,400,395.95,8,1607
11838,2024-09-29,38,8,605,401,319.8,92,14952
11839,2025-05-06,58,14,605,403,314.9,18,5270
11840,2023-11-22,1,15,604,402,77.48,18,5359
11841,2025-01-05,23,4,601,403,307.72,10,12640
11842,2025-02-01,55,4,602,402,146.64,67,10695
11843,2022-03-26,14,14,605,402,362.81,83,11645
11844,2023-11-30,1,8,602,402,119.27,36,13281
11845,2023-03-12,5,10,601,401,187.64,62,9547
11846,2024-05-09,28,3,601,400,488.68,93,12125
11847,2022-07-03,58,8,604,400,357.91,53,7239
11848,2022-08-05,47,9,604,402,237.26,60,7373
11849,2024-07-08,65,4,600,402,235.87,83,12617
11850,2023-04-13,49,7,605,402,234.53,7,11125
11851,2025-05-14,37,1,600,401,462.24,52,1548
11852,2024-11-24,43,15,601,400,52.2,13,13320
11853,2025-04-26,92,6,602,401,486.88,90,13423
11854,2024-07-14,66,5,605,401,117.52,37,1054
11855,2022-05-15,99,14,602,403,327.97,95,7796
11856,2023-11-30,25,12,600,401,77.76,39,2856
11857,2022-09-19,60,14,605,402,484.78,89,13124
11858,2023-12-07,30,6,602,402,461.62,15,9747
11859,2024-12-27,92,14,604,400,139.19,19,14590
11860,2024-08-23,3,13,601,400,52.73,39,11705
11861,2024-09-20,51,12,602,402,258.02,17,3720
11862,2022-06-19,80,8,603,400,151.87,75,13697
11863,2024-08-11,40,4,603,402,351.56,8,3336
11864,2022-10-24,27,1,602,402,454.62,35,12128
11865,2023-02-21,19,4,602,401,366.6,32,9739
11866,2022-07-02,90,7,601,401,104.12,64,14231
11867,2022-03-01,95,14,600,402,72.8,15,9793
11868,2022-02-04,26,12,605,403,88.24,24,8108
11869,2024-01-04,19,4,602,400,142.49,12,1713
11870,2023-07-13,68,3,600,400,183.66,29,10656
11871,2023-04-18,70,11,600,401,387.55,61,3080
11872,2024-07-28,52,6,602,402,196.77,34,12910
11873,2024-10-28,20,2,601,400,114.87,11,482
11874,2023-12-15,12,11,604,401,441.67,51,8321
11875,2022-11-20,24,7,601,403,140.78,28,8085
11876,2023-08-31,85,7,600,401,248.5,45,9458
11877,2025-03-30,20,5,602,401,238.2,64,10464
11878,2023-05-07,94,13,601,400,484.71,97,4566
11879,2022-04-22,34,14,602,400,181.37,49,9484
11880,2024-10-29,73,2,602,401,229.31,69,1092
11881,2024-04-20,97,14,601,401,479.0,68,13058
11882,2025-01-01,65,2,601,400,132.87,16,6340
11883,2022-08-16,100,4,600,402,469.74,77,13856
11884,2022-04-05,56,12,604,402,247.15,57,1419
11885,2023-05-14,23,14,602,403,456.46,51,11239
11886,2023-09-28,21,3,602,401,150.1,46,10891
11887,2023-09-06,25,1,605,400,114.61,91,3113
11888,2024-01-05,76,5,600,402,495.49,80,7786
11889,2022-01-05,64,14,601,400,374.79,33,4227
11890,2024-11-05,67,12,603,402,70.33,16,5759
11891,2024-10-16,71,6,602,400,56.43,67,3042
11892,2023-03-04,32,9,602,400,234.73,53,4730
11893,2022-10-08,4,8,601,402,365.07,19,2714
11894,2024-06-02,31,1,603,401,186.19,58,3155
11895,2023-09-27,3,1,601,402,357.97,34,8582
11896,2022-07-30,24,4,600,403,335.25,29,11682
11897,2024-08-02,61,4,604,402,96.87,31,14892
11898,2025-05-26,48,9,604,402,238.59,32,6458
11899,2023-01-28,33,4,602,400,318.98,45,6842
11900,2023-01-19,43,13,600,400,258.1,88,12665
11901,2024-03-15,56,14,600,401,331.76,78,4454
11902,2022-07-23,24,1,600,402,181.26,99,11560
11903,2022-10-12,45,10,605,401,139.59,82,14353
11904,2022-11-15,36,3,600,400,356.03,41,4329
11905,2023-04-07,92,3,601,402,112.55,46,7072
11906,2022-11-08,37,15,602,403,68.11,67,316
11907,2022-11-14,23,3,604,402,398.79,45,14171
11908,2022-08-17,51,5,600,402,269.0,18,1140
11909,2023-07-15,88,15,605,402,391.34,95,10676
11910,2023-01-02,66,2,602,402,83.4,67,10153
11911,2025-05-16,91,7,604,400,343.06,34,5997
11912,2024-01-13,9,14,601,401,107.98,74,8915
11913,2023-03-08,30,10,602,401,241.62,14,3205
11914,2023-08-04,60,6,604,403,293.25,28,2724
11915,2022-07-10,65,13,604,402,208.58,81,9389
11916,2025-02-05,54,7,603,400,283.47,10,4314
11917,2024-09-10,33,4,605,400,499.73,11,14283
11918,2024-09-15,73,4,604,400,470.74,66,11980
11919,2022-10-09,82,6,602,402,419.69,92,13064
11920,2025-04-03,94,6,603,401,61.9,34,9941
11921,2022-03-19,9,1,601,402,440.93,88,9717
11922,2024-05-05,37,9,600,403,409.58,16,14878
11923,2024-06-06,35,11,604,401,289.5,85,7706
11924,2023-11-25,30,4,601,402,333.62,69,5829
11925,2025-01-09,83,4,605,403,274.8,21,12839
11926,2024-05-27,32,1,600,401,197.79,14,9487
11927,2022-06-08,46,7,605,400,143.43,12,13364
11928,2025-01-01,27,13,603,402,97.61,45,7120
11929,2024-01-18,83,5,603,402,397.6,16,8436
11930,2025-02-18,78,3,604,400,111.06,46,364
11931,2024-09-19,67,5,601,403,160.67,27,6438
11932,2022-10-11,14,4,600,401,177.35,80,1280
11933,2024-02-19,36,3,601,403,164.23,33,1241
11934,2024-04-29,89,2,603,403,338.3,91,6869
11935,2023-04-28,40,8,604,400,375.29,15,14501
11936,2025-03-16,76,9,602,401,289.46,88,5515
11937,2022-06-02,1,14,601,400,195.65,96,8805
11938,2023-05-25,6,3,604,400,149.82,43,6058
11939,2023-12-16,68,8,604,402,455.12,100,12924
11940,2023-03-03,4,6,604,402,454.17,55,3481
11941,2024-02-22,20,11,604,403,314.68,77,4996
11942,2023-06-08,83,1,604,401,182.44,68,4522
11943,2025-04-19,32,2,601,402,138.05,98,5630
11944,2023-02-28,64,3,602,401,153.77,34,11398
11945,2023-07-16,80,1,603,403,275.75,6,3891
11946,2025-04-09,19,3,605,403,403.55,11,8775
11947,2022-11-23,95,2,603,400,237.53,22,2790
11948,2024-10-19,32,9,601,402,491.23,18,5634
11949,2023-08-30,90,12,603,402,464.47,95,7088
11950,2024-09-23,61,15,600,403,101.33,45,4634
11951,2023-07-04,7,7,600,400,195.65,76,13158
11952,2022-02-23,78,12,605,403,92.78,46,11637
11953,2024-03-25,17,10,603,403,314.71,85,13943
11954,2025-06-29,44,8,603,400,286.79,88,7742
11955,2025-02-14,63,12,604,401,206.45,79,6195
11956,2022-08-03,100,15,603,400,80.71,87,13306
11957,2022-10-31,18,10,603,400,146.31,25,3576
11958,2024-05-17,22,13,603,402,330.93,29,14105
11959,2025-06-16,92,3,600,402,165.3,59,3142
11960,2022-02-24,8,9,601,402,450.15,45,7710
11961,2024-04-18,31,15,600,403,423.93,19,14864
11962,2024-02-16,47,9,600,400,238.19,79,1752
11963,2022-06-10,2,7,601,403,258.08,9,1445
11964,2023-09-19,52,8,603,402,370.87,34,984
11965,2025-03-08,34,10,604,402,450.9,31,10240
11966,2024-05-18,33,6,604,401,231.12,34,3710
11967,2024-09-26,5,7,604,403,172.59,58,1024
11968,2022-08-25,67,14,604,402,209.04,38,12524
11969,2022-01-23,13,11,603,401,143.81,71,14843
11970,2023-10-28,13,5,602,403,255.39,51,9102
11971,2023-11-10,15,4,600,403,463.71,26,9844
11972,2023-10-12,96,15,603,400,322.78,76,5218
11973,2022-08-24,54,11,600,403,355.99,42,14634
11974,2024-12-11,65,13,602,402,317.94,88,1706
11975,2023-04-20,25,10,603,401,400.65,63,4855
11976,2024-05-05,10,14,605,400,277.51,53,11250
11977,2022-01-12,61,13,605,401,316.39,30,1427
11978,2022-03-27,58,15,604,402,292.88,48,14407
11979,2024-05-06,13,15,604,402,230.95,15,380
11980,2023-06-12,45,4,601,401,281.37,62,12476
11981,2022-02-17,94,10,600,402,209.6,70,2533
11982,2023-04-25,91,4,604,400,328.11,51,12994
11983,2024-03-19,11,15,602,402,79.85,99,6581
11984,2022-07-15,35,11,600,401,250.47,26,9200
11985,2023-11-05,49,7,605,400,255.13,43,13789
11986,2023-12-10,93,6,603,403,392.72,62,822
11987,2025-01-19,79,2,600,401,144.01,21,1466
11988,2023-03-25,53,3,602,402,381.1,10,8969
11989,2022-01-20,28,14,602,401,436.55,79,4810
11990,2023-06-30,25,12,602,401,230.19,24,2172
11991,2023-06-06,69,11,600,401,464.53,46,5791
11992,2025-05-27,13,12,603,401,153.57,43,10226
11993,2024-10-07,97,10,604,401,490.34,97,14503
11994,2022-12-03,30,5,600,402,99.42,22,331
11995,2024-05-25,6,8,605,401,384.93,45,2816
11996,2022-05-04,84,5,605,401,56.94,8,7392
11997,2023-01-06,60,12,602,400,210.57,42,7671
11998,2023-09-13,5,4,600,402,381.59,70,13565
11999,2024-01-04,65,7,604,403,489.92,64,10221
12000,2023-10-24,22,10,600,401,335.41,63,7454
12001,2023-12-21,7,6,604,400,349.38,68,2876
12002,2024-02-15,37,12,601,400,219.41,28,4578
12003,2022-10-08,82,5,603,400,135.17,51,12556
12004,2024-08-03,48,14,602,402,210.09,21,7366
12005,2022-07-22,97,9,601,400,98.81,81,2781
12006,2024-03-27,37,5,600,402,234.21,8,7921
12007,2022-05-16,51,9,601,403,342.36,100,3056
12008,2024-09-07,42,15,603,400,413.0,86,13090
12009,2023-08-26,44,14,604,403,457.93,20,13731
12010,2022-01-31,38,4,605,400,56.44,72,8846
12011,2022-12-10,59,5,604,402,441.01,76,10180
12012,2022-07-24,70,14,604,401,307.12,52,12248
12013,2022-10-02,24,6,601,401,98.88,80,13754
12014,2023-03-04,34,15,601,403,447.51,27,11782
12015,2025-02-09,5,5,600,402,337.36,12,4850
12016,2024-11-21,81,12,602,403,180.72,13,3103
12017,2023-12-31,75,15,604,401,59.95,73,13743
12018,2023-07-05,95,11,604,400,207.26,92,1462
12019,2024-03-11,92,9,604,400,307.31,20,438
12020,2024-04-03,16,5,600,403,310.96,21,3587
12021,2024-03-01,44,14,605,400,304.32,93,1757
12022,2022-08-22,10,14,601,402,473.77,44,3832
12023,2022-07-21,56,12,605,401,212.97,20,3956
12024,2022-11-20,82,7,600,403,394.13,54,12270
12025,2025-05-04,49,9,602,403,261.76,31,10788
12026,2022-12-21,23,7,604,400,167.78,71,8757
12027,2022-08-18,36,15,603,402,136.12,15,11459
12028,2023-01-19,8,1,604,401,148.94,97,3410
12029,2023-01-01,42,5,605,401,55.99,46,7142
12030,2025-02-22,40,12,600,401,466.44,10,5748
12031,2024-08-30,80,6,600,402,128.93,90,4877
12032,2023-09-08,65,5,603,401,376.65,43,229
12033,2023-07-23,12,4,600,401,61.56,50,10275
12034,2022-09-26,99,4,601,400,201.16,64,8643
12035,2024-12-20,7,11,605,400,471.58,74,4974
12036,2023-02-27,75,12,603,402,211.21,7,6425
12037,2024-10-15,18,7,604,400,458.88,5,1059
12038,2023-12-26,68,1,602,400,100.89,80,2184
12039,2024-01-11,39,6,601,401,273.48,88,12645
12040,2022-12-05,31,11,602,400,296.27,73,7698
12041,2024-08-27,38,10,605,400,360.52,46,8934
12042,2024-08-18,31,11,601,403,111.7,39,9803
12043,2023-04-21,65,6,603,400,234.26,67,12213
12044,2025-05-14,28,6,600,400,458.62,47,5457
12045,2023-10-08,14,5,602,400,406.93,58,8917
12046,2023-12-07,9,9,602,403,386.09,68,4412
12047,2024-10-15,55,2,600,403,322.22,88,11656
12048,2022-04-29,94,10,600,400,420.94,35,8928
12049,2025-03-20,79,14,600,403,209.68,43,4872
12050,2024-08-26,15,7,600,403,133.73,84,4328
12051,2022-11-13,47,4,601,400,251.05,92,11250
12052,2024-11-06,51,3,604,401,359.46,39,3172
12053,2025-06-18,51,1,603,403,443.86,19,14883
12054,2022-06-06,69,11,601,401,234.07,63,14461
12055,2023-12-16,69,12,600,400,299.26,62,13449
12056,2022-02-24,76,3,602,400,335.64,28,4215
12057,2023-07-09,58,8,603,403,489.69,86,5345
12058,2024-01-16,47,12,604,402,210.45,32,3585
12059,2024-01-26,38,11,602,402,259.62,28,12121
12060,2022-07-07,80,15,601,400,305.87,75,6373
12061,2025-02-23,58,14,601,401,107.74,31,10813
12062,2024-09-15,19,6,600,400,126.27,85,14557
12063,2024-06-25,80,10,605,402,119.46,50,1060
12064,2024-01-09,29,14,604,400,79.0,75,119
12065,2023-07-25,38,13,603,402,368.79,65,1149
12066,2024-06-16,4,12,602,403,331.23,69,5510
12067,2023-06-26,24,4,603,401,305.43,8,11241
12068,2024-04-01,67,5,604,400,480.3,79,6547
12069,2024-01-24,11,1,604,403,451.7,44,4173
12070,2022-12-30,27,3,602,401,233.51,30,2901
12071,2024-08-10,18,1,601,400,65.99,73,13147
12072,2022-03-02,93,6,603,402,402.67,95,6959
12073,2024-05-13,40,13,604,402,70.79,98,9665
12074,2025-04-29,5,13,601,402,144.01,15,8871
12075,2024-08-16,35,13,601,403,188.32,9,6194
12076,2022-05-28,88,11,600,403,218.62,68,155
12077,2024-01-24,88,11,601,400,167.24,73,13552
12078,2022-09-04,73,1,602,402,260.86,79,3525
12079,2024-05-03,69,9,600,400,371.12,76,2456
12080,2024-07-12,89,10,602,402,125.5,39,542
12081,2022-06-30,16,15,602,401,134.23,84,1017
12082,2024-05-26,54,1,604,402,401.05,82,10434
12083,2023-07-09,68,4,602,402,386.27,74,2793
12084,2024-01-20,41,7,601,402,390.96,65,11768
12085,2025-05-26,20,1,601,401,141.27,99,12616
12086,2023-09-02,60,2,601,400,394.53,39,3407
12087,2023-05-31,14,4,605,403,134.78,39,12866
12088,2023-08-01,73,14,603,401,380.53,72,14258
12089,2024-06-25,73,1,600,403,230.62,23,7428
12090,2024-03-26,88,2,602,400,412.53,41,11858
12091,2023-05-25,33,12,605,400,155.09,6,3184
12092,2024-05-26,50,2,602,401,358.22,80,1289
12093,2025-06-02,89,7,604,402,80.28,16,1228
12094,2025-05-21,65,7,602,403,449.57,67,13569
12095,2022-05-08,81,13,603,401,499.65,26,11322
12096,2022-09-07,55,8,604,401,221.61,33,5693
12097,2022-07-02,62,14,601,402,133.39,59,6958
12098,2022-02-22,18,8,601,403,164.66,33,11081
12099,2024-07-19,50,13,605,403,310.13,99,1495
12100,2022-04-07,100,8,602,403,485.99,50,14305
12101,2023-08-17,65,12,605,401,326.43,91,3504
12102,2024-05-01,13,12,600,400,50.84,53,2329
12103,2022-11-06,16,5,600,402,255.87,55,14543
12104,2022-07-20,76,11,603,400,424.4,85,8089
12105,2022-07-15,77,8,603,402,483.71,38,6867
12106,2024-12-02,87,15,605,400,385.74,52,2826
12107,2024-01-21,95,11,601,403,112.48,42,14001
12108,2025-03-13,31,5,600,401,326.46,68,1495
12109,2022-12-30,46,15,601,403,65.85,82,5133
12110,2022-04-03,57,3,603,401,360.96,98,1479
12111,2023-04-03,29,15,602,403,85.46,5,9930
12112,2025-03-22,11,14,600,403,83.68,56,2140
12113,2023-01-06,14,10,601,402,491.23,16,6112
12114,2023-06-30,90,8,601,402,218.44,100,976
12115,2023-12-26,35,5,600,401,484.07,41,10097
12116,2022-03-22,61,14,602,401,352.13,8,5072
12117,2023-08-09,46,10,603,400,412.39,48,13071
12118,2024-05-26,33,3,602,403,318.73,73,12921
12119,2025-05-04,38,14,600,400,167.35,62,5647
12120,2023-05-10,22,1,600,403,457.9,60,959
12121,2022-09-29,98,8,605,401,364.51,41,3543
12122,2022-06-27,59,14,600,400,296.2,100,13424
12123,2025-05-31,5,6,602,401,463.83,70,14106
12124,2022-02-06,72,2,600,400,423.1,89,14323
12125,2024-11-14,29,13,601,401,275.67,87,3033
12126,2024-06-14,50,14,602,400,350.3,89,11117
12127,2023-03-01,75,12,605,402,186.31,99,4883
12128,2023-01-08,37,12,603,402,156.64,79,7288
12129,2023-12-03,47,4,601,403,209.52,93,3555
12130,2023-07-10,7,5,603,403,240.52,30,3374
12131,2025-01-11,69,15,600,402,492.98,30,10353
12132,2023-11-24,66,14,602,401,446.14,66,1842
12133,2022-09-27,5,2,601,401,130.29,10,4716
12134,2023-08-27,27,11,600,400,179.29,60,12927
12135,2025-03-13,6,2,603,403,84.18,92,12297
12136,2023-07-28,49,11,602,400,226.5,98,179
12137,2024-01-21,49,12,603,402,476.04,65,14472
12138,2022-03-20,66,12,602,403,70.3,13,5209
12139,2024-08-24,69,15,601,400,50.12,33,436
12140,2022-06-14,61,7,602,402,244.83,58,11917
12141,2023-02-21,28,3,602,401,440.52,54,4385
12142,2025-02-05,93,4,602,402,268.78,66,14267
12143,2025-06-03,13,11,603,400,481.69,60,5404
12144,2025-05-12,43,14,602,403,296.39,45,8231
12145,2024-03-19,82,10,601,401,477.79,76,14805
12146,2022-10-07,15,8,601,400,382.4,90,3718
12147,2024-03-25,72,13,602,403,345.69,24,12274
12148,2023-08-01,22,3,605,401,321.42,76,14395
12149,2023-05-03,34,15,605,400,492.06,90,12502
12150,2022-10-08,32,10,603,402,339.32,85,197
12151,2024-08-03,12,14,605,402,297.76,78,13456
12152,2025-02-23,17,14,605,401,427.81,72,1854
12153,2022-02-02,37,1,601,402,93.45,37,5407
12154,2023-01-08,26,6,603,402,438.64,17,8988
12155,2022-07-11,44,5,601,402,51.85,33,4610
12156,2023-05-19,56,3,601,403,318.27,32,12172
12157,2022-09-25,46,13,604,401,170.91,66,536
12158,2022-07-06,97,13,602,402,404.29,69,722
12159,2024-04-29,31,5,600,403,279.01,87,6482
12160,2023-02-19,4,4,600,401,112.05,19,11895
12161,2024-03-28,93,1,605,403,201.57,24,13904
12162,2023-09-03,57,7,602,401,201.55,14,13349
12163,2023-11-14,22,9,603,403,382.75,56,5082
12164,2023-04-17,52,11,601,400,261.42,15,298
12165,2023-05-04,86,9,601,402,74.39,20,3888
12166,2023-09-23,62,2,601,402,446.69,79,9926
12167,2024-04-25,23,11,600,403,159.25,22,13325
12168,2024-05-31,88,13,602,401,220.66,38,9598
12169,2022-08-27,27,14,604,401,50.52,82,4602
12170,2022-05-01,4,8,605,403,318.15,60,8738
12171,2025-06-09,35,8,601,400,346.23,20,2998
12172,2024-08-01,92,14,602,401,346.67,75,3784
12173,2022-02-04,22,13,605,401,60.81,71,14877
12174,2024-08-13,1,3,601,400,318.05,78,2539
12175,2023-11-06,10,11,604,401,257.98,34,4725
12176,2023-11-23,71,4,601,403,244.16,61,6381
12177,2024-12-22,43,8,602,400,414.19,74,12200
12178,2022-09-12,51,15,604,400,54.43,8,11768
12179,2022-01-12,86,9,601,403,166.94,73,9642
12180,2025-06-21,48,13,600,400,193.38,63,14631
12181,2025-05-28,41,13,604,402,495.85,52,7458
12182,2023-05-13,4,8,604,401,415.51,65,7509
12183,2023-03-03,87,13,600,401,491.85,5,5875
12184,2024-08-08,82,2,603,401,160.67,97,10730
12185,2025-06-12,80,1,602,403,154.56,22,9587
12186,2023-11-29,29,11,604,401,140.89,45,5766
12187,2023-08-10,20,9,605,402,163.68,48,13775
12188,2022-01-10,25,14,603,401,274.86,46,14488
12189,2023-01-08,39,3,600,401,191.95,61,1264
12190,2025-03-21,75,4,601,400,199.94,84,5885
12191,2024-04-10,47,7,602,401,380.81,12,1294
12192,2024-08-27,53,12,604,402,72.23,93,8750
12193,2023-03-07,75,5,600,402,447.52,61,721
12194,2023-09-21,61,9,603,402,142.79,25,11582
12195,2023-06-03,34,10,600,401,90.63,27,324
12196,2023-02-11,95,11,601,402,72.01,72,14827
12197,2022-03-17,26,6,602,400,480.95,51,4705
12198,2024-01-31,93,1,605,402,373.4,46,9077
12199,2024-12-30,58,2,605,400,144.11,49,12845
12200,2023-12-31,12,1,605,401,361.7,15,7978
12201,2024-06-19,66,1,603,402,491.04,71,8397
12202,2024-04-06,46,14,600,401,131.14,7,856
12203,2022-07-26,88,6,604,400,364.32,42,6483
12204,2025-04-22,82,7,604,403,207.04,95,9466
12205,2022-04-27,4,1,605,401,294.67,76,13979
12206,2024-09-05,81,6,600,401,165.17,23,5370
12207,2024-09-06,1,5,601,402,473.32,21,282
12208,2022-05-26,8,7,604,402,73.41,69,1484
12209,2025-04-28,39,9,603,403,359.69,91,9584
12210,2023-01-22,59,15,603,400,176.46,77,8378
12211,2024-04-30,61,12,605,400,143.82,91,7962
12212,2023-01-29,80,3,602,401,74.48,59,4584
12213,2024-08-01,20,12,601,400,353.66,8,12208
12214,2022-07-02,34,1,603,402,331.21,45,7131
12215,2023-08-20,54,4,600,402,188.63,43,3161
12216,2025-06-19,67,5,605,403,269.09,27,4387
12217,2022-02-06,5,1,603,402,69.62,81,10280
12218,2025-03-11,51,4,603,401,246.06,75,11929
12219,2023-05-31,18,5,604,403,442.84,10,9885
12220,2023-11-22,21,11,605,401,80.97,57,10721
12221,2023-01-07,2,6,601,400,56.43,15,14260
12222,2023-03-08,13,7,605,401,395.14,80,5353
12223,2024-10-14,92,11,603,403,420.45,61,11821
12224,2025-05-07,54,5,601,403,112.8,24,9726
12225,2022-04-22,22,14,602,400,312.91,55,5070
12226,2024-12-09,95,3,601,402,63.76,21,3798
12227,2023-01-08,69,10,601,401,90.93,16,9345
12228,2022-03-27,97,8,603,400,445.29,76,5697
12229,2023-12-01,34,3,604,400,267.92,86,12965
12230,2022-04-26,50,9,605,403,68.13,60,10795
12231,2024-04-15,35,4,602,400,330.24,41,9048
12232,2022-11-10,70,10,605,401,384.13,97,1785
12233,2024-09-08,69,5,604,400,211.52,88,3544
12234,2022-04-24,12,7,605,401,398.18,50,3352
12235,2022-05-13,43,3,602,402,106.89,68,8516
12236,2023-06-08,20,4,602,402,215.61,87,1471
12237,2023-12-30,44,7,601,403,428.96,25,4710
12238,2024-03-25,94,13,600,400,358.9,31,4839
12239,2023-06-06,5,3,600,403,63.4,48,461
12240,2025-02-06,38,13,604,401,128.22,74,3029
12241,2022-12-07,24,7,601,401,164.26,24,3768
12242,2024-11-04,11,11,600,402,387.78,47,11993
12243,2025-03-16,53,1,605,402,449.32,42,5149
12244,2025-03-24,25,4,605,402,241.23,87,2331
12245,2023-12-14,32,11,601,401,247.4,84,2104
12246,2025-05-09,54,3,602,401,452.51,17,5597
12247,2022-02-15,87,1,605,401,211.48,100,4594
12248,2022-06-22,61,14,605,400,478.85,54,13482
12249,2024-09-07,35,7,603,403,182.54,49,13655
12250,2024-09-16,26,5,601,403,299.74,44,2644
12251,2023-12-15,46,3,604,402,485.57,9,14806
12252,2023-03-23,95,8,604,401,225.77,85,12463
12253,2024-06-12,26,10,604,401,399.75,82,6159
12254,2022-02-10,98,13,603,400,293.68,56,10342
12255,2022-01-16,64,2,600,400,347.29,36,8563
12256,2024-01-08,21,9,601,403,310.68,57,12669
12257,2024-01-31,90,9,604,403,383.81,73,1528
12258,2024-04-23,85,10,604,400,424.06,5,14764
12259,2023-04-29,46,2,600,402,333.13,59,3829
12260,2023-06-05,46,12,601,401,470.85,8,10719
12261,2022-08-14,50,14,600,403,391.17,40,7346
12262,2024-06-19,64,8,604,400,91.54,13,10660
12263,2025-06-02,50,8,604,400,458.97,95,1261
12264,2023-06-02,40,8,605,402,270.64,54,9988
12265,2023-06-04,82,3,602,401,233.91,36,6854
12266,2023-11-06,80,3,605,403,197.05,11,10499
12267,2024-10-20,38,12,604,403,62.35,75,302
12268,2024-08-27,80,11,605,403,104.1,63,7037
12269,2023-08-10,1,12,601,400,490.95,97,7439
12270,2024-06-10,72,11,605,402,263.17,39,12129
12271,2024-02-17,15,9,600,401,327.57,51,11097
12272,2024-11-18,20,2,602,400,312.68,54,3803
12273,2023-10-10,69,8,602,402,453.73,99,4224
12274,2024-09-01,32,9,600,401,58.02,69,6154
12275,2024-04-09,33,8,602,402,86.66,47,5589
12276,2024-09-11,15,10,601,402,267.46,49,4352
12277,2023-12-10,4,14,604,401,298.42,66,11550
12278,2022-01-30,43,15,604,401,468.86,60,6085
12279,2025-02-03,61,15,602,402,479.81,80,14673
12280,2025-05-05,90,14,605,402,488.25,42,6188
12281,2025-03-08,75,3,601,403,126.13,55,10354
12282,2022-10-31,46,3,603,401,300.13,52,654
12283,2023-09-08,81,13,602,403,208.53,52,13894
12284,2025-02-28,37,13,602,402,426.07,9,12267
12285,2024-11-23,2,11,600,403,62.19,23,3193
12286,2025-05-12,84,9,601,400,196.79,52,12240
12287,2023-06-25,74,1,604,402,111.73,27,13494
12288,2024-06-27,87,8,605,403,222.33,52,2023
12289,2023-02-15,85,9,601,402,83.97,46,2712
12290,2024-12-27,34,5,602,402,201.39,12,2817
12291,2024-08-17,93,7,605,403,198.42,10,11680
12292,2023-01-08,13,1,604,400,315.52,31,11650
12293,2024-05-09,14,12,601,402,444.46,75,1156
12294,2023-02-05,32,15,603,401,329.83,62,2560
12295,2023-11-12,97,9,600,403,220.04,36,11909
12296,2022-07-17,30,9,602,400,376.91,5,7664
12297,2024-04-23,98,5,600,403,107.17,33,4445
12298,2025-03-19,62,4,602,401,289.73,97,11093
12299,2024-08-31,19,11,600,401,102.33,45,3807
12300,2022-01-07,90,15,603,403,373.62,10,4400
12301,2022-04-13,55,7,603,403,428.32,26,8718
12302,2022-03-01,29,14,603,402,73.65,63,14142
12303,2023-09-01,74,8,602,402,496.98,94,8474
12304,2025-01-22,28,5,605,403,185.61,56,11768
12305,2024-11-24,24,8,601,400,99.91,43,1526
12306,2024-06-01,40,8,603,403,107.29,75,4180
12307,2022-07-05,5,6,604,400,233.01,48,11583
12308,2024-06-26,56,8,605,402,462.29,11,1497
12309,2022-09-02,34,12,604,402,334.07,44,12763
12310,2024-04-24,65,5,604,401,344.74,63,5304
12311,2023-03-01,21,7,604,401,116.25,97,1002
12312,2023-02-13,2,10,604,403,175.54,65,3396
12313,2023-02-19,95,8,600,401,135.3,68,11999
12314,2023-01-04,29,8,605,401,422.81,67,491
12315,2024-08-21,66,1,605,401,126.21,44,6155
12316,2025-04-16,16,8,603,401,430.01,73,11547
12317,2024-08-16,90,6,603,401,328.84,67,921
12318,2022-10-09,61,2,603,401,498.09,38,9763
12319,2023-12-09,16,12,603,403,298.47,24,9092
12320,2022-12-07,4,1,605,402,334.3,92,5283
12321,2024-04-08,37,9,601,400,132.15,15,14425
12322,2022-05-18,61,1,604,402,66.69,72,2853
12323,2022-04-07,70,13,604,403,319.84,55,12625
12324,2023-04-01,89,6,605,400,215.49,42,4723
12325,2023-02-18,84,7,601,401,342.56,69,6603
12326,2023-01-21,39,15,602,403,273.25,67,5679
12327,2023-06-17,66,7,605,400,159.26,82,13177
12328,2025-05-04,44,6,600,403,238.98,48,10838
12329,2024-11-07,60,8,605,402,188.15,80,10589
12330,2023-07-05,16,14,600,403,313.41,100,6521
12331,2024-05-20,84,4,605,403,476.62,88,8010
12332,2022-03-19,47,14,603,403,181.38,75,7905
12333,2025-04-20,28,2,601,403,422.56,62,7547
12334,2022-07-25,47,10,604,403,117.67,66,9171
12335,2022-02-12,12,4,604,401,492.63,14,8236
12336,2024-12-23,54,9,603,401,184.95,94,2101
12337,2023-09-10,29,6,600,402,127.27,31,8309
12338,2023-05-01,54,8,600,403,142.03,41,14801
12339,2024-08-25,39,6,601,402,437.09,54,935
12340,2023-11-06,95,4,600,403,200.98,23,5116
12341,2022-03-20,90,15,605,403,358.55,52,9126
12342,2024-02-17,47,6,605,403,242.85,45,10324
12343,2023-11-09,81,6,605,402,448.82,11,4531
12344,2024-01-03,92,15,600,403,198.52,83,2496
12345,2022-03-09,32,9,601,401,275.36,89,4872
12346,2023-12-04,99,10,602,402,444.27,81,2691
12347,2023-06-29,49,11,601,403,219.25,15,5772
12348,2022-09-20,37,8,602,401,237.4,31,12499
12349,2022-03-22,93,15,604,400,120.08,39,6191
12350,2022-05-13,30,5,605,402,78.54,90,13515
12351,2024-03-14,65,7,601,400,54.01,50,8571
12352,2024-10-15,58,11,602,401,325.61,81,9751
12353,2024-03-23,95,4,601,400,436.48,95,12777
12354,2023-10-08,53,5,605,402,55.84,38,1742
12355,2023-08-22,28,3,603,401,364.87,38,8443
12356,2024-03-29,100,13,602,401,184.34,72,1288
12357,2024-10-11,51,6,603,403,308.4,100,5759
12358,2023-01-21,71,9,603,400,111.73,24,3251
12359,2025-04-21,50,14,600,402,419.19,100,4528
12360,2025-03-20,74,9,604,400,203.02,74,12007
12361,2022-04-30,62,8,604,402,287.92,84,2789
12362,2024-10-04,23,2,600,400,209.94,50,8145
12363,2023-03-08,53,15,600,403,58.27,33,14765
12364,2024-08-16,98,8,605,401,283.54,18,867
12365,2023-09-07,52,2,604,403,287.75,51,1656
12366,2022-02-07,78,1,600,403,482.04,78,326
12367,2024-04-22,40,6,601,401,486.6,49,13935
12368,2025-06-20,61,4,600,401,302.74,78,5308
12369,2023-11-09,83,9,602,402,123.86,54,14302
12370,2024-05-04,30,6,602,401,459.05,68,13475
12371,2024-08-20,14,3,602,402,92.75,99,13846
12372,2023-04-24,2,5,604,401,126.74,17,6725
12373,2024-04-18,26,1,602,400,435.48,30,1232
12374,2024-04-12,40,10,601,402,159.07,79,12532
12375,2022-08-19,68,13,600,402,154.68,76,5986
12376,2022-11-28,12,6,605,401,214.32,65,3906
12377,2024-06-24,25,10,604,401,200.3,22,7105
12378,2025-04-30,35,13,605,403,58.09,95,5488
12379,2024-03-05,52,7,601,403,463.33,37,2191
12380,2022-09-12,75,4,604,401,81.24,75,2992
12381,2022-04-13,36,9,600,401,255.05,37,6980
12382,2024-12-07,100,9,602,403,230.14,32,14281
12383,2024-01-15,95,9,604,401,55.84,5,1813
12384,2024-03-24,40,3,602,401,61.97,63,3541
12385,2024-09-05,44,5,603,403,87.51,92,3763
12386,2022-03-02,48,2,601,401,434.68,52,14150
12387,2024-05-19,49,3,602,400,208.29,32,8265
12388,2024-07-19,93,9,603,400,409.81,99,10805
12389,2024-12-04,85,1,600,401,235.56,68,10202
12390,2023-12-04,47,10,605,400,304.14,95,3147
12391,2022-12-10,44,14,601,403,333.83,21,10431
12392,2024-04-11,99,1,601,400,254.32,88,13902
12393,2023-03-14,51,13,601,402,215.22,66,11739
12394,2022-10-14,8,11,601,401,136.47,100,3062
12395,2023-01-19,99,6,601,401,331.09,5,4246
12396,2023-03-17,68,3,601,400,361.84,87,14669
12397,2023-06-11,44,3,603,402,245.37,63,4123
12398,2022-11-30,95,2,602,401,454.31,55,13343
12399,2024-10-30,94,7,601,403,134.37,6,10916
12400,2023-05-13,40,14,601,402,202.01,79,6380
12401,2024-04-19,73,11,605,401,465.91,73,3873
12402,2022-06-06,9,7,603,402,104.45,61,8114
12403,2023-07-17,29,2,602,402,203.53,26,2292
12404,2023-06-11,33,6,601,400,312.95,13,13252
12405,2023-02-17,14,8,603,401,494.32,53,1307
12406,2022-08-30,35,3,600,400,105.74,15,12799
12407,2024-02-26,35,13,602,402,223.63,33,3559
12408,2024-07-14,53,4,605,400,447.74,68,12341
12409,2024-09-23,55,11,603,400,267.88,78,1428
12410,2024-11-17,68,15,602,400,163.68,68,11157
12411,2023-12-15,87,4,604,403,157.89,91,5827
12412,2022-06-24,57,15,602,400,271.95,31,628
12413,2025-01-24,91,12,601,402,141.15,40,4139
12414,2022-04-10,93,7,605,401,77.88,68,2394
12415,2025-01-08,64,4,601,400,166.9,49,5196
12416,2024-07-08,66,4,600,401,300.95,82,5091
12417,2023-01-15,94,3,603,401,422.05,73,5747
12418,2023-02-16,55,9,602,402,157.27,52,9498
12419,2022-12-01,36,1,600,400,334.61,91,11424
12420,2024-10-07,31,6,601,403,428.1,84,8616
12421,2022-01-25,59,5,600,403,300.1,26,4514
12422,2024-10-25,11,1,605,402,141.52,8,14087
12423,2022-09-09,32,14,603,402,212.15,18,6046
12424,2025-04-17,60,14,603,401,302.21,97,9180
12425,2023-10-04,84,15,601,402,351.98,88,3784
12426,2023-04-10,92,4,605,403,224.82,13,784
12427,2023-06-11,28,6,604,400,182.23,96,10091
12428,2024-06-08,74,9,600,400,247.88,75,5496
12429,2024-12-14,39,10,604,401,263.7,30,3940
12430,2023-04-14,72,5,602,400,347.08,95,13773
12431,2023-12-10,66,15,605,400,134.1,83,8531
12432,2025-06-01,76,4,601,402,398.47,64,10241
12433,2022-10-29,44,15,604,401,307.4,59,10136
12434,2024-03-03,67,15,600,400,349.28,28,5113
12435,2023-09-22,50,14,601,403,119.32,66,10070
12436,2023-10-06,30,3,601,403,210.36,13,825
12437,2022-02-15,37,7,604,400,179.89,14,2468
12438,2022-10-10,87,8,604,402,78.8,15,9956
12439,2023-01-18,81,7,604,402,306.96,69,8645
12440,2025-04-05,63,13,600,403,144.81,83,14887
12441,2025-01-15,58,12,601,401,133.16,87,467
12442,2024-01-07,26,3,605,402,258.15,45,639
12443,2022-02-03,3,6,605,401,394.35,65,10698
12444,2022-04-04,31,8,602,402,268.39,20,12398
12445,2022-07-26,39,3,603,401,393.09,45,4779
12446,2024-07-17,54,2,604,401,415.82,67,5287
12447,2024-08-09,7,5,603,400,243.94,76,8337
12448,2022-08-13,12,6,604,400,339.72,75,1939
12449,2025-02-04,46,11,602,401,109.05,28,12314
12450,2023-01-21,71,9,602,403,358.72,7,6200
12451,2022-05-23,95,14,605,403,104.97,97,9740
12452,2023-02-19,88,14,605,400,487.81,40,5607
12453,2023-02-06,24,5,603,402,210.61,75,10533
12454,2024-09-24,43,13,603,402,93.24,42,8989
12455,2022-11-12,66,4,600,403,156.21,76,2329
12456,2022-02-11,19,2,605,400,184.49,99,14180
12457,2024-12-19,69,12,600,400,187.86,56,2508
12458,2022-09-14,30,1,602,400,147.11,9,4113
12459,2022-08-20,23,9,605,403,162.42,87,10922
12460,2023-08-11,19,12,601,403,107.52,7,14244
12461,2023-05-06,36,7,603,403,280.16,77,2204
12462,2024-08-26,70,5,605,403,443.46,45,10289
12463,2024-03-04,5,11,605,403,357.09,53,3420
12464,2023-10-18,53,11,601,400,90.13,31,13442
12465,2022-01-01,84,10,602,403,332.99,72,13880
12466,2023-03-02,87,15,605,400,467.32,83,8643
12467,2022-02-17,64,13,603,400,461.58,12,4284
12468,2025-03-31,56,8,601,403,451.63,14,6920
12469,2025-04-13,71,2,601,401,476.29,26,10639
12470,2024-10-02,74,1,602,403,149.13,100,12712
12471,2022-07-02,84,6,604,402,465.49,28,12058
12472,2025-05-21,3,15,600,403,332.61,53,9254
12473,2024-08-30,63,2,603,402,317.98,64,8610
12474,2024-11-25,24,2,602,400,75.3,31,1173
12475,2022-05-01,65,8,603,402,161.83,92,8463
12476,2022-10-04,1,9,604,402,245.34,33,14091
12477,2022-06-22,97,12,601,403,203.42,23,7763
12478,2023-06-18,82,5,604,402,296.71,63,2456
12479,2025-05-09,21,9,604,400,158.22,9,9003
12480,2024-05-31,78,13,604,403,396.62,29,362
12481,2022-05-13,54,14,602,401,353.66,84,14633
12482,2022-03-17,66,14,603,400,413.27,17,5932
12483,2023-05-17,79,3,605,400,381.66,97,11483
12484,2025-03-05,39,5,602,403,367.24,88,7681
12485,2023-01-29,15,10,602,402,335.8,53,937
12486,2022-11-22,50,6,604,402,225.9,28,10404
12487,2024-04-27,37,13,605,403,490.39,92,10002
12488,2022-07-27,69,4,605,400,99.22,59,10370
12489,2024-01-17,27,9,602,401,252.43,11,4717
12490,2024-01-17,10,2,605,401,289.98,61,10310
12491,2022-02-18,96,8,603,401,334.14,95,3942
12492,2023-05-06,13,4,602,401,489.6,68,14608
12493,2025-02-27,80,2,601,401,72.9,19,1048
12494,2024-10-25,21,2,601,402,441.52,14,3063
12495,2022-10-27,70,8,601,402,478.39,57,3637
12496,2024-01-11,11,4,603,401,188.4,23,11842
12497,2022-04-10,92,14,601,403,207.14,9,11299
12498,2024-09-12,39,10,600,400,381.94,72,6871
12499,2024-02-19,91,7,602,401,467.69,16,3999
12500,2023-11-03,96,11,602,400,68.78,17,3543
12501,2022-10-10,46,2,600,401,461.24,79,451
12502,2023-06-28,10,11,603,403,214.37,37,10886
12503,2023-01-18,45,4,605,402,316.18,34,6594
12504,2024-03-09,37,4,604,401,209.01,81,9949
12505,2023-07-13,90,5,602,400,163.82,57,2878
12506,2022-10-23,52,11,604,402,484.29,60,5028
12507,2022-01-30,91,2,603,403,283.49,19,8500
12508,2024-06-03,77,2,604,402,135.39,95,11149
12509,2025-03-15,13,5,605,400,211.96,30,9640
12510,2022-03-07,15,6,604,403,197.02,88,11172
12511,2025-05-07,87,8,601,400,362.81,71,12290
12512,2022-04-01,45,13,603,402,472.42,78,1992
12513,2024-10-25,36,10,603,403,57.96,82,8012
12514,2023-09-07,65,8,600,401,456.95,70,2985
12515,2023-08-25,84,11,602,400,134.4,26,3611
12516,2023-03-15,41,13,604,403,81.81,80,5439
12517,2024-05-31,64,13,605,403,311.98,33,14756
12518,2022-12-05,10,10,601,403,461.44,18,10774
12519,2022-01-08,66,7,601,402,406.19,51,4329
12520,2022-01-28,98,9,601,402,355.46,98,8425
12521,2025-02-22,80,12,604,401,67.24,11,14473
12522,2023-10-06,89,6,604,402,406.76,53,13475
12523,2022-06-12,46,7,605,403,487.62,73,4390
12524,2022-04-18,74,12,601,401,479.96,51,204
12525,2022-03-16,74,14,603,402,63.96,76,7398
12526,2025-03-13,29,10,601,403,441.84,40,4827
12527,2022-11-17,17,3,605,401,374.47,74,9021
12528,2024-12-17,85,11,601,403,97.79,45,1613
12529,2022-05-27,51,9,604,403,224.94,65,7303
12530,2023-11-06,45,14,600,400,391.13,98,8479
12531,2024-09-25,95,2,601,400,390.46,52,11768
12532,2023-07-22,86,10,602,400,426.16,81,11028
12533,2022-10-06,34,15,602,403,310.74,30,8819
12534,2023-04-07,63,11,605,403,180.31,38,5399
12535,2024-09-13,39,7,605,403,187.01,47,1303
12536,2023-08-19,42,15,602,401,301.78,9,11809
12537,2024-04-24,61,2,605,401,371.5,55,11411
12538,2023-05-19,92,14,601,402,264.18,86,11771
12539,2022-06-26,74,3,602,400,271.04,6,1608
12540,2024-08-01,59,11,601,402,275.39,73,3780
12541,2023-11-18,55,12,600,402,251.48,75,8633
12542,2022-06-07,16,8,604,403,344.82,34,3978
12543,2022-10-19,76,12,604,403,343.5,45,7494
12544,2023-10-11,93,14,604,400,129.38,59,4593
12545,2024-01-21,41,8,600,401,92.3,41,4503
12546,2022-07-08,56,1,600,401,285.91,50,9992
12547,2025-01-31,60,5,600,401,272.77,23,12468
12548,2025-02-17,6,14,605,400,361.5,96,7018
12549,2025-05-26,5,11,603,401,429.87,36,7626
12550,2023-02-25,8,15,600,403,138.82,88,9736
12551,2024-07-06,28,11,604,400,385.26,100,119
12552,2023-11-19,71,12,600,403,184.1,14,14667
12553,2023-03-30,97,9,602,402,190.56,86,3070
12554,2024-05-17,87,5,601,400,374.5,12,8623
12555,2025-04-12,81,6,603,403,160.67,14,8356
12556,2022-05-22,99,15,600,401,123.87,50,5965
12557,2023-07-02,51,6,602,402,377.8,14,14254
12558,2025-03-19,97,1,603,400,159.84,88,5080
12559,2022-11-04,6,13,605,400,120.22,39,14326
12560,2024-02-06,88,3,600,402,121.97,48,493
12561,2023-12-20,1,1,600,403,174.04,30,7016
12562,2023-06-05,78,10,603,403,80.46,82,12365
12563,2025-03-18,91,14,602,401,371.04,6,9062
12564,2022-08-30,26,11,604,401,77.86,71,5580
12565,2025-04-18,10,3,603,402,245.58,37,11890
12566,2022-11-14,70,10,604,402,213.28,42,2097
12567,2025-06-22,68,13,604,401,61.28,49,5614
12568,2023-04-29,87,11,603,402,75.11,59,12641
12569,2023-01-25,15,3,601,400,130.27,78,139
12570,2023-05-09,38,8,603,400,205.95,53,11833
12571,2024-07-24,25,5,605,400,187.82,6,8435
12572,2022-11-08,86,5,600,400,394.41,62,4082
12573,2024-10-03,58,1,604,400,229.62,67,9348
12574,2023-01-19,12,10,602,402,123.94,8,13718
12575,2025-05-17,45,12,605,403,423.99,13,3297
12576,2023-10-19,47,13,603,403,161.09,58,6594
12577,2025-04-06,22,14,603,402,496.3,27,2216
12578,2022-11-29,65,1,600,403,122.65,35,9658
12579,2023-11-27,42,6,603,403,172.88,91,5444
12580,2022-07-09,12,8,603,400,253.65,70,12149
12581,2022-11-05,10,13,605,403,194.02,64,3262
12582,2024-02-20,75,1,600,402,386.43,48,3028
12583,2023-07-24,25,15,600,401,85.18,79,13639
12584,2024-07-16,89,10,600,403,149.27,100,6957
12585,2024-11-15,93,6,601,400,344.15,60,2540
12586,2023-08-29,77,2,602,402,82.89,11,10117
12587,2024-09-27,60,6,604,403,370.15,39,3850
12588,2025-03-04,24,15,600,401,92.39,15,12010
12589,2024-05-06,35,13,600,403,405.24,88,13900
12590,2024-09-21,28,11,602,403,480.74,48,12801
12591,2023-03-18,66,5,603,401,251.18,54,8549
12592,2022-11-08,52,9,605,401,304.58,94,14412
12593,2023-05-31,7,13,605,402,429.73,7,13583
12594,2024-07-21,35,6,602,403,446.33,58,100
12595,2024-02-14,44,6,604,401,485.78,21,13149
12596,2023-11-15,11,2,601,401,335.46,84,14623
12597,2024-04-24,80,7,602,402,130.08,69,14296
12598,2023-04-20,78,4,605,402,309.45,21,14826
12599,2022-12-29,91,3,602,402,340.49,8,9146
12600,2025-04-29,87,10,604,401,306.73,53,10939
12601,2023-03-26,2,13,603,403,454.16,58,5178
12602,2023-03-13,32,9,602,400,93.4,23,1002
12603,2022-03-27,1,6,602,402,217.55,89,2843
12604,2025-01-09,40,7,602,403,343.2,83,10873
12605,2024-11-21,75,5,603,400,458.58,22,12760
12606,2023-01-29,18,2,604,401,199.61,65,1700
12607,2025-06-01,46,14,605,403,380.68,6,311
12608,2022-01-24,70,13,603,402,167.76,69,11422
12609,2023-10-18,11,1,604,401,86.02,51,1250
12610,2022-12-01,25,4,605,402,203.4,72,8312
12611,2022-07-26,69,12,603,403,413.89,42,11629
12612,2023-05-26,36,5,605,403,127.42,76,263
12613,2023-02-24,43,13,601,400,79.75,12,10841
12614,2024-01-16,89,5,604,403,337.62,100,646
12615,2025-03-10,19,7,604,400,225.42,47,8375
12616,2025-03-31,95,10,603,402,208.03,75,10027
12617,2022-08-24,100,9,600,401,416.68,34,8024
12618,2022-03-27,39,3,601,401,355.64,52,10645
12619,2022-08-04,19,8,602,400,103.75,21,2926
12620,2025-05-19,26,14,600,402,303.68,41,11187
12621,2025-02-07,28,9,601,400,104.5,22,6423
12622,2023-10-08,57,8,603,403,460.96,22,13218
12623,2024-07-18,32,5,602,403,410.47,67,13261
12624,2022-01-07,93,12,603,403,191.47,30,13806
12625,2022-10-01,25,5,603,402,393.8,9,2300
12626,2024-06-14,71,3,602,401,398.39,70,1360
12627,2025-02-17,24,9,604,400,444.11,40,9393
12628,2022-07-13,34,12,604,402,254.9,74,12934
12629,2022-06-16,77,11,600,403,85.59,16,6878
12630,2024-08-14,34,12,601,400,342.19,91,2510
12631,2024-07-07,18,10,603,403,168.05,81,13035
12632,2023-11-20,25,15,602,402,60.11,23,14847
12633,2024-04-15,44,2,600,403,399.32,9,6327
12634,2024-01-16,100,4,605,402,205.34,73,11880
12635,2025-02-06,62,15,605,402,168.64,45,7797
12636,2024-12-02,78,14,600,403,95.96,69,11662
12637,2023-05-30,27,12,602,400,333.3,51,6448
12638,2024-01-24,7,8,602,401,314.23,29,14494
12639,2022-04-29,61,4,600,402,92.33,38,7045
12640,2023-10-29,3,11,601,400,303.44,95,4069
12641,2023-11-02,14,2,603,401,156.28,71,11938
12642,2025-05-19,63,15,601,401,210.03,41,11112
12643,2025-02-04,27,10,600,403,365.48,62,6097
12644,2024-02-28,69,3,604,401,418.02,12,4878
12645,2022-11-16,39,10,605,400,485.67,65,12349
12646,2023-05-02,55,1,601,401,318.3,65,14810
12647,2023-05-22,29,5,601,402,419.0,28,5791
12648,2025-02-06,86,3,604,400,124.47,47,6677
12649,2022-08-26,73,13,600,400,114.89,83,3250
12650,2022-11-16,80,11,603,402,474.28,43,9460
12651,2022-06-11,93,5,601,402,196.94,57,11312
12652,2022-07-23,93,12,605,402,159.15,58,6205
12653,2025-06-14,71,2,600,403,444.46,23,965
12654,2023-01-03,37,8,604,401,214.49,17,436
12655,2022-03-14,90,7,604,403,69.13,52,7284
12656,2025-03-28,22,3,605,402,455.21,40,7394
12657,2024-06-13,33,10,605,400,139.77,19,14497
12658,2023-10-18,31,10,602,403,236.71,32,4228
12659,2025-01-26,68,10,601,402,181.39,44,301
12660,2023-01-04,51,9,601,403,384.21,30,3607
12661,2022-11-27,97,11,600,403,467.46,93,6144
12662,2024-12-27,16,2,604,400,381.98,6,103
12663,2024-04-06,66,5,600,403,91.91,67,4359
12664,2024-11-05,7,8,600,400,478.51,26,8838
12665,2022-07-07,31,13,600,400,485.73,37,977
12666,2022-01-18,58,7,603,402,343.42,5,8247
12667,2022-08-04,86,14,605,400,103.86,33,428
12668,2023-07-20,87,7,601,401,364.52,66,11650
12669,2024-12-03,53,13,602,401,250.81,22,6797
12670,2023-09-10,2,5,602,403,193.86,95,12428
12671,2022-11-29,94,5,602,403,249.9,56,5257
12672,2023-10-11,55,11,602,402,188.94,24,9047
12673,2025-01-20,8,8,601,403,456.67,62,5298
12674,2024-07-18,93,11,605,402,112.25,51,12704
12675,2025-06-17,73,12,604,400,63.38,83,9092
12676,2022-04-19,84,9,600,402,246.32,12,3409
12677,2022-01-29,10,8,602,403,173.58,84,4846
12678,2024-08-07,63,7,602,402,403.92,16,9258
12679,2024-01-01,23,9,601,403,150.2,31,492
12680,2023-11-23,12,8,603,400,120.85,18,5216
12681,2025-04-29,73,15,605,402,352.34,80,13821
12682,2022-08-21,79,8,602,400,340.51,63,3897
12683,2023-10-09,34,7,603,400,369.74,80,5550
12684,2024-12-12,85,2,605,403,287.9,15,9849
12685,2022-10-16,95,1,600,401,197.71,91,1369
12686,2022-07-27,92,14,603,401,229.48,23,8743
12687,2024-07-12,14,11,600,401,440.35,77,4734
12688,2022-03-10,96,9,603,401,456.76,62,12904
12689,2024-03-02,13,12,605,401,431.77,57,185
12690,2024-04-23,53,7,601,401,385.25,82,6665
12691,2025-02-18,99,15,601,400,173.79,52,10001
12692,2024-08-21,96,3,605,401,93.74,76,10318
12693,2024-10-08,3,13,605,403,309.08,77,8964
12694,2025-02-27,78,10,604,401,270.86,14,7853
12695,2023-10-14,1,5,605,400,77.25,51,427
12696,2022-10-24,70,12,601,402,222.69,14,14827
12697,2025-04-30,80,10,605,401,172.05,35,1077
12698,2023-04-14,40,13,605,401,222.18,48,7844
12699,2024-11-11,17,6,602,400,493.24,43,14046
12700,2024-05-29,15,15,601,400,295.24,5,6471
12701,2022-01-21,59,12,600,403,207.22,43,2291
12702,2023-12-25,16,7,601,402,378.8,97,9635
12703,2022-05-15,100,11,604,400,207.22,33,7560
12704,2024-02-24,29,4,605,402,160.38,50,6632
12705,2023-11-16,5,3,603,400,161.09,19,11454
12706,2024-12-15,7,6,605,402,286.05,41,9379
12707,2023-07-01,16,10,600,401,87.32,71,1491
12708,2023-12-18,22,11,601,403,363.51,43,11497
12709,2024-03-20,95,11,605,402,145.7,35,9721
12710,2022-03-13,4,2,600,400,172.68,15,13721
12711,2022-02-14,43,7,600,401,77.87,81,11422
12712,2023-11-13,20,4,600,402,111.84,15,868
12713,2024-01-18,91,13,600,402,95.71,43,6395
12714,2024-08-15,80,3,600,403,256.52,21,12014
12715,2022-08-25,100,5,601,403,368.35,47,7994
12716,2024-02-19,82,6,601,403,293.46,68,3723
12717,2023-12-01,56,2,600,403,231.4,86,2448
12718,2022-08-19,81,8,604,403,65.5,38,10520
12719,2024-11-08,96,13,603,402,223.91,14,195
12720,2022-03-31,95,12,600,400,87.08,82,12602
12721,2025-01-10,27,12,605,402,452.22,7,201
12722,2023-03-12,24,8,601,403,240.26,58,1709
12723,2024-07-07,17,4,600,401,139.24,80,10270
12724,2023-07-24,66,14,601,403,232.96,15,14755
12725,2024-05-26,100,13,602,403,133.32,80,12916
12726,2025-05-05,42,1,605,403,177.11,44,4948
12727,2023-07-25,35,4,602,402,422.66,76,5521
12728,2023-03-21,41,1,604,400,386.7,5,3774
12729,2022-06-26,20,4,600,400,400.47,89,1075
12730,2022-10-06,75,2,602,402,461.38,58,6632
12731,2022-09-08,13,8,605,403,356.47,95,3119
12732,2025-05-19,82,14,602,400,218.32,37,9169
12733,2022-03-19,14,15,604,401,456.36,50,553
12734,2022-01-24,29,14,600,402,194.99,8,9768
12735,2023-04-08,42,2,601,402,485.53,54,7104
12736,2025-01-17,56,8,601,400,261.28,35,3440
12737,2022-12-15,20,2,605,401,473.87,48,6856
12738,2025-02-16,40,6,600,403,95.51,22,4870
12739,2023-10-09,15,7,602,401,76.6,45,1778
12740,2023-02-15,68,3,603,400,235.36,76,4192
12741,2022-01-13,27,15,604,402,368.74,32,9689
12742,2024-07-04,69,7,604,403,345.07,76,7784
12743,2024-05-12,79,14,601,403,497.21,53,11518
12744,2022-03-16,83,1,604,403,368.94,38,12176
12745,2024-08-10,18,2,604,403,329.31,87,14616
12746,2022-12-22,91,5,604,401,226.24,25,9706
12747,2024-05-24,83,12,605,401,137.33,85,10558
12748,2022-07-28,41,7,601,402,426.75,18,14188
12749,2022-10-17,34,1,600,401,132.66,74,14868
12750,2023-06-07,81,7,600,400,183.63,59,1577
12751,2025-04-26,12,3,602,401,124.59,73,12409
12752,2025-01-11,1,7,600,400,326.92,18,2614
12753,2025-03-15,31,14,601,402,296.12,57,14424
12754,2022-10-27,26,5,604,400,246.79,88,4302
12755,2024-11-02,57,2,605,402,359.85,18,3335
12756,2025-06-08,30,9,604,402,447.68,18,12213
12757,2022-05-10,3,15,602,401,153.98,45,12494
12758,2023-10-14,35,15,603,400,331.8,84,4420
12759,2024-01-06,60,13,604,401,232.66,99,8527
12760,2022-12-15,75,11,601,401,299.0,32,14539
12761,2025-02-13,84,8,602,402,421.91,77,8693
12762,2023-01-29,77,2,601,400,218.21,76,11560
12763,2024-05-12,24,15,602,403,66.14,35,10167
12764,2025-06-04,1,4,604,400,408.79,69,1844
12765,2022-10-11,9,11,603,400,212.39,25,5731
12766,2023-11-11,26,12,600,401,483.44,96,3759
12767,2025-05-23,17,15,603,400,83.32,94,8747
12768,2024-10-14,95,4,602,402,476.04,32,6581
12769,2024-05-20,26,2,601,401,156.64,83,11781
12770,2023-03-01,58,13,602,402,270.49,83,9393
12771,2023-05-10,69,13,602,401,239.67,92,12879
12772,2024-11-22,43,1,600,401,95.73,40,5599
12773,2022-09-20,71,5,602,400,278.03,9,499
12774,2024-05-11,22,11,600,403,205.74,44,538
12775,2024-02-14,50,11,604,403,329.47,67,14511
12776,2025-05-22,44,2,604,401,394.56,64,10530
12777,2024-03-09,41,6,601,403,281.67,64,7835
12778,2023-10-29,78,2,601,403,144.68,90,1057
12779,2023-02-22,68,14,602,402,185.52,38,10394
12780,2022-09-24,39,4,602,401,384.21,6,4027
12781,2023-07-01,91,8,602,402,86.28,86,738
12782,2023-06-09,86,2,601,401,157.73,7,6260
12783,2022-11-16,42,5,605,402,68.37,84,3377
12784,2023-05-04,74,9,600,401,452.35,52,13423
12785,2023-01-10,56,9,605,402,428.78,67,8882
12786,2023-02-27,66,14,603,402,183.57,62,6477
12787,2023-04-13,17,7,602,401,484.44,91,9365
12788,2025-01-21,39,8,603,401,425.76,58,8466
12789,2024-10-13,63,6,603,401,434.93,5,4605
12790,2024-10-17,75,5,605,400,280.03,8,14640
12791,2024-12-26,51,9,602,403,366.09,23,14255
12792,2024-05-21,24,9,601,403,320.52,83,3753
12793,2022-02-05,62,12,600,403,349.19,10,14792
12794,2025-02-07,19,12,603,401,122.62,29,10079
12795,2022-10-21,57,11,605,400,188.31,26,8862
12796,2025-03-19,56,6,603,401,74.2,51,4280
12797,2024-02-19,51,5,600,401,391.75,98,2065
12798,2024-11-10,99,2,604,400,487.17,94,341
12799,2024-04-10,81,4,601,403,380.24,55,1785
12800,2023-07-19,100,10,603,401,384.41,40,13477
12801,2024-01-19,18,11,604,400,451.6,66,2676
12802,2025-06-05,20,6,602,400,321.86,84,7967
12803,2025-05-06,24,13,604,402,133.85,54,4895
12804,2022-11-12,46,14,600,401,344.12,68,2805
12805,2024-08-20,18,12,602,402,347.47,97,4357
12806,2024-08-28,95,7,605,400,147.48,75,7340
12807,2024-03-28,99,3,602,401,342.12,73,9896
12808,2023-08-30,32,10,605,403,330.06,40,1367
12809,2025-01-02,53,9,605,403,50.22,89,6195
12810,2024-11-17,81,1,603,403,457.46,75,3730
12811,2024-07-16,16,2,605,401,109.02,20,3745
12812,2022-01-04,34,8,603,403,408.07,72,12767
12813,2024-12-22,48,9,600,401,270.12,33,11590
12814,2024-11-21,72,8,604,401,151.8,56,14409
12815,2023-08-24,56,13,604,403,466.47,32,2797
12816,2024-02-03,44,4,603,400,87.07,90,10510
12817,2023-04-17,39,12,602,403,196.49,76,6094
12818,2023-12-10,42,11,600,400,389.55,23,11144
12819,2022-07-04,24,5,604,403,266.05,33,773
12820,2025-05-25,70,10,602,401,100.07,15,1034
12821,2023-12-15,97,13,600,401,434.98,13,2557
12822,2024-07-29,42,3,600,400,428.53,59,14405
12823,2023-10-09,46,2,601,403,308.78,39,11953
12824,2024-01-21,20,2,601,402,85.7,22,7985
12825,2022-11-28,46,1,601,402,59.97,71,7689
12826,2023-01-20,17,5,601,401,367.87,34,2591
12827,2022-12-15,40,13,604,402,439.74,63,6011
12828,2025-01-09,45,4,600,403,388.78,98,7455
12829,2024-12-18,39,8,602,400,160.46,72,816
12830,2022-02-28,82,8,605,403,383.23,85,4697
12831,2023-09-13,88,2,604,403,87.88,39,6181
12832,2024-07-11,74,14,602,401,343.44,71,9752
12833,2023-06-04,7,7,605,402,277.7,10,9002
12834,2022-05-17,64,5,601,401,437.11,20,7405
12835,2023-04-20,89,15,602,400,157.58,100,9902
12836,2025-05-01,51,13,605,400,466.17,43,4399
12837,2024-04-16,41,12,601,402,248.77,58,13673
12838,2024-09-23,59,5,600,403,55.99,7,12876
12839,2022-05-11,23,12,600,401,73.91,47,4679
12840,2025-05-04,87,2,601,401,456.17,66,8445
12841,2025-01-04,68,2,605,400,281.88,43,11195
12842,2023-07-22,36,12,600,402,427.19,16,2363
12843,2023-09-02,58,5,604,401,260.24,64,4125
12844,2025-04-24,43,1,601,401,422.75,58,9746
12845,2022-03-29,55,10,603,403,221.33,6,10491
12846,2023-09-16,14,7,602,400,83.12,34,12440
12847,2023-02-14,89,14,603,401,230.09,60,14682
12848,2022-10-16,13,14,604,402,320.4,17,11414
12849,2023-04-30,65,12,601,402,367.44,35,2755
12850,2023-03-06,66,14,600,402,483.96,19,14350
12851,2024-03-16,85,3,603,403,271.71,72,6526
12852,2025-04-13,90,12,605,401,79.06,52,8122
12853,2023-10-20,30,14,604,401,464.28,7,4127
12854,2024-06-25,32,8,603,403,482.33,98,14846
12855,2022-06-23,61,3,602,400,241.19,11,7154
12856,2023-06-12,32,11,603,400,289.86,69,13965
12857,2025-03-27,37,4,605,401,370.42,83,8539
12858,2022-07-23,45,8,601,402,499.79,28,12531
12859,2024-12-18,79,10,604,402,290.87,55,9618
12860,2022-06-22,7,2,604,400,479.1,89,9245
12861,2023-04-01,48,13,604,402,474.67,62,12039
12862,2023-05-22,58,2,602,403,77.24,24,13976
12863,2023-07-30,67,5,605,403,66.09,16,9351
12864,2022-03-28,67,7,604,403,190.85,56,2090
12865,2022-01-01,60,13,605,401,404.16,59,6983
12866,2023-04-03,32,7,602,400,382.23,74,8768
12867,2023-03-07,61,5,600,403,128.99,17,3024
12868,2022-11-01,75,8,600,402,109.97,74,9556
12869,2023-04-30,49,7,600,402,64.04,51,12452
12870,2024-03-05,59,1,605,401,399.23,14,8177
12871,2024-09-03,24,4,601,402,458.82,71,9110
12872,2024-08-26,44,7,604,401,446.77,67,10019
12873,2022-03-28,61,2,600,400,118.82,52,3625
12874,2024-12-21,22,9,602,400,134.75,80,9155
12875,2023-03-04,31,6,602,401,284.42,71,2015
12876,2023-12-03,28,5,600,402,405.27,9,6556
12877,2022-09-26,1,8,602,400,218.37,96,9926
12878,2024-02-18,79,3,602,402,152.1,66,4891
12879,2023-06-30,60,12,600,400,284.15,72,14053
12880,2023-10-15,87,6,603,402,393.91,43,9894
12881,2024-01-21,99,9,602,401,341.83,87,3713
12882,2022-01-18,93,8,604,402,292.36,22,7294
12883,2022-09-29,93,3,603,402,343.65,73,8988
12884,2022-02-14,54,15,600,403,346.37,50,2527
12885,2022-11-26,35,1,605,401,451.29,98,868
12886,2024-03-19,40,8,600,401,308.7,27,1266
12887,2023-01-10,87,14,603,401,111.04,69,14575
12888,2024-07-25,96,4,602,402,434.66,84,977
12889,2025-02-15,67,7,601,403,149.8,79,8326
12890,2022-06-04,65,8,600,402,374.57,72,5484
12891,2023-11-10,100,10,601,400,407.39,50,8847
12892,2024-10-28,58,14,601,400,465.74,78,10730
12893,2024-09-08,14,6,601,401,197.92,75,2876
12894,2024-06-02,32,13,603,403,443.22,88,6379
12895,2022-10-23,29,10,600,401,460.74,52,1054
12896,2024-07-30,5,4,604,401,229.63,33,4519
12897,2023-07-19,80,2,603,403,436.89,27,12053
12898,2023-11-17,61,15,600,400,231.79,90,2596
12899,2022-05-17,50,8,601,403,75.52,46,7737
12900,2022-10-19,81,11,605,402,96.38,75,13259
12901,2023-08-27,68,6,604,401,113.2,9,1273
12902,2024-11-20,94,13,600,402,64.99,80,1205
12903,2025-04-20,31,3,601,400,107.19,96,13734
12904,2024-10-14,19,9,601,401,447.91,91,9005
12905,2023-12-14,65,8,602,401,388.24,87,9292
12906,2023-12-30,70,12,601,403,329.75,51,1091
12907,2025-05-06,38,9,600,402,105.22,42,11841
12908,2022-03-10,55,14,600,402,266.88,57,2348
12909,2022-02-04,50,8,601,403,110.16,25,2850
12910,2022-04-20,89,2,602,402,242.91,93,11312
12911,2023-11-21,22,5,604,403,414.82,98,2200
12912,2024-01-22,26,5,605,403,73.65,66,6241
12913,2024-05-28,91,10,601,402,198.39,75,3134
12914,2022-05-25,83,3,603,403,189.41,14,9662
12915,2022-07-20,38,8,604,402,273.48,23,5888
12916,2023-09-04,72,11,605,403,399.92,54,5515
12917,2024-06-26,95,9,602,402,312.28,29,7821
12918,2024-06-29,56,14,600,401,53.25,55,6961
12919,2024-04-06,64,5,605,400,216.64,16,8536
12920,2024-03-02,31,5,600,402,128.84,67,12535
12921,2023-01-23,57,12,603,400,461.99,67,11988
12922,2024-01-24,21,10,605,401,249.24,80,7127
12923,2022-04-11,52,12,600,402,160.3,72,2043
12924,2022-03-30,78,11,603,402,76.71,27,11732
12925,2022-10-26,42,8,601,402,469.12,35,14524
12926,2022-11-04,21,11,605,402,251.02,69,8091
12927,2025-04-22,89,6,600,402,421.66,29,3451
12928,2022-02-21,60,14,603,401,132.21,32,8501
12929,2024-10-01,68,7,604,401,442.82,7,5348
12930,2024-12-13,74,8,605,400,281.61,68,4866
12931,2025-03-23,81,11,604,400,99.11,6,8255
12932,2023-11-17,63,13,605,401,494.04,97,10128
12933,2023-08-08,96,7,600,400,95.48,22,6877
12934,2023-11-18,50,7,605,403,489.94,60,8411
12935,2025-04-25,47,2,600,403,452.13,57,13365
12936,2024-02-23,7,13,600,400,93.57,43,8568
12937,2025-05-18,31,14,601,402,93.94,82,6086
12938,2022-01-10,37,1,602,402,316.64,49,455
12939,2023-07-27,29,6,604,402,320.02,98,1727
12940,2023-09-09,32,14,604,402,407.98,98,3012
12941,2022-02-04,32,15,603,400,435.37,58,2933
12942,2022-08-06,98,15,602,403,127.59,53,11297
12943,2023-05-06,56,7,602,400,456.89,8,1803
12944,2025-04-18,23,6,600,400,232.04,48,11381
12945,2025-06-10,23,11,601,403,380.05,15,10134
12946,2023-03-02,34,10,604,400,344.52,52,2339
12947,2022-05-17,78,14,600,403,317.38,82,7883
12948,2024-12-10,58,7,602,402,346.68,99,3364
12949,2025-04-08,7,2,602,400,321.82,40,10583
12950,2022-03-26,85,7,604,400,171.34,5,7595
12951,2023-12-10,64,2,601,402,89.61,87,14981
12952,2024-07-08,51,6,605,400,96.3,99,2211
12953,2023-02-02,58,5,604,403,87.13,98,3504
12954,2023-01-11,3,5,601,403,160.12,77,14099
12955,2023-08-02,48,5,600,401,57.54,58,603
12956,2023-08-28,45,8,604,403,322.19,6,12146
12957,2022-12-04,39,5,602,400,440.68,28,8656
12958,2022-05-18,72,5,601,403,495.01,16,2583
12959,2023-10-23,89,7,601,402,155.42,72,10987
12960,2024-12-16,83,11,603,401,472.76,53,13509
12961,2022-12-02,42,6,601,402,385.1,59,2786
12962,2023-09-10,63,10,605,401,311.33,35,6371
12963,2023-01-24,37,5,602,402,380.59,36,13323
12964,2024-11-18,8,11,601,402,461.17,25,5417
12965,2024-10-07,98,6,602,402,275.31,67,11312
12966,2024-10-23,59,2,605,402,243.4,94,3860
12967,2023-12-02,74,9,600,400,252.21,49,1272
12968,2024-07-26,25,13,605,400,234.13,89,6663
12969,2024-11-19,41,15,601,402,344.29,6,1546
12970,2025-04-21,32,9,600,401,306.19,66,9378
12971,2024-09-24,25,14,605,401,108.74,42,6076
12972,2025-04-09,36,15,603,402,232.24,17,8600
12973,2023-12-04,23,11,605,403,427.32,54,3140
12974,2022-06-24,17,1,601,402,350.77,81,6030
12975,2023-07-19,12,4,603,400,56.98,8,5597
12976,2023-05-04,3,2,600,400,136.63,61,14048
12977,2022-09-12,90,14,603,402,175.38,32,6224
12978,2024-08-03,81,5,600,401,68.87,90,5088
12979,2022-10-07,12,7,602,400,292.15,26,4023
12980,2022-04-06,75,6,604,403,379.86,93,5673
12981,2023-05-05,58,11,603,402,165.7,61,4501
12982,2024-12-06,48,9,601,402,126.76,87,13538
12983,2025-03-26,20,4,600,402,413.74,69,13208
12984,2022-10-20,74,12,602,402,220.53,88,1505
12985,2022-01-20,24,2,603,401,360.29,34,14603
12986,2022-05-19,26,8,601,400,116.77,92,13341
12987,2022-02-01,54,2,604,403,70.31,10,14079
12988,2024-12-07,2,10,600,403,264.96,14,10706
12989,2024-05-13,47,10,603,401,218.27,18,10685
12990,2024-06-21,44,8,605,400,482.75,88,149
12991,2024-05-10,86,13,602,403,303.81,29,3561
12992,2022-10-31,80,9,600,403,408.57,91,5412
12993,2024-02-02,91,7,601,401,267.3,62,6339
12994,2022-07-12,94,4,605,400,371.67,29,13075
12995,2022-06-05,56,11,604,400,352.28,95,11160
12996,2025-06-29,30,5,605,401,354.23,66,2218
12997,2023-06-21,20,3,601,402,236.51,17,6410
12998,2024-05-16,12,13,601,403,236.01,15,2185
12999,2022-10-19,56,10,605,400,170.06,24,13705
13000,2024-07-04,79,6,605,400,452.25,89,2118
13001,2022-07-31,82,13,601,401,371.32,71,9903
13002,2023-06-24,64,12,600,403,284.67,38,12024
13003,2025-02-08,64,6,601,402,293.15,48,13816
13004,2022-12-14,42,13,603,400,79.95,61,3488
13005,2023-04-10,45,10,600,401,459.04,98,13666
13006,2022-07-21,69,15,604,400,387.6,31,9324
13007,2025-01-11,83,11,603,401,324.73,44,9781
13008,2024-11-20,86,10,605,400,400.15,65,10447
13009,2025-05-21,3,7,605,401,484.58,11,431
13010,2022-08-05,22,11,601,401,493.34,15,8131
13011,2024-03-18,57,13,600,402,342.91,60,13003
13012,2023-02-20,54,8,604,402,126.77,44,8554
13013,2023-01-05,44,2,605,402,114.03,67,10164
13014,2024-10-07,19,4,602,401,327.98,65,7931
13015,2023-05-23,94,5,602,400,337.54,22,5561
13016,2024-09-09,44,10,605,403,381.44,99,8332
13017,2024-11-11,54,2,603,402,62.62,97,278
13018,2022-05-18,70,12,602,400,351.35,55,3219
13019,2024-07-01,10,13,601,401,282.34,66,8180
13020,2024-02-02,39,11,604,401,332.53,51,8598
13021,2022-06-22,55,4,601,403,414.11,50,8291
13022,2024-02-20,40,13,600,403,435.27,6,7954
13023,2024-12-13,18,11,605,403,481.87,91,12003
13024,2025-04-03,90,2,601,402,437.69,75,6259
13025,2024-05-20,81,4,600,401,77.26,35,3632
13026,2023-05-15,7,1,605,401,235.91,45,10683
13027,2022-12-05,78,5,604,401,194.44,59,1766
13028,2024-01-25,10,3,600,401,195.06,37,8041
13029,2023-04-13,77,12,603,401,420.33,97,13383
13030,2025-05-08,17,10,603,401,121.56,38,7787
13031,2024-12-18,85,6,602,400,494.88,10,4991
13032,2022-08-01,21,11,600,402,149.01,40,6883
13033,2025-02-21,46,13,605,403,433.33,27,3904
13034,2023-09-05,83,6,602,400,175.27,56,12482
13035,2024-07-27,50,9,600,401,382.41,24,9994
13036,2023-02-27,43,9,605,400,445.23,17,350
13037,2022-03-16,25,7,605,400,168.97,94,5550
13038,2023-10-03,53,5,602,402,62.81,18,6196
13039,2022-09-20,100,3,603,403,304.75,29,8516
13040,2023-05-08,90,15,601,400,296.15,43,11972
13041,2023-08-17,66,12,602,400,303.69,19,13459
13042,2022-05-12,65,6,601,400,414.17,70,5741
13043,2023-03-20,88,5,603,401,188.2,53,6470
13044,2024-04-11,24,15,601,402,302.09,59,7617
13045,2023-08-12,59,3,604,403,469.73,29,3643
13046,2023-07-01,78,10,603,400,82.24,77,2650
13047,2023-07-12,67,13,601,401,98.89,70,10918
13048,2023-02-21,40,10,602,401,114.33,72,3306
13049,2025-03-25,5,14,600,400,242.19,98,13419
13050,2023-02-19,37,6,603,403,416.27,93,319
13051,2022-11-15,81,15,601,401,328.64,68,14042
13052,2023-03-28,16,11,602,401,144.71,45,12604
13053,2022-10-25,27,1,600,401,366.15,83,1601
13054,2025-06-18,80,4,604,403,257.73,9,3403
13055,2022-11-06,47,12,603,403,385.52,60,14752
13056,2023-03-03,64,1,603,401,327.33,92,9918
13057,2024-03-20,20,4,605,401,65.36,59,4836
13058,2025-03-27,21,15,603,400,202.76,41,889
13059,2024-08-28,86,12,605,400,73.42,60,9540
13060,2023-12-08,68,7,601,402,486.49,66,12470
13061,2022-03-04,25,12,603,401,472.98,24,14573
13062,2024-03-02,69,11,602,400,315.04,40,10392
13063,2023-07-03,26,7,603,403,78.26,70,5311
13064,2025-06-04,28,6,605,400,428.82,62,3595
13065,2024-07-18,66,8,600,403,314.91,90,5635
13066,2023-06-04,100,11,604,402,299.06,85,629
13067,2023-12-01,71,7,601,401,496.7,29,3258
13068,2025-03-18,54,8,603,401,410.44,40,10646
13069,2023-12-30,55,12,601,401,236.77,36,7859
13070,2022-09-15,87,8,601,402,325.9,100,7759
13071,2023-06-28,72,6,603,402,82.85,86,12073
13072,2024-09-01,64,9,602,401,402.99,72,10021
13073,2025-04-20,6,6,604,403,468.59,35,5316
13074,2023-08-07,86,3,604,402,55.94,83,14705
13075,2022-10-28,94,15,604,400,174.64,95,4249
13076,2022-06-30,91,12,604,403,372.58,35,4867
13077,2023-12-07,23,12,602,403,464.87,19,8645
13078,2025-04-18,35,5,603,400,54.82,42,12769
13079,2023-03-08,65,4,601,403,485.5,96,2356
13080,2022-09-08,4,9,605,400,401.17,50,977
13081,2022-03-09,63,8,602,400,225.8,92,2463
13082,2023-01-15,75,8,602,400,84.42,13,10070
13083,2022-08-27,17,14,601,403,240.04,93,6489
13084,2023-11-14,85,10,605,400,78.03,9,172
13085,2024-08-28,58,7,600,402,312.41,6,13355
13086,2023-10-02,31,7,602,401,442.37,45,3031
13087,2025-03-19,71,9,602,402,498.66,95,14856
13088,2025-02-15,2,13,602,400,450.51,34,5485
13089,2022-08-18,83,9,603,400,236.97,80,300
13090,2024-04-04,92,15,602,401,456.48,60,2860
13091,2024-03-22,45,9,600,402,137.5,31,2250
13092,2022-08-12,33,12,603,403,394.59,99,695
13093,2023-10-24,55,3,602,403,291.07,6,11407
13094,2024-11-12,6,2,605,403,318.89,34,10194
13095,2025-05-18,51,6,600,400,109.23,48,8157
13096,2022-11-06,36,4,603,403,164.27,47,3327
13097,2022-06-06,57,15,605,400,188.51,100,13306
13098,2023-01-05,94,15,604,401,303.09,57,10441
13099,2023-11-03,87,6,605,403,492.22,64,1541
13100,2025-02-09,43,1,601,403,186.64,49,9225
13101,2025-06-23,38,6,602,401,341.12,62,9696
13102,2025-04-20,21,8,600,403,271.7,11,13093
13103,2023-12-24,61,12,601,401,273.41,87,14462
13104,2025-02-27,84,7,604,401,69.8,33,854
13105,2024-10-21,95,8,601,403,55.17,47,14402
13106,2023-04-21,23,12,605,400,424.13,92,807
13107,2025-05-14,36,15,603,401,385.15,6,10670
13108,2024-05-03,42,7,602,403,204.15,65,14131
13109,2022-05-03,86,13,600,400,206.51,95,8830
13110,2024-02-14,57,13,605,401,129.19,45,3426
13111,2023-09-15,27,3,602,400,379.55,29,3881
13112,2025-06-03,84,8,601,402,400.0,16,2087
13113,2025-04-08,85,10,605,403,251.9,73,1539
13114,2023-02-14,29,3,602,400,315.6,30,13991
13115,2023-10-09,30,6,601,401,418.14,7,8104
13116,2022-12-03,40,5,605,400,371.59,80,7986
13117,2025-04-29,52,11,605,402,106.07,41,12731
13118,2023-01-17,53,11,605,403,307.03,17,6587
13119,2025-05-10,55,3,605,402,313.53,60,3514
13120,2022-10-13,67,5,603,402,120.83,26,7262
13121,2022-09-14,42,7,600,403,145.19,23,4161
13122,2025-01-31,10,15,605,400,318.79,89,3745
13123,2022-04-21,69,3,601,402,478.62,14,11641
13124,2022-05-20,46,2,603,401,56.48,90,10037
13125,2023-07-14,82,2,602,400,249.14,53,4968
13126,2023-07-28,10,13,601,403,353.13,76,1871
13127,2024-04-05,81,6,602,401,344.34,98,3891
13128,2024-10-05,25,4,603,400,370.29,39,907
13129,2022-03-14,96,8,602,403,397.24,7,12679
13130,2025-06-15,52,4,602,402,390.31,70,1400
13131,2022-03-23,35,10,602,402,77.12,58,3569
13132,2022-11-26,47,8,605,402,202.4,19,4624
13133,2025-01-13,93,11,603,400,342.6,38,5205
13134,2022-11-22,41,8,604,401,334.23,53,4521
13135,2025-05-28,2,8,603,400,333.15,46,2983
13136,2024-05-10,35,9,605,403,354.55,78,9239
13137,2024-07-19,73,3,602,402,402.48,41,5838
13138,2023-10-15,40,9,605,403,241.16,33,635
13139,2022-06-12,83,12,602,401,214.31,74,6704
13140,2022-09-07,48,1,604,401,101.52,20,8384
13141,2024-05-12,57,14,601,400,273.85,80,3519
13142,2022-07-16,45,7,602,403,372.88,27,10609
13143,2024-12-28,95,11,602,401,309.17,58,7471
13144,2022-06-06,6,1,604,403,304.55,77,3033
13145,2022-08-01,62,13,604,403,367.29,16,9813
13146,2025-03-27,90,11,603,403,297.27,98,14417
13147,2023-03-29,25,14,603,402,232.8,99,3432
13148,2022-12-29,94,6,604,402,422.21,84,5258
13149,2022-01-07,87,1,600,401,409.2,14,9328
13150,2023-12-17,12,15,600,401,179.72,56,4027
13151,2022-12-12,11,1,605,400,252.02,91,13713
13152,2024-02-25,5,11,601,403,357.5,32,3979
13153,2023-02-28,51,12,605,403,247.01,53,9080
13154,2024-10-02,23,6,602,400,464.18,89,4069
13155,2022-03-13,32,12,602,402,408.8,55,3214
13156,2024-06-21,15,2,605,400,116.0,22,9090
13157,2023-05-31,75,1,601,400,266.81,56,6117
13158,2022-02-07,13,3,601,400,240.26,79,12067
13159,2023-11-01,58,14,604,400,291.35,33,2190
13160,2024-01-31,63,8,601,401,222.93,71,2151
13161,2024-09-23,10,6,602,403,107.29,90,13911
13162,2024-07-19,74,3,605,403,78.59,81,3442
13163,2023-08-15,63,7,600,400,242.13,68,8169
13164,2024-01-24,36,7,603,400,468.81,32,13025
13165,2024-07-07,6,9,603,401,118.08,16,11435
13166,2022-08-02,82,3,605,403,78.34,36,10686
13167,2024-02-19,4,11,600,403,470.6,91,10265
13168,2023-08-20,34,10,603,400,193.74,92,6129
13169,2022-04-04,94,11,603,403,310.94,78,10939
13170,2025-01-14,43,11,605,400,477.94,69,9957
13171,2022-07-15,17,8,604,402,215.7,18,6437
13172,2024-07-28,90,12,600,403,125.48,97,12139
13173,2023-08-18,22,5,602,401,413.06,79,2733
13174,2024-04-14,26,6,603,401,448.97,73,6049
13175,2024-10-06,14,15,604,403,65.97,17,2786
13176,2024-12-19,10,13,605,402,389.07,10,9121
13177,2023-09-23,9,12,601,402,176.31,56,12054
13178,2022-08-13,94,13,600,400,177.49,26,14801
13179,2024-08-10,5,5,605,402,76.37,9,11904
13180,2024-09-06,97,3,603,400,134.91,31,9521
13181,2023-01-28,88,7,602,402,108.73,54,6665
13182,2023-10-19,81,1,601,402,142.42,70,3208
13183,2025-05-21,74,9,604,403,389.0,87,8792
13184,2024-11-23,22,3,601,403,150.08,17,11408
13185,2025-01-02,25,9,600,400,377.4,34,5678
13186,2023-03-16,30,13,600,400,218.36,8,12263
13187,2022-08-05,47,8,601,403,417.93,99,2976
13188,2024-12-13,39,5,603,400,394.12,76,7805
13189,2024-04-20,40,13,604,403,215.85,59,4012
13190,2022-05-12,35,11,600,401,461.59,52,10044
13191,2024-12-09,28,9,605,402,118.42,41,684
13192,2023-05-26,98,14,602,401,89.81,47,5447
13193,2025-01-30,6,5,601,403,112.27,86,1421
13194,2024-04-04,50,14,605,400,294.76,90,471
13195,2024-01-22,71,14,604,403,441.95,81,7142
13196,2024-04-30,94,9,605,403,233.93,59,6391
13197,2024-08-08,19,4,600,403,119.29,42,3925
13198,2022-11-28,40,6,602,400,170.58,97,4556
13199,2025-01-20,80,5,601,400,101.44,19,6318
13200,2024-04-08,50,7,600,400,54.54,94,3544
13201,2023-12-16,33,7,603,402,73.16,88,375
13202,2022-01-11,94,1,601,400,465.09,77,9484
13203,2024-09-27,42,6,603,402,377.68,35,2849
13204,2022-06-07,8,10,601,400,252.67,60,11678
13205,2024-07-25,49,4,604,403,88.1,65,1942
13206,2025-01-01,20,9,604,402,443.62,14,6338
13207,2024-04-22,77,5,601,400,401.73,5,5242
13208,2023-05-04,98,5,602,400,314.45,51,8185
13209,2024-03-06,69,12,602,400,131.69,25,14335
13210,2022-08-23,64,12,602,403,455.56,72,3350
13211,2023-04-13,64,12,600,400,334.37,98,4215
13212,2024-09-10,79,6,602,403,156.25,79,8479
13213,2024-10-28,34,5,605,400,245.18,46,6280
13214,2023-05-03,54,13,603,401,429.29,12,10011
13215,2022-07-16,84,7,600,401,80.59,70,7188
13216,2024-08-24,93,2,600,401,64.7,54,10934
13217,2023-06-12,52,9,601,401,156.13,75,7557
13218,2022-08-03,72,2,605,402,335.56,53,12255
13219,2023-02-03,99,15,602,401,212.69,48,14588
13220,2023-05-18,41,15,600,403,101.99,84,3507
13221,2024-01-16,45,9,601,401,163.11,17,13350
13222,2022-12-09,6,9,600,403,462.74,83,2166
13223,2024-12-30,37,12,601,401,84.27,9,13716
13224,2024-04-04,86,15,604,402,295.86,66,12879
13225,2024-08-22,71,14,601,401,435.6,74,11870
13226,2025-03-10,34,14,600,401,267.84,26,10054
13227,2022-11-04,66,2,604,403,275.86,34,649
13228,2023-03-30,22,13,600,403,323.18,58,3302
13229,2023-03-07,70,12,600,400,66.89,61,3457
13230,2024-06-18,92,6,601,402,454.75,79,7659
13231,2025-03-10,28,6,601,402,137.32,12,10779
13232,2022-08-02,62,6,603,400,261.05,95,10384
13233,2025-05-13,48,4,605,400,358.15,70,5901
13234,2022-03-26,10,5,602,402,218.77,68,12266
13235,2025-02-28,47,13,601,400,415.09,48,5079
13236,2024-05-30,41,8,600,403,190.88,12,7007
13237,2023-06-26,81,8,604,401,120.97,54,7393
13238,2023-01-13,41,5,605,403,406.03,79,4854
13239,2024-04-06,25,4,602,400,441.76,8,9586
13240,2023-11-23,23,12,604,402,169.78,97,4227
13241,2023-02-10,12,3,602,402,64.3,89,10007
13242,2023-09-05,3,11,604,403,288.89,86,10110
13243,2025-04-25,64,15,603,403,330.17,97,10885
13244,2025-01-16,1,6,601,402,332.63,10,3391
13245,2024-06-23,40,7,600,402,260.67,91,3616
13246,2025-06-14,36,10,605,402,221.8,16,11874
13247,2022-12-03,57,13,600,402,333.01,97,5277
13248,2025-06-08,1,6,605,401,489.63,20,12736
13249,2022-05-30,70,1,600,402,341.8,96,7304
13250,2025-01-19,61,8,605,402,337.73,66,7442
13251,2023-12-08,25,13,600,400,439.22,78,13169
13252,2025-03-31,45,12,605,401,238.54,9,11555
13253,2025-05-11,56,1,600,403,191.11,13,12011
13254,2023-01-28,78,15,602,401,434.36,32,9693
13255,2023-12-25,60,12,602,401,337.75,53,7556
13256,2022-05-10,6,7,601,400,251.25,60,658
13257,2023-10-21,6,14,602,401,145.92,45,4915
13258,2025-01-22,35,15,604,400,147.41,18,5777
13259,2022-05-03,99,9,605,400,458.13,74,5710
13260,2022-03-13,7,11,605,400,432.65,27,6947
13261,2024-05-09,94,11,600,401,253.44,67,14538
13262,2023-04-16,34,7,602,400,499.71,42,6088
13263,2024-05-23,85,7,604,401,230.84,17,2189
13264,2022-11-24,96,10,605,400,127.72,5,12591
13265,2022-03-14,60,11,604,401,142.51,22,5624
13266,2022-01-15,21,2,605,403,84.58,66,13868
13267,2022-03-13,95,12,603,403,82.24,15,4962
13268,2023-11-21,25,6,601,401,380.36,97,6699
13269,2022-09-20,13,10,602,403,98.07,78,5224
13270,2022-06-14,79,10,604,402,80.07,37,14174
13271,2022-09-06,1,12,600,403,285.79,53,9672
13272,2022-12-05,78,13,604,401,210.74,47,2244
13273,2025-05-07,86,9,605,401,66.96,17,2699
13274,2023-04-24,55,2,600,402,243.78,23,7044
13275,2023-02-21,44,12,602,400,276.25,77,11821
13276,2023-08-09,29,15,600,402,378.85,10,2429
13277,2024-01-27,46,15,602,400,237.89,80,11571
13278,2022-05-29,51,8,604,403,336.46,74,14727
13279,2023-01-03,95,3,601,403,402.82,65,1815
13280,2023-12-26,61,3,603,400,433.24,56,8801
13281,2023-08-26,79,14,603,400,258.14,81,804
13282,2023-12-22,58,5,605,400,406.89,35,12311
13283,2024-10-14,15,9,603,403,144.79,72,8851
13284,2023-07-28,88,5,602,402,85.31,55,13900
13285,2022-01-30,21,5,602,401,234.15,47,2596
13286,2023-12-12,93,3,600,400,259.83,6,5857
13287,2023-09-16,53,9,604,401,170.64,90,2774
13288,2025-01-03,3,6,603,401,235.76,39,6054
13289,2024-07-07,91,7,602,402,293.56,81,3996
13290,2022-03-30,97,8,600,403,236.98,36,3619
13291,2023-11-30,12,2,603,400,461.24,84,1444
13292,2024-07-29,89,15,600,401,475.95,82,10827
13293,2023-11-19,89,13,601,403,118.64,88,3620
13294,2024-06-25,40,12,600,402,466.05,97,13704
13295,2025-05-01,18,13,601,402,426.61,88,714
13296,2024-05-03,18,4,603,402,134.09,55,1191
13297,2022-04-20,70,12,604,400,181.14,41,10893
13298,2024-11-05,75,11,602,400,465.47,96,10880
13299,2022-11-12,99,15,602,400,374.9,98,12431
13300,2024-07-02,20,6,604,403,68.64,46,13051
13301,2022-03-16,12,2,602,402,446.33,50,13223
13302,2024-08-07,39,7,605,403,401.39,85,2711
13303,2025-05-16,24,14,602,401,248.34,37,9694
13304,2025-02-07,89,4,602,401,470.61,31,3700
13305,2025-04-16,42,5,605,402,169.87,39,3167
13306,2022-09-22,42,3,605,403,148.92,40,4973
13307,2022-05-02,53,3,601,402,179.02,37,13245
13308,2022-06-15,53,9,602,402,235.98,79,12615
13309,2024-08-02,39,12,605,403,205.96,7,12864
13310,2023-08-04,93,1,600,401,305.74,36,14622
13311,2023-07-03,42,4,605,400,329.14,30,6752
13312,2022-02-11,84,7,600,401,303.89,99,5244
13313,2025-05-04,50,10,600,402,363.0,88,900
13314,2025-02-02,4,5,604,403,414.49,96,6776
13315,2022-02-07,83,8,600,401,204.53,88,11678
13316,2022-08-01,66,4,603,401,315.23,11,5613
13317,2023-06-05,100,1,603,403,140.43,15,14444
13318,2023-01-07,96,13,605,402,165.48,97,12459
13319,2022-04-07,47,11,600,402,349.17,82,11940
13320,2022-01-23,11,7,602,403,81.34,30,1062
13321,2022-11-29,13,12,601,403,303.92,76,9422
13322,2024-01-20,35,15,605,403,471.54,16,11567
13323,2023-08-31,75,12,603,401,205.32,76,1349
13324,2022-02-09,30,13,600,402,125.97,36,10749
13325,2024-07-17,14,9,603,401,479.46,9,7313
13326,2023-10-28,84,10,602,400,170.79,23,9188
13327,2022-11-04,11,4,604,400,168.3,63,5016
13328,2024-11-25,2,8,600,402,398.81,77,4721
13329,2023-05-29,37,3,601,402,466.81,78,9549
13330,2022-07-17,22,15,605,403,335.45,55,2610
13331,2023-06-26,76,1,605,401,229.76,13,4691
13332,2025-01-27,91,12,601,401,282.87,47,1454
13333,2022-03-03,80,5,603,403,275.09,68,3499
13334,2025-04-11,45,11,603,403,413.91,62,12133
13335,2024-07-05,24,14,605,401,427.96,67,14863
13336,2022-03-07,68,13,604,400,306.81,79,10175
13337,2023-01-19,62,3,603,401,305.21,7,462
13338,2025-01-30,90,8,601,403,228.08,12,14031
13339,2025-01-13,80,13,601,401,416.08,89,10085
13340,2022-01-09,17,11,605,402,91.15,41,3612
13341,2022-03-04,13,10,603,403,54.93,15,13080
13342,2024-12-16,13,5,605,403,362.32,19,10805
13343,2022-12-25,30,9,600,400,407.82,79,4213
13344,2024-10-12,90,14,605,400,362.98,75,6185
13345,2022-11-23,90,6,605,401,397.81,96,11938
13346,2025-05-23,29,3,604,403,237.44,71,3176
13347,2024-10-12,83,7,605,403,266.35,77,9472
13348,2025-04-29,41,11,601,403,464.04,59,10439
13349,2024-10-28,90,10,605,403,229.36,41,11280
13350,2025-03-27,96,6,605,401,101.48,31,10066
13351,2022-04-12,53,4,601,401,404.26,71,13289
13352,2022-08-09,54,8,601,401,208.66,93,12418
13353,2023-11-05,86,11,600,400,370.36,21,5914
13354,2022-11-12,47,13,604,401,408.96,27,12783
13355,2022-06-12,80,5,604,401,274.65,10,10124
13356,2025-01-10,98,4,604,403,278.87,39,13190
13357,2025-04-04,32,12,603,401,66.25,48,7478
13358,2025-06-03,23,7,600,400,224.87,72,12642
13359,2023-12-28,83,13,603,402,419.56,21,7109
13360,2022-06-26,1,9,603,402,475.63,8,10152
13361,2023-02-03,97,15,603,401,230.46,69,1348
13362,2025-05-08,12,7,605,402,409.67,32,9156
13363,2025-03-20,51,14,601,401,406.2,94,529
13364,2023-05-12,55,9,602,400,253.8,77,4277
13365,2022-09-28,39,15,600,402,67.88,43,2486
13366,2022-02-20,62,8,601,402,151.33,27,9774
13367,2023-06-14,36,12,600,401,365.31,12,3742
13368,2023-09-30,18,2,600,400,92.84,60,5639
13369,2025-04-24,22,14,604,401,202.97,46,6106
13370,2025-02-26,37,10,603,402,330.57,44,8660
13371,2022-08-28,50,1,601,403,392.13,57,7404
13372,2023-03-02,100,2,604,400,482.61,94,14097
13373,2024-12-16,48,9,602,400,368.73,77,7469
13374,2025-01-28,22,13,601,402,220.45,34,3432
13375,2023-11-07,80,1,604,403,387.64,49,10169
13376,2023-08-21,88,14,605,400,175.55,13,12868
13377,2025-04-27,93,13,604,402,334.65,35,4461
13378,2024-04-13,93,1,604,403,266.2,29,12210
13379,2023-12-05,19,3,601,400,316.39,66,6710
13380,2024-05-01,14,1,602,402,314.13,79,1754
13381,2023-06-02,41,14,602,403,486.13,31,10248
13382,2025-03-27,22,4,602,402,74.96,27,3362
13383,2025-03-17,11,14,600,400,390.9,32,3847
13384,2024-11-29,80,12,603,403,99.77,6,13729
13385,2025-04-18,18,9,603,400,306.72,31,9768
13386,2022-07-08,29,6,600,400,159.23,14,6296
13387,2022-03-30,78,10,604,403,326.73,9,13313
13388,2022-05-18,13,10,601,401,394.76,76,7186
13389,2022-12-12,39,2,600,400,156.68,78,5802
13390,2025-02-10,26,5,600,401,133.66,95,1586
13391,2022-10-31,91,15,604,403,57.84,37,3316
13392,2025-04-08,24,4,602,402,70.4,24,4970
13393,2023-03-15,33,7,603,401,437.1,56,418
13394,2023-09-27,46,3,602,400,477.22,80,4600
13395,2022-05-14,74,1,601,402,283.91,33,5583
13396,2023-11-24,63,10,604,402,219.26,69,1421
13397,2024-11-24,76,8,605,400,66.95,78,8257
13398,2024-03-19,5,4,603,402,185.36,96,863
13399,2024-01-11,88,3,603,403,100.54,12,1415
13400,2022-05-08,82,13,600,402,105.84,95,2968
13401,2022-01-21,6,2,602,400,236.52,10,10086
13402,2023-08-31,13,11,602,403,171.52,54,10058
13403,2025-01-10,79,15,602,400,279.2,93,10186
13404,2022-02-17,46,14,600,400,140.48,27,4735
13405,2025-02-05,51,10,603,400,371.1,99,1108
13406,2023-04-16,56,10,604,400,473.05,86,2581
13407,2025-03-13,80,13,600,402,427.05,17,6517
13408,2025-05-12,98,7,605,403,283.86,18,11966
13409,2022-08-10,85,3,602,400,262.97,89,6800
13410,2024-12-25,24,5,605,400,78.3,83,12321
13411,2022-11-15,42,4,603,402,182.88,65,4823
13412,2023-09-17,84,14,605,400,194.52,62,13458
13413,2024-05-04,58,6,604,402,335.53,74,5621
13414,2023-05-02,2,14,602,403,328.18,67,12148
13415,2023-07-18,80,14,602,401,448.84,86,8032
13416,2024-12-05,66,10,605,403,413.54,97,3960
13417,2024-12-30,77,6,601,403,420.24,95,13161
13418,2022-08-12,66,14,603,402,131.62,71,7429
13419,2025-05-30,10,11,604,400,98.58,43,6708
13420,2025-02-28,48,3,604,401,249.28,88,5618
13421,2022-10-01,24,4,605,401,118.22,44,5163
13422,2024-03-06,2,8,602,403,214.53,96,11120
13423,2022-04-23,48,13,604,403,243.37,69,4385
13424,2025-01-18,94,14,605,402,354.85,50,2826
13425,2022-08-29,19,5,600,403,181.09,30,8872
13426,2024-01-04,55,5,603,400,284.16,33,10373
13427,2022-09-12,16,14,605,403,269.63,5,103
13428,2022-11-17,39,8,603,403,490.29,37,291
13429,2022-06-25,2,13,604,403,54.28,44,11003
13430,2023-05-23,25,15,600,400,362.38,23,2437
13431,2022-05-02,20,3,604,403,89.26,21,332
13432,2024-07-31,47,4,601,400,235.27,9,9746
13433,2023-10-28,38,11,605,402,477.39,83,8168
13434,2025-02-22,42,1,604,403,450.25,22,5029
13435,2023-12-10,16,12,600,402,167.11,56,8973
13436,2023-10-31,80,4,604,401,350.15,39,13824
13437,2024-03-28,100,8,600,402,323.16,32,969
13438,2023-01-31,91,2,602,402,176.29,81,6294
13439,2024-09-19,49,2,602,403,239.88,80,3878
13440,2024-06-05,8,14,604,403,207.26,42,14016
13441,2022-11-06,8,3,601,402,135.75,29,13731
13442,2024-05-26,7,12,604,400,80.66,95,7895
13443,2023-09-28,21,7,605,402,474.54,46,2638
13444,2022-05-15,23,15,604,400,417.83,57,2004
13445,2022-09-08,56,9,600,402,291.3,20,2040
13446,2025-06-12,17,10,600,400,61.51,97,14919
13447,2023-06-18,66,13,605,401,497.41,83,4987
13448,2022-02-09,42,9,602,400,204.69,70,10942
13449,2024-10-07,60,11,605,400,183.26,7,1602
13450,2023-11-30,24,5,602,401,258.8,39,296
13451,2023-06-06,100,13,601,403,472.6,13,14047
13452,2024-09-21,42,12,600,402,212.15,8,3103
13453,2022-12-22,80,2,602,403,180.58,27,12041
13454,2022-02-12,76,3,603,400,238.8,16,4537
13455,2023-11-06,62,7,603,403,266.95,50,13153
13456,2022-03-18,5,12,605,400,499.89,9,14889
13457,2024-06-30,45,7,605,401,377.81,90,6408
13458,2022-04-07,84,8,604,403,280.44,52,1003
13459,2024-09-11,15,7,600,400,342.12,5,2164
13460,2025-01-29,22,11,604,401,91.95,60,7038
13461,2025-05-21,46,13,601,403,173.84,14,2462
13462,2024-09-24,23,10,603,403,363.38,76,5301
13463,2024-04-23,21,6,604,400,475.95,69,12511
13464,2022-01-14,60,14,603,400,89.14,30,11406
13465,2023-12-20,40,13,602,400,214.42,5,7412
13466,2024-05-31,18,9,603,403,103.26,63,14744
13467,2022-01-15,83,3,601,403,279.43,14,5594
13468,2025-06-01,6,13,604,402,346.68,59,11777
13469,2023-10-17,56,7,603,400,371.35,93,3496
13470,2022-03-15,88,7,601,401,425.95,77,12182
13471,2024-06-25,15,15,605,401,359.07,80,6465
13472,2022-07-02,69,8,605,402,196.18,17,6772
13473,2022-04-29,15,13,602,402,486.35,34,2937
13474,2022-10-02,48,1,603,403,198.15,55,6350
13475,2024-06-25,11,6,605,402,152.77,88,10323
13476,2023-09-30,62,1,602,401,440.68,52,167
13477,2025-05-19,93,8,603,400,85.92,43,3035
13478,2023-01-22,70,6,605,403,164.82,67,14400
13479,2025-04-18,87,3,603,403,284.94,93,2107
13480,2023-02-22,58,4,602,402,99.07,45,12302
13481,2024-12-06,91,2,604,403,151.21,31,9792
13482,2025-05-22,57,2,600,403,393.75,57,12909
13483,2022-09-22,74,13,603,402,260.07,49,5809
13484,2022-11-20,81,7,601,403,391.64,45,13263
13485,2024-12-24,86,14,601,402,424.48,63,10944
13486,2024-10-10,47,13,603,403,180.03,99,12832
13487,2024-02-05,21,12,605,403,129.04,15,9574
13488,2023-04-11,33,12,603,400,155.64,15,5273
13489,2024-02-12,86,3,604,403,130.6,69,3680
13490,2022-08-10,5,2,601,402,215.94,63,12015
13491,2025-03-19,89,1,603,401,297.73,32,202
13492,2024-06-23,95,12,602,400,181.07,9,11722
13493,2024-01-11,2,5,603,400,320.41,9,13419
13494,2024-07-21,68,14,603,401,160.32,36,8628
13495,2024-01-26,56,10,602,400,363.74,44,13978
13496,2024-07-23,91,9,604,400,348.44,43,3692
13497,2023-05-04,37,14,600,401,485.11,72,510
13498,2022-12-27,49,8,601,401,136.02,20,5100
13499,2022-12-18,5,10,600,401,352.36,62,8873
13500,2023-07-28,79,14,604,402,362.43,5,2019
13501,2025-05-01,82,12,600,402,70.83,56,12331
13502,2024-04-03,83,2,604,401,483.66,34,1355
13503,2022-02-11,88,10,605,400,437.6,86,1175
13504,2022-10-19,44,9,605,403,197.38,28,8761
13505,2024-02-17,54,12,604,403,494.92,34,4507
13506,2024-12-23,15,11,605,402,235.75,82,1261
13507,2024-08-06,62,6,601,402,333.28,20,8680
13508,2025-03-18,25,3,601,403,357.14,14,6428
13509,2022-05-05,100,12,603,400,433.91,87,10599
13510,2023-11-08,80,5,600,402,253.82,79,4517
13511,2024-11-13,49,2,602,403,351.13,72,11141
13512,2024-11-13,44,12,603,403,171.44,48,8617
13513,2022-04-03,1,4,600,403,483.15,8,5663
13514,2024-09-05,59,10,604,400,344.7,69,1799
13515,2024-04-05,77,13,602,400,419.53,38,10338
13516,2022-11-13,49,4,602,401,54.2,97,11624
13517,2022-05-17,68,1,603,401,239.97,54,9029
13518,2024-12-03,23,4,605,401,162.35,55,2396
13519,2022-11-21,39,11,605,403,440.93,67,424
13520,2022-02-25,44,11,605,401,240.49,16,9374
13521,2023-08-05,95,1,605,403,434.46,87,2951
13522,2023-07-10,35,3,604,401,263.91,5,7919
13523,2025-03-06,83,11,600,403,351.13,50,3620
13524,2022-05-09,4,5,600,400,493.51,14,11279
13525,2023-04-09,40,5,603,400,169.18,76,1869
13526,2023-02-25,37,11,601,400,233.43,98,1173
13527,2022-10-13,99,7,602,402,233.05,34,3445
13528,2023-02-05,42,14,605,401,369.44,14,297
13529,2022-09-03,12,3,605,400,90.29,41,2419
13530,2024-09-20,8,8,601,401,218.78,39,13529
13531,2024-10-22,36,2,605,403,433.95,47,7254
13532,2023-06-27,50,5,603,400,226.96,8,8204
13533,2022-04-14,54,4,604,402,424.8,46,9223
13534,2022-01-17,1,1,603,403,327.26,20,8451
13535,2022-11-22,77,9,600,400,419.7,91,13422
13536,2025-03-13,39,15,604,400,292.3,38,5574
13537,2023-05-10,11,15,604,402,122.8,22,6425
13538,2025-05-21,42,15,603,400,202.61,29,4049
13539,2022-04-26,41,12,604,403,423.57,90,4938
13540,2022-06-20,41,15,604,400,89.19,85,8951
13541,2023-03-19,36,4,604,402,326.08,31,11757
13542,2024-09-29,23,13,603,402,374.02,25,12917
13543,2024-08-01,78,12,603,402,195.0,10,3639
13544,2022-08-19,25,9,601,403,165.23,23,4908
13545,2025-03-27,49,6,603,401,62.72,40,7744
13546,2023-01-28,69,13,601,401,318.63,99,9873
13547,2023-12-03,75,4,601,403,121.9,89,9466
13548,2024-10-28,6,1,602,400,360.91,42,4778
13549,2025-01-11,50,6,602,400,225.53,80,14899
13550,2022-05-29,82,4,603,400,248.56,14,1761
13551,2024-04-02,54,9,601,403,414.23,76,6906
13552,2023-03-13,2,14,602,402,177.08,17,11388
13553,2023-05-05,93,8,603,401,63.52,88,9460
13554,2023-04-24,43,12,605,400,272.75,37,11015
13555,2022-12-02,70,14,604,400,345.82,75,12556
13556,2022-05-01,43,15,603,403,234.5,42,12624
13557,2024-03-16,99,13,605,402,269.68,74,11542
13558,2022-03-01,29,10,604,403,385.48,87,123
13559,2023-03-05,39,5,601,400,427.13,22,13305
13560,2022-10-07,54,7,600,403,460.97,13,10898
13561,2025-04-10,50,1,603,401,57.36,27,2981
13562,2023-02-08,30,2,602,403,418.59,98,7886
13563,2024-06-15,64,13,603,400,294.27,82,1592
13564,2022-03-23,86,6,602,401,300.25,47,10323
13565,2022-10-25,39,15,604,400,493.12,76,10357
13566,2022-12-11,74,7,600,402,255.38,10,13299
13567,2025-02-25,28,4,600,400,240.38,68,8811
13568,2023-04-21,73,4,602,400,84.21,95,7649
13569,2023-06-26,66,5,604,401,128.41,45,13005
13570,2023-03-26,20,10,604,403,434.04,28,2981
13571,2022-07-04,84,10,602,401,350.55,52,12423
13572,2023-06-26,62,13,604,403,439.48,45,9766
13573,2024-06-29,84,13,601,400,233.18,33,5402
13574,2023-10-21,2,13,605,403,209.84,100,12148
13575,2023-01-28,28,15,604,402,59.61,44,13489
13576,2025-03-31,33,1,603,402,182.2,19,10739
13577,2022-03-12,8,6,604,400,170.83,42,7982
13578,2022-10-28,21,5,603,401,297.88,65,5270
13579,2025-06-03,17,9,600,403,408.38,29,285
13580,2022-09-15,33,10,605,400,328.53,41,9560
13581,2022-07-18,79,12,605,401,256.88,75,840
13582,2022-03-30,34,15,605,403,63.68,16,1691
13583,2023-09-16,59,1,601,403,382.94,86,9743
13584,2022-11-01,12,10,602,401,442.85,41,9121
13585,2022-01-03,53,1,604,402,289.14,94,12179
13586,2024-08-30,46,6,604,400,308.38,62,9208
13587,2024-11-13,56,12,602,402,222.28,33,12798
13588,2024-05-16,69,4,600,401,99.67,26,5324
13589,2022-02-12,38,10,603,401,391.94,47,11180
13590,2025-06-05,51,5,603,400,116.47,68,13009
13591,2023-07-10,20,9,600,400,269.1,76,11464
13592,2022-11-04,17,7,601,401,305.76,56,13398
13593,2024-09-03,36,2,603,402,88.45,81,9441
13594,2022-08-20,4,3,602,402,130.43,64,13620
13595,2022-11-08,62,6,600,403,272.43,57,11114
13596,2022-03-27,9,9,604,402,258.15,50,13497
13597,2024-12-11,19,9,605,400,144.06,79,11333
13598,2023-01-26,73,7,601,403,267.17,26,7565
13599,2022-10-08,88,11,605,402,242.01,11,3434
13600,2022-05-01,71,7,603,403,260.82,64,2051
13601,2022-04-10,3,5,603,400,494.8,95,14840
13602,2022-05-16,20,15,605,400,398.76,36,9580
13603,2024-08-04,97,14,601,403,253.2,28,12613
13604,2023-05-12,45,1,601,401,283.84,61,4598
13605,2022-06-07,17,1,602,403,264.4,5,4520
13606,2024-04-30,19,5,605,403,154.72,95,13097
13607,2022-08-28,21,4,605,401,285.86,60,2085
13608,2025-06-29,1,4,602,403,127.02,67,11708
13609,2024-06-11,80,14,603,400,270.78,46,3327
13610,2023-06-21,65,2,605,402,212.29,17,1943
13611,2024-07-26,69,14,603,400,101.83,58,9775
13612,2023-02-15,6,15,600,403,288.52,79,1899
13613,2023-06-01,14,6,603,401,157.4,45,11119
13614,2025-04-23,30,7,602,403,391.73,93,3959
13615,2022-12-13,45,10,603,400,138.12,25,14345
13616,2022-05-18,91,8,605,400,74.49,17,767
13617,2023-12-24,24,4,604,402,115.88,89,11696
13618,2022-07-22,38,3,600,401,168.79,10,3424
13619,2022-07-16,17,11,605,401,318.45,71,8704
13620,2024-04-27,56,12,605,403,71.89,15,9887
13621,2023-12-05,68,8,604,401,414.56,84,4416
13622,2023-05-03,33,5,600,400,288.25,67,8760
13623,2023-02-28,100,13,602,403,232.98,13,1703
13624,2025-04-14,35,9,601,403,186.0,9,3976
13625,2022-03-11,90,1,605,400,259.43,47,6391
13626,2022-09-23,63,5,605,401,362.55,67,11422
13627,2023-05-20,31,13,602,402,403.2,43,13900
13628,2025-06-12,82,14,601,401,176.2,45,9397
13629,2023-01-27,5,11,600,401,252.97,72,7126
13630,2024-01-26,10,2,601,400,198.02,48,6140
13631,2023-04-11,61,14,601,400,170.88,82,14765
13632,2023-05-10,66,8,603,401,317.95,18,13953
13633,2023-12-22,44,3,603,402,119.51,79,4421
13634,2022-07-15,79,9,602,400,465.49,19,6478
13635,2025-04-22,9,15,601,403,469.44,54,3365
13636,2023-07-19,82,11,604,402,296.36,67,9063
13637,2022-09-16,37,11,605,400,64.51,62,9685
13638,2022-09-06,44,4,602,403,166.77,73,3715
13639,2024-07-02,49,9,601,400,387.14,10,589
13640,2022-03-09,35,7,602,402,90.71,71,2726
13641,2023-01-18,35,9,603,400,219.91,49,3893
13642,2022-01-31,74,13,603,403,499.75,67,2030
13643,2023-05-18,55,10,602,400,316.04,49,9378
13644,2024-06-19,95,14,603,400,264.15,43,10917
13645,2022-01-30,93,14,601,400,76.96,30,7921
13646,2024-01-23,81,3,605,400,256.4,41,14203
13647,2023-08-01,7,2,602,403,497.75,9,1517
13648,2024-06-12,2,10,601,401,72.03,64,10592
13649,2023-02-14,77,9,603,402,254.24,60,11404
13650,2025-01-08,5,14,600,402,498.29,70,4310
13651,2024-09-07,64,5,604,400,446.82,51,3253
13652,2023-08-02,21,12,603,401,141.63,76,10811
13653,2025-05-27,53,13,605,400,175.96,42,5484
13654,2022-03-10,96,12,600,402,74.75,14,12318
13655,2022-11-25,87,2,600,402,425.56,69,11076
13656,2022-07-24,95,1,601,400,403.16,89,5227
13657,2025-01-25,22,10,605,401,315.92,71,474
13658,2022-06-12,22,3,600,402,430.29,53,10262
13659,2024-04-04,83,15,604,402,438.04,12,3895
13660,2023-12-06,62,14,603,401,339.05,83,2577
13661,2022-04-11,35,7,602,402,174.61,78,4366
13662,2025-02-16,42,11,603,402,335.17,34,10783
13663,2023-06-09,79,11,600,402,187.46,79,1271
13664,2022-03-28,94,13,600,401,67.18,93,13070
13665,2023-08-08,25,10,605,402,147.15,10,5815
13666,2024-11-18,38,15,603,403,456.27,75,7193
13667,2023-07-04,43,7,601,402,341.39,84,10103
13668,2024-12-06,96,14,601,400,247.91,73,14725
13669,2022-02-09,55,12,603,400,372.32,29,11372
13670,2022-02-04,56,13,600,403,395.77,76,373
13671,2023-05-19,31,13,604,400,290.34,55,5297
13672,2024-05-22,8,7,600,402,222.8,7,6580
13673,2022-03-11,50,14,601,402,370.18,57,2482
13674,2022-09-28,99,6,604,401,203.86,42,9706
13675,2022-09-26,23,1,603,400,63.81,97,4398
13676,2023-11-13,25,1,605,402,468.18,12,2743
13677,2022-06-11,19,6,601,402,401.07,86,2628
13678,2022-12-12,28,9,605,402,344.4,15,4812
13679,2023-03-04,45,3,600,402,113.01,16,2836
13680,2023-07-11,64,10,604,400,193.28,79,618
13681,2023-09-03,86,13,602,402,178.71,38,4534
13682,2022-03-06,28,11,604,402,270.41,90,3807
13683,2022-11-21,38,7,605,400,179.72,19,5574
13684,2022-08-12,62,1,602,402,52.92,92,7120
13685,2024-04-11,64,11,601,403,480.81,91,12712
13686,2024-08-11,29,11,602,402,94.04,26,3009
13687,2022-01-26,69,4,604,400,347.36,5,2239
13688,2022-01-03,53,12,605,402,489.76,20,868
13689,2022-04-01,74,1,601,403,134.34,92,6015
13690,2024-07-18,8,6,600,403,217.81,43,1645
13691,2024-01-08,61,12,602,401,276.36,78,274
13692,2023-11-18,84,10,601,402,418.23,62,13191
13693,2025-05-19,85,2,603,402,220.91,94,6798
13694,2025-02-22,84,9,604,403,104.67,28,3378
13695,2022-06-15,17,7,600,403,413.58,29,922
13696,2024-05-29,98,1,601,403,490.95,85,12724
13697,2023-09-03,33,7,601,403,283.8,68,2142
13698,2024-05-27,6,15,602,402,91.49,39,9800
13699,2023-04-11,4,13,600,400,55.43,28,2357
13700,2024-07-06,7,9,604,403,85.28,76,11800
13701,2024-08-02,71,5,604,403,150.95,23,14685
13702,2022-12-03,6,7,601,400,438.45,54,8911
13703,2024-09-12,49,15,600,400,272.73,92,11543
13704,2024-04-24,58,12,604,400,255.6,12,12074
13705,2023-01-01,41,7,601,400,488.37,6,4914
13706,2024-06-14,91,5,604,403,224.74,38,13386
13707,2025-05-09,65,13,600,400,124.65,41,12808
13708,2022-01-03,82,4,604,402,248.77,13,1483
13709,2022-02-27,64,15,602,400,162.86,74,3313
13710,2025-06-26,7,15,600,402,223.73,57,6780
13711,2023-11-27,54,10,603,402,494.8,41,7536
13712,2023-10-04,44,14,602,403,489.65,47,4985
13713,2022-05-09,73,6,600,402,462.59,75,10285
13714,2022-07-05,17,7,605,400,274.95,90,11103
13715,2023-11-21,70,5,603,400,358.61,16,6167
13716,2023-11-01,67,14,603,403,356.56,59,6245
13717,2024-03-26,64,14,602,401,377.18,84,2990
13718,2022-09-29,92,11,603,403,149.09,60,4622
13719,2024-05-22,73,13,603,400,116.37,28,13717
13720,2022-10-24,65,14,605,402,400.45,85,6808
13721,2022-12-28,94,3,604,401,373.9,20,9235
13722,2025-05-25,6,10,604,400,222.42,52,13994
13723,2023-09-03,10,11,603,400,375.19,83,258
13724,2024-11-23,17,8,600,403,119.67,71,8310
13725,2024-11-07,29,8,603,401,148.12,77,7182
13726,2022-10-15,96,4,600,400,166.53,36,13057
13727,2023-09-02,57,1,604,401,75.88,65,14765
13728,2022-12-10,82,15,603,401,74.96,30,11009
13729,2023-07-13,14,8,604,403,319.83,55,14106
13730,2022-04-17,46,8,604,402,285.63,50,8436
13731,2022-12-01,95,13,604,400,147.24,29,10746
13732,2022-02-15,14,9,601,400,393.57,19,11631
13733,2023-07-18,17,13,602,403,291.94,29,1794
13734,2023-08-01,28,6,602,400,242.91,56,2037
13735,2024-11-29,56,10,605,400,73.46,90,2631
13736,2023-12-09,45,6,600,401,149.69,93,4416
13737,2024-09-04,5,1,600,400,470.58,52,8344
13738,2022-01-31,23,12,605,400,350.47,26,12325
13739,2025-02-17,79,4,605,403,242.32,37,10529
13740,2022-07-31,90,15,604,402,410.21,62,9671
13741,2023-03-15,8,1,605,400,84.99,32,13373
13742,2022-03-05,15,13,604,403,68.68,56,4634
13743,2024-06-02,2,10,601,400,106.88,56,5594
13744,2023-01-25,100,3,600,402,118.37,83,12878
13745,2025-04-02,18,12,604,401,393.82,77,5405
13746,2023-06-19,2,5,602,400,367.21,5,1082
13747,2023-01-15,62,6,604,403,64.6,89,1628
13748,2023-12-07,60,4,605,403,250.15,33,3287
13749,2023-04-18,59,13,604,400,410.95,19,9985
13750,2023-01-17,78,5,602,400,436.2,96,184
13751,2023-07-27,82,10,600,401,404.86,88,9791
13752,2023-02-23,81,13,600,402,139.49,64,6112
13753,2023-08-26,4,4,601,400,138.58,64,9520
13754,2024-07-26,20,1,605,402,328.42,80,14280
13755,2024-08-23,9,14,605,403,130.47,35,3436
13756,2023-01-16,72,5,601,401,102.8,16,220
13757,2023-06-29,93,10,603,401,61.57,73,6126
13758,2023-12-02,99,8,604,401,363.54,43,7401
13759,2023-09-07,79,5,600,402,192.27,7,10853
13760,2024-03-05,76,9,604,402,207.51,48,1603
13761,2025-03-13,19,10,604,403,152.15,34,10242
13762,2022-11-04,13,14,603,403,319.79,93,10580
13763,2022-10-22,33,11,600,403,260.14,21,8505
13764,2024-07-13,96,2,602,402,400.48,15,3666
13765,2023-04-04,93,6,602,400,281.89,27,6333
13766,2025-05-17,86,7,601,403,486.87,36,6056
13767,2022-01-27,100,4,600,402,96.39,30,14799
13768,2023-09-14,27,3,604,401,429.25,20,13236
13769,2023-04-27,82,2,603,402,493.86,26,1159
13770,2025-04-12,65,2,603,400,296.84,27,6708
13771,2023-05-24,55,6,604,403,117.65,98,12500
13772,2024-07-16,1,1,600,403,326.98,21,11681
13773,2024-10-09,71,14,600,403,99.41,44,9246
13774,2023-01-19,81,9,603,403,270.24,10,8553
13775,2023-09-26,36,8,604,400,149.34,48,2165
13776,2022-03-26,56,10,605,402,155.96,78,10194
13777,2024-08-20,82,4,600,402,346.49,84,4968
13778,2022-12-06,3,1,603,402,484.74,7,11990
13779,2022-04-03,30,3,604,401,162.39,37,9956
13780,2023-02-07,18,5,603,403,176.1,95,12360
13781,2022-05-27,78,15,603,402,67.08,45,13944
13782,2023-01-26,43,6,601,400,228.95,49,5266
13783,2022-05-06,70,2,600,402,87.09,82,5112
13784,2023-02-19,99,3,605,401,376.65,55,4735
13785,2023-04-19,12,7,603,402,113.67,18,4703
13786,2023-11-17,75,10,602,400,192.31,65,6231
13787,2025-01-02,100,12,600,403,193.02,90,13777
13788,2022-03-31,89,12,605,402,337.73,35,9513
13789,2022-12-18,35,11,605,402,423.44,97,2691
13790,2024-01-29,39,14,604,400,440.47,93,3427
13791,2025-02-03,37,10,605,402,109.37,7,8660
13792,2024-12-26,7,5,600,403,61.64,36,1597
13793,2023-07-03,22,12,605,401,374.12,22,270
13794,2023-08-15,74,8,600,403,193.07,17,5222
13795,2023-03-02,96,15,600,402,75.8,47,10952
13796,2025-02-05,51,11,601,402,310.32,83,7039
13797,2025-02-04,9,3,603,401,142.84,39,10897
13798,2024-03-08,32,9,604,401,58.21,12,11096
13799,2024-08-17,33,5,603,400,485.66,60,13518
13800,2024-05-28,7,12,602,401,449.53,97,7080
13801,2023-08-20,23,1,604,401,338.22,63,6911
13802,2023-11-20,80,12,605,403,149.91,59,14360
13803,2024-12-24,57,15,601,402,150.41,86,13698
13804,2022-06-11,21,14,602,400,210.83,87,5877
13805,2023-07-22,99,3,603,400,234.04,98,1828
13806,2024-05-15,98,2,605,403,52.03,54,11669
13807,2025-02-06,79,10,602,402,388.57,66,6494
13808,2023-05-29,1,3,605,400,383.67,9,13580
13809,2025-03-14,83,9,605,401,178.38,28,8329
13810,2024-10-09,54,9,600,400,199.88,98,7449
13811,2023-09-02,5,4,602,401,474.18,91,1069
13812,2024-01-24,37,10,603,401,152.42,95,690
13813,2025-06-21,36,10,601,402,337.04,67,13121
13814,2023-11-04,13,2,600,400,184.41,73,8586
13815,2022-01-07,46,9,605,401,346.11,62,5241
13816,2023-11-03,44,13,605,403,184.61,6,13325
13817,2025-01-06,45,14,604,400,433.68,50,1714
13818,2024-09-18,54,5,605,403,198.04,39,7716
13819,2024-09-05,3,9,601,403,336.07,85,3388
13820,2022-05-13,80,12,600,402,241.65,70,11012
13821,2025-01-29,56,2,603,403,467.38,42,8114
13822,2023-12-05,33,10,600,403,319.7,33,2660
13823,2023-08-18,25,4,601,403,307.81,64,8933
13824,2024-05-03,75,13,600,401,110.31,60,7989
13825,2024-02-03,68,12,601,401,319.66,9,3803
13826,2022-07-12,96,4,604,401,292.68,78,7729
13827,2022-08-16,24,11,602,401,334.0,82,5400
13828,2022-06-13,67,5,600,400,98.15,57,6357
13829,2023-08-08,79,2,601,401,201.92,76,12752
13830,2025-06-06,58,2,602,401,286.04,83,5830
13831,2023-10-06,30,2,601,403,368.49,36,12222
13832,2023-10-05,91,14,602,401,84.07,14,3423
13833,2025-02-05,28,13,601,401,107.71,84,6075
13834,2022-04-02,4,1,604,401,449.2,92,1119
13835,2022-07-27,65,8,602,403,332.89,7,602
13836,2023-01-21,51,1,605,402,353.41,97,14380
13837,2024-02-18,69,9,604,402,161.58,6,10843
13838,2023-02-19,49,5,603,400,100.29,26,11360
13839,2023-02-18,22,15,601,401,71.64,42,4337
13840,2022-05-09,97,1,605,402,490.32,23,12538
13841,2023-05-13,56,11,605,400,212.52,84,991
13842,2022-07-02,68,15,604,401,145.22,64,14492
13843,2023-02-20,37,2,605,403,339.79,42,10084
13844,2022-04-30,68,11,604,400,215.1,50,2613
13845,2024-11-07,8,2,602,401,99.86,69,4123
13846,2022-04-15,58,12,603,401,489.32,31,10037
13847,2022-03-06,93,7,602,402,364.95,65,3983
13848,2024-05-06,79,12,601,402,186.06,5,3300
13849,2023-12-29,58,11,603,401,59.96,10,658
13850,2022-11-15,61,2,604,402,108.1,37,13137
13851,2022-09-17,82,5,604,402,63.21,33,3632
13852,2022-02-25,37,11,605,402,322.47,14,6778
13853,2023-01-01,43,8,605,402,143.89,44,2572
13854,2023-09-25,26,11,602,401,61.31,30,13052
13855,2023-03-02,36,5,602,403,344.16,68,12342
13856,2022-01-02,29,11,602,403,331.56,42,11250
13857,2022-01-07,1,15,601,403,388.21,43,11888
13858,2024-02-06,18,12,603,400,452.09,78,6847
13859,2024-01-30,90,11,604,402,212.88,58,8302
13860,2024-12-21,35,2,605,403,242.24,5,5006
13861,2022-04-09,96,5,601,400,277.64,49,9845
13862,2024-11-10,65,6,603,401,497.48,87,8625
13863,2024-10-15,66,10,603,400,105.17,83,5877
13864,2024-01-11,57,14,603,400,201.1,43,14642
13865,2022-11-21,39,5,603,402,207.75,76,416
13866,2022-07-29,54,2,605,401,88.15,8,13793
13867,2022-02-13,56,3,604,402,367.53,96,14028
13868,2025-05-11,56,8,601,400,264.36,49,7634
13869,2023-02-02,46,12,604,400,358.43,52,281
13870,2024-08-05,6,7,604,402,360.55,20,4911
13871,2023-06-17,8,10,601,402,289.68,15,1052
13872,2023-11-08,7,1,603,401,117.63,68,4185
13873,2022-02-20,10,6,603,402,409.22,23,12025
13874,2023-10-11,33,11,604,401,183.82,100,8518
13875,2022-10-27,73,1,605,401,385.73,26,14186
13876,2024-04-01,9,11,602,400,383.14,77,5160
13877,2024-07-17,73,12,605,400,71.07,94,8352
13878,2023-06-03,69,10,601,400,371.64,30,354
13879,2022-11-12,40,7,603,402,308.66,7,7570
13880,2022-11-07,92,11,605,400,358.09,30,13026
13881,2022-10-14,33,5,600,402,474.17,9,10554
13882,2024-12-10,8,4,603,403,341.31,95,5858
13883,2024-07-07,22,13,604,402,373.09,85,12806
13884,2024-07-22,99,10,600,400,271.33,44,6328
13885,2022-10-01,74,12,604,402,403.52,35,2255
13886,2022-12-15,72,11,603,400,282.3,30,2531
13887,2025-04-09,79,9,602,403,185.48,57,4470
13888,2022-01-23,59,13,604,403,282.81,74,2061
13889,2025-01-19,71,13,600,403,199.56,26,10707
13890,2022-04-26,91,3,601,402,175.04,62,13894
13891,2025-03-20,46,10,605,403,467.17,97,237
13892,2023-02-04,47,4,601,401,325.31,52,486
13893,2022-02-01,6,14,601,402,236.42,56,6053
13894,2024-03-11,98,4,605,402,298.15,18,5514
13895,2024-05-13,29,7,605,401,421.2,7,1206
13896,2024-03-08,13,5,600,402,189.91,7,9234
13897,2022-01-13,96,12,600,403,88.29,11,7768
13898,2025-04-02,92,7,602,402,493.94,85,11125
13899,2024-09-14,82,2,601,401,272.85,8,4068
13900,2024-01-20,47,14,602,403,403.03,24,10235
13901,2024-06-16,66,1,605,402,150.26,46,12100
13902,2024-05-26,30,13,601,403,335.63,97,7301
13903,2022-04-21,69,12,601,401,189.26,40,10093
13904,2022-03-27,64,10,605,403,131.81,56,14118
13905,2023-05-25,98,10,605,400,367.9,49,6696
13906,2024-07-13,16,13,602,401,388.86,62,6724
13907,2023-03-01,41,12,602,401,360.75,27,400
13908,2023-04-16,20,15,600,402,252.56,45,8397
13909,2023-03-21,14,9,601,401,164.23,10,6729
13910,2023-12-07,6,6,605,400,474.06,23,4241
13911,2024-06-16,5,3,602,401,378.77,76,3703
13912,2023-09-21,14,10,602,403,360.98,18,11827
13913,2022-11-15,14,8,603,402,482.31,13,8162
13914,2023-12-02,78,1,604,403,90.06,20,1492
13915,2023-04-13,70,10,600,403,102.46,47,2938
13916,2025-06-11,46,8,603,403,455.72,90,10151
13917,2023-08-19,94,15,603,401,173.1,6,3582
13918,2025-03-06,15,1,600,403,339.07,9,1740
13919,2022-04-05,73,15,602,402,298.28,21,7121
13920,2024-12-12,53,8,605,400,459.64,13,2736
13921,2024-02-29,76,2,603,400,282.19,20,14317
13922,2023-03-07,70,10,602,402,303.15,38,11827
13923,2024-04-17,87,11,601,403,466.33,26,10522
13924,2024-09-19,6,4,604,401,268.79,66,4446
13925,2023-10-28,91,1,603,400,192.48,96,7055
13926,2024-03-12,15,6,600,401,74.33,72,3813
13927,2022-08-31,31,4,605,402,390.44,59,7382
13928,2025-05-15,46,8,603,401,455.43,88,10213
13929,2022-08-26,13,5,603,401,296.34,7,3546
13930,2024-04-01,62,14,600,400,363.06,15,6184
13931,2024-11-16,73,4,604,401,80.95,40,4645
13932,2022-09-24,2,10,605,401,391.96,38,6885
13933,2022-03-19,68,3,600,403,462.75,45,12953
13934,2024-10-05,37,10,604,403,220.56,23,13545
13935,2024-10-20,86,3,601,402,251.28,73,10628
13936,2023-10-22,59,14,605,402,78.89,61,9822
13937,2025-05-16,80,5,603,400,474.78,82,12416
13938,2023-03-22,85,6,604,400,286.58,94,6557
13939,2022-11-03,65,7,604,400,274.14,79,10633
13940,2024-08-19,98,7,605,403,296.79,25,3333
13941,2023-10-06,37,8,604,402,113.44,68,5053
13942,2023-04-27,76,7,602,401,165.06,9,7535
13943,2024-08-26,56,1,605,403,452.99,73,10769
13944,2023-10-06,97,15,602,401,495.18,35,1059
13945,2023-02-18,100,6,600,403,425.79,93,11152
13946,2024-09-08,68,4,600,401,265.02,82,3025
13947,2025-03-22,60,4,601,403,62.17,29,10112
13948,2024-05-16,38,1,600,403,250.09,64,4888
13949,2023-08-21,34,14,600,401,187.02,24,13390
13950,2022-01-23,4,3,605,402,100.8,30,8734
13951,2023-05-06,9,1,604,402,164.89,55,7145
13952,2022-02-01,55,12,600,402,443.79,18,7117
13953,2022-06-12,42,14,603,401,422.69,18,2300
13954,2023-12-24,28,2,605,401,117.71,48,3862
13955,2023-05-22,68,3,603,402,322.01,68,6275
13956,2025-04-15,88,5,605,403,116.08,55,11360
13957,2025-05-10,11,4,602,400,179.31,71,5655
13958,2023-12-22,25,9,601,402,109.67,72,572
13959,2024-05-17,76,2,603,401,380.84,7,6777
13960,2024-06-12,5,5,602,403,291.15,34,8809
13961,2023-04-28,60,15,602,400,173.3,53,8778
13962,2023-11-04,30,11,601,401,58.41,5,4096
13963,2023-12-07,68,10,601,400,397.01,90,14801
13964,2024-10-23,37,2,603,402,68.81,14,3723
13965,2022-08-27,73,2,602,402,450.72,77,9576
13966,2023-07-16,9,15,600,403,465.22,70,10801
13967,2025-01-19,91,10,604,401,438.54,79,11432
13968,2024-05-05,33,7,602,400,159.83,26,13382
13969,2024-04-23,67,15,605,400,55.43,69,10747
13970,2024-09-26,42,14,603,400,480.78,20,957
13971,2023-10-24,3,13,602,401,78.14,7,11688
13972,2022-10-02,66,6,600,403,486.48,59,14384
13973,2022-09-24,90,11,605,402,130.28,16,10242
13974,2023-06-08,65,1,604,403,254.07,17,10756
13975,2023-05-08,21,2,600,401,374.98,44,11481
13976,2025-06-14,74,11,604,403,247.78,81,1807
13977,2025-04-13,50,11,605,402,389.89,56,8537
13978,2023-05-30,43,6,600,403,171.06,52,8073
13979,2022-04-20,33,3,600,403,68.9,64,11608
13980,2024-12-16,77,2,603,400,266.34,63,11441
13981,2023-09-13,87,6,604,400,278.27,92,14091
13982,2023-09-16,56,15,605,401,139.35,10,10997
13983,2023-01-25,15,7,600,402,181.67,20,7573
13984,2023-10-29,8,2,605,401,75.97,92,12376
13985,2024-08-15,35,7,601,401,260.58,89,7520
13986,2025-05-23,4,12,600,403,335.14,56,1666
13987,2022-07-19,16,1,604,403,323.19,34,10299
13988,2023-11-03,51,10,604,403,251.33,58,12970
13989,2023-09-22,25,9,601,402,316.13,67,12390
13990,2022-08-13,70,7,601,403,232.23,64,7768
13991,2022-07-09,38,11,600,400,244.46,83,5600
13992,2024-12-01,59,13,600,403,361.43,55,3390
13993,2025-04-21,43,10,601,400,481.69,90,3592
13994,2023-01-13,56,8,605,402,361.89,54,7475
13995,2022-06-14,40,9,604,401,258.31,5,2773
13996,2024-12-23,26,12,602,401,488.93,9,2863
13997,2025-01-06,85,9,602,400,421.56,51,1770
13998,2025-03-22,19,15,601,402,352.63,23,2451
13999,2022-10-23,10,7,600,401,64.68,22,3135
14000,2024-05-25,87,2,605,400,237.63,51,6158
14001,2025-03-29,12,4,603,403,110.35,58,3436
14002,2024-03-27,75,1,602,402,108.28,97,10668
14003,2024-09-07,22,7,604,400,252.12,70,5925
14004,2023-03-30,90,13,605,401,96.63,60,10726
14005,2025-06-17,54,8,601,400,438.11,30,13431
14006,2024-10-20,65,15,603,403,250.43,6,13207
14007,2023-03-09,29,15,605,402,74.63,26,10229
14008,2022-09-04,92,15,603,403,380.43,29,1082
14009,2023-01-07,51,4,605,401,132.92,96,3488
14010,2023-01-27,56,15,603,403,108.14,17,7082
14011,2022-03-26,55,2,602,401,267.78,75,11441
14012,2022-12-05,10,9,602,403,279.61,20,12972
14013,2024-03-08,14,8,605,401,370.81,93,7170
14014,2023-03-06,61,8,605,403,459.13,80,802
14015,2022-08-31,8,9,605,402,470.32,91,3868
14016,2023-08-05,53,14,600,403,274.71,95,4374
14017,2024-09-21,33,7,604,400,467.8,71,6429
14018,2022-05-29,35,14,602,403,470.3,38,14719
14019,2025-01-29,33,13,602,402,326.05,10,2693
14020,2022-06-25,43,5,604,402,67.76,71,14411
14021,2025-02-20,84,14,603,403,435.54,82,6882
14022,2022-01-22,80,10,603,403,448.79,20,1467
14023,2022-09-19,4,4,603,401,209.31,31,3651
14024,2023-07-21,42,14,603,402,499.22,77,5278
14025,2023-09-24,35,15,600,403,281.89,80,14942
14026,2022-01-23,27,1,600,401,127.77,67,1071
14027,2024-07-20,35,5,605,402,162.14,40,8946
14028,2023-01-22,5,4,602,402,97.72,30,12956
14029,2024-03-31,41,13,602,401,127.89,13,13958
14030,2023-04-27,9,13,605,402,275.96,42,14952
14031,2022-02-28,6,11,603,401,308.55,31,9676
14032,2024-07-13,25,15,602,402,301.47,30,4934
14033,2023-06-08,29,8,602,400,96.81,78,2672
14034,2024-03-22,4,11,603,402,257.46,62,11590
14035,2022-07-30,40,3,603,402,176.91,63,999
14036,2023-07-17,24,7,601,400,83.95,62,9909
14037,2024-08-25,30,9,604,401,251.91,8,9766
14038,2023-12-24,4,3,605,401,74.54,21,10280
14039,2023-05-07,87,2,605,401,423.12,65,2923
14040,2023-05-21,97,15,605,403,491.34,27,7742
14041,2024-03-13,21,10,601,403,222.5,79,11917
14042,2023-10-09,51,1,600,401,199.58,24,1871
14043,2024-01-08,21,7,601,402,307.98,40,8574
14044,2022-08-04,23,8,601,402,442.61,46,8141
14045,2022-12-25,17,11,604,402,357.75,67,4448
14046,2022-12-12,25,9,605,403,372.38,93,2864
14047,2024-03-23,70,9,602,401,332.72,30,2933
14048,2023-07-23,46,1,605,402,496.64,95,11483
14049,2024-01-03,31,9,600,403,85.02,28,11376
14050,2025-02-19,17,1,600,401,324.44,49,3298
14051,2025-04-24,3,3,601,401,99.48,94,12214
14052,2023-01-15,53,2,602,402,322.45,84,6151
14053,2022-11-19,68,15,601,400,497.25,76,6615
14054,2023-02-18,63,9,604,401,395.29,63,4293
14055,2022-07-13,94,15,603,400,325.32,30,5209
14056,2022-02-01,71,2,601,403,213.37,47,8641
14057,2024-02-09,78,2,601,400,408.07,45,9553
14058,2022-02-26,4,11,603,402,155.02,80,7219
14059,2023-12-24,38,5,601,401,307.16,27,11901
14060,2024-08-08,94,5,602,403,73.55,93,14971
14061,2022-05-19,21,15,601,402,341.06,17,12429
14062,2023-08-15,59,6,603,403,266.25,14,6038
14063,2024-09-08,30,15,605,403,200.76,33,14756
14064,2022-05-11,59,8,605,403,493.63,68,5744
14065,2024-12-26,90,3,602,401,171.81,98,1001
14066,2024-11-22,32,7,600,402,125.99,76,13135
14067,2024-08-02,57,9,605,401,201.24,86,10065
14068,2024-02-15,67,9,604,400,134.07,31,2241
14069,2024-06-21,73,1,605,401,318.42,75,12388
14070,2025-03-17,27,3,605,403,275.01,51,11960
14071,2023-09-23,14,5,602,403,204.82,77,7713
14072,2023-06-26,62,9,605,401,285.59,80,8556
14073,2022-07-03,76,10,603,402,149.22,32,13658
14074,2024-06-03,60,2,604,401,410.59,50,7841
14075,2025-03-20,24,15,601,403,92.16,62,5652
14076,2022-12-26,46,2,603,402,217.48,61,1762
14077,2022-03-17,73,10,602,402,259.54,60,5137
14078,2023-09-05,31,1,605,403,347.74,24,3679
14079,2025-02-24,7,13,603,403,487.17,64,7923
14080,2023-10-22,19,13,601,401,83.9,83,3058
14081,2023-07-02,81,6,605,403,273.64,35,12504
14082,2023-07-29,47,11,603,402,78.55,44,9092
14083,2022-12-01,7,15,604,403,237.58,93,9764
14084,2024-04-09,12,2,601,400,456.04,37,325
14085,2025-04-08,91,1,600,401,435.26,38,14035
14086,2024-12-07,70,13,604,403,152.86,69,13017
14087,2025-02-02,7,11,602,401,451.42,59,10866
14088,2022-03-21,54,14,605,403,380.21,58,14242
14089,2024-04-06,8,10,600,400,141.17,69,7342
14090,2024-11-19,67,1,601,403,466.35,24,11134
14091,2024-01-17,67,2,603,402,370.81,7,7999
14092,2022-03-14,27,1,603,403,354.96,30,8935
14093,2023-02-01,93,9,605,400,171.24,12,11091
14094,2025-04-03,100,9,604,402,141.23,97,9487
14095,2022-07-27,19,6,601,402,417.88,49,2322
14096,2024-12-22,53,15,602,401,231.55,65,10158
14097,2024-01-28,12,9,603,400,115.91,9,7587
14098,2023-03-08,94,1,601,403,395.27,69,3943
14099,2023-02-10,68,15,604,402,341.38,5,7687
14100,2023-08-26,79,5,605,402,414.44,96,9207
14101,2025-03-25,36,14,602,401,320.46,67,13003
14102,2023-04-21,11,5,604,401,282.67,5,5578
14103,2023-04-14,44,2,600,402,461.93,7,14522
14104,2022-05-03,95,4,605,400,200.09,72,13053
14105,2024-05-29,22,15,600,402,212.21,28,8050
14106,2024-08-18,14,11,600,400,350.48,12,11855
14107,2023-12-19,66,8,603,402,432.24,8,1184
14108,2022-01-06,98,5,603,400,428.23,79,12904
14109,2022-11-09,49,3,602,403,230.13,79,7398
14110,2023-02-05,28,2,601,402,255.66,66,13644
14111,2023-02-28,37,13,603,403,406.61,10,6384
14112,2022-12-03,18,3,602,403,85.06,38,4831
14113,2022-12-29,52,6,605,402,96.82,11,8471
14114,2024-06-15,45,11,604,401,414.73,24,6499
14115,2023-07-13,47,13,601,402,430.64,6,6602
14116,2023-04-17,50,3,600,403,345.84,44,6735
14117,2025-06-18,72,4,604,402,475.32,44,4989
14118,2024-07-10,11,10,605,400,363.59,83,14199
14119,2024-03-04,75,7,602,401,355.08,71,12373
14120,2024-04-17,65,4,602,401,478.54,23,3201
14121,2022-12-25,32,3,602,401,340.91,42,123
14122,2024-08-13,82,15,600,400,395.88,90,6349
14123,2025-03-06,10,6,604,402,131.01,81,12676
14124,2023-03-14,69,8,604,403,132.91,39,7768
14125,2023-09-29,13,8,605,400,498.56,78,12280
14126,2022-01-20,95,5,605,401,234.38,31,14515
14127,2024-09-25,11,12,604,401,361.42,82,4489
14128,2024-03-01,14,9,603,401,336.41,96,6702
14129,2024-09-06,10,11,600,401,276.48,85,2397
14130,2025-02-14,75,4,605,401,451.72,61,3781
14131,2022-07-22,44,15,602,400,291.5,66,9633
14132,2022-02-23,91,13,602,402,331.13,18,10186
14133,2024-02-08,21,13,604,402,422.22,68,14733
14134,2022-05-29,72,10,601,400,422.78,78,11332
14135,2023-12-01,73,1,604,401,307.32,41,4391
14136,2023-04-19,1,7,603,401,135.73,22,866
14137,2025-04-06,89,6,602,403,131.02,36,9533
14138,2022-04-06,99,1,600,401,434.49,76,9945
14139,2025-03-30,39,11,604,401,349.81,7,8376
14140,2024-01-08,96,14,602,403,306.55,12,9663
14141,2022-05-26,75,8,601,401,462.54,53,4220
14142,2024-07-07,99,8,600,401,252.69,23,12133
14143,2024-10-20,27,13,602,402,191.56,17,1212
14144,2025-06-20,14,8,601,401,70.51,56,7108
14145,2024-03-22,77,2,601,400,172.02,67,14862
14146,2023-05-03,31,1,602,400,234.32,24,748
14147,2024-12-31,44,3,600,400,271.32,89,10695
14148,2024-02-26,11,8,601,401,275.4,38,6051
14149,2022-07-18,49,9,604,403,219.52,73,9956
14150,2024-07-08,46,3,603,401,410.24,7,1161
14151,2025-02-12,53,5,603,402,163.93,35,11500
14152,2023-01-07,96,10,605,400,172.3,50,6632
14153,2022-10-30,11,12,605,402,156.27,81,185
14154,2023-01-12,57,10,602,403,167.67,96,7056
14155,2024-02-26,18,8,602,403,208.66,89,7307
14156,2023-09-26,22,5,605,400,372.66,6,10486
14157,2024-12-13,36,13,604,401,386.65,58,10851
14158,2025-02-07,61,12,603,401,108.23,61,4921
14159,2022-09-03,28,11,603,400,202.81,22,10300
14160,2024-09-12,43,7,601,401,222.92,80,10312
14161,2023-08-30,6,12,603,400,372.34,73,11450
14162,2022-05-29,49,13,604,400,347.24,14,13983
14163,2022-03-14,40,13,600,401,359.42,57,6033
14164,2025-04-07,95,8,601,402,224.66,90,5301
14165,2023-02-12,45,5,600,403,318.33,58,8367
14166,2022-03-02,66,11,602,401,417.27,96,4918
14167,2022-07-25,99,11,604,401,138.76,21,6067
14168,2022-07-16,74,10,605,403,250.05,37,319
14169,2024-04-07,48,11,602,400,135.44,13,12715
14170,2024-11-14,11,8,605,401,67.51,40,8002
14171,2024-06-06,100,14,603,403,458.63,7,4256
14172,2025-04-03,24,2,602,402,124.49,61,4017
14173,2023-02-14,47,2,603,403,464.03,46,14087
14174,2024-08-12,74,13,605,400,303.3,41,969
14175,2024-11-26,53,1,600,400,83.11,57,698
14176,2025-03-12,74,9,600,403,410.45,26,2231
14177,2022-02-25,69,7,603,403,345.37,44,5123
14178,2025-02-07,70,1,600,402,295.54,62,2091
14179,2022-04-05,75,5,601,401,405.71,7,12833
14180,2023-06-03,84,7,602,402,110.84,33,7681
14181,2025-01-05,9,1,602,401,459.18,85,4737
14182,2022-11-28,64,2,603,403,267.12,49,6991
14183,2022-05-18,85,14,605,400,279.89,23,2003
14184,2022-08-20,9,4,605,402,70.87,86,9287
14185,2025-04-07,37,11,604,402,136.27,76,9294
14186,2024-06-24,63,3,601,403,104.09,100,4416
14187,2022-03-09,12,6,605,402,203.16,75,6478
14188,2022-03-07,28,6,601,403,89.01,64,8887
14189,2025-05-13,37,1,602,402,201.65,62,6449
14190,2022-03-03,62,14,605,401,214.58,6,9520
14191,2024-08-12,54,7,604,403,420.79,39,603
14192,2025-02-02,69,7,602,400,309.63,63,7462
14193,2023-04-29,70,11,600,403,285.35,77,11130
14194,2024-04-16,22,7,601,400,467.68,91,3054
14195,2023-12-16,22,1,602,400,290.37,39,3358
14196,2025-05-20,93,5,604,401,308.42,89,8144
14197,2025-06-11,19,3,600,401,385.21,16,9538
14198,2024-04-01,90,4,602,403,328.98,88,11695
14199,2024-04-18,10,7,605,402,100.89,13,12759
14200,2022-05-07,91,12,600,401,209.2,33,9784
14201,2023-11-25,33,3,603,403,423.85,73,423
14202,2022-09-21,19,15,600,403,443.8,61,10777
14203,2024-03-03,77,4,600,401,442.26,91,3019
14204,2023-07-21,69,6,605,401,485.54,80,10735
14205,2025-03-20,26,3,602,402,100.56,46,346
14206,2024-06-04,98,3,604,400,99.56,29,13593
14207,2025-04-20,77,10,605,402,464.62,37,6679
14208,2025-03-27,69,14,604,403,295.14,82,8454
14209,2023-10-08,8,4,600,401,276.09,19,9373
14210,2023-09-19,11,8,604,401,390.23,20,8120
14211,2022-03-26,15,7,600,401,447.89,14,10901
14212,2023-02-18,37,8,602,402,152.74,49,5797
14213,2022-05-05,82,5,603,400,405.52,32,8498
14214,2024-04-10,2,7,603,403,300.37,28,2796
14215,2024-08-19,90,15,600,401,225.28,94,6540
14216,2022-09-01,41,9,603,401,483.57,58,7591
14217,2024-06-10,30,3,601,400,269.25,8,7669
14218,2022-01-15,100,10,603,400,252.32,54,3722
14219,2022-05-09,44,12,604,402,443.96,99,13993
14220,2022-03-11,77,2,605,400,259.22,61,6264
14221,2024-05-01,6,10,605,402,206.24,16,2976
14222,2022-12-11,44,12,605,401,171.52,86,14120
14223,2023-04-21,53,10,605,401,426.08,67,3513
14224,2025-04-27,34,15,601,402,390.5,63,2436
14225,2023-09-13,33,13,605,402,204.42,92,255
14226,2024-07-25,57,13,600,403,422.98,93,9187
14227,2025-02-23,45,9,600,400,391.81,68,12652
14228,2023-04-24,100,1,605,400,361.5,17,2699
14229,2023-01-03,26,13,605,402,270.41,8,197
14230,2022-12-21,98,15,601,401,372.39,56,7070
14231,2025-01-10,33,12,601,401,305.06,41,1863
14232,2022-10-12,7,13,603,402,331.39,6,2280
14233,2024-02-27,85,1,602,400,479.75,59,5071
14234,2023-11-05,81,1,600,402,328.77,14,7707
14235,2023-11-29,62,14,600,401,306.38,90,4249
14236,2024-01-28,65,14,601,403,376.74,89,7651
14237,2024-08-03,44,8,601,402,282.64,98,1702
14238,2023-09-26,98,4,601,403,157.09,6,2179
14239,2024-10-20,78,4,604,400,312.98,19,10758
14240,2024-01-08,62,14,604,401,480.17,47,9777
14241,2022-10-25,81,4,602,402,181.43,84,3475
14242,2025-06-07,69,1,604,400,196.94,28,831
14243,2025-03-25,39,8,605,402,110.36,67,13679
14244,2023-04-13,36,6,602,403,288.14,57,3001
14245,2025-03-28,39,8,602,401,436.67,34,14804
14246,2024-05-24,54,1,605,402,285.34,30,10818
14247,2022-04-18,78,2,605,401,355.31,20,14177
14248,2023-06-15,1,5,605,403,186.84,16,13941
14249,2022-09-06,39,12,601,403,219.95,21,9471
14250,2023-03-05,46,15,600,402,438.01,52,806
14251,2023-10-31,88,8,603,400,268.79,11,14630
14252,2024-12-19,67,14,600,402,209.84,79,8099
14253,2022-07-22,39,14,600,403,318.58,11,5629
14254,2023-04-23,23,4,602,402,212.11,46,13505
14255,2025-05-19,96,9,602,403,156.28,79,4436
14256,2023-07-10,8,3,602,402,217.88,22,194
14257,2023-06-04,82,9,603,400,449.14,86,10746
14258,2022-06-22,7,14,605,402,402.05,9,8011
14259,2025-03-03,8,13,603,402,272.58,29,1544
14260,2024-04-23,38,6,603,400,321.64,47,7980
14261,2024-09-27,13,9,602,403,365.61,50,3937
14262,2024-02-13,84,7,601,401,310.6,75,4402
14263,2022-12-29,84,15,603,400,268.02,65,13838
14264,2023-04-25,24,15,605,401,379.55,42,1195
14265,2024-05-01,2,8,604,403,289.22,15,12427
14266,2022-12-06,36,9,603,403,349.0,58,4603
14267,2024-06-03,45,14,604,401,287.99,40,12460
14268,2024-11-01,55,6,603,401,390.43,77,4955
14269,2023-12-23,44,11,604,403,486.82,84,12757
14270,2024-04-13,90,7,605,400,62.01,78,1976
14271,2025-01-29,11,12,600,402,86.04,19,8343
14272,2023-09-06,15,5,602,403,90.43,9,13581
14273,2024-03-16,63,7,600,401,69.23,51,13227
14274,2024-12-31,35,11,603,400,224.85,66,12409
14275,2023-07-17,42,10,604,401,145.09,71,1292
14276,2023-01-10,60,14,600,402,258.94,54,4356
14277,2025-04-24,68,1,600,401,57.78,34,12600
14278,2023-08-23,62,5,604,400,84.89,67,8385
14279,2022-01-27,14,6,602,402,373.89,51,7677
14280,2024-01-30,40,13,600,400,361.52,32,8976
14281,2022-02-27,40,2,603,402,50.63,25,10285
14282,2022-09-09,11,12,604,400,393.81,86,1686
14283,2023-10-08,29,10,604,403,277.46,87,6461
14284,2024-01-04,60,13,604,402,125.73,32,11254
14285,2024-05-29,43,6,603,402,340.25,52,4843
14286,2023-07-18,2,12,601,402,382.36,21,12786
14287,2022-09-10,79,5,602,402,272.62,86,4565
14288,2024-08-12,41,12,605,403,310.97,64,11547
14289,2022-04-16,60,3,604,402,337.96,35,10119
14290,2024-06-20,19,8,605,400,129.02,42,1193
14291,2023-10-26,3,1,605,401,359.12,82,8896
14292,2022-03-23,78,2,603,401,273.83,95,10623
14293,2023-06-24,24,12,605,401,430.91,89,4826
14294,2024-04-14,2,14,603,401,93.29,31,1042
14295,2023-02-20,18,14,603,403,89.35,38,605
14296,2023-07-08,72,13,602,401,307.16,14,14576
14297,2024-06-16,2,15,604,401,430.22,46,3250
14298,2022-08-25,32,4,602,401,391.31,48,11053
14299,2025-04-07,29,15,602,401,154.95,21,694
14300,2023-11-25,73,9,601,401,268.17,9,1371
14301,2022-05-16,48,8,602,400,421.6,7,3213
14302,2024-02-02,94,13,603,401,443.11,60,9361
14303,2023-03-28,36,5,604,400,480.92,36,7513
14304,2023-08-18,14,11,605,403,397.4,63,6469
14305,2023-10-29,89,8,602,400,404.49,9,590
14306,2024-04-23,33,6,600,400,69.0,44,12802
14307,2023-05-06,83,11,604,400,352.77,65,13971
14308,2024-05-18,39,7,600,400,252.45,58,212
14309,2023-04-30,16,2,600,400,261.75,7,11750
14310,2022-04-29,97,13,604,403,179.26,54,6146
14311,2024-01-28,47,9,603,402,481.85,82,7397
14312,2022-08-06,96,6,604,403,299.59,69,7483
14313,2023-05-17,85,3,601,401,298.86,97,14719
14314,2024-11-26,59,2,600,400,299.29,47,4999
14315,2022-01-19,55,1,601,401,429.58,71,734
14316,2025-03-12,58,11,600,401,103.78,79,7285
14317,2022-02-03,65,9,600,401,382.61,54,12664
14318,2022-07-16,65,3,603,401,416.11,34,3032
14319,2025-02-14,29,9,600,401,253.69,96,14029
14320,2024-11-03,13,12,601,403,413.95,90,5381
14321,2023-06-26,43,3,603,403,487.86,87,6451
14322,2024-01-01,46,8,602,402,416.37,54,11516
14323,2025-01-22,91,12,604,400,239.4,15,1175
14324,2023-08-20,4,4,604,401,95.46,68,14830
14325,2022-04-07,44,6,601,403,378.59,68,9074
14326,2023-10-01,37,12,600,403,93.83,35,943
14327,2023-01-09,61,2,601,402,54.51,54,7032
14328,2023-07-11,6,5,605,402,421.21,22,11298
14329,2025-06-24,88,5,605,403,330.63,57,7351
14330,2024-06-30,87,2,605,403,356.97,32,2774
14331,2022-07-22,80,7,601,403,254.83,5,1937
14332,2023-07-31,43,12,602,400,203.94,51,11633
14333,2023-06-26,29,3,600,400,428.9,45,12839
14334,2024-10-30,42,7,601,400,474.79,82,2928
14335,2024-06-24,25,2,600,401,255.89,6,7517
14336,2025-02-25,20,2,601,403,201.98,85,1833
14337,2023-09-06,7,5,603,403,329.83,88,3699
14338,2024-09-10,93,11,603,402,175.21,63,8380
14339,2023-04-02,90,2,600,400,334.98,24,3903
14340,2025-05-27,31,13,600,401,168.86,96,5555
14341,2024-06-05,89,8,602,400,463.86,74,11629
14342,2022-10-16,35,8,605,401,489.48,79,14053
14343,2024-01-28,72,9,603,400,57.26,21,1743
14344,2022-10-27,87,13,603,400,420.47,89,5105
14345,2023-10-26,12,3,601,401,169.05,10,8156
14346,2024-10-16,78,9,600,403,392.51,22,5081
14347,2022-03-18,61,15,600,403,99.69,22,1582
14348,2023-10-28,97,10,605,403,279.23,96,7235
14349,2022-05-03,74,9,601,402,407.24,72,8541
14350,2023-08-02,5,5,605,401,373.0,70,3800
14351,2024-03-31,57,15,600,402,80.45,84,4433
14352,2024-06-03,88,11,600,402,492.85,40,14751
14353,2022-03-01,7,7,605,402,365.64,23,6187
14354,2024-10-20,56,3,603,401,76.56,45,12271
14355,2025-06-23,37,11,602,400,264.11,96,10060
14356,2024-05-16,38,5,600,400,325.62,10,14033
14357,2022-05-30,12,9,600,403,423.08,67,12020
14358,2022-11-04,99,1,603,400,399.07,59,11674
14359,2022-12-23,26,5,601,402,66.51,20,8142
14360,2023-11-20,99,4,603,400,252.2,41,14199
14361,2022-09-02,26,4,604,403,118.44,29,10460
14362,2022-08-18,35,14,603,402,375.47,10,13605
14363,2022-02-15,20,5,603,401,183.36,42,10436
14364,2025-03-18,20,1,604,402,126.35,41,13329
14365,2023-05-14,46,9,603,401,245.62,14,1295
14366,2023-10-14,3,15,603,401,143.01,24,14721
14367,2024-09-14,24,4,603,401,396.02,16,13452
14368,2023-12-15,83,2,605,403,89.68,96,12810
14369,2023-02-04,66,6,601,402,498.41,51,11810
14370,2023-07-14,49,2,605,401,55.08,25,13586
14371,2023-02-05,30,9,600,401,93.75,40,11073
14372,2022-03-29,1,13,600,400,146.51,18,6959
14373,2024-12-01,74,5,604,403,375.22,5,2572
14374,2023-06-21,20,11,600,400,191.74,39,9907
14375,2022-09-06,71,12,600,402,247.78,60,9156
14376,2024-10-03,51,4,605,403,167.71,15,6348
14377,2024-06-20,17,11,600,401,53.42,99,5320
14378,2022-09-01,31,13,600,402,53.2,25,8923
14379,2025-04-12,12,9,605,402,168.94,63,11453
14380,2022-06-13,86,11,603,402,238.78,99,9134
14381,2022-12-07,68,13,604,403,272.21,5,580
14382,2024-03-13,95,6,605,402,223.22,14,10298
14383,2024-11-22,41,10,604,400,316.99,52,10777
14384,2025-06-27,86,5,603,403,250.46,65,10702
14385,2024-05-01,71,4,600,401,426.3,71,14596
14386,2024-06-11,85,11,600,402,205.92,7,4799
14387,2023-03-20,74,11,601,401,433.65,86,1170
14388,2023-09-29,42,10,602,403,127.84,5,2971
14389,2022-01-06,32,5,605,400,108.19,57,9843
14390,2023-09-06,68,1,602,401,181.76,33,242
14391,2023-08-03,6,15,602,400,381.89,29,3202
14392,2023-10-09,12,8,601,400,376.4,45,14531
14393,2024-06-02,83,8,602,402,215.52,67,5026
14394,2022-07-16,20,15,603,401,483.44,36,10037
14395,2024-09-12,48,3,601,400,64.46,78,9847
14396,2023-02-19,71,10,605,403,454.57,45,11079
14397,2023-01-27,24,15,605,402,315.79,36,6425
14398,2025-06-15,88,13,600,400,121.75,19,2485
14399,2023-03-30,100,4,600,400,201.25,83,14071
14400,2024-12-18,55,8,602,402,377.59,50,1309
14401,2024-02-15,97,13,605,401,452.42,94,12436
14402,2025-05-08,28,8,602,402,259.62,29,8032
14403,2022-05-28,70,1,605,403,396.39,59,4038
14404,2024-08-21,3,3,600,400,443.08,96,595
14405,2023-03-18,31,9,603,403,281.75,29,11819
14406,2023-11-05,3,8,603,400,57.43,69,860
14407,2023-04-15,10,4,605,403,377.95,75,11836
14408,2022-08-19,22,6,601,401,267.87,60,8315
14409,2023-08-03,100,10,604,401,430.81,80,1703
14410,2024-02-27,82,12,602,401,243.3,39,4256
14411,2024-05-09,5,15,603,403,183.76,6,7083
14412,2023-02-03,44,15,601,402,294.79,63,13055
14413,2025-04-02,79,6,602,402,485.88,82,5162
14414,2022-01-07,89,14,602,401,359.59,31,7141
14415,2023-09-09,1,6,604,400,284.05,85,10039
14416,2022-05-12,69,4,600,401,395.02,77,11121
14417,2025-05-10,49,11,601,400,421.34,73,10408
14418,2024-06-18,11,10,602,401,229.97,57,10551
14419,2024-10-11,49,4,602,400,241.93,48,11691
14420,2024-11-06,70,1,603,403,264.86,71,14753
14421,2024-03-08,34,13,601,402,168.37,82,1142
14422,2025-05-03,71,14,603,403,420.41,53,3096
14423,2022-08-14,29,9,605,401,407.43,58,12617
14424,2024-03-13,95,15,602,401,271.34,35,12852
14425,2023-05-29,43,14,600,400,225.3,14,202
14426,2024-06-28,89,15,600,400,498.76,67,6673
14427,2022-05-24,77,1,604,403,418.4,16,7077
14428,2023-05-13,72,6,605,403,176.96,47,5012
14429,2024-10-27,99,4,605,402,208.82,41,7852
14430,2025-01-24,24,4,604,403,320.14,60,7918
14431,2024-01-23,89,3,604,402,312.13,53,3938
14432,2023-03-07,40,11,605,403,390.31,78,6301
14433,2025-03-15,17,4,604,401,499.74,75,7724
14434,2022-01-23,26,15,603,403,328.03,27,12209
14435,2022-03-17,61,9,602,402,390.55,100,1547
14436,2025-04-30,45,10,600,401,359.78,82,755
14437,2024-10-19,8,14,605,400,326.53,14,11174
14438,2024-11-24,97,2,600,401,142.22,64,258
14439,2022-06-23,91,5,601,400,373.09,23,9163
14440,2022-08-21,27,1,601,402,438.65,53,10408
14441,2023-11-13,84,3,603,402,95.66,74,7144
14442,2024-05-05,98,14,604,403,281.6,65,14036
14443,2023-04-15,72,10,601,402,449.59,61,1213
14444,2025-02-17,55,10,604,400,310.21,94,10767
14445,2023-03-12,55,4,602,402,442.21,47,10947
14446,2022-09-20,18,15,603,402,444.15,53,12118
14447,2022-11-17,81,13,604,400,448.49,77,2404
14448,2024-09-17,62,11,600,403,420.03,58,13742
14449,2023-09-30,68,5,602,402,199.27,19,4686
14450,2022-11-11,82,11,600,402,411.67,83,5589
14451,2025-04-09,99,3,604,403,301.16,11,12513
14452,2023-03-25,66,15,604,402,288.92,56,10694
14453,2024-12-23,93,5,605,402,118.85,11,2832
14454,2023-12-15,54,13,600,400,209.52,89,4552
14455,2022-05-23,4,10,603,403,165.3,79,6321
14456,2023-10-20,63,2,602,401,297.88,10,3773
14457,2024-08-16,72,7,603,400,75.38,61,12610
14458,2023-04-23,5,2,602,401,477.37,63,10253
14459,2022-08-02,6,1,602,402,294.96,86,1160
14460,2022-10-01,94,3,605,402,58.22,46,6956
14461,2023-07-09,24,12,605,400,287.25,70,4923
14462,2022-03-13,88,8,601,403,126.7,23,4806
14463,2023-03-12,69,12,602,401,465.4,96,7706
14464,2023-09-05,77,1,605,402,402.24,35,14974
14465,2025-04-09,50,4,602,401,112.76,11,14961
14466,2023-01-26,35,2,600,401,278.05,53,8583
14467,2023-08-09,95,1,600,402,51.32,9,11941
14468,2022-06-12,11,2,600,400,157.12,89,6034
14469,2024-07-06,63,8,600,403,234.08,55,583
14470,2023-02-10,58,11,600,400,147.29,26,1928
14471,2022-09-27,12,2,604,400,198.51,75,13908
14472,2024-03-29,33,4,605,401,363.38,66,13754
14473,2025-03-26,42,12,601,401,91.52,85,10085
14474,2024-04-02,55,14,605,403,239.98,25,9689
14475,2022-11-10,91,12,603,400,161.0,17,5975
14476,2024-11-06,30,9,600,400,220.96,84,9651
14477,2025-01-25,83,4,605,403,250.55,38,5132
14478,2025-06-17,30,8,600,403,118.25,26,1456
14479,2022-12-28,2,13,602,402,476.67,7,2300
14480,2025-02-04,38,13,603,400,101.32,92,13581
14481,2025-06-06,74,10,600,401,474.06,70,8173
14482,2025-02-26,11,3,601,402,200.0,69,9204
14483,2024-10-07,69,5,604,401,72.42,30,13936
14484,2022-07-14,50,3,603,401,309.66,9,5339
14485,2023-01-05,82,5,605,401,360.21,13,826
14486,2024-04-27,10,12,601,400,111.23,51,3287
14487,2024-09-30,78,14,602,402,215.35,54,2172
14488,2023-09-25,49,10,605,402,105.69,16,13280
14489,2023-08-24,4,14,602,403,472.23,84,10582
14490,2023-03-19,31,15,604,400,223.13,18,3293
14491,2023-07-27,59,4,601,400,286.83,43,4441
14492,2022-12-23,66,9,605,402,84.32,5,3298
14493,2025-01-08,54,13,603,402,223.49,45,14963
14494,2023-05-16,24,2,602,402,411.66,81,6594
14495,2023-02-01,99,5,603,403,269.43,71,11354
14496,2024-08-12,20,2,601,403,76.11,27,256
14497,2023-08-12,73,6,600,403,498.49,86,10308
14498,2024-02-19,12,9,604,402,494.13,85,5524
14499,2024-08-01,77,7,603,402,491.25,86,8165
14500,2024-07-10,37,14,600,400,285.57,37,13006
14501,2023-01-02,36,3,602,400,350.08,58,10915
14502,2022-02-14,19,4,604,403,365.04,49,9320
14503,2024-10-29,89,4,601,403,430.37,71,5085
14504,2023-06-02,79,11,601,401,433.35,80,10797
14505,2022-05-29,70,11,601,402,313.22,48,4481
14506,2025-04-23,88,3,602,401,78.43,42,5223
14507,2022-05-30,50,8,602,402,299.96,56,5431
14508,2025-02-09,97,14,601,401,86.16,81,7570
14509,2025-06-06,64,13,604,403,130.96,93,9744
14510,2023-02-25,46,11,603,401,249.69,51,5590
14511,2022-01-05,11,11,603,402,347.35,67,6177
14512,2025-05-20,93,13,600,401,157.31,27,11201
14513,2024-08-23,34,12,602,401,309.22,64,1307
14514,2024-09-14,26,9,605,400,481.72,57,11569
14515,2022-02-16,17,5,603,402,193.89,31,6849
14516,2022-11-11,37,14,605,402,379.01,33,8090
14517,2024-10-29,99,11,601,401,122.95,82,3545
14518,2023-07-16,19,6,603,402,370.58,29,3915
14519,2023-08-20,55,15,604,403,181.97,70,3601
14520,2023-02-07,17,3,605,402,108.75,56,14695
14521,2023-11-14,69,13,603,400,418.73,91,8052
14522,2024-02-03,85,12,605,400,94.19,28,4453
14523,2023-08-29,62,9,605,402,113.33,99,8179
14524,2023-03-06,31,9,601,402,245.8,55,832
14525,2024-05-19,88,13,605,401,444.03,57,6320
14526,2023-10-30,91,2,604,400,256.77,77,10107
14527,2022-09-06,69,11,603,402,225.53,62,14185
14528,2025-05-25,92,2,602,402,80.86,64,14092
14529,2024-03-17,14,12,604,400,95.86,40,3984
14530,2022-03-18,87,10,605,401,246.86,31,7259
14531,2024-04-17,23,10,605,400,138.51,85,10067
14532,2025-03-25,84,6,604,401,297.23,20,171
14533,2024-02-27,9,14,602,401,401.5,90,2662
14534,2024-08-06,11,4,605,401,164.81,100,14751
14535,2022-02-11,34,5,604,400,88.28,96,13494
14536,2025-05-01,93,10,602,403,363.04,35,2021
14537,2023-07-07,7,10,604,401,267.79,64,12956
14538,2025-01-05,87,6,602,401,121.01,34,8464
14539,2024-05-05,43,8,604,401,450.67,35,2909
14540,2022-11-14,47,7,604,400,489.12,71,11349
14541,2023-12-12,2,3,605,401,497.37,8,7156
14542,2023-02-10,49,11,601,402,198.81,24,3614
14543,2022-09-03,34,3,601,402,162.46,75,1254
14544,2022-02-12,76,12,603,402,351.86,43,12477
14545,2024-12-24,19,15,600,401,265.56,49,8325
14546,2022-10-24,7,1,603,403,411.17,20,7381
14547,2023-01-08,68,15,604,402,325.42,36,14905
14548,2024-11-02,13,6,602,403,77.41,97,13157
14549,2023-03-03,53,3,605,400,144.02,65,14112
14550,2024-05-26,67,2,603,401,454.66,62,12640
14551,2025-01-15,2,2,601,403,336.24,42,4431
14552,2023-10-20,10,11,600,401,266.03,92,5043
14553,2024-07-04,28,15,603,400,72.99,96,13218
14554,2025-02-27,19,8,605,402,477.73,60,13543
14555,2024-02-16,29,10,604,400,450.37,17,9684
14556,2023-09-25,8,3,602,402,165.3,71,9794
14557,2024-10-20,96,15,601,402,374.74,72,628
14558,2024-12-17,56,12,604,402,192.99,76,9980
14559,2023-01-23,98,13,604,403,320.53,66,11620
14560,2023-07-19,63,2,602,401,295.03,52,2699
14561,2023-04-30,41,13,603,402,331.51,98,11444
14562,2022-08-29,24,13,601,403,322.59,99,13179
14563,2025-06-10,54,5,604,401,441.64,19,5565
14564,2025-06-07,25,4,605,401,171.55,92,11365
14565,2024-11-30,31,12,602,402,301.11,11,4404
14566,2025-05-22,85,15,602,401,159.84,68,6988
14567,2024-07-16,86,1,600,401,332.12,57,673
14568,2023-12-26,6,8,604,401,466.47,32,5321
14569,2022-09-13,43,3,604,403,306.96,95,7307
14570,2023-08-02,82,5,601,401,212.89,61,5100
14571,2022-08-15,18,5,600,400,152.04,22,2975
14572,2022-08-27,96,15,603,402,409.49,92,7259
14573,2022-04-20,45,2,603,403,301.46,38,741
14574,2022-04-10,9,13,604,402,411.4,7,12961
14575,2024-12-30,65,11,600,403,73.1,24,1629
14576,2022-05-21,97,13,600,403,52.85,28,12145
14577,2023-08-30,60,14,605,400,461.12,70,6033
14578,2023-02-15,96,11,603,403,116.22,24,8784
14579,2023-01-15,3,7,602,403,206.21,22,3706
14580,2024-10-28,31,14,604,401,272.34,67,9742
14581,2023-12-06,88,12,601,403,442.94,59,8352
14582,2024-03-11,47,6,603,400,438.87,52,8404
14583,2023-07-24,29,7,600,401,227.75,29,10593
14584,2022-02-20,39,3,604,402,69.78,90,5509
14585,2022-06-14,45,10,605,402,483.12,46,7321
14586,2022-08-29,34,11,603,403,136.79,68,9728
14587,2022-06-27,23,8,600,401,441.38,9,4854
14588,2024-05-22,56,14,601,401,248.84,63,5031
14589,2023-11-24,12,2,603,401,253.53,58,7503
14590,2023-12-23,55,2,601,400,457.36,71,9775
14591,2023-10-23,42,14,601,403,215.77,94,12009
14592,2023-01-20,39,10,600,402,397.21,75,14817
14593,2024-04-11,96,13,602,400,69.75,71,6923
14594,2024-11-21,62,11,603,402,183.26,91,11937
14595,2024-09-15,84,12,603,402,349.4,55,13986
14596,2023-02-24,3,14,600,400,346.08,56,9748
14597,2024-05-26,71,6,604,401,123.26,85,1028
14598,2024-12-18,63,11,604,401,416.29,39,12608
14599,2024-06-09,95,13,605,403,78.28,24,2943
14600,2022-10-04,9,11,601,403,175.56,8,7564
14601,2024-03-29,58,14,605,401,402.5,92,7989
14602,2025-04-29,11,10,601,401,471.17,32,7243
14603,2022-02-27,82,3,602,402,383.6,88,7861
14604,2023-02-24,77,3,603,402,392.39,38,10724
14605,2022-02-21,44,12,602,401,456.93,68,14648
14606,2022-02-14,40,7,605,402,211.89,8,8545
14607,2025-03-25,84,12,604,403,299.99,44,184
14608,2024-06-15,64,11,605,400,362.07,67,12224
14609,2022-04-05,19,10,600,403,306.82,26,1952
14610,2024-07-17,1,5,605,402,355.99,11,183
14611,2022-03-07,98,2,600,402,351.11,74,4179
14612,2022-12-11,33,8,603,403,63.77,62,7095
14613,2024-12-01,76,2,604,403,411.96,81,734
14614,2025-05-08,89,4,605,403,93.31,10,4136
14615,2025-01-16,86,13,601,403,394.89,99,877
14616,2024-11-07,6,12,603,401,354.46,16,398
14617,2023-06-26,5,9,601,400,309.0,15,2829
14618,2024-10-20,15,14,605,400,63.6,63,7196
14619,2024-10-16,62,14,600,401,487.19,73,8757
14620,2024-04-21,82,3,600,403,422.09,66,8910
14621,2023-05-02,90,12,601,400,498.75,85,9941
14622,2022-11-04,98,9,601,400,439.85,62,1760
14623,2024-04-08,10,6,605,402,291.93,85,14014
14624,2024-08-08,5,8,601,402,201.87,8,1795
14625,2024-10-31,30,5,602,402,342.76,26,10134
14626,2023-01-10,100,7,602,403,147.15,6,7428
14627,2025-02-04,41,2,601,400,175.56,70,2324
14628,2024-08-23,71,11,604,403,458.74,75,10882
14629,2023-04-28,53,15,600,402,361.4,14,11096
14630,2023-01-11,69,10,605,400,496.21,77,9086
14631,2023-04-30,96,5,600,403,230.04,92,12660
14632,2024-07-30,38,9,601,401,492.54,24,10767
14633,2022-07-15,30,5,602,401,327.54,51,8540
14634,2023-12-18,72,10,605,402,493.55,95,9889
14635,2023-07-12,21,14,601,402,320.22,44,2551
14636,2023-08-19,23,9,605,403,316.71,16,3590
14637,2023-01-31,78,3,605,402,134.49,25,1589
14638,2022-03-06,95,5,604,402,466.13,70,3103
14639,2024-05-19,26,5,601,402,452.58,60,6463
14640,2024-06-06,74,12,601,403,295.04,50,14193
14641,2022-11-03,20,10,604,402,276.87,47,4557
14642,2024-04-08,95,15,602,402,245.15,91,13162
14643,2023-05-04,52,10,602,402,400.7,92,12891
14644,2025-01-11,32,2,604,401,180.54,67,1251
14645,2025-01-04,81,15,600,403,464.11,12,6713
14646,2025-05-27,10,8,601,402,390.7,34,9932
14647,2022-02-11,83,7,604,401,222.1,98,7260
14648,2022-11-30,49,4,603,400,298.89,97,5221
14649,2023-01-10,72,4,604,400,330.88,29,7609
14650,2024-11-04,77,15,601,402,388.33,31,9839
14651,2024-01-11,37,15,604,402,59.43,62,12245
14652,2023-11-08,83,6,600,401,370.92,47,10043
14653,2023-07-19,69,2,605,402,322.26,44,8064
14654,2024-03-02,95,5,604,401,300.95,100,926
14655,2024-06-17,60,13,604,401,260.51,33,14299
14656,2025-04-11,38,14,603,402,186.75,91,10910
14657,2022-03-29,29,14,601,403,266.84,45,5965
14658,2024-11-19,86,7,603,400,278.97,50,6826
14659,2023-09-18,77,8,603,400,400.35,41,5257
14660,2023-09-02,39,9,602,401,410.95,90,8598
14661,2024-05-17,43,14,605,400,130.24,45,10169
14662,2023-05-06,38,4,604,400,455.27,27,3989
14663,2022-02-24,17,10,604,400,294.63,19,14619
14664,2022-08-01,40,4,604,403,161.1,41,9831
14665,2024-10-28,54,14,602,400,322.73,61,6732
14666,2024-08-25,25,11,605,400,303.87,40,4602
14667,2024-03-27,34,15,605,401,467.79,97,10601
14668,2022-08-01,15,14,600,401,286.32,96,13781
14669,2023-05-01,55,5,603,403,75.23,32,12965
14670,2025-02-06,45,5,604,400,284.05,68,14707
14671,2022-09-24,20,4,604,403,245.64,23,13149
14672,2024-10-31,59,13,602,402,88.85,13,1086
14673,2023-10-17,39,9,602,400,386.88,45,3159
14674,2025-05-28,77,3,605,402,499.54,96,11720
14675,2024-10-15,36,10,601,403,233.98,69,6851
14676,2024-04-24,54,11,600,402,182.96,80,12726
14677,2022-07-18,99,15,604,401,452.44,82,3441
14678,2024-05-31,74,11,604,403,191.99,67,2509
14679,2022-08-14,61,5,604,401,455.78,11,9016
14680,2024-08-24,31,8,600,400,77.63,17,2013
14681,2022-10-23,85,2,604,403,475.2,33,7177
14682,2022-02-16,92,3,602,401,432.0,32,12560
14683,2025-01-23,98,7,601,401,348.86,12,6558
14684,2025-03-11,9,6,601,400,143.55,18,13499
14685,2022-09-01,95,1,603,400,298.47,28,3704
14686,2024-06-09,92,6,600,401,264.46,62,14779
14687,2022-08-28,16,14,603,400,267.4,13,13730
14688,2022-12-08,49,15,602,400,425.02,20,4259
14689,2022-04-17,1,14,600,402,58.52,17,4660
14690,2022-12-24,61,11,602,400,270.36,8,14195
14691,2023-11-30,80,11,602,401,362.8,22,10439
14692,2023-09-12,54,1,601,402,194.04,47,2127
14693,2022-11-29,87,2,605,400,167.75,91,3303
14694,2023-09-03,83,8,602,401,255.71,45,11200
14695,2023-11-23,40,8,602,403,97.24,51,8476
14696,2024-04-03,93,2,602,400,429.46,77,6381
14697,2024-12-11,68,2,602,402,165.77,76,7746
14698,2025-02-26,25,13,605,402,347.47,98,656
14699,2025-02-24,45,10,604,402,189.7,42,2881
14700,2024-06-22,32,8,603,401,118.11,20,12073
14701,2023-04-29,69,9,603,402,296.73,41,13367
14702,2025-04-21,25,2,604,400,282.9,76,8305
14703,2022-09-07,62,9,601,401,124.0,90,812
14704,2022-03-14,37,11,600,401,114.7,44,10640
14705,2023-03-18,87,12,602,402,90.53,26,2140
14706,2022-06-05,98,1,603,400,464.64,48,5401
14707,2024-04-10,41,5,602,403,394.16,7,2852
14708,2023-03-08,21,10,603,403,455.86,77,947
14709,2023-06-19,21,13,600,400,69.35,47,2533
14710,2024-12-20,86,11,600,402,100.45,54,5531
14711,2025-06-04,85,14,602,403,228.71,41,6013
14712,2024-04-09,70,15,600,400,347.95,88,6497
14713,2023-04-07,1,1,601,401,434.54,13,11548
14714,2023-04-06,19,9,604,400,271.33,65,11768
14715,2024-11-08,34,11,605,400,223.61,18,10253
14716,2024-05-16,96,1,602,402,347.55,9,5815
14717,2024-06-26,13,13,602,401,167.89,14,2489
14718,2024-01-08,54,14,603,403,390.62,58,5311
14719,2023-10-19,62,10,604,403,270.29,25,298
14720,2022-02-05,28,8,604,400,213.76,40,1109
14721,2024-02-20,36,13,605,400,296.73,7,482
14722,2022-07-01,20,3,605,403,348.48,95,11805
14723,2022-05-05,25,12,602,400,296.79,67,7681
14724,2023-10-11,59,15,601,401,427.15,46,1995
14725,2025-01-19,94,13,603,402,96.18,53,2334
14726,2023-07-10,7,8,604,403,311.78,12,14667
14727,2022-11-12,61,7,605,401,483.87,90,1708
14728,2022-03-24,4,6,605,400,316.64,15,6819
14729,2023-09-14,98,7,604,400,192.94,86,2556
14730,2024-01-30,91,9,601,402,73.17,56,9711
14731,2023-05-01,70,10,601,402,158.29,9,11620
14732,2023-06-11,10,12,604,401,497.25,43,7463
14733,2022-04-12,93,6,604,402,128.38,89,180
14734,2022-04-09,71,12,602,403,461.05,98,7072
14735,2024-05-26,10,5,603,403,359.29,78,11609
14736,2022-10-05,43,3,600,402,165.02,83,8293
14737,2023-11-16,49,3,602,403,90.74,67,7828
14738,2025-01-13,59,8,602,403,211.95,36,1201
14739,2022-11-21,84,14,604,400,442.45,35,6923
14740,2024-08-02,74,10,601,403,380.38,89,13198
14741,2022-06-28,31,3,602,402,430.64,94,10867
14742,2024-06-15,57,1,602,402,420.48,47,797
14743,2023-11-18,71,5,601,403,491.74,27,11545
14744,2022-05-12,35,5,601,402,290.66,46,6768
14745,2024-04-10,23,9,600,400,358.86,22,11956
14746,2025-06-12,56,9,604,401,476.18,38,14696
14747,2023-08-25,64,14,604,401,371.51,24,7476
14748,2022-02-07,38,1,601,401,402.31,70,10662
14749,2023-05-14,1,3,605,401,169.92,28,738
14750,2024-05-22,26,5,603,403,411.03,96,2454
14751,2023-07-24,3,12,601,402,125.4,70,14355
14752,2023-09-19,93,1,600,401,426.48,24,1060
14753,2024-10-11,34,2,600,402,54.03,78,14476
14754,2023-12-10,46,11,600,402,468.01,74,9148
14755,2023-03-02,16,10,603,401,164.55,53,2631
14756,2025-03-02,11,1,601,402,107.01,38,484
14757,2022-11-16,71,1,605,401,323.35,40,12460
14758,2024-06-09,93,10,600,403,207.35,28,14465
14759,2024-03-19,1,1,600,403,419.16,63,11516
14760,2023-05-21,90,6,602,403,284.32,77,11415
14761,2023-12-05,62,3,603,401,247.29,18,11873
14762,2024-05-22,4,8,605,403,89.04,44,6863
14763,2023-02-11,6,5,604,402,121.65,18,13036
14764,2024-10-10,69,8,601,402,200.36,44,10205
14765,2024-09-27,55,4,604,401,363.52,7,6962
14766,2023-01-21,36,1,605,403,183.41,40,2290
14767,2022-12-19,25,9,603,403,326.29,36,13736
14768,2024-07-04,83,10,602,401,57.43,44,8507
14769,2022-10-24,20,3,603,402,322.84,94,9504
14770,2024-06-25,48,7,603,400,82.63,35,4307
14771,2023-10-19,97,5,605,402,161.86,30,3300
14772,2025-02-09,53,1,605,401,345.27,51,2674
14773,2023-07-03,81,13,600,400,358.66,68,8547
14774,2024-03-18,3,3,601,403,409.97,78,8326
14775,2025-02-05,30,6,605,403,194.75,19,7015
14776,2023-11-17,90,4,602,403,403.08,66,5187
14777,2023-05-02,7,7,604,401,182.63,75,10055
14778,2025-02-01,11,13,600,401,222.48,57,12313
14779,2025-03-16,45,4,602,402,385.2,97,12763
14780,2023-11-07,13,3,600,401,328.07,81,3646
14781,2024-06-05,40,5,602,403,337.49,10,8784
14782,2024-03-18,62,7,604,401,392.15,90,1035
14783,2022-11-18,7,3,603,401,296.82,24,2277
14784,2022-04-07,79,12,603,400,173.75,63,13666
14785,2023-01-07,78,10,605,403,272.21,69,3520
14786,2023-11-08,64,12,604,401,58.96,59,14766
14787,2024-08-29,42,15,602,401,200.34,77,14805
14788,2022-05-06,44,5,605,402,165.69,44,6227
14789,2023-03-29,44,6,603,403,51.49,39,1697
14790,2025-01-31,9,2,602,401,273.39,64,9370
14791,2022-06-02,18,4,600,401,215.72,71,1812
14792,2025-04-14,12,1,604,403,158.45,8,2770
14793,2023-06-10,55,6,604,400,223.06,32,3824
14794,2023-01-29,75,4,600,400,73.62,62,9277
14795,2024-07-08,58,2,601,400,135.74,13,13644
14796,2023-11-29,61,11,605,403,354.78,72,5154
14797,2023-05-26,43,14,605,400,170.5,85,6184
14798,2022-05-11,22,2,603,401,466.79,42,6786
14799,2022-08-21,89,1,603,402,164.2,40,7247
14800,2023-06-19,70,13,605,400,148.24,61,12474
14801,2022-10-18,70,9,604,401,477.48,62,8650
14802,2024-07-01,49,9,603,401,65.67,11,6984
14803,2023-01-02,1,13,600,402,176.76,69,13917
14804,2024-11-11,62,3,600,403,401.69,52,13542
14805,2023-09-07,77,9,602,400,239.52,30,12676
14806,2023-03-23,69,12,603,400,243.06,46,5704
14807,2024-06-30,26,15,604,400,273.24,22,6797
14808,2023-03-31,49,4,600,403,464.5,32,14924
14809,2024-09-30,58,11,604,400,95.56,75,3742
14810,2023-11-18,42,15,605,400,65.52,35,5785
14811,2024-02-06,63,11,605,403,150.07,13,8997
14812,2022-08-07,26,2,602,401,161.84,98,5599
14813,2023-08-18,86,4,601,403,126.22,75,5384
14814,2023-08-29,46,8,605,403,354.99,82,405
14815,2024-08-19,73,6,602,403,228.87,86,13538
14816,2024-07-21,57,7,600,403,485.46,77,11448
14817,2025-04-11,86,4,600,400,173.48,96,2318
14818,2022-11-22,43,5,600,400,68.97,84,13928
14819,2023-08-13,83,1,601,400,327.87,81,10451
14820,2023-05-07,45,7,603,402,79.02,87,2919
14821,2024-05-15,90,7,605,400,425.02,100,9227
14822,2024-01-20,29,14,601,400,257.46,56,14437
14823,2024-04-18,12,15,605,401,164.56,78,3885
14824,2022-04-08,51,14,604,402,398.99,43,12837
14825,2023-10-14,81,3,604,400,397.68,34,12736
14826,2025-02-12,1,15,601,403,221.87,9,8805
14827,2025-05-31,80,1,604,402,67.3,26,4857
14828,2024-07-14,39,15,605,403,233.29,42,1840
14829,2022-02-06,51,4,603,401,372.48,6,14620
14830,2024-10-16,91,4,603,403,204.25,39,5851
14831,2022-05-09,47,1,605,403,117.3,45,6111
14832,2022-07-24,11,9,602,401,201.68,86,9366
14833,2022-10-09,18,3,605,402,387.66,97,10983
14834,2024-03-16,2,7,600,400,361.81,58,5486
14835,2022-04-03,59,15,600,401,331.39,93,2113
14836,2024-09-21,5,3,601,403,386.84,85,2596
14837,2022-04-03,63,3,601,400,463.28,75,13481
14838,2023-02-06,19,11,605,401,56.16,38,10180
14839,2023-02-10,27,9,603,402,384.47,87,544
14840,2023-07-14,29,11,603,403,491.74,47,1165
14841,2022-08-29,69,4,604,403,331.65,62,9440
14842,2024-03-17,54,5,602,403,449.56,6,3354
14843,2022-05-18,21,9,605,403,59.07,12,249
14844,2023-08-21,16,2,605,402,484.61,68,11938
14845,2025-05-08,23,11,602,403,86.86,35,5231
14846,2023-04-25,12,7,600,403,218.25,50,7397
14847,2024-09-30,79,5,603,402,298.56,100,6232
14848,2022-06-20,60,2,602,400,139.51,26,14753
14849,2024-04-07,61,11,602,403,359.99,54,10402
14850,2024-03-22,49,7,601,402,272.55,99,8356
14851,2022-02-01,41,13,600,400,143.29,25,14828
14852,2023-07-12,53,4,604,402,434.46,44,2882
14853,2022-12-21,91,10,600,403,361.02,51,7729
14854,2022-03-19,20,13,604,401,444.33,68,9122
14855,2023-05-10,56,10,603,402,176.64,42,6737
14856,2023-12-26,20,13,601,403,477.91,13,2475
14857,2022-10-02,23,14,605,400,445.81,7,7350
14858,2023-12-27,59,12,603,402,312.35,77,14670
14859,2023-11-08,60,4,604,401,467.46,16,8460
14860,2022-12-21,37,11,602,403,210.28,93,14365
14861,2022-07-25,17,6,601,401,379.15,15,3315
14862,2023-04-26,39,5,603,401,172.63,88,8506
14863,2022-02-17,92,1,604,400,77.56,99,9466
14864,2023-01-26,77,12,600,400,55.98,95,10506
14865,2023-08-31,76,2,603,403,83.9,23,3836
14866,2024-10-28,89,3,600,401,483.22,78,1528
14867,2023-02-08,13,13,600,401,375.28,63,6980
14868,2023-01-26,94,11,603,401,359.37,91,10271
14869,2022-11-02,61,9,602,403,408.58,75,6406
14870,2023-08-01,36,9,603,401,440.17,90,11545
14871,2023-05-07,83,15,603,400,247.55,28,1397
14872,2024-01-04,96,14,603,403,430.95,34,2188
14873,2025-02-27,76,4,603,402,111.68,48,3367
14874,2024-07-20,88,15,603,402,472.95,60,11295
14875,2023-03-05,26,6,602,400,74.36,66,1580
14876,2024-10-12,86,12,601,403,473.83,71,8110
14877,2023-06-23,95,14,601,402,208.57,96,2971
14878,2024-09-27,12,7,603,400,329.94,26,13422
14879,2024-05-20,56,2,603,401,335.78,38,3795
14880,2024-04-16,72,15,605,403,411.72,31,1453
14881,2022-01-30,30,15,605,403,54.63,39,10571
14882,2022-01-25,70,14,603,401,258.14,44,12296
14883,2025-06-29,40,9,604,403,415.15,58,1098
14884,2024-08-23,92,10,600,403,472.23,59,14190
14885,2025-02-28,90,15,602,403,259.92,100,7972
14886,2023-03-24,59,11,605,403,232.09,13,12932
14887,2022-02-20,65,1,600,401,107.33,13,1134
14888,2024-08-03,1,10,601,401,440.72,92,5657
14889,2024-01-25,71,11,600,400,170.41,46,13401
14890,2022-03-31,87,15,602,403,378.74,31,14587
14891,2024-10-12,16,4,601,400,491.16,45,11081
14892,2024-07-16,78,8,600,402,480.7,21,10636
14893,2022-09-03,49,8,601,400,417.6,56,3857
14894,2024-05-04,94,6,605,401,166.71,66,7267
14895,2025-06-20,8,5,601,401,396.85,74,10726
14896,2023-05-15,81,10,605,400,396.4,37,5309
14897,2024-11-11,80,13,602,403,237.94,36,2105
14898,2023-05-29,4,2,602,402,197.28,97,3417
14899,2022-02-04,62,5,602,401,296.64,47,9254
14900,2025-03-11,72,6,605,401,255.9,19,10873
14901,2022-03-22,95,8,602,401,338.86,69,10367
14902,2024-10-10,43,2,604,403,391.67,38,14360
14903,2022-12-29,60,5,603,403,332.1,91,4035
14904,2022-03-18,47,7,605,401,66.07,60,6689
14905,2024-07-14,55,11,604,401,323.05,26,1942
14906,2022-04-17,65,9,600,402,189.96,76,11189
14907,2024-01-11,65,1,602,403,141.84,69,12656
14908,2022-02-08,1,13,605,400,308.93,75,1068
14909,2024-01-24,61,2,605,400,186.28,59,14930
14910,2023-03-04,88,13,604,400,113.68,19,5968
14911,2022-08-08,76,11,605,401,475.04,18,3252
14912,2024-09-14,7,13,605,402,435.15,8,6479
14913,2023-12-06,86,9,603,401,485.34,94,508
14914,2024-01-01,54,2,602,400,189.84,7,3362
14915,2024-09-02,83,7,600,401,62.78,77,753
14916,2024-01-19,97,7,604,402,377.11,38,1895
14917,2025-03-08,31,8,603,401,351.57,59,2385
14918,2023-11-10,62,14,600,402,176.84,90,7539
14919,2024-01-07,68,4,601,401,233.07,12,3500
14920,2023-06-03,82,11,604,402,122.75,90,12496
14921,2023-03-23,50,1,604,402,439.2,59,11571
14922,2024-12-27,88,12,603,400,401.49,94,936
14923,2022-03-20,81,7,604,401,386.12,63,12598
14924,2024-07-03,29,10,602,402,469.39,25,8154
14925,2022-09-21,31,1,604,403,74.28,54,4023
14926,2025-04-09,15,9,605,400,445.72,15,11843
14927,2024-04-24,26,1,600,400,412.0,88,7690
14928,2024-06-27,50,10,605,402,215.92,85,4220
14929,2025-03-02,42,15,600,403,271.05,67,1120
14930,2022-04-08,52,11,604,400,397.74,62,3079
14931,2022-03-19,2,12,604,402,248.7,89,7785
14932,2022-12-26,91,3,601,401,389.55,65,1149
14933,2022-02-17,78,11,602,402,131.18,33,7877
14934,2025-02-18,21,14,600,400,323.22,81,12781
14935,2022-12-19,9,8,605,401,244.29,86,9925
14936,2022-04-06,13,3,600,401,260.51,21,12330
14937,2023-11-03,88,3,601,400,295.89,52,12014
14938,2025-01-27,25,1,600,402,415.5,41,14004
14939,2022-07-08,17,15,601,401,455.37,82,7683
14940,2025-05-28,90,13,603,402,135.83,20,2735
14941,2025-05-06,67,4,603,403,447.75,71,7874
14942,2023-10-26,50,1,605,402,212.87,55,14762
14943,2022-05-29,36,2,605,400,277.98,39,1021
14944,2024-08-25,64,14,605,402,80.23,84,7933
14945,2025-03-01,90,7,601,402,265.87,21,1492
14946,2023-11-04,8,8,605,401,368.78,88,1038
14947,2025-02-01,35,2,605,402,197.94,76,5741
14948,2024-03-30,34,4,600,400,209.9,57,7148
14949,2022-02-14,14,14,600,403,496.96,47,3543
14950,2023-08-30,97,11,601,403,416.15,5,1039
14951,2025-03-06,40,14,603,401,152.44,16,13001
14952,2023-07-26,58,2,601,403,167.19,15,9497
14953,2022-11-13,74,3,600,403,269.84,17,10419
14954,2025-03-27,82,7,602,401,309.35,90,9226
14955,2023-03-23,11,4,605,402,490.99,71,14750
14956,2024-03-03,11,10,604,402,159.57,30,5096
14957,2023-02-09,62,13,603,401,313.82,74,15000
14958,2023-09-02,91,12,604,403,58.59,54,11320
14959,2024-01-26,55,5,601,402,372.42,57,6547
14960,2023-03-23,7,10,604,400,184.9,56,11954
14961,2023-02-08,66,12,601,402,86.33,24,401
14962,2024-02-28,47,14,604,402,228.11,74,420
14963,2022-03-11,39,12,600,402,105.02,84,12717
14964,2024-05-13,10,15,601,403,107.56,100,4999
14965,2023-11-03,31,9,603,402,88.01,45,9983
14966,2022-05-27,21,1,601,403,182.0,61,8756
14967,2023-07-06,10,14,602,400,111.08,69,13531
14968,2022-06-02,13,9,605,402,88.51,50,12071
14969,2023-12-09,52,1,600,403,159.46,24,8536
14970,2025-01-13,15,11,605,403,441.1,74,1150
14971,2023-09-29,46,15,601,400,322.4,63,12576
14972,2023-12-27,76,8,600,402,249.52,36,3883
14973,2024-01-22,12,14,603,403,180.91,97,13589
14974,2022-02-01,10,8,604,402,182.98,58,6137
14975,2024-04-03,29,7,602,403,305.05,17,8368
14976,2025-03-11,17,15,600,402,113.06,18,8311
14977,2022-03-17,81,12,600,402,329.25,81,1430
14978,2022-08-26,42,6,603,403,416.33,31,10003
14979,2022-07-01,57,3,601,402,471.23,82,4578
14980,2023-12-15,36,13,601,400,329.52,19,10171
14981,2022-01-13,68,14,603,400,114.83,89,2223
14982,2022-10-25,52,6,602,401,446.33,81,8181
14983,2023-10-07,52,5,605,400,259.03,88,8068
14984,2024-02-04,44,7,605,402,162.38,45,13973
14985,2023-01-08,23,6,602,400,58.36,36,4838
14986,2025-06-24,46,5,601,400,115.68,53,11218
14987,2023-11-18,41,1,604,402,404.81,44,5575
14988,2023-04-04,61,9,602,402,497.38,81,10360
14989,2022-03-11,77,4,602,402,98.74,69,10471
14990,2022-09-27,41,11,600,400,398.85,44,1136
14991,2022-04-26,25,7,604,401,481.8,87,12358
14992,2022-02-22,78,13,603,401,263.51,48,6781
14993,2024-12-23,50,4,600,400,412.89,62,11591
14994,2024-04-17,5,11,603,400,356.5,57,14933
14995,2023-10-10,3,5,602,402,269.08,93,464
14996,2025-04-12,55,6,605,400,239.34,33,8139
14997,2025-01-01,6,4,605,401,485.36,44,12194
14998,2022-06-10,52,8,604,400,104.09,84,3949
14999,2024-05-23,88,5,601,400,102.27,25,6277
15000,2024-03-06,30,4,602,400,184.83,99,13603
15001,2022-08-21,86,10,602,402,104.86,12,7347
15002,2024-09-15,90,12,602,400,392.33,49,5310
15003,2022-05-27,24,14,603,403,312.19,88,8825
15004,2024-01-30,87,6,605,403,456.47,42,7837
15005,2023-08-08,85,2,602,401,161.74,34,3196
15006,2023-03-09,8,9,605,401,393.1,30,7596
15007,2023-05-31,34,3,603,403,373.11,25,14124
15008,2024-10-02,45,6,605,402,450.61,69,5407
15009,2023-09-02,56,9,602,403,458.77,100,929
15010,2024-05-13,96,3,600,403,291.02,61,11359
15011,2022-10-21,95,12,605,403,460.97,30,3601
15012,2022-08-18,57,10,603,402,111.2,23,8560
15013,2022-10-18,6,14,604,403,204.14,27,180
15014,2024-03-27,53,12,603,400,477.16,39,3579
15015,2025-06-14,33,3,604,401,231.46,66,9881
15016,2022-01-03,40,4,602,401,83.64,66,9366
15017,2022-06-01,43,9,601,402,146.36,41,1010
15018,2023-04-11,97,14,603,401,324.35,65,14802
15019,2022-07-10,30,3,605,403,135.22,22,14295
15020,2023-03-30,31,4,602,401,173.81,38,10820
15021,2024-06-24,47,11,602,401,159.59,7,3171
15022,2024-07-31,46,15,601,402,457.66,80,4268
15023,2022-03-27,69,7,604,402,370.1,87,6507
15024,2023-05-23,1,10,602,403,311.69,73,8795
15025,2022-04-12,66,1,604,402,95.27,71,4639
15026,2023-03-12,37,7,602,402,106.72,100,2645
15027,2022-08-11,86,2,600,400,313.02,84,1622
15028,2024-07-03,52,5,605,400,318.36,37,6775
15029,2022-12-10,37,10,602,402,164.27,58,11165
15030,2023-01-18,52,2,605,400,126.2,56,11727
15031,2023-08-14,81,5,605,401,138.98,68,11637
15032,2022-04-28,86,5,602,402,359.85,41,12453
15033,2024-06-17,42,12,602,402,116.06,27,9971
15034,2022-04-15,98,14,603,403,370.64,85,11698
15035,2024-09-14,80,5,600,400,339.88,78,8992
15036,2023-06-27,76,9,600,401,390.19,76,2190
15037,2024-04-29,93,2,600,402,311.73,41,7883
15038,2024-10-29,32,9,604,401,297.53,92,2637
15039,2022-03-15,77,10,604,401,174.46,25,12178
15040,2023-01-01,3,13,604,401,186.47,91,12974
15041,2023-01-19,63,15,605,400,427.47,37,8185
15042,2025-05-07,88,13,603,402,228.98,26,7060
15043,2022-04-27,24,5,604,400,366.69,60,13436
15044,2023-12-18,56,13,600,402,336.04,60,3270
15045,2023-06-28,72,4,604,401,285.82,76,5408
15046,2022-12-27,73,14,605,402,380.55,32,2644
15047,2024-03-15,14,14,600,401,160.69,62,1060
15048,2022-01-18,73,7,602,401,230.61,61,7142
15049,2024-08-30,23,1,602,401,268.02,85,1883
15050,2024-12-03,61,7,603,400,188.91,67,13200
15051,2022-09-05,89,15,603,401,421.4,6,13208
15052,2022-12-14,83,3,605,401,101.14,87,11307
15053,2023-04-27,51,10,604,402,244.34,52,3015
15054,2024-02-19,47,9,602,400,275.87,20,14783
15055,2023-12-26,31,15,604,403,181.59,90,8975
15056,2023-04-27,36,14,605,401,463.68,57,8195
15057,2022-08-30,37,13,605,403,298.71,8,14362
15058,2024-02-19,49,1,604,402,427.28,27,6490
15059,2024-02-29,18,14,600,403,91.84,99,13801
15060,2023-11-12,29,4,603,401,386.05,30,3194
15061,2024-11-21,61,10,601,400,393.81,98,8509
15062,2024-06-25,43,1,602,400,161.9,9,11045
15063,2023-03-01,14,1,600,400,186.41,51,899
15064,2025-01-23,43,8,603,401,219.13,83,14484
15065,2022-10-24,55,3,604,403,489.07,81,14203
15066,2024-10-03,40,7,605,402,429.5,87,6717
15067,2022-01-10,50,6,604,401,117.02,54,15000
15068,2024-09-17,22,14,601,403,387.53,70,6397
15069,2022-08-08,98,11,600,400,303.38,11,4082
15070,2022-11-21,85,9,605,401,57.73,90,9488
15071,2023-07-19,15,5,600,403,175.44,49,2204
15072,2023-05-01,84,5,605,403,145.91,15,5498
15073,2022-03-27,60,14,602,401,165.74,60,11034
15074,2025-01-24,89,2,605,400,142.12,40,6381
15075,2023-01-20,89,12,604,402,163.44,41,1994
15076,2023-07-08,39,7,602,401,128.43,52,790
15077,2022-12-15,3,6,603,403,281.47,14,12384
15078,2024-11-22,1,2,603,403,257.87,53,538
15079,2022-06-18,34,6,605,403,380.3,83,13436
15080,2024-09-30,54,4,600,400,295.48,68,3493
15081,2024-06-13,91,14,601,400,446.54,72,3541
15082,2025-01-15,80,14,605,402,398.55,39,3075
15083,2024-10-17,3,4,602,401,438.39,84,9107
15084,2024-10-16,7,2,601,400,406.59,40,6364
15085,2022-12-08,33,5,602,403,497.73,9,5375
15086,2025-05-20,78,11,603,400,169.23,93,12634
15087,2022-07-10,81,15,603,403,467.84,66,13509
15088,2022-04-19,82,1,604,401,299.62,15,7103
15089,2024-09-15,63,6,601,400,393.02,21,11437
15090,2024-01-13,47,1,601,403,157.76,75,9022
15091,2024-10-28,77,13,603,402,129.73,33,10435
15092,2024-01-19,74,11,605,403,103.11,28,11948
15093,2025-06-24,71,15,601,403,102.29,28,5837
15094,2024-04-15,24,10,600,403,312.19,31,9524
15095,2023-01-12,12,15,600,400,133.39,32,11123
15096,2022-06-10,32,13,601,400,461.03,16,8466
15097,2025-02-01,40,9,601,400,458.07,31,12772
15098,2024-03-04,37,1,603,402,223.26,98,12418
15099,2025-01-24,94,12,600,402,52.55,99,3782
15100,2022-07-21,73,8,605,402,482.32,94,3101
15101,2024-02-26,33,7,603,402,242.88,69,2207
15102,2022-09-11,85,11,600,401,379.23,45,1116
15103,2023-03-17,68,9,604,400,420.09,6,5753
15104,2025-05-30,62,9,604,403,105.26,57,8965
15105,2024-06-27,57,14,605,401,483.45,70,12745
15106,2024-07-03,13,4,600,400,490.59,33,8357
15107,2025-01-08,36,5,603,403,488.76,72,11643
15108,2025-04-14,68,3,600,402,456.75,89,8758
15109,2025-03-22,53,11,603,400,144.47,67,14452
15110,2025-04-06,34,3,605,400,333.09,43,11362
15111,2024-01-03,82,9,603,401,120.05,93,12922
15112,2022-07-01,14,8,605,400,124.56,8,8378
15113,2023-11-07,92,6,602,400,410.48,98,11670
15114,2023-06-11,69,7,603,400,141.34,89,12083
15115,2024-10-19,47,15,604,400,446.17,61,3786
15116,2024-03-14,21,2,604,401,488.12,30,13598
15117,2022-04-11,49,5,605,402,165.71,17,8232
15118,2025-01-20,6,2,602,403,120.09,57,8262
15119,2023-12-13,48,5,602,402,175.24,76,539
15120,2022-05-15,26,1,603,402,264.96,42,924
15121,2024-05-31,75,14,600,402,192.38,86,12678
15122,2022-03-28,63,11,600,401,158.91,94,3398
15123,2024-11-29,26,11,602,402,387.56,99,1364
15124,2023-06-15,41,10,603,401,429.69,38,2217
15125,2023-10-15,41,9,602,403,337.7,34,599
15126,2022-08-11,96,8,604,401,195.85,64,12853
15127,2022-03-19,34,6,604,400,266.74,81,10356
15128,2023-04-24,30,7,601,401,446.35,94,11622
15129,2023-12-19,38,12,603,403,449.08,16,13202
15130,2025-05-08,3,2,601,403,384.48,85,9204
15131,2023-04-17,70,6,601,403,376.45,74,13345
15132,2022-06-06,89,14,604,401,267.27,68,6635
15133,2024-05-20,68,12,603,403,499.39,76,8835
15134,2025-04-10,49,10,603,403,229.79,39,8739
15135,2024-10-10,23,7,603,402,491.02,35,3918
15136,2022-06-11,97,8,605,403,396.07,66,12689
15137,2025-02-16,95,9,603,401,479.92,38,2722
15138,2024-08-11,93,6,602,401,395.07,36,4177
15139,2023-07-02,94,3,605,401,114.64,41,7961
15140,2024-08-21,32,15,605,402,440.06,25,6736
15141,2025-05-21,60,13,605,402,230.41,17,2803
15142,2024-08-05,20,1,601,403,241.48,33,9760
15143,2022-05-12,34,7,605,401,451.56,34,5560
15144,2022-10-10,49,15,600,401,472.83,22,12699
15145,2022-04-10,19,15,604,401,198.89,9,1452
15146,2024-07-20,34,13,604,402,98.55,91,485
15147,2025-05-27,48,4,605,403,397.95,92,13446
15148,2023-12-18,38,6,600,400,398.72,85,2422
15149,2022-07-17,5,6,602,402,133.02,71,4366
15150,2024-04-01,2,11,602,402,369.76,16,12367
15151,2024-11-01,9,5,602,400,255.34,15,9251
15152,2025-06-03,62,12,605,401,398.36,98,4533
15153,2025-03-18,10,2,605,401,257.86,95,14158
15154,2022-08-05,4,1,601,403,421.37,10,2866
15155,2022-07-26,44,2,601,400,316.8,68,9097
15156,2024-11-05,82,3,604,402,278.76,58,11428
15157,2022-10-31,33,5,601,403,78.06,61,9608
15158,2023-06-22,1,9,602,401,87.16,42,13197
15159,2022-10-24,23,12,605,402,382.38,35,11837
15160,2024-10-07,84,14,600,400,467.82,53,12986
15161,2023-07-09,55,11,602,400,292.17,74,1637
15162,2023-08-08,32,13,602,403,227.47,9,5424
15163,2024-12-18,54,1,601,401,124.27,67,1792
15164,2022-03-27,72,6,600,401,101.46,51,13236
15165,2023-04-21,31,6,602,401,338.33,6,1635
15166,2022-09-17,2,4,603,401,93.15,50,5301
15167,2023-08-18,84,15,605,403,391.58,93,9897
15168,2022-09-06,62,3,605,403,473.69,34,14663
15169,2023-03-14,100,14,603,401,400.32,31,10412
15170,2025-04-03,50,2,604,403,471.59,98,9911
15171,2024-06-02,57,4,600,403,258.55,93,11966
15172,2024-02-21,75,13,604,401,160.61,100,6570
15173,2024-05-05,44,1,600,402,258.52,32,10315
15174,2025-06-24,24,14,603,402,107.9,96,6048
15175,2023-10-17,37,13,601,401,336.57,48,9934
15176,2024-02-19,26,13,605,401,275.27,26,5686
15177,2023-02-27,27,12,601,400,100.82,37,4951
15178,2024-08-25,58,13,603,402,489.51,25,6415
15179,2022-03-18,40,12,602,400,493.2,35,280
15180,2024-04-02,45,5,605,402,180.66,71,8100
15181,2022-09-10,27,5,601,401,470.24,37,7476
15182,2023-04-06,19,12,600,402,130.91,47,6376
15183,2023-09-06,35,7,604,402,480.26,70,10352
15184,2023-01-10,58,9,600,403,213.05,46,13613
15185,2023-05-14,78,2,602,400,184.31,35,7441
15186,2025-04-28,2,12,602,400,52.86,94,3505
15187,2025-04-19,9,15,602,403,409.94,5,3734
15188,2022-12-31,23,15,602,403,89.16,41,4039
15189,2023-06-23,48,2,603,401,272.05,35,1336
15190,2025-04-03,21,6,605,400,63.52,26,2254
15191,2025-01-18,89,6,603,403,419.75,49,14183
15192,2023-08-03,51,1,605,401,337.43,9,3326
15193,2022-03-14,47,12,601,401,182.82,27,599
15194,2023-04-06,16,13,601,401,174.49,7,1188
15195,2022-05-22,33,1,602,403,456.36,61,8659
15196,2023-05-23,93,13,601,402,86.87,72,9111
15197,2022-10-17,48,7,604,403,244.38,32,6491
15198,2023-08-04,43,10,601,401,178.68,31,12899
15199,2023-09-22,90,9,605,403,144.46,36,13990
15200,2022-04-25,82,5,601,400,146.34,20,2772
15201,2022-12-24,76,10,604,400,240.54,20,5689
15202,2023-07-25,3,9,604,400,65.17,10,2556
15203,2024-03-22,73,9,604,403,285.41,62,9756
15204,2022-07-17,80,8,601,401,124.62,98,4913
15205,2025-06-29,12,15,602,403,103.8,58,9329
15206,2024-12-09,74,15,604,403,52.48,82,3416
15207,2023-08-16,15,4,600,402,144.68,17,12683
15208,2024-02-07,88,15,602,401,317.51,50,13161
15209,2023-12-20,100,2,601,401,250.03,31,12587
15210,2025-05-13,31,11,600,403,333.67,52,13097
15211,2023-12-28,30,8,603,402,214.37,32,9564
15212,2022-01-03,2,4,603,402,79.3,83,8600
15213,2022-05-26,100,2,601,401,408.76,94,1791
15214,2022-02-09,7,14,604,403,311.42,50,1247
15215,2022-08-04,80,3,601,402,55.53,49,2468
15216,2024-10-15,45,3,602,400,91.72,65,5942
15217,2022-10-04,1,1,603,403,158.89,71,12818
15218,2022-08-26,34,3,605,401,168.11,62,7920
15219,2024-12-06,50,13,603,403,396.89,70,10211
15220,2024-05-28,35,15,603,402,64.66,32,2327
15221,2022-02-21,86,3,600,400,168.99,49,10210
15222,2025-01-08,48,9,601,403,57.62,35,13814
15223,2023-11-24,95,3,600,403,186.96,42,9027
15224,2022-11-13,56,1,605,402,140.17,68,13925
15225,2024-02-07,63,15,605,401,288.13,93,631
15226,2022-08-29,24,3,603,400,343.34,20,11423
15227,2022-11-02,86,12,602,402,232.62,44,1225
15228,2023-03-12,29,4,604,400,402.43,56,2120
15229,2023-02-06,21,3,600,403,357.58,72,12782
15230,2023-09-18,81,11,605,401,131.23,60,12509
15231,2024-03-25,31,9,600,402,467.14,72,13295
15232,2024-04-04,27,13,602,400,426.16,95,8123
15233,2024-02-08,1,2,601,401,410.91,6,5374
15234,2024-01-06,33,5,605,402,255.14,88,11631
15235,2024-06-18,2,9,604,402,355.63,48,10294
15236,2024-05-10,51,6,604,402,176.63,87,11923
15237,2022-07-28,90,1,603,402,363.41,97,10015
15238,2025-03-11,99,5,603,401,52.51,82,657
15239,2025-06-19,2,1,602,402,102.52,34,11862
15240,2023-03-30,80,9,600,402,101.26,54,6792
15241,2023-05-03,95,14,602,401,268.36,68,13896
15242,2024-05-30,85,2,601,401,368.54,56,4315
15243,2022-04-21,7,10,605,401,290.78,62,11719
15244,2025-02-27,23,9,602,400,404.51,43,9613
15245,2024-06-06,17,14,605,402,462.53,72,1608
15246,2025-02-12,43,10,602,403,386.94,97,6702
15247,2023-10-26,98,9,604,403,213.78,40,1954
15248,2022-09-16,5,2,604,401,68.84,48,12676
15249,2025-02-02,54,5,602,400,261.45,31,3902
15250,2024-07-17,54,1,604,402,197.68,87,6697
15251,2024-09-22,99,15,605,400,151.57,88,11787
15252,2025-03-17,14,13,600,400,405.2,55,3622
15253,2023-06-29,78,1,603,401,334.6,51,1531
15254,2025-04-22,69,1,600,401,449.78,33,2667
15255,2022-05-06,46,2,605,402,352.03,82,7091
15256,2022-07-25,93,11,604,402,383.2,26,14243
15257,2024-01-17,76,3,605,403,447.34,77,5794
15258,2023-12-19,52,6,604,401,241.22,23,12293
15259,2023-04-27,83,1,600,400,301.52,99,12319
15260,2024-06-17,89,15,602,402,495.84,7,5286
15261,2024-08-08,94,11,605,400,97.38,93,10118
15262,2022-03-06,57,3,600,400,88.2,76,3472
15263,2023-06-19,7,15,602,401,188.69,94,8514
15264,2025-05-19,94,6,605,402,432.52,25,4872
15265,2022-11-22,85,14,600,403,313.65,8,6765
15266,2024-04-08,87,15,605,402,331.07,49,5688
15267,2023-10-12,30,11,603,401,133.0,14,4239
15268,2024-12-25,11,3,602,402,305.65,93,13796
15269,2025-01-02,24,8,604,403,195.4,25,7336
15270,2022-05-11,98,10,604,401,346.42,68,8324
15271,2024-01-06,39,10,603,400,344.03,44,3424
15272,2022-02-01,15,12,603,401,475.43,81,4838
15273,2024-03-07,26,4,603,400,63.0,43,8249
15274,2024-07-06,97,9,601,402,139.99,41,5749
15275,2023-05-27,48,7,605,400,480.58,58,1343
15276,2024-03-16,79,3,602,402,356.7,78,12208
15277,2023-09-05,8,3,605,400,335.26,78,5584
15278,2024-10-07,82,9,601,402,361.82,41,3726
15279,2024-09-16,90,8,603,401,140.43,56,4464
15280,2024-03-17,81,12,602,401,65.75,99,6286
15281,2024-10-06,48,15,605,402,483.9,44,549
15282,2023-06-13,30,13,605,400,113.67,24,5144
15283,2022-09-05,8,9,603,402,283.97,100,557
15284,2023-05-02,88,5,600,401,67.43,96,7196
15285,2023-07-22,7,9,601,400,494.97,32,7034
15286,2023-09-09,70,2,601,401,313.6,74,3985
15287,2023-06-04,1,6,601,403,240.3,44,570
15288,2022-11-01,16,1,601,402,221.07,48,1459
15289,2023-12-03,38,5,603,400,390.65,70,7132
15290,2022-02-12,39,8,603,402,230.11,43,11864
15291,2023-01-03,81,5,603,403,470.11,49,13474
15292,2023-10-08,2,15,601,402,374.52,98,2760
15293,2025-05-18,94,4,605,400,282.38,82,8583
15294,2024-07-25,17,3,604,401,111.15,100,10772
15295,2022-11-21,77,14,605,400,149.94,71,4064
15296,2023-04-26,92,14,600,403,73.31,88,12542
15297,2022-10-31,73,8,601,401,494.51,48,3374
15298,2023-11-14,74,6,603,403,188.41,45,10772
15299,2023-03-12,59,7,602,401,374.5,50,5907
15300,2022-01-11,80,8,605,400,67.3,67,6803
15301,2025-01-23,38,6,600,400,375.13,50,11341
15302,2025-01-07,91,2,600,400,484.64,86,14601
15303,2022-01-17,82,4,602,402,85.54,59,1297
15304,2025-06-11,77,12,602,403,114.83,20,13385
15305,2024-01-13,62,15,603,403,384.59,93,14538
15306,2022-11-12,67,5,601,401,175.97,41,6998
15307,2024-11-24,19,8,603,400,387.4,81,14481
15308,2022-09-09,48,6,603,400,158.94,63,12585
15309,2024-01-20,79,13,601,403,112.13,93,986
15310,2025-01-06,91,7,600,403,454.23,70,5909
15311,2024-05-21,49,15,603,402,270.84,95,1932
15312,2024-10-30,87,7,602,402,292.7,87,7971
15313,2023-07-07,89,8,605,402,440.65,64,6495
15314,2023-03-13,71,13,600,400,380.18,9,6820
15315,2023-09-16,31,9,603,402,459.44,48,13314
15316,2023-01-04,62,11,601,401,212.0,36,5090
15317,2025-04-10,41,6,601,401,112.6,35,6617
15318,2024-03-04,39,8,604,400,152.0,30,1146
15319,2022-09-02,66,12,601,401,174.08,91,8339
15320,2022-08-17,10,13,603,402,457.9,17,575
15321,2024-07-16,33,4,600,400,275.09,45,10536
15322,2025-04-12,65,13,605,403,356.74,55,9934
15323,2024-10-05,62,4,602,400,304.81,52,7852
15324,2024-11-06,14,7,603,402,273.65,62,5447
15325,2022-01-25,77,1,601,403,198.48,8,10097
15326,2022-12-05,77,14,601,402,459.9,86,10979
15327,2023-08-02,4,1,601,402,440.6,49,3293
15328,2024-03-08,53,11,600,401,58.1,9,14279
15329,2025-03-18,11,9,604,403,140.48,55,14035
15330,2022-07-27,90,6,600,400,192.53,55,11214
15331,2025-06-06,19,1,605,403,207.85,66,7726
15332,2024-02-27,9,3,603,403,407.67,96,11423
15333,2023-02-15,38,14,604,403,312.12,61,5628
15334,2024-11-10,5,14,602,402,475.84,17,13427
15335,2022-08-21,12,4,604,403,492.22,42,10185
15336,2022-10-24,22,7,604,403,94.35,90,12957
15337,2025-05-27,31,7,603,400,130.47,38,10969
15338,2024-08-08,13,11,604,402,399.31,52,2866
15339,2023-06-06,57,3,602,401,119.64,52,7125
15340,2022-06-20,63,6,603,403,387.3,21,8287
15341,2024-12-21,4,7,604,402,112.26,34,1903
15342,2022-03-01,23,14,602,402,446.8,83,14896
15343,2024-03-12,93,5,601,400,248.69,51,3923
15344,2023-12-14,63,8,603,403,419.38,100,3122
15345,2024-09-08,11,12,604,400,233.36,70,13704
15346,2024-11-14,15,6,602,400,245.27,33,11944
15347,2022-06-12,96,6,604,403,127.88,46,10630
15348,2024-11-24,37,5,603,403,295.82,54,12312
15349,2022-04-27,90,6,604,403,375.6,41,8074
15350,2023-01-29,35,6,601,402,225.02,98,7938
15351,2022-08-05,51,14,604,401,437.69,86,12854
15352,2025-03-15,62,13,601,401,224.03,40,3618
15353,2022-01-06,34,13,602,400,417.01,98,6910
15354,2023-07-15,71,10,604,401,223.49,17,3278
15355,2025-01-05,78,5,600,401,62.27,76,3827
15356,2023-06-21,32,2,600,400,55.03,35,12771
15357,2024-01-24,7,7,603,400,84.77,65,8793
15358,2022-01-22,12,13,600,400,96.25,96,11750
15359,2023-01-09,89,9,604,403,350.68,34,1600
15360,2022-05-18,3,3,605,403,357.28,85,2890
15361,2022-10-20,78,9,605,402,81.4,84,6635
15362,2022-01-15,17,13,605,401,92.12,68,4129
15363,2022-07-17,21,13,600,403,146.02,33,2584
15364,2024-07-17,2,13,600,400,270.95,59,3504
15365,2024-10-09,72,14,603,402,361.51,32,5548
15366,2022-12-26,98,11,600,403,319.04,13,11589
15367,2023-01-25,18,2,602,400,403.99,53,8433
15368,2023-04-18,12,7,605,403,304.56,99,4520
15369,2023-07-05,40,13,600,401,417.76,29,3821
15370,2024-07-09,87,9,605,402,332.87,98,7368
15371,2022-12-15,51,14,602,401,82.46,73,5891
15372,2024-08-05,44,15,601,403,246.04,61,5398
15373,2022-12-17,62,10,604,403,471.29,86,3123
15374,2024-07-22,45,4,601,401,214.13,16,1537
15375,2023-04-18,89,13,605,400,195.82,13,9526
15376,2024-08-08,33,9,604,400,362.0,19,14428
15377,2022-09-08,70,13,603,402,151.66,29,1498
15378,2022-03-04,60,7,601,402,297.65,45,14554
15379,2025-04-29,28,8,603,401,404.12,71,13032
15380,2024-04-05,62,8,601,402,477.92,38,8905
15381,2022-02-11,5,3,603,401,178.76,9,2725
15382,2022-03-20,11,5,601,401,439.93,43,1280
15383,2024-09-26,46,1,600,403,329.43,74,14646
15384,2022-11-20,76,11,601,402,395.74,77,3935
15385,2024-09-13,51,12,605,403,106.71,77,14276
15386,2023-06-29,31,4,603,403,226.67,30,8369
15387,2024-08-08,77,7,604,400,487.1,22,7427
15388,2023-01-22,28,11,601,403,71.27,84,14541
15389,2023-04-28,97,12,603,400,211.95,12,3860
15390,2023-02-01,1,3,604,400,373.9,87,10761
15391,2022-04-16,24,5,604,403,261.72,75,6389
15392,2023-05-05,73,12,605,402,379.17,74,7161
15393,2024-11-27,81,11,605,401,70.48,35,13155
15394,2024-04-16,64,15,603,401,317.82,62,4246
15395,2024-08-11,24,6,604,402,89.48,86,5808
15396,2024-06-08,17,12,603,401,142.93,42,12124
15397,2024-10-06,11,4,603,400,77.51,53,8207
15398,2023-09-21,39,8,600,400,71.76,59,7838
15399,2022-01-15,65,4,601,402,321.74,36,6208
15400,2022-03-04,84,11,604,403,58.14,100,7624
15401,2024-05-04,77,3,604,401,384.22,6,10965
15402,2024-12-12,3,14,600,400,146.76,82,4863
15403,2022-12-30,38,8,600,400,66.18,31,12582
15404,2024-05-09,10,7,604,400,342.75,67,13750
15405,2025-02-26,59,7,602,401,219.83,42,3445
15406,2023-03-26,99,4,600,400,197.28,47,10083
15407,2022-08-23,22,1,604,401,297.35,93,3864
15408,2022-02-10,44,7,600,403,498.08,24,11559
15409,2024-10-14,29,9,603,400,122.93,63,2607
15410,2025-01-01,92,15,601,401,131.08,80,3155
15411,2025-02-24,22,15,602,403,387.39,29,1203
15412,2024-01-01,56,10,603,403,352.06,28,11610
15413,2023-11-17,97,14,602,403,277.24,34,5526
15414,2024-10-24,12,13,603,402,215.82,41,885
15415,2023-11-05,72,13,600,401,349.73,8,8229
15416,2022-06-29,87,15,603,400,193.5,81,13424
15417,2023-04-24,66,10,605,400,306.79,72,8854
15418,2022-03-31,95,7,601,402,155.15,81,4925
15419,2024-10-31,89,15,601,403,418.78,89,7385
15420,2022-04-04,37,3,600,402,334.46,62,635
15421,2023-09-10,49,2,605,402,114.46,19,7487
15422,2024-04-25,6,11,604,400,189.75,65,6023
15423,2024-03-19,36,6,601,400,427.77,37,12684
15424,2023-05-12,19,9,605,403,348.96,18,13174
15425,2022-01-09,27,3,602,402,61.17,48,10161
15426,2024-11-17,55,11,602,403,351.57,92,1687
15427,2023-08-26,60,7,601,402,353.37,94,8140
15428,2025-03-24,99,9,601,403,117.84,38,7269
15429,2025-05-03,3,12,605,403,331.15,12,5135
15430,2025-03-17,44,7,601,401,248.79,47,3861
15431,2022-05-12,63,2,602,401,308.43,44,10095
15432,2025-06-22,56,12,601,402,207.23,50,1268
15433,2025-06-29,81,15,601,402,279.29,88,14292
15434,2022-01-14,94,15,601,400,259.14,40,10839
15435,2023-09-04,90,14,602,400,492.69,95,4219
15436,2024-01-06,28,5,600,401,202.0,28,2567
15437,2023-11-09,26,7,603,403,322.84,54,3303
15438,2024-06-04,18,9,605,400,336.16,83,5256
15439,2022-02-09,97,1,604,402,209.46,58,11293
15440,2025-01-24,81,12,602,401,151.21,9,4793
15441,2024-11-12,16,1,604,402,434.77,26,11180
15442,2023-12-03,57,13,603,402,79.42,77,5170
15443,2025-03-10,79,1,601,401,62.46,37,11550
15444,2024-10-04,97,14,603,401,432.7,21,11396
15445,2022-06-17,42,10,600,400,177.7,45,5425
15446,2022-07-16,56,9,603,402,380.01,54,7836
15447,2022-01-31,70,3,604,400,128.1,73,2845
15448,2022-12-20,83,13,604,400,359.53,85,4834
15449,2022-08-29,6,1,601,400,461.47,91,9269
15450,2024-07-08,37,13,604,402,401.12,66,8796
15451,2022-03-29,50,13,602,401,376.95,87,10811
15452,2023-11-02,25,7,601,400,213.26,46,5593
15453,2024-07-18,31,1,605,400,52.14,39,1886
15454,2025-01-22,56,13,603,403,437.58,56,11213
15455,2024-07-08,19,2,602,400,465.93,70,7229
15456,2024-02-28,59,3,603,403,403.76,76,5396
15457,2024-08-06,44,5,603,400,368.23,39,999
15458,2023-04-29,12,8,601,400,272.89,67,8778
15459,2023-10-05,57,8,604,403,299.39,13,6289
15460,2023-10-15,98,10,602,401,491.05,39,13807
15461,2024-12-01,3,2,602,403,323.35,18,3240
15462,2024-03-29,26,8,603,402,197.82,72,12318
15463,2025-06-28,58,14,600,403,375.84,46,3681
15464,2022-12-15,36,13,601,402,184.06,22,9781
15465,2022-08-11,2,15,602,403,421.47,34,11862
15466,2022-01-11,68,6,603,402,336.14,57,13734
15467,2024-10-03,62,3,600,403,276.8,88,2646
15468,2025-05-13,84,14,602,401,171.07,13,13072
15469,2022-06-11,40,11,605,401,430.17,49,10315
15470,2022-09-17,44,13,600,400,389.59,75,9575
15471,2025-04-04,82,3,602,403,202.42,93,11084
15472,2023-04-26,45,9,605,402,256.0,44,9607
15473,2025-06-09,56,12,604,400,298.01,31,11551
15474,2025-04-07,26,8,604,403,120.76,50,10331
15475,2025-01-06,53,7,602,400,385.66,59,3270
15476,2024-04-25,8,13,602,402,475.35,96,3325
15477,2023-09-07,18,7,600,403,277.58,81,9853
15478,2023-10-08,37,6,600,400,355.33,49,9225
15479,2024-08-14,68,3,605,401,297.29,13,9466
15480,2023-04-29,13,7,600,402,161.84,7,11383
15481,2024-12-09,33,8,600,401,153.49,51,3144
15482,2023-12-09,54,7,601,400,409.2,31,12524
15483,2022-08-16,13,4,604,402,213.24,75,6291
15484,2025-05-09,97,9,605,401,134.26,78,5707
15485,2024-06-13,97,11,601,402,487.98,59,12550
15486,2022-04-14,68,4,602,400,116.38,87,3763
15487,2024-12-16,65,11,600,403,402.04,73,8247
15488,2022-03-01,93,1,601,403,284.02,71,9500
15489,2022-03-26,92,13,605,402,85.52,45,4946
15490,2022-05-12,78,3,602,402,122.36,11,13247
15491,2023-05-24,69,7,602,402,274.04,97,12723
15492,2023-02-16,4,15,603,401,450.2,77,8839
15493,2022-03-27,68,6,602,401,154.27,53,2845
15494,2023-10-07,64,3,602,401,482.98,45,7771
15495,2022-07-24,47,2,602,403,101.33,7,3483
15496,2022-08-29,32,6,601,400,416.19,33,1879
15497,2023-11-19,67,7,601,402,365.4,30,10272
15498,2025-01-02,40,10,604,403,340.43,90,10174
15499,2024-06-26,79,10,602,403,245.58,45,12257
15500,2022-11-05,21,11,602,402,463.59,68,5017
15501,2024-04-09,17,13,603,400,125.4,83,1795
15502,2022-06-14,36,8,601,401,88.45,100,9409
15503,2024-10-30,36,13,605,400,295.23,93,7999
15504,2023-04-23,52,1,600,401,199.74,41,275
15505,2024-08-14,39,11,602,400,195.44,46,6868
15506,2024-08-10,10,4,605,401,220.87,50,6793
15507,2022-09-30,50,3,603,401,360.04,14,12357
15508,2023-06-23,39,4,605,400,73.47,66,7627
15509,2023-01-17,33,1,601,403,275.94,74,7766
15510,2022-04-24,75,9,603,401,126.35,87,237
15511,2022-03-08,78,6,601,400,310.84,40,6979
15512,2022-02-04,33,14,601,400,222.46,66,1402
15513,2024-11-08,34,5,601,402,373.69,66,4978
15514,2025-01-29,71,10,602,400,194.13,84,5570
15515,2024-08-29,98,12,601,403,355.44,73,8755
15516,2024-01-26,73,6,603,401,180.03,79,657
15517,2024-11-09,82,1,600,401,461.59,78,6964
15518,2022-11-29,37,15,602,402,269.74,5,12406
15519,2024-06-15,31,8,602,403,175.24,36,9142
15520,2022-12-26,39,10,603,401,472.45,59,9064
15521,2022-02-14,43,15,601,401,168.13,51,1030
15522,2022-10-01,59,7,605,402,441.13,74,2788
15523,2024-06-24,76,6,600,402,379.7,64,13532
15524,2022-11-19,100,7,604,403,356.04,14,14065
15525,2024-11-03,2,14,602,403,252.0,91,3570
15526,2022-03-28,40,5,604,403,103.86,76,3874
15527,2025-03-31,30,3,602,403,141.06,43,10512
15528,2024-09-30,50,2,602,400,466.99,10,10056
15529,2022-09-15,53,9,602,400,120.43,89,4419
15530,2022-12-25,96,13,605,403,352.04,86,5592
15531,2024-08-15,59,10,600,402,166.66,20,152
15532,2023-12-19,40,13,603,400,321.67,76,10948
15533,2022-10-28,78,6,604,402,90.05,54,5914
15534,2023-11-24,15,14,600,403,419.99,21,2552
15535,2023-05-21,60,11,605,401,363.46,69,3747
15536,2023-04-24,20,3,601,401,391.1,62,5525
15537,2023-10-18,49,12,601,402,152.36,88,7111
15538,2025-04-02,21,15,604,402,245.22,46,11270
15539,2024-02-14,67,7,604,400,372.36,97,9501
15540,2024-06-03,6,6,604,401,120.85,74,309
15541,2024-07-17,86,5,603,400,389.24,58,5275
15542,2024-05-02,24,9,602,402,194.8,92,13598
15543,2024-01-12,87,12,604,401,122.39,32,10526
15544,2023-09-13,38,1,601,401,347.98,83,481
15545,2024-10-22,18,13,600,400,444.6,58,5992
15546,2024-07-10,44,4,600,401,215.47,72,3732
15547,2022-03-21,34,13,603,402,201.48,93,8577
15548,2024-10-20,49,1,601,400,280.2,38,8983
15549,2022-06-25,8,5,605,403,183.36,86,9881
15550,2024-09-15,23,13,602,400,82.28,56,872
15551,2024-09-12,80,15,602,403,258.84,66,3359
15552,2022-03-15,68,15,603,402,55.53,67,11820
15553,2024-08-20,7,6,601,402,254.0,58,3082
15554,2025-04-17,67,1,600,400,179.64,73,9338
15555,2023-10-16,65,5,605,401,72.87,40,8271
15556,2025-04-08,1,3,603,401,478.99,77,3469
15557,2023-11-28,83,13,602,400,163.1,94,8101
15558,2022-05-08,80,7,603,403,378.87,22,215
15559,2023-05-10,70,15,603,402,442.32,92,9319
15560,2023-08-12,65,1,601,400,69.03,52,12046
15561,2024-08-31,65,15,601,402,347.1,92,5346
15562,2023-05-16,67,5,604,402,244.84,8,7556
15563,2022-03-14,35,1,601,402,206.59,75,14795
15564,2023-07-16,12,4,605,402,58.41,57,8552
15565,2024-10-13,23,7,602,400,453.9,57,12648
15566,2022-05-22,96,7,602,403,397.73,88,8259
15567,2022-04-09,76,8,603,400,137.78,70,2653
15568,2024-02-04,15,14,603,401,384.79,89,13684
15569,2024-07-16,78,1,605,402,300.85,32,13039
15570,2024-09-13,100,11,604,402,170.1,50,3505
15571,2023-06-07,13,6,605,403,453.63,59,3694
15572,2022-08-24,11,3,604,402,145.43,94,8990
15573,2022-09-03,36,1,605,400,223.16,97,9255
15574,2023-07-24,77,14,604,403,178.02,61,4044
15575,2025-06-19,36,6,602,400,488.92,26,10530
15576,2025-06-20,60,1,600,402,379.98,64,13021
15577,2023-09-03,40,10,603,401,407.33,99,4806
15578,2023-08-21,45,15,603,401,468.55,88,8810
15579,2022-09-02,22,9,603,403,461.39,32,7523
15580,2024-12-29,71,7,603,401,63.97,54,11873
15581,2022-06-08,71,4,603,403,262.77,89,12826
15582,2022-09-09,55,1,605,402,140.52,53,3676
15583,2022-05-02,38,2,604,400,95.45,31,5285
15584,2022-12-03,31,1,602,403,272.55,68,7184
15585,2022-10-29,77,13,605,400,116.47,82,7198
15586,2023-05-12,44,8,603,403,313.46,20,2453
15587,2024-05-09,47,5,600,400,374.86,53,3441
15588,2024-11-04,80,4,603,400,169.56,6,7654
15589,2022-04-29,17,10,602,403,188.07,6,8490
15590,2022-08-01,11,5,600,403,468.09,19,14739
15591,2025-06-05,35,3,605,403,265.56,64,14349
15592,2022-06-13,80,2,601,402,462.09,50,4144
15593,2023-08-01,48,5,602,401,464.04,53,5927
15594,2023-08-02,65,4,605,403,125.91,46,1845
15595,2024-01-15,29,15,601,400,309.93,80,4443
15596,2022-05-12,94,10,604,402,61.49,59,11641
15597,2024-07-12,34,9,600,402,434.78,61,8849
15598,2024-01-26,4,1,603,402,465.01,84,14784
15599,2023-10-24,40,4,603,400,498.07,97,11842
15600,2024-08-06,12,6,605,400,400.89,86,1431
15601,2022-05-09,84,4,602,400,455.83,52,9237
15602,2024-03-05,72,8,605,403,253.96,25,991
15603,2022-01-09,56,5,604,400,117.2,21,5150
15604,2022-12-26,100,7,604,400,230.43,6,14088
15605,2022-09-22,11,13,601,403,284.64,16,6551
15606,2024-03-27,58,13,603,403,389.7,15,5275
15607,2024-08-02,68,3,603,402,173.32,7,5317
15608,2025-02-17,64,2,601,403,394.29,35,9428
15609,2025-02-07,86,1,602,403,172.19,77,868
15610,2024-04-18,21,7,605,403,363.89,50,9286
15611,2024-11-04,62,8,603,402,234.03,67,11274
15612,2022-04-19,55,3,605,402,57.81,64,6396
15613,2023-09-20,35,9,605,400,185.53,98,13980
15614,2023-11-09,50,12,600,400,154.6,38,3905
15615,2022-09-20,75,5,605,401,158.65,52,3464
15616,2024-12-20,74,13,604,400,320.76,92,10519
15617,2022-01-14,7,4,605,403,444.26,30,7695
15618,2025-05-19,42,13,605,403,484.73,72,8894
15619,2024-01-05,11,10,605,402,50.4,87,10390
15620,2022-04-11,39,12,601,400,206.08,56,476
15621,2023-10-26,77,4,604,402,244.84,34,7875
15622,2023-09-04,15,1,605,400,459.48,35,5287
15623,2022-06-28,58,2,605,401,429.72,44,8789
15624,2023-06-25,18,6,605,403,132.9,54,5948
15625,2024-04-06,80,1,601,401,354.55,76,5542
15626,2024-05-01,95,15,601,403,289.48,82,6028
15627,2023-04-03,63,12,605,401,257.32,88,1666
15628,2022-04-10,89,10,604,403,231.73,23,10930
15629,2024-09-19,96,9,601,402,55.04,71,13646
15630,2022-05-02,96,3,605,401,491.1,81,14402
15631,2024-02-09,74,8,605,401,329.79,40,10482
15632,2022-09-15,14,1,603,402,149.62,37,9640
15633,2023-03-19,47,10,602,400,89.65,19,1043
15634,2022-01-17,6,11,603,400,285.84,59,14164
15635,2024-01-24,100,5,601,403,121.99,74,9895
15636,2025-03-26,95,2,604,403,66.88,36,8504
15637,2023-06-15,38,9,604,401,492.27,70,11920
15638,2022-10-03,51,4,604,402,321.75,24,4555
15639,2023-12-13,10,1,600,401,319.95,37,2541
15640,2023-06-10,78,1,603,401,278.32,6,13238
15641,2022-07-05,74,11,601,401,136.98,80,9924
15642,2022-09-24,84,1,604,401,408.26,63,10260
15643,2024-08-13,19,11,602,402,384.13,43,11731
15644,2022-03-24,82,2,601,401,92.4,100,13095
15645,2022-07-28,25,1,602,401,67.79,87,1754
15646,2024-03-10,71,12,601,403,414.54,65,2049
15647,2022-11-08,52,1,603,402,214.39,68,6720
15648,2023-05-15,96,9,603,403,263.12,95,2542
15649,2022-11-27,54,12,602,402,54.4,59,1240
15650,2024-06-04,49,5,601,402,236.2,63,4206
15651,2023-05-05,61,12,600,401,175.91,76,8641
15652,2025-05-09,40,4,600,403,445.59,17,9224
15653,2024-04-03,26,8,604,400,170.59,30,2652
15654,2022-08-23,88,2,605,400,325.89,60,11125
15655,2022-07-07,22,1,603,400,417.02,46,5760
15656,2022-12-06,2,3,602,401,73.93,87,8982
15657,2025-01-30,96,2,600,400,235.53,8,3956
15658,2025-06-05,2,14,603,403,321.22,88,3242
15659,2022-08-30,23,1,605,403,123.52,40,14863
15660,2024-01-23,56,15,603,400,66.28,58,1418
15661,2025-04-06,99,6,600,400,100.25,48,201
15662,2025-02-15,47,12,603,400,488.72,47,13964
15663,2024-07-18,92,7,603,400,143.7,75,8852
15664,2023-03-01,36,5,604,402,469.0,41,4451
15665,2024-05-04,55,13,605,402,313.76,91,5062
15666,2022-03-04,2,12,603,400,307.45,74,8216
15667,2025-02-08,50,7,601,402,286.7,65,9224
15668,2022-11-27,92,2,600,402,241.72,48,3585
15669,2023-09-07,25,1,602,403,358.59,67,1253
15670,2025-03-29,67,2,602,402,223.31,45,3793
15671,2025-01-28,8,15,601,403,273.86,34,11485
15672,2025-04-21,41,13,605,400,258.68,27,7019
15673,2023-09-11,40,4,604,402,365.78,30,9582
15674,2023-01-20,8,1,605,402,426.92,39,1350
15675,2024-09-02,45,5,601,401,217.77,40,10244
15676,2025-04-07,50,6,602,403,421.02,51,8278
15677,2023-03-25,45,11,600,401,356.87,27,9055
15678,2023-03-05,86,7,604,401,318.73,30,1292
15679,2024-11-18,42,5,605,402,64.78,82,6270
15680,2022-02-16,60,15,605,401,281.15,73,5664
15681,2024-10-17,73,15,605,401,247.72,13,8686
15682,2022-10-16,57,1,603,402,292.15,8,14952
15683,2022-04-20,15,11,603,402,138.34,22,8145
15684,2022-01-09,67,9,601,400,407.29,57,5227
15685,2024-01-26,32,11,604,403,138.02,75,2740
15686,2022-12-16,58,13,601,402,389.46,40,7018
15687,2023-10-17,7,9,604,401,470.16,64,10602
15688,2025-01-05,42,1,604,402,245.1,56,10273
15689,2023-10-22,67,12,605,400,66.45,10,7682
15690,2022-09-02,8,3,601,403,320.04,39,1048
15691,2022-07-30,27,2,603,401,81.38,57,1343
15692,2025-04-11,30,14,600,401,292.91,68,1484
15693,2024-08-17,81,2,603,401,363.69,90,8623
15694,2022-07-30,100,8,605,403,284.31,47,11422
15695,2022-10-31,24,12,600,403,267.1,69,10292
15696,2023-03-25,78,10,605,401,468.05,47,13862
15697,2024-02-14,77,4,605,402,299.11,50,6874
15698,2023-02-06,81,13,602,403,377.16,54,6820
15699,2023-04-05,56,12,600,401,105.48,57,10314
15700,2024-01-16,29,2,604,401,332.23,56,7281
15701,2024-06-16,71,13,601,400,220.23,66,6244
15702,2022-05-07,3,7,603,403,335.25,43,11294
15703,2024-09-12,58,9,602,400,51.56,96,13066
15704,2024-08-05,46,7,605,403,450.26,27,2006
15705,2022-06-03,34,6,602,402,258.69,21,4792
15706,2023-11-08,68,10,605,400,210.35,25,14751
15707,2023-01-29,50,15,601,400,146.29,45,5740
15708,2025-04-07,51,11,600,403,208.38,99,10579
15709,2022-10-10,58,14,600,403,63.61,83,2132
15710,2024-03-01,86,8,605,401,352.0,59,14198
15711,2024-06-07,35,12,604,403,435.29,26,885
15712,2023-03-08,96,13,605,403,402.27,58,1454
15713,2023-10-26,37,11,601,400,278.26,65,2161
15714,2022-06-23,14,3,604,403,265.54,32,3246
15715,2024-04-04,85,13,603,401,196.03,82,6187
15716,2022-07-31,20,10,601,401,105.55,84,6415
15717,2025-06-27,92,5,602,403,461.74,15,13267
15718,2024-11-24,24,11,602,403,190.68,77,4742
15719,2022-05-08,75,12,603,403,296.62,49,3919
15720,2023-01-01,47,3,602,402,467.19,90,13599
15721,2025-01-10,75,8,603,400,239.61,65,8345
15722,2025-01-25,38,9,601,400,330.38,76,8813
15723,2024-06-03,54,3,602,403,401.9,95,5490
15724,2025-05-21,8,15,600,401,418.66,46,11737
15725,2022-01-15,15,11,603,403,84.24,73,14131
15726,2023-01-12,50,13,603,403,324.7,28,5377
15727,2025-01-05,35,2,601,401,218.17,15,12838
15728,2022-12-05,98,12,604,403,129.34,88,5818
15729,2023-09-25,55,7,603,401,143.64,53,14520
15730,2025-01-16,37,14,604,402,321.1,95,12944
15731,2023-09-14,47,6,601,403,313.96,88,9126
15732,2024-11-03,16,2,603,403,53.61,30,12638
15733,2025-05-27,37,8,600,400,242.66,61,3257
15734,2024-07-01,93,1,603,401,166.28,79,2855
15735,2023-12-24,45,2,603,400,338.26,75,647
15736,2025-02-01,3,8,603,402,222.2,88,7855
15737,2023-05-07,70,11,600,401,315.7,72,454
15738,2024-01-27,64,5,604,400,354.45,37,6302
15739,2024-01-16,7,2,605,400,436.15,40,3318
15740,2024-08-13,7,1,602,403,427.2,24,5569
15741,2022-11-12,97,11,605,403,458.89,89,9612
15742,2025-02-19,11,14,600,401,133.43,80,9195
15743,2025-02-27,59,10,605,402,442.14,27,12891
15744,2022-03-20,81,7,605,401,195.72,80,9723
15745,2023-12-28,96,7,603,402,207.55,77,6383
15746,2024-06-02,48,9,600,400,436.24,55,6229
15747,2025-01-26,75,7,601,401,476.63,27,14040
15748,2023-10-07,38,4,604,402,391.79,32,10971
15749,2023-08-25,87,6,602,401,144.85,88,781
15750,2024-11-20,65,14,603,403,378.92,80,4886
15751,2024-06-29,44,1,602,401,456.84,25,8987
15752,2023-04-06,49,5,600,401,337.84,76,14786
15753,2023-04-26,55,1,600,401,290.91,72,10111
15754,2023-10-05,87,12,602,400,231.94,65,14108
15755,2024-01-24,33,5,605,402,68.19,32,11050
15756,2022-05-08,23,15,603,401,404.07,98,4957
15757,2022-02-01,99,9,603,400,244.3,25,12219
15758,2022-12-02,16,14,601,403,413.7,47,3552
15759,2022-06-26,83,12,601,400,371.78,80,3041
15760,2025-01-10,82,10,604,400,484.96,94,10151
15761,2023-06-26,71,4,603,401,58.18,31,12015
15762,2024-11-28,98,4,604,403,63.32,53,11786
15763,2023-10-21,3,9,604,403,258.99,70,5596
15764,2025-02-20,56,1,604,402,357.01,97,11701
15765,2024-11-24,61,3,600,401,404.41,36,2137
15766,2024-11-10,86,11,603,403,470.28,92,9441
15767,2025-06-14,90,12,603,402,198.63,52,759
15768,2022-04-28,54,7,605,401,105.66,30,6524
15769,2024-08-11,91,10,605,403,406.16,100,1268
15770,2023-03-23,50,11,601,403,297.5,56,371
15771,2022-01-03,52,6,602,401,306.61,42,1979
15772,2022-03-26,75,6,600,400,59.57,64,3709
15773,2025-03-21,63,2,604,402,496.1,30,11271
15774,2023-12-06,13,15,602,401,250.55,19,9158
15775,2023-09-12,52,3,605,403,428.02,81,1233
15776,2023-07-22,51,4,603,400,371.68,66,13025
15777,2023-05-26,65,9,602,400,458.88,26,12032
15778,2022-10-06,32,12,600,400,476.21,47,14125
15779,2024-10-27,21,13,605,403,123.61,15,11679
15780,2024-05-09,98,3,603,401,286.14,75,8807
15781,2024-02-28,84,14,603,400,136.29,5,9886
15782,2024-07-16,62,11,602,401,319.95,82,8596
15783,2023-10-06,90,7,601,401,236.09,97,11451
15784,2023-04-10,26,13,603,401,260.78,67,6953
15785,2024-04-02,83,6,602,403,308.13,48,3260
15786,2024-08-12,11,14,602,401,385.57,32,14173
15787,2025-06-14,79,1,604,403,466.31,14,12601
15788,2022-05-22,54,7,602,400,365.4,98,595
15789,2022-07-15,74,10,600,401,478.31,63,1634
15790,2024-12-30,46,15,601,401,215.94,74,1476
15791,2024-01-29,5,1,602,403,67.36,67,4990
15792,2023-06-15,73,2,602,403,153.79,64,5140
15793,2023-01-09,89,8,604,401,101.99,66,5711
15794,2023-08-21,27,13,602,401,465.67,49,3742
15795,2024-01-28,79,9,605,401,297.19,52,7947
15796,2024-11-04,37,8,602,400,278.9,38,7804
15797,2023-01-14,88,8,602,403,458.43,41,742
15798,2022-07-25,5,13,601,401,231.05,12,14278
15799,2024-05-12,67,5,601,400,407.55,16,10388
15800,2024-05-24,88,9,600,403,331.15,36,9934
15801,2022-02-11,14,3,604,402,443.29,25,159
15802,2023-02-04,65,5,601,401,444.2,40,14692
15803,2022-01-06,8,10,603,401,215.5,76,6733
15804,2023-08-19,1,4,602,400,110.95,40,9215
15805,2025-02-18,82,9,604,400,276.48,43,5411
15806,2024-02-17,81,13,604,401,187.0,28,5659
15807,2024-06-21,44,6,605,403,258.29,64,11812
15808,2024-05-12,78,14,600,402,294.65,95,10069
15809,2022-01-28,74,12,604,402,307.16,92,7840
15810,2023-10-07,78,10,602,402,78.99,89,8569
15811,2024-01-11,3,1,601,403,359.41,70,9617
15812,2023-12-26,42,8,605,401,437.28,37,11656
15813,2022-09-14,75,9,603,401,128.96,95,11373
15814,2024-10-11,97,3,604,400,159.17,17,5025
15815,2024-02-03,11,10,601,401,180.52,22,8867
15816,2023-07-05,56,13,601,402,488.39,78,2341
15817,2022-09-30,70,11,604,400,175.88,6,13049
15818,2025-01-21,79,2,603,400,50.79,17,12411
15819,2023-06-28,5,6,604,402,54.61,12,3532
15820,2024-08-08,100,1,603,402,400.09,50,13968
15821,2022-09-30,50,14,602,401,167.28,43,3015
15822,2025-05-28,81,1,603,402,97.48,61,757
15823,2024-03-31,78,14,605,402,417.66,89,10993
15824,2024-08-01,75,15,603,400,79.11,66,12426
15825,2023-09-29,26,3,604,402,406.26,65,6160
15826,2022-03-06,78,9,604,400,63.01,14,7996
15827,2022-03-03,72,8,603,400,180.49,68,10199
15828,2022-05-22,98,6,602,401,248.83,72,3448
15829,2024-08-27,92,1,605,401,86.89,89,10226
15830,2024-02-05,8,4,602,400,194.82,34,11238
15831,2025-06-21,50,9,602,401,344.68,36,3280
15832,2024-12-06,83,7,604,400,341.82,65,1681
15833,2024-05-12,99,15,603,401,86.9,47,9284
15834,2025-03-27,90,5,603,401,492.66,9,13552
15835,2024-04-22,17,5,601,401,281.49,95,14084
15836,2024-10-21,57,2,603,400,263.73,27,13192
15837,2025-06-14,84,7,601,400,425.07,5,3600
15838,2024-07-27,9,6,605,402,121.54,7,14156
15839,2024-02-28,55,14,604,400,281.3,84,7958
15840,2022-01-11,16,8,601,401,161.94,84,11798
15841,2024-04-09,50,12,605,401,453.71,75,3357
15842,2025-05-22,11,14,600,402,430.33,56,5829
15843,2025-02-17,100,10,605,403,141.38,16,7484
15844,2024-12-18,49,5,602,403,388.68,81,1114
15845,2024-02-06,20,1,600,401,186.8,52,2023
15846,2022-03-26,85,15,601,402,481.07,55,4914
15847,2022-12-12,47,6,600,400,106.86,55,5463
15848,2022-07-24,17,11,603,402,51.52,23,13832
15849,2025-06-16,74,15,604,403,394.03,63,8586
15850,2024-12-30,17,5,603,401,487.32,57,122
15851,2024-04-15,17,9,604,402,493.88,99,12707
15852,2025-06-22,21,12,604,400,388.92,96,10771
15853,2024-12-08,56,2,604,400,156.18,39,11585
15854,2025-01-02,75,4,601,403,334.32,24,9343
15855,2024-10-24,26,11,604,402,421.35,23,7908
15856,2024-06-06,56,2,602,401,56.42,9,10944
15857,2024-08-11,29,14,602,402,441.33,71,12831
15858,2024-01-02,42,14,600,401,189.99,35,14931
15859,2024-09-08,92,12,605,403,190.64,99,8979
15860,2025-02-17,58,13,605,401,117.25,58,6058
15861,2024-01-04,62,12,604,403,51.25,11,12967
15862,2024-10-21,65,10,604,400,262.44,47,8112
15863,2022-02-25,5,13,601,401,248.03,96,4535
15864,2024-07-05,76,7,602,402,280.48,89,4217
15865,2023-07-23,22,10,602,403,148.85,59,9565
15866,2023-10-29,19,7,604,400,420.34,28,2080
15867,2023-11-20,88,1,605,401,453.48,64,11583
15868,2022-04-27,62,12,601,403,464.42,76,6842
15869,2024-08-18,59,6,602,403,215.02,100,2884
15870,2022-04-07,54,15,601,402,329.69,52,282
15871,2024-05-19,42,12,602,401,396.65,89,1738
15872,2022-11-30,77,2,602,400,323.77,96,10507
15873,2023-01-30,51,2,603,403,345.63,16,12271
15874,2024-08-26,5,8,602,403,226.99,8,6937
15875,2022-05-20,3,7,604,403,486.39,85,14410
15876,2025-03-28,86,9,602,402,119.57,39,3687
15877,2024-10-04,64,10,600,400,333.16,45,13590
15878,2023-12-06,40,12,603,403,59.85,46,1893
15879,2025-03-26,38,13,605,403,310.13,62,9252
15880,2022-11-04,55,9,604,400,149.74,68,10676
15881,2023-02-28,86,8,600,401,107.22,72,6933
15882,2023-07-01,81,13,605,403,425.94,57,13963
15883,2024-08-01,2,9,600,400,372.32,37,8492
15884,2022-05-24,25,12,605,401,422.67,73,2174
15885,2025-02-19,8,2,604,402,434.36,75,1233
15886,2022-04-24,44,8,605,403,171.75,36,10987
15887,2022-10-31,53,10,602,401,294.62,88,5110
15888,2024-01-22,30,3,603,403,181.49,27,12633
15889,2024-02-17,94,5,604,403,84.36,37,10053
15890,2023-05-23,88,15,600,402,165.21,87,3957
15891,2024-09-22,43,7,602,403,90.15,40,9385
15892,2023-04-14,49,11,601,400,292.78,98,3902
15893,2022-01-16,100,5,602,400,486.68,51,9212
15894,2023-10-04,38,12,602,401,463.02,33,8262
15895,2022-01-01,7,12,600,402,325.78,47,4584
15896,2023-09-18,81,12,601,402,168.31,56,3268
15897,2024-04-22,42,11,603,402,298.83,27,3741
15898,2024-06-17,89,4,602,403,234.44,69,5667
15899,2022-07-24,79,8,603,403,301.74,42,9932
15900,2022-10-27,47,1,603,403,437.19,81,7359
15901,2022-07-20,45,13,602,401,285.98,7,5769
15902,2023-01-30,36,5,600,403,290.24,76,13212
15903,2022-09-26,19,12,600,401,187.93,95,9938
15904,2024-09-15,98,5,600,402,338.95,64,5598
15905,2024-02-04,90,8,601,402,57.39,71,6401
15906,2024-07-28,4,1,603,403,130.69,10,740
15907,2024-09-30,79,1,603,403,451.58,44,14114
15908,2022-09-03,54,12,603,402,477.69,70,13273
15909,2024-11-14,87,3,602,400,254.19,84,13139
15910,2024-11-17,74,12,605,402,274.93,55,3733
15911,2024-12-28,3,6,600,403,128.8,97,13428
15912,2022-05-27,20,13,602,402,333.28,5,12121
15913,2022-12-26,72,11,602,400,159.42,43,1007
15914,2023-07-19,94,15,603,401,192.02,20,2599
15915,2023-07-31,3,13,602,401,175.51,86,3071
15916,2024-04-17,100,14,603,402,357.75,58,2955
15917,2025-04-29,82,12,604,400,349.53,80,9703
15918,2022-06-02,1,14,603,401,205.69,6,2043
15919,2024-01-05,24,3,602,402,152.2,42,13359
15920,2022-09-13,29,5,603,400,73.3,21,211
15921,2025-06-22,89,14,604,403,118.02,64,157
15922,2025-05-04,20,12,604,403,377.63,56,2318
15923,2024-01-01,82,9,603,401,118.3,96,3728
15924,2023-03-27,24,9,602,402,209.42,69,8171
15925,2024-02-09,52,5,600,403,486.51,90,3988
15926,2024-10-22,58,15,605,401,285.49,46,3607
15927,2024-04-02,83,1,600,400,377.34,91,13948
15928,2024-12-28,96,11,600,400,215.13,15,11551
15929,2023-08-19,66,2,600,401,184.38,9,4308
15930,2023-07-28,32,13,605,400,483.48,21,2505
15931,2024-10-03,58,7,600,403,442.48,20,9096
15932,2022-07-06,8,2,601,403,455.81,52,5887
15933,2023-11-06,21,2,603,401,230.49,35,10368
15934,2024-02-22,54,8,602,400,294.53,26,8909
15935,2022-08-11,78,10,605,403,250.82,89,14453
15936,2023-03-03,86,7,600,402,245.41,26,9905
15937,2024-04-06,51,11,602,402,311.51,33,6310
15938,2023-12-12,10,2,600,402,372.84,51,2405
15939,2023-11-16,35,4,603,403,131.74,97,9243
15940,2023-07-29,25,12,602,400,292.3,84,14629
15941,2024-12-24,16,7,601,403,455.38,34,12214
15942,2025-04-15,27,10,603,403,73.56,38,2302
15943,2023-06-29,94,10,602,401,375.8,23,12675
15944,2023-03-17,75,3,604,402,169.8,89,10737
15945,2023-05-06,5,5,604,400,291.51,58,4483
15946,2022-11-17,60,5,602,402,104.2,72,7702
15947,2022-07-17,76,7,600,402,78.86,6,5574
15948,2025-01-04,32,9,600,402,365.22,35,7049
15949,2025-04-24,67,7,601,400,498.87,86,447
15950,2022-06-23,18,15,600,400,354.04,21,1001
15951,2024-04-18,58,8,605,400,193.32,70,7540
15952,2024-09-16,92,13,603,400,234.62,38,1887
15953,2024-04-23,14,3,600,401,461.46,67,3608
15954,2024-02-08,57,7,602,403,161.74,63,13301
15955,2023-03-19,23,10,604,403,446.79,62,863
15956,2022-06-10,38,3,600,402,146.18,47,12845
15957,2024-01-30,58,8,601,403,113.98,53,10967
15958,2022-06-11,24,14,602,401,478.66,36,10899
15959,2022-02-10,4,6,605,401,206.55,83,8518
15960,2025-02-04,85,4,605,402,381.55,7,11206
15961,2023-07-11,29,8,601,401,125.16,65,11450
15962,2022-10-10,29,6,605,400,197.33,37,11325
15963,2024-09-06,100,14,602,401,429.05,67,6479
15964,2022-08-08,85,7,604,403,200.34,99,7813
15965,2024-09-23,66,11,600,400,498.99,25,13325
15966,2023-08-15,79,8,601,401,474.64,10,4756
15967,2023-05-05,98,2,604,402,103.13,17,7124
15968,2023-05-04,86,14,600,400,161.69,26,391
15969,2024-10-28,12,3,601,402,283.79,13,3740
15970,2025-01-16,68,7,602,402,213.48,46,10351
15971,2022-03-04,92,1,601,403,304.19,46,8638
15972,2022-05-23,90,7,605,403,273.48,43,8585
15973,2023-09-14,42,4,602,402,111.28,84,1160
15974,2025-02-08,38,13,604,403,377.37,81,4587
15975,2023-11-01,83,3,603,403,114.11,15,14501
15976,2023-11-24,40,9,604,401,419.12,62,6988
15977,2023-04-23,60,13,602,401,353.38,6,5183
15978,2024-03-29,27,9,603,403,347.37,56,12351
15979,2024-05-14,91,14,605,402,102.34,66,4625
15980,2023-09-06,28,14,603,402,141.26,31,2142
15981,2024-04-19,74,13,605,402,352.99,11,12730
15982,2025-04-11,38,2,603,403,138.76,81,7378
15983,2022-09-19,2,8,600,401,194.75,68,6084
15984,2024-10-23,8,8,601,400,236.75,5,13900
15985,2025-06-03,65,10,604,403,400.8,73,3193
15986,2025-06-16,37,8,600,402,114.57,5,13356
15987,2023-01-16,23,1,603,400,213.4,48,6029
15988,2022-06-04,31,7,604,402,134.62,77,3557
15989,2024-01-09,31,6,601,402,341.92,59,5550
15990,2024-04-03,33,12,603,402,240.88,44,3778
15991,2025-06-11,48,7,600,401,166.93,11,239
15992,2024-10-07,46,11,602,400,372.58,82,4607
15993,2025-01-11,81,14,604,401,119.56,81,12542
15994,2023-05-01,9,15,600,402,117.52,60,4774
15995,2022-08-23,56,4,604,403,334.14,74,5396
15996,2023-01-08,90,13,603,402,415.76,6,5458
15997,2023-07-27,3,4,600,402,145.63,32,10331
15998,2022-04-04,6,8,601,400,112.55,24,13930
15999,2024-10-02,61,10,604,401,77.67,64,2069
16000,2024-10-16,48,12,601,402,329.82,54,2039
