log_id,customer_key,log_date,topic,category,description,sentiment,channel,priority,resolution_date,agent_key
1,988,2023-12-08,Allgemein,Service,Informationsanfrage,Negativ,Email,Mittel,2023-12-09,189
2,11983,2023-08-22,Solar,Technisch,Wechselrichter Fehler,Neutral,App,Mittel,2023-09-03,78
3,7080,2025-02-14,Wallbox,E-Mobility,Ladekarte Probleme,Neutral,App,Mittel,2025-02-23,30
4,19360,2024-05-17,Allgemein,Service,Lob,Positiv,Telefon,Niedrig,2024-05-20,86
5,16926,2024-08-08,Wallbox,E-Mobility,App-Verbindung unterbrochen,Negativ,Email,Kritisch,2024-08-11,93
6,1697,2025-01-18,Rechnung,Abrechnung,Abschlag anpassen,Negativ,Email,Mittel,2025-01-21,75
7,14987,2023-01-12,Tarif,Vertrag,Tarifwechsel angefragt,Positiv,Telefon,Niedrig,2023-01-14,35
8,5221,2024-07-24,Wallbox,E-Mobility,Wallbox lädt nicht,Negativ,Telefon,Mittel,2024-08-05,194
9,16161,2024-05-27,Tarif,Vertrag,Preisgarantie Frage,Neutral,App,Mittel,2024-05-30,104
10,2264,2023-10-21,Wallbox,E-Mobility,Wallbox defekt,Negativ,Chat,Hoch,2023-10-25,169
11,994,2024-08-25,Wärmepumpe,Technisch,Wärmepumpe Störung,Negativ,Telefon,Hoch,2024-08-26,121
12,19292,2025-01-24,Tarif,Vertrag,Umzug melden,Negativ,Telefon,Mittel,2025-01-29,29
13,17103,2023-07-23,Rechnung,Abrechnung,Zahlungsplan angefragt,Negativ,App,Niedrig,2023-07-25,164
14,13160,2025-04-18,Smart Meter,Installation,Smart Meter Ablesung fehlerhaft,Neutral,Telefon,Kritisch,2025-04-22,189
15,10479,2024-12-09,Tarif,Vertrag,Kündigung,Negativ,Chat,Mittel,2024-12-19,177
16,14331,2023-11-10,Tarif,Vertrag,Tarifwechsel angefragt,Neutral,Email,Hoch,2023-11-11,57
17,12049,2024-12-31,Wärmepumpe,Technisch,Wärmepumpe läuft nicht,Negativ,App,Kritisch,2025-01-07,17
18,18981,2025-04-07,Speicher,Technisch,Batteriespeicher Störung,Negativ,App,Mittel,2025-04-21,33
19,7846,2023-10-13,Smart Meter,Installation,Smart Meter Ablesung fehlerhaft,Neutral,Email,Hoch,2023-10-13,145
20,15170,2025-06-26,Rechnung,Abrechnung,Unstimmigkeit in Rechnung,Neutral,Email,Mittel,2025-06-26,53
21,9140,2023-05-15,Allgemein,Service,Kontaktdaten ändern,Neutral,App,Niedrig,2023-05-16,128
22,592,2023-06-04,Speicher,Technisch,Batteriespeicher Störung,Negativ,Telefon,Hoch,2023-06-09,33
23,6111,2025-03-21,Wallbox,E-Mobility,Wallbox lädt nicht,Negativ,Email,Mittel,2025-03-30,190
24,18497,2023-09-30,Rechnung,Abrechnung,Gutschrift angefragt,Neutral,Telefon,Niedrig,2023-10-03,48
25,7097,2024-07-11,Wärmepumpe,Technisch,Effizienz zu niedrig,Positiv,App,Mittel,2024-07-13,85
26,10606,2024-12-19,Speicher,Technisch,Speicher lädt nicht,Negativ,Chat,Hoch,2024-12-21,132
27,8330,2024-01-20,Wallbox,E-Mobility,Wallbox Installation angefragt,Negativ,Telefon,Niedrig,2024-01-20,33
28,4031,2023-11-20,Solar,Technisch,Solaranlage Ertrag niedrig,Positiv,Telefon,Hoch,2023-11-23,165
29,1879,2025-06-17,Wallbox,E-Mobility,Wallbox Installation angefragt,Negativ,Email,Niedrig,2025-07-01,102
30,9949,2024-10-18,Solar,Technisch,Wechselrichter Fehler,Neutral,Chat,Mittel,2024-10-25,89
31,15900,2024-01-29,Rechnung,Abrechnung,Abschlag anpassen,Negativ,App,Mittel,2024-01-31,26
32,2668,2024-12-18,Wärmepumpe,Technisch,Wartung angefragt,Negativ,Chat,Niedrig,2024-12-21,16
33,17919,2023-11-01,Allgemein,Service,Allgemeine Anfrage,Positiv,Email,Mittel,2023-11-04,193
34,10458,2023-11-16,Wallbox,E-Mobility,Wallbox lädt nicht,Negativ,App,Hoch,2023-11-17,153
35,18323,2025-06-24,Tarif,Vertrag,Vertragsverlängerung,Negativ,Chat,Mittel,2025-06-30,186
36,16490,2025-01-08,Speicher,Technisch,Batteriespeicher Störung,Negativ,Chat,Mittel,2025-01-13,138
37,8870,2023-08-06,Rechnung,Abrechnung,Abschlag zu hoch,Positiv,Email,Mittel,2023-08-13,184
38,14371,2025-06-08,Tarif,Vertrag,Kündigung,Neutral,Telefon,Mittel,2025-06-11,83
39,19379,2023-02-20,Smart Meter,Installation,Smart Meter defekt,Negativ,Email,Hoch,2023-02-24,107
40,10010,2025-04-10,Speicher,Technisch,Kapazität gesunken,Neutral,Telefon,Mittel,2025-04-16,56
41,3941,2024-08-30,Tarif,Vertrag,Preisgarantie Frage,Positiv,Telefon,Mittel,2024-09-13,58
42,8746,2025-03-04,Speicher,Technisch,Batteriespeicher Störung,Negativ,Chat,Mittel,2025-03-14,35
43,8661,2023-01-05,Rechnung,Abrechnung,Abschlag anpassen,Positiv,Chat,Hoch,2023-01-05,67
44,11751,2023-09-17,Wallbox,E-Mobility,Ladekarte Probleme,Neutral,App,Mittel,2023-09-23,75
45,13138,2023-06-10,Wärmepumpe,Technisch,Wärmepumpe läuft nicht,Negativ,App,Hoch,2023-06-12,175
46,6269,2024-06-01,Rechnung,Abrechnung,Abschlag anpassen,Neutral,Email,Mittel,2024-06-03,42
47,8763,2024-04-29,Speicher,Technisch,Kapazität gesunken,Neutral,App,Niedrig,2024-05-03,172
48,10272,2024-10-26,Rechnung,Abrechnung,Rechnungsfrage,Positiv,Chat,Niedrig,2024-11-09,181
49,15254,2023-11-10,Wärmepumpe,Technisch,Geräuschentwicklung zu hoch,Positiv,Chat,Mittel,2023-11-14,126
50,6825,2024-02-22,Wärmepumpe,Technisch,Wartung angefragt,Neutral,App,Niedrig,2024-03-02,80
51,10406,2024-02-07,Tarif,Vertrag,Preisgarantie Frage,Neutral,Telefon,Mittel,2024-02-10,182
52,11268,2024-04-11,Smart Meter,Installation,Smart Meter Ablesung fehlerhaft,Neutral,Email,Niedrig,2024-04-17,147
53,12154,2024-02-14,Allgemein,Service,Allgemeine Anfrage,Neutral,Telefon,Mittel,2024-02-22,98
54,10297,2023-06-12,Speicher,Technisch,Speicher lädt nicht,Negativ,Telefon,Mittel,2023-06-24,97
55,10020,2024-11-18,Speicher,Technisch,Speicher lädt nicht,Negativ,Telefon,Niedrig,2024-11-21,147
56,17463,2023-09-15,Rechnung,Abrechnung,Abschlag anpassen,Neutral,App,Kritisch,2023-09-21,76
57,16255,2024-05-03,Wallbox,E-Mobility,Ladekarte Probleme,Neutral,Email,Hoch,2024-05-03,145
58,3670,2023-09-19,Rechnung,Abrechnung,Rechnungsfrage,Neutral,Chat,Niedrig,2023-09-27,27
59,7801,2024-01-31,Speicher,Technisch,Kapazität gesunken,Neutral,Telefon,Mittel,2024-02-01,160
60,3820,2024-05-30,Wärmepumpe,Technisch,Effizienz zu niedrig,Neutral,Chat,Niedrig,2024-06-03,195
61,13672,2023-12-26,Wärmepumpe,Technisch,Geräuschentwicklung zu hoch,Neutral,Telefon,Mittel,2023-12-31,178
62,19289,2024-03-19,Tarif,Vertrag,Ökostrom Umstellung,Neutral,App,Mittel,2024-03-25,108
63,4427,2024-12-25,Rechnung,Abrechnung,Zahlungsplan angefragt,Neutral,Telefon,Niedrig,2025-01-01,5
64,12936,2023-01-21,Rechnung,Abrechnung,Abschlag anpassen,Neutral,App,Kritisch,2023-01-25,21
65,1218,2024-08-21,Allgemein,Service,Beschwerde,Negativ,App,Mittel,2024-08-25,35
66,7599,2024-11-02,Tarif,Vertrag,Kündigung,Neutral,App,Niedrig,2024-11-16,121
67,12685,2024-12-26,Allgemein,Service,Beschwerde,Negativ,Chat,Hoch,2025-01-01,131
68,15258,2023-02-22,Wallbox,E-Mobility,Ladekarte Probleme,Neutral,Telefon,Mittel,2023-02-26,19
69,11044,2024-08-28,Allgemein,Service,Kontaktdaten ändern,Positiv,Chat,Mittel,2024-08-30,160
70,7811,2023-04-08,Smart Meter,Installation,Smart Meter defekt,Negativ,Chat,Niedrig,2023-04-21,32
71,15164,2024-09-26,Rechnung,Abrechnung,Abschlag anpassen,Negativ,Chat,Niedrig,2024-09-27,168
72,16650,2023-02-11,Solar,Technisch,Einspeisevergütung Frage,Neutral,Email,Kritisch,2023-02-13,165
73,8515,2025-04-25,Rechnung,Abrechnung,Zahlungsplan angefragt,Neutral,Chat,Niedrig,2025-05-07,26
74,16336,2025-04-13,Wallbox,E-Mobility,Wallbox lädt nicht,Negativ,Email,Hoch,2025-04-13,127
75,4870,2025-03-14,Smart Meter,Installation,Smart Meter zeigt keine Daten,Negativ,App,Niedrig,2025-03-21,54
76,11885,2023-09-21,Speicher,Technisch,Kapazität gesunken,Neutral,Email,Mittel,2023-09-26,50
77,17503,2024-03-24,Solar,Technisch,Solaranlage Ertrag niedrig,Neutral,Chat,Mittel,2024-03-31,51
78,15793,2025-06-27,Tarif,Vertrag,Umzug melden,Neutral,Email,Mittel,2025-07-10,143
79,3790,2025-01-30,Allgemein,Service,Kontaktdaten ändern,Positiv,Email,Mittel,2025-02-12,104
80,2154,2024-08-21,Tarif,Vertrag,Umzug melden,Neutral,App,Hoch,2024-08-25,46
81,15814,2024-09-04,Tarif,Vertrag,Preisgarantie Frage,Positiv,Chat,Niedrig,2024-09-07,35
82,10132,2023-07-20,Wallbox,E-Mobility,Wallbox Installation angefragt,Negativ,App,Hoch,2023-07-22,165
83,2074,2025-01-07,Tarif,Vertrag,Umzug melden,Neutral,Email,Hoch,2025-01-14,120
84,10904,2024-07-23,Rechnung,Abrechnung,Unstimmigkeit in Rechnung,Neutral,Telefon,Mittel,2024-07-24,172
85,19867,2024-10-22,Smart Meter,Installation,Smart Meter defekt,Negativ,Chat,Hoch,2024-10-29,70
86,8992,2025-05-22,Wallbox,E-Mobility,Wallbox defekt,Negativ,Telefon,Hoch,2025-05-24,106
87,13926,2024-11-12,Smart Meter,Installation,Smart Meter zeigt keine Daten,Neutral,App,Hoch,2024-11-19,92
88,9914,2023-09-26,Solar,Technisch,Einspeisevergütung Frage,Neutral,App,Hoch,2023-09-28,122
89,12447,2025-06-09,Allgemein,Service,Allgemeine Anfrage,Neutral,Chat,Mittel,2025-06-15,164
90,7697,2023-10-26,Smart Meter,Installation,Smart Meter zeigt keine Daten,Neutral,App,Hoch,2023-11-01,162
91,9281,2024-11-27,Allgemein,Service,Beschwerde,Negativ,Chat,Mittel,2024-12-10,193
92,722,2023-02-19,Solar,Technisch,Solaranlage produziert nicht,Negativ,App,Hoch,2023-02-24,99
93,9181,2024-04-01,Wärmepumpe,Technisch,Geräuschentwicklung zu hoch,Neutral,Chat,Hoch,2024-04-05,103
94,5710,2023-10-18,Tarif,Vertrag,Vertragsverlängerung,Neutral,Email,Mittel,2023-10-24,200
95,13873,2025-05-03,Smart Meter,Installation,Smart Meter Ablesung fehlerhaft,Neutral,App,Mittel,2025-05-08,26
96,16561,2024-01-17,Smart Meter,Installation,Smart Meter zeigt keine Daten,Negativ,Telefon,Mittel,2024-01-25,188
97,5667,2023-10-30,Allgemein,Service,Kontaktdaten ändern,Positiv,Email,Mittel,2023-11-12,79
98,18865,2023-08-16,Wärmepumpe,Technisch,Wärmepumpe Störung,Negativ,Chat,Hoch,2023-08-23,89
99,6383,2023-06-09,Tarif,Vertrag,Kündigung,Neutral,Chat,Mittel,2023-06-15,73
100,16662,2023-11-30,Rechnung,Abrechnung,Zahlungsplan angefragt,Neutral,Chat,Mittel,2023-12-14,77
101,15701,2025-05-23,Solar,Technisch,Solaranlage produziert nicht,Negativ,Telefon,Niedrig,2025-05-31,141
102,16490,2024-03-23,Allgemein,Service,Allgemeine Anfrage,Neutral,Telefon,Mittel,2024-04-04,78
103,3217,2024-09-16,Allgemein,Service,Beschwerde,Negativ,App,Kritisch,2024-09-16,67
104,4801,2023-03-05,Wärmepumpe,Technisch,Wartung angefragt,Neutral,Telefon,Mittel,2023-03-13,192
105,2102,2023-11-09,Allgemein,Service,Informationsanfrage,Neutral,Chat,Hoch,2023-11-14,28
106,17890,2023-12-26,Wärmepumpe,Technisch,Effizienz zu niedrig,Neutral,Chat,Mittel,2024-01-02,2
107,2992,2023-06-29,Allgemein,Service,Lob,Positiv,Email,Niedrig,2023-07-06,124
108,10784,2025-03-18,Allgemein,Service,Beschwerde,Negativ,Chat,Mittel,2025-03-23,81
109,6349,2024-09-01,Tarif,Vertrag,Vertragsverlängerung,Neutral,Telefon,Mittel,2024-09-05,85
110,4125,2023-01-19,Smart Meter,Installation,Smart Meter zeigt keine Daten,Neutral,Telefon,Mittel,2023-01-28,198
111,12175,2024-10-31,Tarif,Vertrag,Ökostrom Umstellung,Negativ,App,Niedrig,2024-10-31,88
112,4276,2023-06-29,Solar,Technisch,Solaranlage Ertrag niedrig,Neutral,Chat,Niedrig,2023-07-11,141
113,16957,2023-08-15,Solar,Technisch,Monitoring nicht verfügbar,Negativ,Telefon,Mittel,2023-08-26,19
114,6711,2024-10-29,Wärmepumpe,Technisch,Fehlercode E01 angezeigt,Negativ,Email,Hoch,2024-11-04,131
115,17275,2024-12-23,Wallbox,E-Mobility,Wallbox defekt,Negativ,App,Hoch,2024-12-23,72
116,12002,2023-01-19,Rechnung,Abrechnung,Rechnungsfrage,Negativ,App,Hoch,2023-01-24,150
117,11698,2023-07-26,Tarif,Vertrag,Umzug melden,Negativ,Telefon,Mittel,2023-07-29,44
118,4733,2024-11-22,Solar,Technisch,Wechselrichter Fehler,Neutral,App,Mittel,2024-12-04,15
119,7115,2024-03-14,Allgemein,Service,Lob,Positiv,Telefon,Niedrig,2024-03-23,11
120,253,2023-09-03,Rechnung,Abrechnung,Rechnungsfrage,Positiv,Chat,Mittel,2023-09-06,19
121,2485,2025-04-22,Speicher,Technisch,Speicher lädt nicht,Negativ,Telefon,Mittel,2025-04-30,62
122,16339,2023-03-30,Tarif,Vertrag,Vertragsverlängerung,Neutral,App,Kritisch,2023-04-02,195
123,13322,2024-05-22,Wallbox,E-Mobility,Wallbox Installation angefragt,Positiv,Chat,Niedrig,2024-05-25,195
124,4108,2023-01-17,Wallbox,E-Mobility,App-Verbindung unterbrochen,Neutral,Email,Hoch,2023-01-19,187
125,5757,2023-01-31,Wärmepumpe,Technisch,Effizienz zu niedrig,Positiv,Telefon,Kritisch,2023-02-04,51
126,6898,2025-04-22,Smart Meter,Installation,Smart Meter zeigt keine Daten,Neutral,App,Niedrig,2025-05-06,101
127,8617,2023-01-26,Solar,Technisch,Monitoring nicht verfügbar,Negativ,Telefon,Kritisch,2023-01-27,200
128,1583,2023-06-29,Wallbox,E-Mobility,Wallbox lädt nicht,Negativ,App,Hoch,2023-07-02,158
129,1548,2024-12-18,Allgemein,Service,Informationsanfrage,Neutral,Chat,Niedrig,2024-12-26,43
130,13590,2023-12-26,Tarif,Vertrag,Vertragsverlängerung,Neutral,Telefon,Mittel,2023-12-31,63
131,10446,2024-07-02,Allgemein,Service,Kontaktdaten ändern,Neutral,Chat,Mittel,2024-07-07,50
132,11029,2025-05-24,Wärmepumpe,Technisch,Wärmepumpe läuft nicht,Negativ,Telefon,Hoch,2025-05-30,47
133,17076,2023-05-04,Solar,Technisch,Wechselrichter Fehler,Neutral,Email,Mittel,2023-05-12,135
134,14341,2024-08-11,Smart Meter,Installation,Smart Meter Installation angefragt,Neutral,Telefon,Niedrig,2024-08-23,17
135,4590,2024-03-15,Smart Meter,Installation,Smart Meter App funktioniert nicht,Negativ,Email,Niedrig,2024-03-29,51
136,16559,2024-05-19,Rechnung,Abrechnung,Unstimmigkeit in Rechnung,Positiv,Email,Mittel,2024-05-28,171
137,16163,2025-02-17,Allgemein,Service,Lob,Positiv,Email,Niedrig,2025-03-03,75
138,16363,2025-01-22,Allgemein,Service,Kontaktdaten ändern,Neutral,App,Hoch,2025-01-27,66
139,9431,2024-09-30,Speicher,Technisch,Kapazität gesunken,Neutral,Telefon,Niedrig,2024-10-11,33
140,15942,2023-02-03,Wärmepumpe,Technisch,Effizienz zu niedrig,Neutral,App,Niedrig,2023-02-12,105
141,955,2024-04-08,Smart Meter,Installation,Smart Meter defekt,Negativ,Email,Mittel,2024-04-18,23
142,3728,2024-09-11,Rechnung,Abrechnung,Abschlag zu hoch,Positiv,Email,Niedrig,2024-09-20,129
143,4321,2023-02-08,Solar,Technisch,Einspeisevergütung Frage,Positiv,Chat,Mittel,2023-02-12,185
144,16065,2025-04-28,Allgemein,Service,Allgemeine Anfrage,Positiv,Chat,Niedrig,2025-05-03,39
145,3530,2024-06-13,Smart Meter,Installation,Smart Meter Installation angefragt,Positiv,Telefon,Mittel,2024-06-18,142
146,16625,2024-11-20,Smart Meter,Installation,Smart Meter defekt,Negativ,Email,Mittel,2024-11-26,123
147,12036,2023-06-17,Wallbox,E-Mobility,App-Verbindung unterbrochen,Neutral,Chat,Niedrig,2023-06-22,82
148,1566,2023-08-10,Wallbox,E-Mobility,Wallbox defekt,Negativ,Telefon,Mittel,2023-08-13,2
149,9981,2025-05-07,Allgemein,Service,Kontaktdaten ändern,Positiv,App,Niedrig,2025-05-11,156
150,14378,2023-08-09,Wärmepumpe,Technisch,Effizienz zu niedrig,Negativ,Telefon,Mittel,2023-08-23,13
151,11350,2024-01-06,Tarif,Vertrag,Umzug melden,Neutral,Email,Hoch,2024-01-11,99
152,14497,2024-06-07,Tarif,Vertrag,Umzug melden,Neutral,Telefon,Mittel,2024-06-13,78
153,8825,2025-05-24,Speicher,Technisch,Kapazität gesunken,Neutral,Email,Mittel,2025-05-30,180
154,13802,2023-12-06,Allgemein,Service,Beschwerde,Negativ,Email,Hoch,2023-12-11,198
155,8898,2024-11-22,Allgemein,Service,Kontaktdaten ändern,Negativ,App,Mittel,2024-11-28,106
156,8035,2024-10-26,Wärmepumpe,Technisch,Wärmepumpe läuft nicht,Negativ,App,Niedrig,2024-11-05,107
157,18924,2024-02-10,Tarif,Vertrag,Ökostrom Umstellung,Positiv,Chat,Mittel,2024-02-23,6
158,18648,2025-01-10,Allgemein,Service,Informationsanfrage,Neutral,Email,Mittel,2025-01-24,186
159,15605,2024-07-07,Wärmepumpe,Technisch,Wärmepumpe Störung,Negativ,Chat,Kritisch,2024-07-12,166
160,10346,2024-12-24,Tarif,Vertrag,Ökostrom Umstellung,Neutral,Telefon,Mittel,2024-12-31,161
161,11065,2023-12-25,Allgemein,Service,Lob,Positiv,Telefon,Niedrig,2024-01-08,61
162,3747,2024-06-17,Wärmepumpe,Technisch,Fehlercode E01 angezeigt,Neutral,Email,Mittel,2024-06-23,84
163,17256,2023-06-23,Tarif,Vertrag,Tarifwechsel angefragt,Neutral,Email,Kritisch,2023-06-26,65
164,19046,2023-08-18,Speicher,Technisch,Speicher lädt nicht,Negativ,App,Mittel,2023-08-26,188
165,15069,2023-03-02,Smart Meter,Installation,Smart Meter Installation angefragt,Negativ,Telefon,Mittel,2023-03-02,72
166,561,2023-04-27,Allgemein,Service,Allgemeine Anfrage,Neutral,Email,Niedrig,2023-05-04,120
167,1996,2024-01-20,Wärmepumpe,Technisch,Wartung angefragt,Negativ,Chat,Niedrig,2024-01-25,106
168,17010,2023-08-12,Solar,Technisch,Einspeisevergütung Frage,Neutral,Chat,Hoch,2023-08-17,25
169,13356,2023-06-01,Wärmepumpe,Technisch,Effizienz zu niedrig,Neutral,Telefon,Hoch,2023-06-05,109
170,9134,2023-06-12,Rechnung,Abrechnung,Abschlag anpassen,Neutral,App,Kritisch,2023-06-17,13
171,4374,2024-05-28,Wärmepumpe,Technisch,Wartung angefragt,Negativ,Chat,Hoch,2024-05-30,22
172,4507,2024-01-02,Tarif,Vertrag,Vertragsverlängerung,Positiv,Chat,Mittel,2024-01-13,44
173,4952,2024-02-12,Speicher,Technisch,Kapazität gesunken,Negativ,Telefon,Niedrig,2024-02-15,175
174,15210,2023-06-24,Rechnung,Abrechnung,Abschlag anpassen,Neutral,Email,Mittel,2023-07-08,74
175,19505,2024-10-23,Solar,Technisch,Wechselrichter Fehler,Positiv,App,Hoch,2024-10-26,6
176,4165,2024-04-25,Speicher,Technisch,Kapazität gesunken,Negativ,Email,Niedrig,2024-04-28,52
177,12655,2024-03-21,Wallbox,E-Mobility,App-Verbindung unterbrochen,Neutral,Email,Mittel,2024-03-28,79
178,62,2024-09-11,Solar,Technisch,Wechselrichter Fehler,Neutral,Email,Hoch,2024-09-13,141
179,3961,2023-04-15,Wallbox,E-Mobility,Wallbox lädt nicht,Negativ,Telefon,Niedrig,2023-04-23,112
180,13401,2024-03-27,Tarif,Vertrag,Vertragsverlängerung,Neutral,Chat,Mittel,2024-04-10,22
181,17198,2024-11-28,Wallbox,E-Mobility,Wallbox lädt nicht,Negativ,Telefon,Mittel,2024-11-29,53
182,14567,2023-05-09,Solar,Technisch,Einspeisevergütung Frage,Neutral,Email,Kritisch,2023-05-14,72
183,15267,2023-09-30,Tarif,Vertrag,Vertragsverlängerung,Negativ,Chat,Mittel,2023-10-04,68
184,18242,2025-05-28,Tarif,Vertrag,Kündigung,Neutral,Chat,Niedrig,2025-06-09,100
185,11175,2023-01-06,Allgemein,Service,Beschwerde,Negativ,Email,Kritisch,2023-01-09,193
186,19908,2023-07-05,Rechnung,Abrechnung,Gutschrift angefragt,Neutral,Email,Mittel,2023-07-06,59
187,7472,2025-06-12,Solar,Technisch,Monitoring nicht verfügbar,Negativ,App,Mittel,2025-06-13,134
188,9072,2023-04-16,Allgemein,Service,Lob,Positiv,Chat,Niedrig,2023-04-22,112
189,5943,2023-03-16,Rechnung,Abrechnung,Rechnungsfrage,Negativ,Chat,Mittel,2023-03-24,16
190,5011,2024-12-22,Smart Meter,Installation,Smart Meter Ablesung fehlerhaft,Neutral,App,Mittel,2025-01-04,16
191,13643,2023-06-08,Allgemein,Service,Allgemeine Anfrage,Neutral,App,Niedrig,2023-06-13,56
192,9460,2024-05-23,Rechnung,Abrechnung,Zahlungsplan angefragt,Positiv,Telefon,Hoch,2024-05-25,176
193,3998,2023-10-13,Wallbox,E-Mobility,App-Verbindung unterbrochen,Neutral,Telefon,Hoch,2023-10-14,27
194,11375,2025-06-19,Solar,Technisch,Solaranlage produziert nicht,Negativ,Chat,Hoch,2025-06-19,51
195,13450,2023-04-28,Smart Meter,Installation,Smart Meter App funktioniert nicht,Negativ,Email,Kritisch,2023-05-05,178
196,10049,2024-09-24,Allgemein,Service,Allgemeine Anfrage,Neutral,Telefon,Hoch,2024-09-28,149
197,2412,2025-01-08,Allgemein,Service,Informationsanfrage,Neutral,App,Mittel,2025-01-20,87
198,5132,2025-03-26,Tarif,Vertrag,Ökostrom Umstellung,Negativ,App,Kritisch,2025-03-27,35
199,13008,2023-05-05,Smart Meter,Installation,Smart Meter App funktioniert nicht,Negativ,Chat,Kritisch,2023-05-12,125
200,9419,2024-01-22,Rechnung,Abrechnung,Gutschrift angefragt,Neutral,Chat,Mittel,2024-01-28,157
201,14112,2024-12-28,Wärmepumpe,Technisch,Wärmepumpe Störung,Negativ,App,Niedrig,2025-01-05,64
202,7914,2024-03-22,Allgemein,Service,Allgemeine Anfrage,Neutral,Email,Niedrig,2024-03-27,100
203,17081,2025-06-18,Wallbox,E-Mobility,Wallbox defekt,Negativ,Email,Mittel,2025-07-01,143
204,18617,2024-12-05,Smart Meter,Installation,Smart Meter Ablesung fehlerhaft,Neutral,Telefon,Mittel,2024-12-19,49
205,4101,2023-12-07,Speicher,Technisch,Kapazität gesunken,Neutral,Telefon,Mittel,2023-12-12,123
206,10153,2025-03-09,Solar,Technisch,Solaranlage produziert nicht,Negativ,Telefon,Hoch,2025-03-15,183
207,6795,2023-05-07,Rechnung,Abrechnung,Unstimmigkeit in Rechnung,Neutral,Email,Mittel,2023-05-09,101
208,11618,2024-02-06,Allgemein,Service,Lob,Positiv,Chat,Niedrig,2024-02-07,77
209,14299,2023-08-05,Allgemein,Service,Informationsanfrage,Positiv,Telefon,Kritisch,2023-08-05,58
210,19579,2023-12-04,Allgemein,Service,Kontaktdaten ändern,Negativ,Email,Mittel,2023-12-04,78
211,8524,2025-01-07,Rechnung,Abrechnung,Rechnungsfrage,Neutral,Telefon,Mittel,2025-01-11,169
212,7496,2023-12-26,Wärmepumpe,Technisch,Wärmepumpe Störung,Negativ,Email,Mittel,2023-12-31,39
213,19967,2023-05-11,Wallbox,E-Mobility,Ladekarte Probleme,Negativ,Telefon,Mittel,2023-05-25,46
214,18187,2024-03-31,Wärmepumpe,Technisch,Wärmepumpe läuft nicht,Negativ,Email,Kritisch,2024-04-01,22
215,13844,2025-04-12,Tarif,Vertrag,Vertragsverlängerung,Negativ,App,Mittel,2025-04-19,15
216,13547,2023-04-22,Smart Meter,Installation,Smart Meter Installation angefragt,Neutral,Email,Niedrig,2023-05-06,60
217,780,2025-04-24,Wärmepumpe,Technisch,Geräuschentwicklung zu hoch,Positiv,Telefon,Niedrig,2025-04-30,164
218,6356,2023-02-27,Allgemein,Service,Allgemeine Anfrage,Positiv,Email,Hoch,2023-03-06,99
219,3240,2024-11-18,Rechnung,Abrechnung,Zahlungsplan angefragt,Negativ,Email,Hoch,2024-11-25,86
220,6056,2025-05-20,Smart Meter,Installation,Smart Meter Ablesung fehlerhaft,Negativ,App,Mittel,2025-05-29,153
221,1408,2023-03-22,Wärmepumpe,Technisch,Effizienz zu niedrig,Negativ,Email,Mittel,2023-04-04,62
222,12562,2024-02-25,Wallbox,E-Mobility,Wallbox Installation angefragt,Positiv,Telefon,Niedrig,2024-03-07,153
223,1960,2025-03-10,Rechnung,Abrechnung,Abschlag anpassen,Negativ,Chat,Niedrig,2025-03-17,153
224,4644,2024-04-07,Smart Meter,Installation,Smart Meter App funktioniert nicht,Negativ,Chat,Mittel,2024-04-18,115
225,8092,2024-09-06,Rechnung,Abrechnung,Abschlag anpassen,Neutral,Email,Mittel,2024-09-20,32
226,14138,2023-04-09,Solar,Technisch,Solaranlage Ertrag niedrig,Neutral,Email,Niedrig,2023-04-18,159
227,17490,2023-12-06,Allgemein,Service,Lob,Positiv,Chat,Niedrig,2023-12-12,185
228,9728,2025-04-22,Wärmepumpe,Technisch,Wärmepumpe läuft nicht,Negativ,App,Hoch,2025-04-26,49
229,4214,2023-11-04,Wallbox,E-Mobility,Wallbox defekt,Negativ,Chat,Hoch,2023-11-11,90
230,8146,2023-03-12,Allgemein,Service,Kontaktdaten ändern,Positiv,Chat,Mittel,2023-03-17,172
231,6063,2025-01-09,Rechnung,Abrechnung,Rechnungsfrage,Neutral,Email,Niedrig,2025-01-20,58
232,14654,2024-01-01,Speicher,Technisch,Kapazität gesunken,Neutral,Email,Mittel,2024-01-15,1
233,2686,2023-04-02,Smart Meter,Installation,Smart Meter defekt,Negativ,App,Mittel,2023-04-13,22
234,5,2023-01-08,Solar,Technisch,Solaranlage Ertrag niedrig,Positiv,Email,Hoch,2023-01-12,36
235,14811,2024-07-05,Smart Meter,Installation,Smart Meter Ablesung fehlerhaft,Neutral,Email,Mittel,2024-07-17,188
236,2570,2023-03-18,Rechnung,Abrechnung,Abschlag zu hoch,Negativ,App,Mittel,2023-03-23,46
237,7021,2024-03-26,Speicher,Technisch,Kapazität gesunken,Positiv,App,Mittel,2024-03-28,179
238,570,2023-11-02,Speicher,Technisch,Kapazität gesunken,Positiv,Email,Mittel,2023-11-15,195
239,19203,2024-02-16,Rechnung,Abrechnung,Abschlag zu hoch,Negativ,Email,Hoch,2024-02-22,52
240,15635,2024-06-01,Wärmepumpe,Technisch,Fehlercode E01 angezeigt,Negativ,Chat,Mittel,2024-06-13,23
241,15289,2023-02-03,Smart Meter,Installation,Smart Meter Ablesung fehlerhaft,Negativ,Chat,Mittel,2023-02-09,152
242,1745,2024-06-18,Smart Meter,Installation,Smart Meter App funktioniert nicht,Negativ,Telefon,Mittel,2024-07-02,160
243,19327,2023-11-24,Speicher,Technisch,Kapazität gesunken,Positiv,Telefon,Niedrig,2023-12-01,123
244,15875,2023-10-06,Rechnung,Abrechnung,Rechnungsfrage,Neutral,Chat,Mittel,2023-10-15,149
245,11186,2024-09-14,Tarif,Vertrag,Ökostrom Umstellung,Neutral,Telefon,Mittel,2024-09-18,111
246,16648,2025-01-11,Solar,Technisch,Solaranlage produziert nicht,Negativ,Chat,Hoch,2025-01-18,84
247,1214,2023-09-26,Allgemein,Service,Allgemeine Anfrage,Neutral,App,Hoch,2023-09-30,165
248,18560,2025-01-18,Solar,Technisch,Monitoring nicht verfügbar,Negativ,Telefon,Mittel,2025-01-30,154
249,5505,2024-05-17,Wallbox,E-Mobility,Wallbox defekt,Negativ,Email,Niedrig,2024-05-21,80
250,8379,2025-06-11,Tarif,Vertrag,Ökostrom Umstellung,Neutral,Email,Hoch,2025-06-15,166
251,4166,2024-07-21,Rechnung,Abrechnung,Abschlag anpassen,Neutral,App,Mittel,2024-07-27,12
252,12976,2023-01-07,Rechnung,Abrechnung,Abschlag zu hoch,Neutral,Telefon,Mittel,2023-01-19,112
253,15979,2024-06-24,Rechnung,Abrechnung,Abschlag zu hoch,Negativ,App,Mittel,2024-07-08,176
254,9652,2023-06-18,Smart Meter,Installation,Smart Meter App funktioniert nicht,Negativ,Email,Mittel,2023-06-23,54
255,3868,2023-01-16,Smart Meter,Installation,Smart Meter defekt,Negativ,Telefon,Mittel,2023-01-24,113
256,1518,2023-03-12,Tarif,Vertrag,Vertragsverlängerung,Negativ,Chat,Niedrig,2023-03-22,173
257,53,2024-01-18,Tarif,Vertrag,Preisgarantie Frage,Neutral,Chat,Niedrig,2024-01-25,153
258,12282,2025-05-10,Wärmepumpe,Technisch,Geräuschentwicklung zu hoch,Neutral,Email,Hoch,2025-05-10,98
259,5402,2025-02-28,Wallbox,E-Mobility,Wallbox Installation angefragt,Neutral,Telefon,Mittel,2025-03-03,149
260,10485,2024-10-22,Tarif,Vertrag,Umzug melden,Neutral,App,Niedrig,2024-10-26,101
261,9267,2024-03-28,Wärmepumpe,Technisch,Effizienz zu niedrig,Neutral,App,Mittel,2024-03-30,73
262,7751,2023-08-12,Wärmepumpe,Technisch,Wärmepumpe läuft nicht,Negativ,App,Niedrig,2023-08-18,4
263,11183,2025-03-30,Smart Meter,Installation,Smart Meter Installation angefragt,Negativ,Telefon,Hoch,2025-04-06,162
264,4939,2023-09-25,Rechnung,Abrechnung,Gutschrift angefragt,Positiv,App,Mittel,2023-10-07,111
265,9484,2024-12-25,Speicher,Technisch,Speicher lädt nicht,Negativ,Chat,Hoch,2024-12-31,138
266,1839,2024-05-26,Wärmepumpe,Technisch,Effizienz zu niedrig,Neutral,App,Mittel,2024-05-31,167
267,6595,2025-02-13,Wärmepumpe,Technisch,Effizienz zu niedrig,Neutral,Email,Mittel,2025-02-23,70
268,16426,2023-12-16,Wallbox,E-Mobility,Wallbox lädt nicht,Negativ,Chat,Kritisch,2023-12-18,125
269,13794,2023-08-27,Solar,Technisch,Monitoring nicht verfügbar,Negativ,Telefon,Niedrig,2023-08-27,87
270,17035,2024-12-16,Allgemein,Service,Kontaktdaten ändern,Negativ,App,Niedrig,2024-12-21,38
271,14014,2024-10-22,Speicher,Technisch,Kapazität gesunken,Negativ,App,Hoch,2024-10-28,38
272,4316,2024-11-01,Rechnung,Abrechnung,Zahlungsplan angefragt,Negativ,Telefon,Hoch,2024-11-08,115
273,17556,2024-04-03,Wärmepumpe,Technisch,Fehlercode E01 angezeigt,Negativ,Chat,Niedrig,2024-04-15,65
274,11354,2024-08-23,Tarif,Vertrag,Preisgarantie Frage,Neutral,Chat,Niedrig,2024-08-23,185
275,13852,2024-11-15,Tarif,Vertrag,Kündigung,Neutral,App,Hoch,2024-11-18,29
276,8493,2025-01-02,Speicher,Technisch,Speicher lädt nicht,Negativ,App,Kritisch,2025-01-05,112
277,434,2023-08-14,Allgemein,Service,Beschwerde,Negativ,Telefon,Hoch,2023-08-14,147
278,10607,2024-12-15,Speicher,Technisch,Speicher lädt nicht,Negativ,App,Hoch,2024-12-22,166
279,9925,2024-08-26,Rechnung,Abrechnung,Rechnungsfrage,Neutral,Telefon,Niedrig,2024-09-02,95
280,7315,2024-08-01,Wärmepumpe,Technisch,Wärmepumpe läuft nicht,Negativ,Chat,Hoch,2024-08-04,183
281,18931,2024-12-05,Tarif,Vertrag,Ökostrom Umstellung,Neutral,Email,Niedrig,2024-12-08,186
282,12944,2024-10-05,Tarif,Vertrag,Vertragsverlängerung,Neutral,App,Hoch,2024-10-05,48
283,5140,2025-03-07,Smart Meter,Installation,Smart Meter zeigt keine Daten,Neutral,App,Mittel,2025-03-11,152
284,5915,2024-05-18,Rechnung,Abrechnung,Gutschrift angefragt,Neutral,App,Niedrig,2024-06-01,87
285,18973,2024-03-25,Solar,Technisch,Monitoring nicht verfügbar,Negativ,Telefon,Hoch,2024-03-27,153
286,8557,2024-02-26,Wärmepumpe,Technisch,Fehlercode E01 angezeigt,Negativ,Telefon,Hoch,2024-02-27,22
287,18522,2023-01-11,Rechnung,Abrechnung,Zahlungsplan angefragt,Neutral,Telefon,Niedrig,2023-01-22,78
288,17302,2025-04-10,Tarif,Vertrag,Umzug melden,Neutral,Telefon,Kritisch,2025-04-15,138
289,13363,2024-11-10,Wallbox,E-Mobility,Wallbox lädt nicht,Negativ,Chat,Kritisch,2024-11-15,97
290,12071,2024-10-07,Rechnung,Abrechnung,Unstimmigkeit in Rechnung,Positiv,Telefon,Mittel,2024-10-09,33
291,15674,2023-03-27,Tarif,Vertrag,Kündigung,Neutral,Email,Niedrig,2023-03-30,84
292,15821,2024-07-14,Wärmepumpe,Technisch,Wärmepumpe Störung,Negativ,App,Hoch,2024-07-14,45
293,270,2023-12-29,Solar,Technisch,Solaranlage produziert nicht,Negativ,Telefon,Kritisch,2023-12-31,73
294,14808,2023-09-15,Wallbox,E-Mobility,App-Verbindung unterbrochen,Negativ,App,Niedrig,2023-09-25,187
295,2513,2024-09-13,Solar,Technisch,Monitoring nicht verfügbar,Negativ,Telefon,Mittel,2024-09-27,162
296,274,2023-09-24,Tarif,Vertrag,Tarifwechsel angefragt,Negativ,App,Mittel,2023-09-27,40
297,8902,2023-05-19,Speicher,Technisch,Speicher lädt nicht,Negativ,Chat,Hoch,2023-05-22,111
298,11990,2025-02-13,Wallbox,E-Mobility,Wallbox lädt nicht,Negativ,Telefon,Hoch,2025-02-20,4
299,12324,2024-09-09,Rechnung,Abrechnung,Zahlungsplan angefragt,Neutral,Email,Kritisch,2024-09-09,67
300,947,2025-01-26,Wallbox,E-Mobility,Ladekarte Probleme,Positiv,App,Niedrig,2025-01-28,160
301,2531,2023-02-14,Smart Meter,Installation,Smart Meter Installation angefragt,Neutral,Email,Niedrig,2023-02-18,63
302,2787,2023-11-20,Solar,Technisch,Solaranlage produziert nicht,Negativ,App,Mittel,2023-11-21,173
303,15833,2024-09-23,Tarif,Vertrag,Kündigung,Negativ,Email,Mittel,2024-10-04,149
304,4045,2025-06-17,Wärmepumpe,Technisch,Wartung angefragt,Neutral,Telefon,Mittel,2025-06-25,117
305,6648,2023-03-30,Smart Meter,Installation,Smart Meter Installation angefragt,Positiv,Chat,Mittel,2023-03-31,159
306,8817,2024-07-02,Tarif,Vertrag,Vertragsverlängerung,Neutral,Telefon,Niedrig,2024-07-11,123
307,15117,2023-04-20,Smart Meter,Installation,Smart Meter App funktioniert nicht,Negativ,Telefon,Mittel,2023-04-21,21
308,6926,2024-02-29,Speicher,Technisch,Kapazität gesunken,Neutral,App,Hoch,2024-03-02,126
309,15984,2023-05-28,Rechnung,Abrechnung,Abschlag zu hoch,Neutral,App,Niedrig,2023-05-31,12
310,4118,2024-10-30,Allgemein,Service,Informationsanfrage,Positiv,Chat,Niedrig,2024-11-04,149
311,11644,2024-02-13,Allgemein,Service,Allgemeine Anfrage,Neutral,Chat,Kritisch,2024-02-19,175
312,14507,2024-09-30,Smart Meter,Installation,Smart Meter Installation angefragt,Neutral,Telefon,Hoch,2024-10-07,129
313,17267,2024-11-25,Tarif,Vertrag,Ökostrom Umstellung,Negativ,Telefon,Mittel,2024-11-25,166
314,6632,2025-05-03,Smart Meter,Installation,Smart Meter App funktioniert nicht,Negativ,Chat,Niedrig,2025-05-09,43
315,13429,2023-02-04,Smart Meter,Installation,Smart Meter defekt,Negativ,Telefon,Kritisch,2023-02-04,73
316,18332,2024-06-22,Rechnung,Abrechnung,Gutschrift angefragt,Neutral,App,Mittel,2024-07-03,32
317,17932,2024-10-12,Wallbox,E-Mobility,App-Verbindung unterbrochen,Positiv,Email,Mittel,2024-10-16,1
318,1733,2023-01-20,Smart Meter,Installation,Smart Meter Installation angefragt,Positiv,Chat,Mittel,2023-01-30,2
319,6015,2024-08-05,Wallbox,E-Mobility,Wallbox Installation angefragt,Neutral,Email,Niedrig,2024-08-06,20
320,18771,2024-02-01,Solar,Technisch,Solaranlage Ertrag niedrig,Neutral,Chat,Hoch,2024-02-06,26
321,13214,2024-05-25,Wärmepumpe,Technisch,Geräuschentwicklung zu hoch,Positiv,Telefon,Hoch,2024-05-30,92
322,4691,2024-03-04,Rechnung,Abrechnung,Gutschrift angefragt,Negativ,Chat,Mittel,2024-03-07,4
323,6139,2024-08-01,Wärmepumpe,Technisch,Fehlercode E01 angezeigt,Neutral,Email,Niedrig,2024-08-09,186
324,1771,2023-07-16,Rechnung,Abrechnung,Abschlag zu hoch,Positiv,Chat,Hoch,2023-07-22,186
325,746,2024-08-08,Tarif,Vertrag,Tarifwechsel angefragt,Neutral,Telefon,Hoch,2024-08-12,94
326,19649,2023-02-06,Wärmepumpe,Technisch,Wärmepumpe läuft nicht,Negativ,Telefon,Kritisch,2023-02-09,152
327,15918,2023-05-21,Rechnung,Abrechnung,Abschlag anpassen,Positiv,Email,Hoch,2023-05-21,11
328,8707,2023-04-15,Wallbox,E-Mobility,App-Verbindung unterbrochen,Neutral,Email,Mittel,2023-04-16,8
329,18913,2024-01-17,Wallbox,E-Mobility,Wallbox defekt,Negativ,Email,Niedrig,2024-01-23,49
330,17023,2025-04-19,Solar,Technisch,Monitoring nicht verfügbar,Negativ,App,Hoch,2025-04-20,145
331,5565,2023-06-11,Allgemein,Service,Allgemeine Anfrage,Neutral,Email,Mittel,2023-06-12,134
332,9431,2025-01-07,Rechnung,Abrechnung,Gutschrift angefragt,Negativ,Chat,Mittel,2025-01-16,118
333,18114,2023-03-16,Wärmepumpe,Technisch,Effizienz zu niedrig,Positiv,Chat,Mittel,2023-03-23,141
334,16103,2023-08-24,Rechnung,Abrechnung,Abschlag anpassen,Neutral,Telefon,Niedrig,2023-08-24,56
335,2968,2024-06-15,Rechnung,Abrechnung,Zahlungsplan angefragt,Neutral,Chat,Kritisch,2024-06-20,14
336,16865,2023-04-28,Tarif,Vertrag,Vertragsverlängerung,Neutral,App,Hoch,2023-05-02,159
337,12414,2024-05-05,Wallbox,E-Mobility,Wallbox defekt,Negativ,App,Mittel,2024-05-12,51
338,14899,2024-01-05,Tarif,Vertrag,Preisgarantie Frage,Neutral,Chat,Niedrig,2024-01-18,134
339,809,2025-02-08,Wallbox,E-Mobility,Wallbox lädt nicht,Negativ,Chat,Mittel,2025-02-09,47
340,6185,2024-03-31,Allgemein,Service,Informationsanfrage,Neutral,App,Mittel,2024-04-11,56
341,8756,2024-06-22,Rechnung,Abrechnung,Rechnungsfrage,Neutral,Chat,Mittel,2024-07-04,77
342,18494,2024-08-01,Tarif,Vertrag,Tarifwechsel angefragt,Negativ,Telefon,Hoch,2024-08-03,114
343,3974,2025-02-14,Speicher,Technisch,Speicher lädt nicht,Negativ,Email,Mittel,2025-02-17,126
344,16573,2025-03-27,Smart Meter,Installation,Smart Meter Ablesung fehlerhaft,Neutral,Telefon,Niedrig,2025-04-06,12
345,19829,2023-07-07,Smart Meter,Installation,Smart Meter Ablesung fehlerhaft,Neutral,Email,Kritisch,2023-07-10,154
346,16086,2024-08-26,Allgemein,Service,Kontaktdaten ändern,Neutral,Telefon,Niedrig,2024-09-05,21
347,11693,2024-05-23,Tarif,Vertrag,Vertragsverlängerung,Neutral,Telefon,Mittel,2024-06-06,86
348,17998,2024-06-14,Solar,Technisch,Solaranlage Ertrag niedrig,Neutral,Chat,Kritisch,2024-06-20,153
349,1887,2025-03-05,Tarif,Vertrag,Umzug melden,Negativ,App,Hoch,2025-03-05,56
350,18854,2023-04-02,Solar,Technisch,Einspeisevergütung Frage,Neutral,Email,Hoch,2023-04-08,5
351,15192,2024-04-21,Wärmepumpe,Technisch,Wartung angefragt,Positiv,Email,Mittel,2024-04-24,147
352,9473,2023-03-01,Speicher,Technisch,Speicher lädt nicht,Negativ,Email,Niedrig,2023-03-02,105
353,19930,2024-12-11,Tarif,Vertrag,Umzug melden,Negativ,App,Mittel,2024-12-15,156
354,14076,2025-04-24,Solar,Technisch,Solaranlage Ertrag niedrig,Positiv,Email,Mittel,2025-04-24,26
355,12021,2023-04-24,Tarif,Vertrag,Tarifwechsel angefragt,Positiv,App,Hoch,2023-04-25,195
356,12557,2024-01-30,Allgemein,Service,Kontaktdaten ändern,Negativ,Email,Niedrig,2024-02-05,15
357,8996,2024-05-07,Solar,Technisch,Solaranlage produziert nicht,Negativ,Telefon,Hoch,2024-05-11,34
358,13156,2023-03-14,Solar,Technisch,Monitoring nicht verfügbar,Negativ,Telefon,Kritisch,2023-03-15,23
359,8338,2024-07-12,Rechnung,Abrechnung,Zahlungsplan angefragt,Neutral,Email,Mittel,2024-07-22,93
360,10433,2023-05-15,Tarif,Vertrag,Tarifwechsel angefragt,Neutral,Chat,Mittel,2023-05-19,51
361,4175,2024-09-07,Allgemein,Service,Allgemeine Anfrage,Positiv,Telefon,Niedrig,2024-09-10,57
362,1472,2024-09-10,Allgemein,Service,Lob,Positiv,Telefon,Niedrig,2024-09-10,103
363,1154,2025-04-30,Wallbox,E-Mobility,Wallbox Installation angefragt,Neutral,Telefon,Hoch,2025-05-03,53
364,12905,2024-10-10,Wallbox,E-Mobility,Wallbox defekt,Negativ,App,Hoch,2024-10-16,90
365,13234,2023-08-25,Tarif,Vertrag,Ökostrom Umstellung,Neutral,App,Hoch,2023-08-28,95
366,14103,2023-06-13,Wärmepumpe,Technisch,Wärmepumpe Störung,Negativ,Telefon,Hoch,2023-06-14,169
367,15936,2024-03-15,Tarif,Vertrag,Kündigung,Neutral,Chat,Niedrig,2024-03-28,118
368,3599,2025-06-25,Allgemein,Service,Kontaktdaten ändern,Neutral,Email,Mittel,2025-07-09,67
369,7783,2024-07-29,Rechnung,Abrechnung,Abschlag zu hoch,Positiv,App,Niedrig,2024-08-04,191
370,3832,2024-04-19,Wärmepumpe,Technisch,Wärmepumpe Störung,Negativ,App,Hoch,2024-04-24,69
371,19707,2025-06-19,Rechnung,Abrechnung,Zahlungsplan angefragt,Positiv,Telefon,Mittel,2025-06-26,146
372,3976,2024-12-15,Solar,Technisch,Einspeisevergütung Frage,Neutral,Chat,Mittel,2024-12-18,32
373,4072,2024-04-24,Rechnung,Abrechnung,Abschlag anpassen,Neutral,Chat,Hoch,2024-04-24,86
374,14339,2025-04-24,Solar,Technisch,Solaranlage Ertrag niedrig,Positiv,App,Mittel,2025-04-24,154
375,10344,2024-05-10,Wärmepumpe,Technisch,Wärmepumpe läuft nicht,Negativ,Email,Mittel,2024-05-15,93
376,17581,2024-10-10,Wallbox,E-Mobility,Wallbox Installation angefragt,Neutral,App,Niedrig,2024-10-24,191
377,13228,2024-09-10,Speicher,Technisch,Batteriespeicher Störung,Negativ,Chat,Mittel,2024-09-24,166
378,15492,2024-04-15,Smart Meter,Installation,Smart Meter Installation angefragt,Neutral,Telefon,Mittel,2024-04-29,123
379,18006,2025-05-07,Speicher,Technisch,Batteriespeicher Störung,Negativ,App,Mittel,2025-05-10,1
380,18975,2023-07-16,Rechnung,Abrechnung,Rechnungsfrage,Neutral,App,Hoch,2023-07-23,97
381,6377,2023-12-25,Wallbox,E-Mobility,Wallbox defekt,Negativ,Chat,Hoch,2023-12-31,66
382,8522,2025-03-22,Solar,Technisch,Wechselrichter Fehler,Neutral,Chat,Mittel,2025-03-31,56
383,4218,2024-03-26,Wärmepumpe,Technisch,Wartung angefragt,Neutral,App,Hoch,2024-03-30,188
384,18267,2024-03-26,Tarif,Vertrag,Ökostrom Umstellung,Neutral,Telefon,Hoch,2024-03-30,188
385,15705,2024-03-31,Rechnung,Abrechnung,Unstimmigkeit in Rechnung,Neutral,App,Niedrig,2024-04-05,28
386,14050,2023-08-23,Smart Meter,Installation,Smart Meter zeigt keine Daten,Positiv,Email,Mittel,2023-08-26,167
387,620,2024-06-28,Smart Meter,Installation,Smart Meter App funktioniert nicht,Negativ,App,Hoch,2024-07-05,163
388,1130,2024-12-20,Wärmepumpe,Technisch,Effizienz zu niedrig,Neutral,Email,Niedrig,2025-01-01,91
389,15004,2023-02-12,Tarif,Vertrag,Kündigung,Neutral,App,Mittel,2023-02-21,12
390,7040,2025-06-23,Smart Meter,Installation,Smart Meter Ablesung fehlerhaft,Negativ,App,Hoch,2025-06-30,95
391,7263,2023-09-15,Wärmepumpe,Technisch,Fehlercode E01 angezeigt,Neutral,App,Mittel,2023-09-28,10
392,16000,2025-03-13,Wallbox,E-Mobility,Ladekarte Probleme,Positiv,Chat,Mittel,2025-03-25,57
393,14550,2023-05-12,Allgemein,Service,Beschwerde,Negativ,Telefon,Hoch,2023-05-12,85
394,9094,2023-06-21,Smart Meter,Installation,Smart Meter Ablesung fehlerhaft,Neutral,App,Mittel,2023-07-01,19
395,16765,2024-12-02,Speicher,Technisch,Speicher lädt nicht,Negativ,App,Hoch,2024-12-04,114
396,2379,2023-07-28,Speicher,Technisch,Batteriespeicher Störung,Negativ,App,Kritisch,2023-08-02,104
397,8393,2023-10-08,Allgemein,Service,Lob,Positiv,Email,Niedrig,2023-10-18,159
398,17336,2024-06-04,Rechnung,Abrechnung,Abschlag anpassen,Neutral,Email,Mittel,2024-06-11,27
399,18791,2023-12-18,Allgemein,Service,Beschwerde,Negativ,App,Mittel,2023-12-30,142
400,3894,2023-01-28,Smart Meter,Installation,Smart Meter defekt,Negativ,App,Kritisch,2023-02-04,111
401,16024,2023-11-12,Wärmepumpe,Technisch,Geräuschentwicklung zu hoch,Neutral,Telefon,Hoch,2023-11-12,105
402,14188,2024-01-16,Smart Meter,Installation,Smart Meter zeigt keine Daten,Positiv,Email,Mittel,2024-01-19,130
403,10468,2024-10-13,Allgemein,Service,Kontaktdaten ändern,Positiv,Chat,Niedrig,2024-10-25,48
404,11031,2025-04-23,Allgemein,Service,Lob,Positiv,Email,Niedrig,2025-05-02,57
405,16369,2023-02-20,Smart Meter,Installation,Smart Meter zeigt keine Daten,Neutral,App,Mittel,2023-03-02,41
406,10476,2025-02-26,Solar,Technisch,Monitoring nicht verfügbar,Negativ,Email,Kritisch,2025-02-26,159
407,2716,2023-04-05,Wärmepumpe,Technisch,Wärmepumpe Störung,Negativ,Chat,Mittel,2023-04-08,129
408,10766,2024-10-17,Allgemein,Service,Informationsanfrage,Neutral,Email,Mittel,2024-10-18,109
409,9626,2023-07-18,Wallbox,E-Mobility,Ladekarte Probleme,Positiv,Email,Niedrig,2023-07-24,124
410,17165,2025-06-10,Solar,Technisch,Solaranlage Ertrag niedrig,Positiv,Chat,Mittel,2025-06-20,57
411,1434,2023-03-31,Speicher,Technisch,Speicher lädt nicht,Negativ,Chat,Mittel,2023-04-01,162
412,19049,2024-03-29,Speicher,Technisch,Speicher lädt nicht,Negativ,Email,Hoch,2024-04-03,191
413,15076,2023-10-20,Speicher,Technisch,Speicher lädt nicht,Negativ,Chat,Kritisch,2023-10-20,38
414,16144,2024-05-26,Wallbox,E-Mobility,Wallbox Installation angefragt,Neutral,Telefon,Mittel,2024-06-01,171
415,12784,2025-06-03,Solar,Technisch,Solaranlage Ertrag niedrig,Neutral,Telefon,Niedrig,2025-06-09,67
416,5319,2023-02-16,Speicher,Technisch,Kapazität gesunken,Neutral,Chat,Mittel,2023-02-25,29
417,12469,2024-03-07,Solar,Technisch,Solaranlage Ertrag niedrig,Neutral,App,Mittel,2024-03-14,102
418,10977,2023-12-26,Solar,Technisch,Einspeisevergütung Frage,Neutral,App,Hoch,2023-12-29,67
419,19845,2023-04-30,Tarif,Vertrag,Kündigung,Negativ,Email,Mittel,2023-05-13,170
420,312,2023-12-31,Rechnung,Abrechnung,Rechnungsfrage,Neutral,Chat,Mittel,2024-01-13,171
421,15748,2025-03-17,Smart Meter,Installation,Smart Meter App funktioniert nicht,Negativ,Chat,Hoch,2025-03-24,161
422,11683,2025-04-28,Wärmepumpe,Technisch,Wärmepumpe Störung,Negativ,App,Hoch,2025-05-03,165
423,2996,2025-01-08,Wallbox,E-Mobility,Wallbox Installation angefragt,Negativ,Telefon,Niedrig,2025-01-13,104
424,15839,2025-06-10,Tarif,Vertrag,Kündigung,Neutral,Chat,Mittel,2025-06-11,29
425,16241,2024-05-06,Allgemein,Service,Lob,Positiv,Chat,Niedrig,2024-05-11,77
426,3349,2023-06-17,Allgemein,Service,Kontaktdaten ändern,Neutral,Telefon,Mittel,2023-06-28,65
427,12667,2023-02-13,Smart Meter,Installation,Smart Meter App funktioniert nicht,Negativ,Email,Kritisch,2023-02-19,147
428,18528,2024-03-09,Wärmepumpe,Technisch,Wartung angefragt,Neutral,App,Mittel,2024-03-12,38
429,3393,2023-12-23,Rechnung,Abrechnung,Zahlungsplan angefragt,Positiv,Telefon,Mittel,2024-01-06,31
430,4505,2024-10-26,Wärmepumpe,Technisch,Geräuschentwicklung zu hoch,Negativ,Email,Niedrig,2024-11-01,85
431,13161,2024-06-03,Smart Meter,Installation,Smart Meter Installation angefragt,Positiv,Chat,Mittel,2024-06-03,42
432,1419,2023-04-14,Allgemein,Service,Beschwerde,Negativ,Telefon,Mittel,2023-04-19,133
433,2063,2023-09-30,Solar,Technisch,Einspeisevergütung Frage,Neutral,Email,Niedrig,2023-10-02,104
434,4386,2024-09-19,Wärmepumpe,Technisch,Effizienz zu niedrig,Negativ,App,Mittel,2024-09-21,180
435,6517,2023-07-23,Wärmepumpe,Technisch,Wartung angefragt,Neutral,Email,Mittel,2023-08-05,88
436,4574,2023-11-10,Wallbox,E-Mobility,Wallbox defekt,Negativ,App,Hoch,2023-11-14,113
437,1673,2023-07-28,Solar,Technisch,Monitoring nicht verfügbar,Negativ,Chat,Mittel,2023-08-08,96
438,3951,2025-05-17,Wärmepumpe,Technisch,Wärmepumpe läuft nicht,Negativ,Email,Kritisch,2025-05-18,120
439,12867,2024-12-15,Wallbox,E-Mobility,Ladekarte Probleme,Neutral,Chat,Niedrig,2024-12-29,142
440,2796,2025-02-14,Smart Meter,Installation,Smart Meter Ablesung fehlerhaft,Neutral,Chat,Hoch,2025-02-14,138
441,267,2025-04-12,Smart Meter,Installation,Smart Meter App funktioniert nicht,Negativ,App,Mittel,2025-04-23,125
442,10575,2024-12-12,Smart Meter,Installation,Smart Meter defekt,Negativ,Chat,Mittel,2024-12-24,77
443,10317,2025-06-18,Solar,Technisch,Einspeisevergütung Frage,Neutral,App,Mittel,2025-06-21,149
444,18866,2023-03-19,Smart Meter,Installation,Smart Meter App funktioniert nicht,Negativ,App,Hoch,2023-03-23,4
445,17703,2023-07-16,Allgemein,Service,Informationsanfrage,Negativ,App,Mittel,2023-07-16,97
446,7505,2025-05-02,Rechnung,Abrechnung,Unstimmigkeit in Rechnung,Positiv,Email,Mittel,2025-05-12,37
447,4791,2023-02-09,Tarif,Vertrag,Kündigung,Neutral,Telefon,Mittel,2023-02-11,198
448,11686,2024-12-14,Smart Meter,Installation,Smart Meter defekt,Negativ,Email,Hoch,2024-12-21,175
449,17593,2023-07-06,Speicher,Technisch,Speicher lädt nicht,Negativ,App,Mittel,2023-07-19,111
450,15021,2025-03-07,Wärmepumpe,Technisch,Effizienz zu niedrig,Neutral,Telefon,Mittel,2025-03-18,52
451,13377,2023-02-10,Smart Meter,Installation,Smart Meter defekt,Negativ,Email,Hoch,2023-02-11,67
452,686,2024-11-02,Wärmepumpe,Technisch,Wärmepumpe läuft nicht,Negativ,App,Mittel,2024-11-04,62
453,4429,2024-03-06,Solar,Technisch,Solaranlage produziert nicht,Negativ,Email,Hoch,2024-03-09,80
454,15155,2023-07-06,Smart Meter,Installation,Smart Meter zeigt keine Daten,Negativ,Email,Niedrig,2023-07-15,97
455,6550,2025-04-07,Speicher,Technisch,Kapazität gesunken,Positiv,Email,Niedrig,2025-04-15,73
456,1540,2023-10-28,Wärmepumpe,Technisch,Wärmepumpe läuft nicht,Negativ,App,Hoch,2023-10-30,7
457,16145,2024-05-08,Smart Meter,Installation,Smart Meter Installation angefragt,Neutral,Chat,Hoch,2024-05-13,74
458,18558,2025-04-06,Tarif,Vertrag,Ökostrom Umstellung,Negativ,Chat,Kritisch,2025-04-07,97
459,6392,2024-07-17,Smart Meter,Installation,Smart Meter Ablesung fehlerhaft,Negativ,Email,Mittel,2024-07-25,147
460,1425,2023-02-16,Smart Meter,Installation,Smart Meter defekt,Negativ,Chat,Niedrig,2023-02-28,130
461,7648,2024-07-24,Allgemein,Service,Kontaktdaten ändern,Neutral,Chat,Mittel,2024-07-28,27
462,7407,2025-02-09,Rechnung,Abrechnung,Gutschrift angefragt,Neutral,Telefon,Mittel,2025-02-15,7
463,4179,2025-02-15,Allgemein,Service,Informationsanfrage,Negativ,Chat,Mittel,2025-02-19,15
464,13418,2023-04-28,Rechnung,Abrechnung,Unstimmigkeit in Rechnung,Neutral,Chat,Mittel,2023-05-10,32
465,12654,2025-06-01,Wärmepumpe,Technisch,Fehlercode E01 angezeigt,Neutral,Email,Mittel,2025-06-08,61
466,2250,2024-03-08,Wärmepumpe,Technisch,Wärmepumpe läuft nicht,Negativ,Telefon,Hoch,2024-03-08,142
467,17416,2023-02-15,Solar,Technisch,Solaranlage Ertrag niedrig,Neutral,Email,Mittel,2023-02-24,40
468,7696,2023-07-17,Smart Meter,Installation,Smart Meter Ablesung fehlerhaft,Neutral,Email,Mittel,2023-07-19,175
469,16392,2023-09-11,Speicher,Technisch,Kapazität gesunken,Neutral,Chat,Mittel,2023-09-18,137
470,14530,2024-11-08,Solar,Technisch,Wechselrichter Fehler,Neutral,Chat,Mittel,2024-11-17,95
471,2702,2025-02-04,Wärmepumpe,Technisch,Wärmepumpe Störung,Negativ,Telefon,Hoch,2025-02-07,154
472,1469,2023-07-08,Tarif,Vertrag,Tarifwechsel angefragt,Neutral,Email,Niedrig,2023-07-09,18
473,19850,2025-04-21,Rechnung,Abrechnung,Abschlag anpassen,Neutral,App,Niedrig,2025-04-28,189
474,5630,2024-01-09,Wärmepumpe,Technisch,Fehlercode E01 angezeigt,Negativ,Chat,Niedrig,2024-01-22,50
475,12424,2025-06-07,Wallbox,E-Mobility,Wallbox lädt nicht,Negativ,App,Mittel,2025-06-16,5
476,13909,2024-12-08,Speicher,Technisch,Speicher lädt nicht,Negativ,Email,Mittel,2024-12-19,106
477,19779,2024-10-23,Speicher,Technisch,Speicher lädt nicht,Negativ,Telefon,Hoch,2024-10-27,81
478,10001,2024-02-13,Smart Meter,Installation,Smart Meter Installation angefragt,Neutral,Email,Hoch,2024-02-13,58
479,3111,2023-10-03,Wallbox,E-Mobility,Wallbox defekt,Negativ,Chat,Mittel,2023-10-13,142
480,3555,2025-04-04,Wärmepumpe,Technisch,Geräuschentwicklung zu hoch,Neutral,Email,Niedrig,2025-04-06,39
481,14061,2023-07-20,Smart Meter,Installation,Smart Meter defekt,Negativ,Chat,Kritisch,2023-07-24,138
482,13944,2023-12-20,Wärmepumpe,Technisch,Effizienz zu niedrig,Positiv,App,Mittel,2023-12-29,124
483,8999,2023-03-22,Solar,Technisch,Einspeisevergütung Frage,Neutral,Chat,Mittel,2023-03-27,174
484,8224,2024-02-09,Wallbox,E-Mobility,Wallbox lädt nicht,Negativ,Chat,Hoch,2024-02-15,103
485,16158,2023-07-21,Smart Meter,Installation,Smart Meter defekt,Negativ,Chat,Kritisch,2023-07-28,59
486,16415,2025-03-25,Smart Meter,Installation,Smart Meter zeigt keine Daten,Neutral,App,Mittel,2025-04-06,33
487,18567,2023-10-07,Wärmepumpe,Technisch,Wartung angefragt,Negativ,Email,Mittel,2023-10-07,66
488,10222,2023-02-04,Wallbox,E-Mobility,App-Verbindung unterbrochen,Neutral,Email,Mittel,2023-02-13,78
489,8920,2023-03-05,Tarif,Vertrag,Kündigung,Neutral,Telefon,Niedrig,2023-03-13,195
490,1374,2025-02-27,Tarif,Vertrag,Preisgarantie Frage,Neutral,App,Mittel,2025-03-02,55
491,7957,2025-02-16,Solar,Technisch,Monitoring nicht verfügbar,Negativ,App,Hoch,2025-02-19,20
492,5154,2024-09-14,Tarif,Vertrag,Vertragsverlängerung,Neutral,Email,Niedrig,2024-09-19,172
493,18952,2024-01-10,Speicher,Technisch,Batteriespeicher Störung,Negativ,Chat,Kritisch,2024-01-15,101
494,11638,2024-08-22,Speicher,Technisch,Speicher lädt nicht,Negativ,Telefon,Niedrig,2024-09-05,158
495,15264,2025-06-14,Allgemein,Service,Informationsanfrage,Neutral,App,Hoch,2025-06-14,52
496,15980,2023-02-07,Tarif,Vertrag,Ökostrom Umstellung,Negativ,App,Hoch,2023-02-09,90
497,2945,2024-02-09,Wärmepumpe,Technisch,Effizienz zu niedrig,Neutral,App,Niedrig,2024-02-13,126
498,19546,2023-10-12,Speicher,Technisch,Batteriespeicher Störung,Negativ,Telefon,Mittel,2023-10-19,169
499,15455,2024-03-12,Rechnung,Abrechnung,Abschlag anpassen,Negativ,Chat,Mittel,2024-03-24,44
500,9162,2025-03-14,Wärmepumpe,Technisch,Geräuschentwicklung zu hoch,Positiv,Chat,Mittel,2025-03-22,158
501,8462,2024-06-30,Tarif,Vertrag,Kündigung,Neutral,Email,Mittel,2024-07-07,28
502,1209,2023-02-15,Wallbox,E-Mobility,Wallbox defekt,Negativ,App,Mittel,2023-02-19,74
503,5097,2023-06-16,Speicher,Technisch,Kapazität gesunken,Negativ,App,Hoch,2023-06-18,62
504,5696,2024-04-12,Wärmepumpe,Technisch,Wärmepumpe Störung,Negativ,Chat,Kritisch,2024-04-16,139
505,176,2023-06-22,Speicher,Technisch,Speicher lädt nicht,Negativ,Telefon,Hoch,2023-06-23,166
506,190,2023-10-11,Allgemein,Service,Informationsanfrage,Negativ,Telefon,Kritisch,2023-10-12,137
507,18382,2023-10-30,Wärmepumpe,Technisch,Wärmepumpe Störung,Negativ,Telefon,Kritisch,2023-11-02,35
508,5923,2023-04-23,Smart Meter,Installation,Smart Meter Installation angefragt,Neutral,Email,Kritisch,2023-04-27,10
509,11886,2023-06-07,Wärmepumpe,Technisch,Wärmepumpe läuft nicht,Negativ,Chat,Niedrig,2023-06-14,184
510,2799,2024-08-24,Rechnung,Abrechnung,Unstimmigkeit in Rechnung,Positiv,Chat,Niedrig,2024-09-07,160
511,6548,2025-02-07,Wallbox,E-Mobility,Wallbox lädt nicht,Negativ,App,Mittel,2025-02-14,199
512,3666,2025-04-01,Rechnung,Abrechnung,Unstimmigkeit in Rechnung,Neutral,Telefon,Mittel,2025-04-02,74
513,110,2024-03-02,Wallbox,E-Mobility,Wallbox defekt,Negativ,Telefon,Hoch,2024-03-08,153
514,16162,2023-05-15,Speicher,Technisch,Kapazität gesunken,Neutral,Email,Niedrig,2023-05-28,170
515,15289,2023-12-05,Wallbox,E-Mobility,Wallbox Installation angefragt,Neutral,Email,Niedrig,2023-12-18,74
516,6706,2024-05-17,Wallbox,E-Mobility,Wallbox defekt,Negativ,App,Hoch,2024-05-22,120
517,9553,2023-12-29,Rechnung,Abrechnung,Abschlag anpassen,Neutral,Chat,Niedrig,2023-12-31,77
518,5275,2024-08-23,Rechnung,Abrechnung,Gutschrift angefragt,Positiv,Email,Kritisch,2024-08-24,159
519,5782,2023-02-23,Wärmepumpe,Technisch,Wärmepumpe läuft nicht,Negativ,Telefon,Kritisch,2023-03-01,70
520,3896,2024-01-13,Tarif,Vertrag,Vertragsverlängerung,Neutral,Telefon,Mittel,2024-01-26,63
521,19684,2024-01-16,Speicher,Technisch,Batteriespeicher Störung,Negativ,Chat,Hoch,2024-01-19,80
522,9730,2024-05-25,Rechnung,Abrechnung,Abschlag zu hoch,Neutral,Email,Mittel,2024-06-01,86
523,10844,2024-12-15,Solar,Technisch,Einspeisevergütung Frage,Positiv,App,Niedrig,2024-12-29,106
524,8298,2023-07-12,Wärmepumpe,Technisch,Geräuschentwicklung zu hoch,Neutral,App,Niedrig,2023-07-25,37
525,4926,2024-03-23,Allgemein,Service,Informationsanfrage,Neutral,Email,Hoch,2024-03-28,195
526,1639,2025-06-20,Tarif,Vertrag,Tarifwechsel angefragt,Negativ,Email,Mittel,2025-06-24,37
527,5070,2023-08-15,Solar,Technisch,Einspeisevergütung Frage,Negativ,App,Mittel,2023-08-18,190
528,2865,2024-12-25,Wärmepumpe,Technisch,Wärmepumpe Störung,Negativ,Chat,Hoch,2024-12-27,118
529,14462,2023-03-13,Tarif,Vertrag,Vertragsverlängerung,Neutral,App,Mittel,2023-03-17,143
530,3114,2024-12-09,Speicher,Technisch,Speicher lädt nicht,Negativ,Email,Kritisch,2024-12-15,79
531,3097,2023-10-11,Speicher,Technisch,Kapazität gesunken,Neutral,Telefon,Niedrig,2023-10-20,124
532,2705,2023-11-29,Smart Meter,Installation,Smart Meter defekt,Negativ,Telefon,Mittel,2023-12-03,3
533,18953,2023-03-29,Rechnung,Abrechnung,Gutschrift angefragt,Neutral,Email,Hoch,2023-04-03,167
534,3792,2024-07-07,Solar,Technisch,Wechselrichter Fehler,Neutral,Telefon,Mittel,2024-07-14,18
535,19648,2023-06-18,Rechnung,Abrechnung,Gutschrift angefragt,Neutral,Email,Mittel,2023-06-26,81
536,10688,2023-11-26,Tarif,Vertrag,Vertragsverlängerung,Positiv,App,Niedrig,2023-11-26,164
537,15093,2023-08-05,Rechnung,Abrechnung,Zahlungsplan angefragt,Neutral,Telefon,Niedrig,2023-08-15,33
538,17860,2023-02-27,Smart Meter,Installation,Smart Meter App funktioniert nicht,Negativ,App,Niedrig,2023-03-02,114
539,16109,2025-03-25,Rechnung,Abrechnung,Zahlungsplan angefragt,Positiv,Telefon,Niedrig,2025-04-03,194
540,15905,2024-12-19,Rechnung,Abrechnung,Abschlag anpassen,Neutral,Email,Mittel,2024-12-22,62
541,7743,2024-01-20,Rechnung,Abrechnung,Abschlag anpassen,Neutral,App,Niedrig,2024-01-26,174
542,7183,2024-10-24,Speicher,Technisch,Batteriespeicher Störung,Negativ,App,Kritisch,2024-10-29,108
543,17780,2025-03-29,Solar,Technisch,Monitoring nicht verfügbar,Negativ,Telefon,Kritisch,2025-03-31,184
544,14701,2023-06-26,Tarif,Vertrag,Vertragsverlängerung,Neutral,Chat,Mittel,2023-06-30,9
545,9360,2024-02-07,Smart Meter,Installation,Smart Meter Ablesung fehlerhaft,Neutral,App,Mittel,2024-02-21,75
546,19194,2023-04-06,Speicher,Technisch,Speicher lädt nicht,Negativ,Email,Niedrig,2023-04-10,115
547,4943,2024-07-29,Solar,Technisch,Solaranlage produziert nicht,Negativ,Chat,Hoch,2024-08-03,157
548,12703,2024-04-27,Solar,Technisch,Einspeisevergütung Frage,Neutral,Chat,Mittel,2024-05-10,7
549,5799,2023-10-04,Wallbox,E-Mobility,Ladekarte Probleme,Neutral,Email,Mittel,2023-10-06,105
550,1370,2024-04-20,Solar,Technisch,Solaranlage Ertrag niedrig,Neutral,Telefon,Mittel,2024-04-24,88
551,1431,2023-09-28,Allgemein,Service,Allgemeine Anfrage,Neutral,Email,Mittel,2023-10-11,86
552,18831,2023-12-02,Wärmepumpe,Technisch,Wartung angefragt,Neutral,Telefon,Hoch,2023-12-09,69
553,2641,2024-07-25,Solar,Technisch,Solaranlage produziert nicht,Negativ,Chat,Hoch,2024-07-29,133
554,6188,2025-04-20,Smart Meter,Installation,Smart Meter Ablesung fehlerhaft,Neutral,App,Niedrig,2025-05-03,61
555,3609,2025-05-22,Rechnung,Abrechnung,Rechnungsfrage,Negativ,Telefon,Niedrig,2025-06-05,177
556,19188,2025-01-02,Solar,Technisch,Solaranlage produziert nicht,Negativ,Telefon,Mittel,2025-01-12,64
557,18299,2023-01-10,Wärmepumpe,Technisch,Wärmepumpe läuft nicht,Negativ,App,Hoch,2023-01-10,181
558,1201,2024-10-30,Rechnung,Abrechnung,Abschlag zu hoch,Neutral,App,Mittel,2024-10-30,183
559,6452,2024-11-02,Solar,Technisch,Einspeisevergütung Frage,Negativ,Chat,Mittel,2024-11-16,79
560,3140,2023-03-29,Solar,Technisch,Monitoring nicht verfügbar,Negativ,App,Hoch,2023-04-02,145
561,11768,2024-08-17,Tarif,Vertrag,Preisgarantie Frage,Neutral,App,Niedrig,2024-08-31,137
562,18346,2023-01-22,Wallbox,E-Mobility,Wallbox lädt nicht,Negativ,Email,Hoch,2023-01-26,25
563,5223,2025-03-07,Wärmepumpe,Technisch,Geräuschentwicklung zu hoch,Neutral,Email,Niedrig,2025-03-12,46
564,6799,2024-05-28,Smart Meter,Installation,Smart Meter Installation angefragt,Positiv,App,Niedrig,2024-06-05,16
565,18639,2024-01-08,Wärmepumpe,Technisch,Fehlercode E01 angezeigt,Neutral,Telefon,Mittel,2024-01-14,16
566,3280,2023-05-27,Allgemein,Service,Kontaktdaten ändern,Neutral,App,Mittel,2023-06-04,200
567,5647,2025-03-15,Speicher,Technisch,Batteriespeicher Störung,Negativ,Email,Hoch,2025-03-17,80
568,5023,2025-04-16,Solar,Technisch,Monitoring nicht verfügbar,Negativ,Chat,Hoch,2025-04-21,100
569,18520,2024-02-20,Speicher,Technisch,Speicher lädt nicht,Negativ,Email,Kritisch,2024-02-27,70
570,3330,2024-12-13,Allgemein,Service,Informationsanfrage,Negativ,Telefon,Mittel,2024-12-26,142
571,11089,2023-12-13,Tarif,Vertrag,Tarifwechsel angefragt,Neutral,Telefon,Mittel,2023-12-15,6
572,14334,2025-04-14,Speicher,Technisch,Batteriespeicher Störung,Negativ,Chat,Mittel,2025-04-24,153
573,6407,2023-07-16,Rechnung,Abrechnung,Zahlungsplan angefragt,Neutral,App,Hoch,2023-07-21,13
574,18861,2025-01-30,Tarif,Vertrag,Tarifwechsel angefragt,Negativ,Chat,Mittel,2025-02-10,149
575,9113,2024-09-08,Wärmepumpe,Technisch,Fehlercode E01 angezeigt,Neutral,Chat,Mittel,2024-09-12,142
576,6232,2023-05-25,Smart Meter,Installation,Smart Meter Installation angefragt,Neutral,Telefon,Niedrig,2023-06-03,93
577,12200,2024-07-06,Speicher,Technisch,Kapazität gesunken,Negativ,Chat,Mittel,2024-07-08,37
578,1687,2024-10-25,Smart Meter,Installation,Smart Meter Installation angefragt,Neutral,Telefon,Mittel,2024-11-04,177
579,3111,2023-06-27,Solar,Technisch,Wechselrichter Fehler,Positiv,Email,Hoch,2023-06-28,126
580,17688,2024-10-02,Rechnung,Abrechnung,Gutschrift angefragt,Neutral,App,Niedrig,2024-10-09,167
581,2876,2024-05-23,Allgemein,Service,Kontaktdaten ändern,Positiv,Telefon,Mittel,2024-06-06,11
582,7446,2025-05-15,Solar,Technisch,Solaranlage Ertrag niedrig,Positiv,Email,Hoch,2025-05-19,39
583,12976,2023-04-15,Wallbox,E-Mobility,App-Verbindung unterbrochen,Neutral,Telefon,Mittel,2023-04-23,42
584,5183,2024-08-28,Tarif,Vertrag,Preisgarantie Frage,Neutral,Email,Mittel,2024-09-07,192
585,11301,2024-06-09,Wärmepumpe,Technisch,Wärmepumpe läuft nicht,Negativ,App,Hoch,2024-06-15,182
586,4183,2024-10-18,Solar,Technisch,Einspeisevergütung Frage,Neutral,Chat,Niedrig,2024-10-27,80
587,9483,2024-07-09,Smart Meter,Installation,Smart Meter Ablesung fehlerhaft,Neutral,Telefon,Mittel,2024-07-22,70
588,53,2023-04-21,Allgemein,Service,Lob,Positiv,Telefon,Niedrig,2023-05-04,159
589,5201,2024-04-27,Tarif,Vertrag,Preisgarantie Frage,Neutral,Telefon,Niedrig,2024-05-06,126
590,738,2024-09-04,Tarif,Vertrag,Ökostrom Umstellung,Neutral,App,Mittel,2024-09-13,21
591,12823,2024-05-15,Solar,Technisch,Monitoring nicht verfügbar,Negativ,Email,Kritisch,2024-05-17,189
592,4868,2023-11-23,Rechnung,Abrechnung,Unstimmigkeit in Rechnung,Neutral,App,Mittel,2023-12-06,66
593,15539,2023-09-05,Tarif,Vertrag,Kündigung,Neutral,App,Niedrig,2023-09-09,196
594,10451,2023-10-10,Smart Meter,Installation,Smart Meter Installation angefragt,Neutral,App,Mittel,2023-10-14,183
595,3795,2023-02-17,Tarif,Vertrag,Ökostrom Umstellung,Positiv,App,Niedrig,2023-03-01,172
596,913,2024-03-01,Speicher,Technisch,Speicher lädt nicht,Negativ,Email,Mittel,2024-03-04,178
597,2544,2023-03-09,Speicher,Technisch,Kapazität gesunken,Neutral,Chat,Mittel,2023-03-15,126
598,8172,2024-11-26,Tarif,Vertrag,Umzug melden,Neutral,Email,Mittel,2024-12-09,58
599,650,2024-10-25,Smart Meter,Installation,Smart Meter Installation angefragt,Neutral,App,Hoch,2024-10-25,80
600,6003,2024-05-24,Tarif,Vertrag,Vertragsverlängerung,Neutral,Chat,Mittel,2024-06-05,64
601,8459,2024-07-07,Speicher,Technisch,Kapazität gesunken,Neutral,Chat,Hoch,2024-07-11,6
602,14955,2025-06-24,Solar,Technisch,Einspeisevergütung Frage,Negativ,App,Hoch,2025-06-25,182
603,15320,2024-09-13,Wärmepumpe,Technisch,Effizienz zu niedrig,Neutral,Chat,Niedrig,2024-09-13,196
604,11819,2024-08-09,Speicher,Technisch,Batteriespeicher Störung,Negativ,Chat,Hoch,2024-08-14,118
605,8767,2025-05-08,Wallbox,E-Mobility,Wallbox Installation angefragt,Negativ,Chat,Niedrig,2025-05-18,110
606,2976,2024-10-15,Tarif,Vertrag,Tarifwechsel angefragt,Neutral,App,Mittel,2024-10-21,11
607,16651,2024-08-16,Solar,Technisch,Solaranlage Ertrag niedrig,Positiv,Chat,Mittel,2024-08-21,165
608,1509,2024-01-11,Rechnung,Abrechnung,Abschlag anpassen,Positiv,Email,Mittel,2024-01-13,123
609,17892,2024-12-24,Wärmepumpe,Technisch,Effizienz zu niedrig,Neutral,Email,Mittel,2024-12-25,20
610,9363,2023-11-05,Solar,Technisch,Wechselrichter Fehler,Neutral,Telefon,Niedrig,2023-11-12,164
611,16051,2025-01-05,Wärmepumpe,Technisch,Geräuschentwicklung zu hoch,Negativ,Chat,Hoch,2025-01-06,180
612,19117,2024-12-04,Rechnung,Abrechnung,Abschlag zu hoch,Neutral,Chat,Niedrig,2024-12-12,39
613,11193,2025-06-28,Tarif,Vertrag,Vertragsverlängerung,Neutral,Chat,Mittel,2025-07-06,20
614,13923,2024-06-13,Solar,Technisch,Monitoring nicht verfügbar,Negativ,App,Hoch,2024-06-13,47
615,10292,2023-07-09,Wallbox,E-Mobility,Wallbox lädt nicht,Negativ,Email,Mittel,2023-07-22,76
616,3616,2023-04-20,Speicher,Technisch,Kapazität gesunken,Neutral,Telefon,Mittel,2023-04-29,188
617,12453,2023-10-03,Tarif,Vertrag,Umzug melden,Neutral,Email,Mittel,2023-10-08,8
618,4822,2023-07-26,Speicher,Technisch,Speicher lädt nicht,Negativ,Telefon,Niedrig,2023-08-01,28
619,4248,2024-01-23,Smart Meter,Installation,Smart Meter Ablesung fehlerhaft,Neutral,Email,Kritisch,2024-01-24,74
620,8989,2024-03-23,Solar,Technisch,Solaranlage produziert nicht,Negativ,Chat,Mittel,2024-03-26,165
621,1292,2023-05-10,Smart Meter,Installation,Smart Meter zeigt keine Daten,Neutral,App,Niedrig,2023-05-15,127
622,1167,2024-01-26,Wärmepumpe,Technisch,Wärmepumpe Störung,Negativ,Telefon,Hoch,2024-01-27,195
623,5877,2024-07-27,Tarif,Vertrag,Umzug melden,Neutral,App,Niedrig,2024-07-31,100
624,2033,2024-02-09,Speicher,Technisch,Kapazität gesunken,Neutral,Email,Niedrig,2024-02-14,85
625,11927,2023-06-14,Solar,Technisch,Wechselrichter Fehler,Negativ,Chat,Kritisch,2023-06-20,76
626,16672,2024-11-20,Solar,Technisch,Solaranlage produziert nicht,Negativ,App,Hoch,2024-11-22,35
627,4215,2024-10-04,Tarif,Vertrag,Ökostrom Umstellung,Negativ,Telefon,Mittel,2024-10-06,160
628,3901,2023-10-12,Tarif,Vertrag,Vertragsverlängerung,Neutral,Telefon,Niedrig,2023-10-15,132
629,2172,2025-01-14,Speicher,Technisch,Batteriespeicher Störung,Negativ,Telefon,Hoch,2025-01-20,71
630,14367,2024-02-05,Allgemein,Service,Informationsanfrage,Neutral,Chat,Mittel,2024-02-15,171
631,15218,2024-06-11,Smart Meter,Installation,Smart Meter Ablesung fehlerhaft,Negativ,Email,Niedrig,2024-06-20,137
632,11970,2023-09-04,Rechnung,Abrechnung,Abschlag zu hoch,Neutral,App,Mittel,2023-09-13,192
633,2659,2024-01-16,Wallbox,E-Mobility,Wallbox Installation angefragt,Positiv,Chat,Mittel,2024-01-22,67
634,5149,2024-11-06,Speicher,Technisch,Speicher lädt nicht,Negativ,Chat,Hoch,2024-11-13,13
635,16408,2025-06-06,Wallbox,E-Mobility,Wallbox Installation angefragt,Negativ,Email,Niedrig,2025-06-18,98
636,2376,2024-06-02,Wärmepumpe,Technisch,Wartung angefragt,Neutral,Chat,Mittel,2024-06-12,99
637,9106,2025-05-05,Wärmepumpe,Technisch,Effizienz zu niedrig,Neutral,App,Hoch,2025-05-06,94
638,13486,2024-01-28,Solar,Technisch,Monitoring nicht verfügbar,Negativ,Telefon,Hoch,2024-01-29,127
639,4420,2023-07-19,Solar,Technisch,Solaranlage produziert nicht,Negativ,Chat,Hoch,2023-07-21,74
640,2661,2023-05-20,Wallbox,E-Mobility,App-Verbindung unterbrochen,Neutral,App,Kritisch,2023-05-25,199
641,6710,2024-01-07,Rechnung,Abrechnung,Abschlag anpassen,Neutral,App,Mittel,2024-01-18,198
642,4051,2023-03-06,Rechnung,Abrechnung,Abschlag zu hoch,Negativ,App,Mittel,2023-03-15,183
643,3357,2024-04-07,Speicher,Technisch,Batteriespeicher Störung,Negativ,Telefon,Mittel,2024-04-16,195
644,8183,2023-08-27,Allgemein,Service,Allgemeine Anfrage,Positiv,App,Mittel,2023-08-30,147
645,4482,2023-10-19,Wärmepumpe,Technisch,Geräuschentwicklung zu hoch,Neutral,Chat,Hoch,2023-10-20,93
646,182,2024-11-22,Allgemein,Service,Allgemeine Anfrage,Neutral,Email,Kritisch,2024-11-29,167
647,14143,2024-12-20,Wallbox,E-Mobility,App-Verbindung unterbrochen,Neutral,Email,Hoch,2024-12-27,167
648,9461,2023-01-16,Rechnung,Abrechnung,Zahlungsplan angefragt,Positiv,App,Kritisch,2023-01-17,99
649,305,2024-10-08,Tarif,Vertrag,Kündigung,Neutral,Email,Mittel,2024-10-22,177
650,15961,2024-08-26,Rechnung,Abrechnung,Abschlag zu hoch,Neutral,Telefon,Mittel,2024-08-27,13
651,18062,2024-12-30,Tarif,Vertrag,Vertragsverlängerung,Negativ,Email,Mittel,2025-01-11,86
652,5658,2023-10-17,Smart Meter,Installation,Smart Meter Ablesung fehlerhaft,Neutral,Telefon,Niedrig,2023-10-25,72
653,5286,2023-11-11,Solar,Technisch,Monitoring nicht verfügbar,Negativ,Chat,Hoch,2023-11-13,67
654,19690,2024-08-13,Smart Meter,Installation,Smart Meter Ablesung fehlerhaft,Negativ,Email,Niedrig,2024-08-26,192
655,15234,2025-06-24,Solar,Technisch,Einspeisevergütung Frage,Neutral,Email,Hoch,2025-06-29,80
656,8243,2024-01-18,Tarif,Vertrag,Vertragsverlängerung,Neutral,Chat,Niedrig,2024-01-18,160
657,15059,2023-03-31,Smart Meter,Installation,Smart Meter defekt,Negativ,Telefon,Hoch,2023-04-01,156
658,9551,2023-10-02,Speicher,Technisch,Speicher lädt nicht,Negativ,Chat,Hoch,2023-10-07,60
659,4786,2023-04-06,Rechnung,Abrechnung,Abschlag anpassen,Negativ,Telefon,Mittel,2023-04-19,152
660,8142,2023-09-19,Tarif,Vertrag,Umzug melden,Positiv,Chat,Mittel,2023-09-30,119
661,9769,2023-12-28,Wärmepumpe,Technisch,Effizienz zu niedrig,Neutral,Email,Mittel,2024-01-03,117
662,17190,2024-06-23,Wallbox,E-Mobility,Wallbox lädt nicht,Negativ,App,Kritisch,2024-06-30,50
663,2186,2023-09-09,Speicher,Technisch,Speicher lädt nicht,Negativ,App,Mittel,2023-09-09,128
664,2547,2023-10-14,Solar,Technisch,Solaranlage Ertrag niedrig,Positiv,Chat,Mittel,2023-10-15,62
665,18725,2024-12-30,Solar,Technisch,Wechselrichter Fehler,Neutral,App,Mittel,2025-01-02,12
666,9956,2024-11-24,Smart Meter,Installation,Smart Meter App funktioniert nicht,Negativ,Telefon,Kritisch,2024-11-28,125
667,8910,2023-03-23,Solar,Technisch,Wechselrichter Fehler,Positiv,Telefon,Mittel,2023-04-01,91
668,11493,2024-06-27,Solar,Technisch,Solaranlage Ertrag niedrig,Neutral,Chat,Mittel,2024-07-02,86
669,19586,2025-04-03,Speicher,Technisch,Kapazität gesunken,Neutral,Email,Kritisch,2025-04-09,40
670,2743,2025-01-11,Wärmepumpe,Technisch,Fehlercode E01 angezeigt,Negativ,Chat,Mittel,2025-01-22,165
671,4547,2024-07-12,Wärmepumpe,Technisch,Wärmepumpe Störung,Negativ,Email,Mittel,2024-07-16,10
672,11963,2023-03-06,Wallbox,E-Mobility,Wallbox lädt nicht,Negativ,Email,Hoch,2023-03-13,151
673,4796,2023-05-05,Speicher,Technisch,Kapazität gesunken,Negativ,Telefon,Mittel,2023-05-08,1
674,3135,2024-04-12,Solar,Technisch,Einspeisevergütung Frage,Positiv,Chat,Hoch,2024-04-13,121
675,2771,2023-09-06,Solar,Technisch,Solaranlage produziert nicht,Negativ,Telefon,Hoch,2023-09-08,110
676,18528,2024-09-11,Speicher,Technisch,Kapazität gesunken,Neutral,App,Niedrig,2024-09-14,20
677,10055,2023-12-05,Speicher,Technisch,Kapazität gesunken,Positiv,Chat,Hoch,2023-12-08,157
678,14276,2024-10-11,Wallbox,E-Mobility,Wallbox lädt nicht,Negativ,Telefon,Mittel,2024-10-25,41
679,12127,2025-01-23,Tarif,Vertrag,Kündigung,Neutral,Chat,Mittel,2025-01-30,84
680,6242,2023-06-28,Wärmepumpe,Technisch,Wärmepumpe Störung,Negativ,App,Hoch,2023-07-04,70
681,14990,2024-10-10,Smart Meter,Installation,Smart Meter Installation angefragt,Neutral,App,Niedrig,2024-10-10,37
682,14772,2025-01-06,Wärmepumpe,Technisch,Wärmepumpe Störung,Negativ,Chat,Kritisch,2025-01-09,85
683,4001,2024-06-26,Allgemein,Service,Kontaktdaten ändern,Neutral,App,Niedrig,2024-07-03,13
684,18135,2023-12-14,Smart Meter,Installation,Smart Meter App funktioniert nicht,Negativ,Email,Kritisch,2023-12-19,125
685,2902,2023-01-04,Smart Meter,Installation,Smart Meter defekt,Negativ,Telefon,Mittel,2023-01-13,27
686,17659,2024-01-30,Speicher,Technisch,Speicher lädt nicht,Negativ,Chat,Niedrig,2024-02-10,50
687,812,2025-06-03,Solar,Technisch,Solaranlage Ertrag niedrig,Neutral,Telefon,Mittel,2025-06-14,6
688,13197,2025-05-14,Smart Meter,Installation,Smart Meter zeigt keine Daten,Negativ,Email,Kritisch,2025-05-17,155
689,2517,2024-11-25,Tarif,Vertrag,Preisgarantie Frage,Neutral,Email,Niedrig,2024-12-02,46
690,5825,2025-01-08,Tarif,Vertrag,Tarifwechsel angefragt,Negativ,Email,Mittel,2025-01-20,78
691,11966,2025-03-26,Allgemein,Service,Allgemeine Anfrage,Neutral,Telefon,Kritisch,2025-04-01,135
692,1735,2025-06-21,Tarif,Vertrag,Umzug melden,Negativ,Telefon,Kritisch,2025-06-25,53
693,19746,2023-12-11,Solar,Technisch,Solaranlage Ertrag niedrig,Neutral,Chat,Mittel,2023-12-19,128
694,16187,2024-11-12,Smart Meter,Installation,Smart Meter App funktioniert nicht,Negativ,Chat,Hoch,2024-11-12,197
695,13256,2023-09-26,Wallbox,E-Mobility,Ladekarte Probleme,Neutral,Chat,Mittel,2023-09-28,104
696,12028,2024-05-29,Smart Meter,Installation,Smart Meter defekt,Negativ,App,Hoch,2024-05-30,131
697,3272,2023-11-08,Tarif,Vertrag,Kündigung,Neutral,Telefon,Mittel,2023-11-12,138
698,209,2024-10-29,Speicher,Technisch,Batteriespeicher Störung,Negativ,Email,Mittel,2024-11-01,116
699,3704,2023-12-22,Wärmepumpe,Technisch,Effizienz zu niedrig,Neutral,Email,Niedrig,2024-01-04,181
700,17988,2025-01-23,Tarif,Vertrag,Kündigung,Neutral,Chat,Mittel,2025-01-29,52
701,3086,2025-05-09,Smart Meter,Installation,Smart Meter zeigt keine Daten,Neutral,App,Mittel,2025-05-10,154
702,13656,2024-08-21,Wärmepumpe,Technisch,Fehlercode E01 angezeigt,Neutral,Email,Mittel,2024-08-21,181
703,17541,2024-06-01,Wärmepumpe,Technisch,Wärmepumpe Störung,Negativ,Telefon,Mittel,2024-06-15,53
704,12447,2023-04-20,Allgemein,Service,Kontaktdaten ändern,Neutral,Email,Mittel,2023-04-28,78
705,10168,2023-03-23,Speicher,Technisch,Batteriespeicher Störung,Negativ,Telefon,Mittel,2023-04-04,158
706,18657,2024-05-26,Wärmepumpe,Technisch,Geräuschentwicklung zu hoch,Neutral,Chat,Niedrig,2024-06-07,149
707,6719,2023-07-16,Wärmepumpe,Technisch,Geräuschentwicklung zu hoch,Neutral,Chat,Mittel,2023-07-26,162
708,1110,2023-08-21,Allgemein,Service,Informationsanfrage,Negativ,App,Niedrig,2023-08-27,107
709,8591,2024-03-18,Rechnung,Abrechnung,Gutschrift angefragt,Neutral,Email,Niedrig,2024-04-01,135
710,18243,2023-02-08,Rechnung,Abrechnung,Gutschrift angefragt,Positiv,Telefon,Niedrig,2023-02-10,125
711,9363,2023-06-15,Rechnung,Abrechnung,Gutschrift angefragt,Positiv,Telefon,Mittel,2023-06-21,137
712,10755,2023-12-19,Speicher,Technisch,Batteriespeicher Störung,Negativ,Email,Mittel,2023-12-30,51
713,12988,2023-11-12,Speicher,Technisch,Speicher lädt nicht,Negativ,Chat,Hoch,2023-11-18,149
714,11469,2023-03-28,Speicher,Technisch,Batteriespeicher Störung,Negativ,Email,Mittel,2023-04-03,119
715,3613,2025-01-22,Speicher,Technisch,Batteriespeicher Störung,Negativ,App,Kritisch,2025-01-27,121
716,15766,2023-11-20,Rechnung,Abrechnung,Rechnungsfrage,Neutral,Chat,Mittel,2023-11-27,51
717,969,2024-12-12,Speicher,Technisch,Kapazität gesunken,Neutral,Email,Niedrig,2024-12-21,175
718,13504,2023-11-30,Smart Meter,Installation,Smart Meter Installation angefragt,Negativ,Email,Niedrig,2023-12-10,33
719,8373,2024-10-07,Wallbox,E-Mobility,Wallbox Installation angefragt,Positiv,Chat,Mittel,2024-10-09,142
720,11947,2025-01-03,Solar,Technisch,Solaranlage Ertrag niedrig,Neutral,Email,Niedrig,2025-01-10,116
721,5265,2023-05-04,Speicher,Technisch,Speicher lädt nicht,Negativ,Chat,Kritisch,2023-05-05,116
722,18785,2023-04-27,Rechnung,Abrechnung,Rechnungsfrage,Neutral,Email,Mittel,2023-05-07,94
723,16287,2024-07-22,Wallbox,E-Mobility,Wallbox Installation angefragt,Neutral,Email,Niedrig,2024-08-01,147
724,18087,2023-03-25,Rechnung,Abrechnung,Abschlag zu hoch,Neutral,Chat,Mittel,2023-04-02,185
725,11497,2023-07-31,Allgemein,Service,Informationsanfrage,Neutral,Chat,Mittel,2023-08-02,37
726,4840,2023-11-12,Speicher,Technisch,Kapazität gesunken,Positiv,Telefon,Mittel,2023-11-23,141
727,4369,2024-09-30,Rechnung,Abrechnung,Rechnungsfrage,Neutral,Chat,Kritisch,2024-10-01,181
728,6249,2023-07-31,Wallbox,E-Mobility,Wallbox Installation angefragt,Positiv,Email,Hoch,2023-08-04,182
729,8824,2024-06-09,Allgemein,Service,Kontaktdaten ändern,Neutral,Chat,Hoch,2024-06-09,81
730,15486,2024-05-03,Solar,Technisch,Wechselrichter Fehler,Neutral,Chat,Kritisch,2024-05-04,82
731,11996,2024-09-29,Rechnung,Abrechnung,Gutschrift angefragt,Neutral,App,Hoch,2024-09-30,15
732,4733,2023-03-29,Allgemein,Service,Informationsanfrage,Positiv,Chat,Niedrig,2023-04-02,154
733,1710,2023-09-11,Allgemein,Service,Kontaktdaten ändern,Negativ,Telefon,Mittel,2023-09-25,30
734,13473,2023-05-13,Wärmepumpe,Technisch,Geräuschentwicklung zu hoch,Negativ,App,Niedrig,2023-05-17,41
735,9270,2024-12-03,Allgemein,Service,Kontaktdaten ändern,Neutral,App,Mittel,2024-12-03,80
736,18458,2023-05-06,Allgemein,Service,Lob,Positiv,App,Niedrig,2023-05-20,172
737,15796,2023-12-27,Wallbox,E-Mobility,Wallbox lädt nicht,Negativ,Chat,Mittel,2023-12-28,163
738,8422,2023-09-04,Wärmepumpe,Technisch,Effizienz zu niedrig,Negativ,Chat,Mittel,2023-09-14,31
739,8787,2024-04-09,Solar,Technisch,Monitoring nicht verfügbar,Negativ,Telefon,Hoch,2024-04-16,144
740,421,2023-08-12,Smart Meter,Installation,Smart Meter App funktioniert nicht,Negativ,Email,Mittel,2023-08-19,140
741,14941,2023-07-22,Allgemein,Service,Informationsanfrage,Negativ,Email,Mittel,2023-08-01,183
742,10656,2025-04-14,Tarif,Vertrag,Umzug melden,Neutral,Telefon,Niedrig,2025-04-18,107
743,18031,2025-01-26,Smart Meter,Installation,Smart Meter Installation angefragt,Negativ,Email,Niedrig,2025-02-05,29
744,19635,2023-01-15,Wallbox,E-Mobility,Ladekarte Probleme,Neutral,App,Hoch,2023-01-20,21
745,4195,2024-08-17,Wärmepumpe,Technisch,Geräuschentwicklung zu hoch,Neutral,Email,Mittel,2024-08-24,159
746,10796,2024-12-25,Wallbox,E-Mobility,App-Verbindung unterbrochen,Negativ,Telefon,Hoch,2024-12-30,137
747,16535,2024-08-09,Wärmepumpe,Technisch,Wartung angefragt,Neutral,Chat,Niedrig,2024-08-20,28
748,18781,2024-06-02,Smart Meter,Installation,Smart Meter Installation angefragt,Positiv,App,Niedrig,2024-06-08,30
749,9147,2025-04-09,Smart Meter,Installation,Smart Meter zeigt keine Daten,Neutral,Chat,Hoch,2025-04-14,76
750,1657,2023-01-01,Wallbox,E-Mobility,Wallbox defekt,Negativ,Chat,Kritisch,2023-01-04,34
751,11890,2024-06-07,Wärmepumpe,Technisch,Effizienz zu niedrig,Neutral,Telefon,Niedrig,2024-06-10,92
752,7122,2025-06-01,Tarif,Vertrag,Preisgarantie Frage,Neutral,Chat,Mittel,2025-06-08,28
753,19177,2025-06-06,Rechnung,Abrechnung,Abschlag zu hoch,Neutral,App,Niedrig,2025-06-15,14
754,959,2024-08-17,Allgemein,Service,Allgemeine Anfrage,Neutral,Telefon,Mittel,2024-08-20,73
755,11592,2023-03-15,Solar,Technisch,Solaranlage Ertrag niedrig,Neutral,Email,Niedrig,2023-03-25,180
756,13871,2024-09-03,Wärmepumpe,Technisch,Wärmepumpe läuft nicht,Negativ,Chat,Kritisch,2024-09-03,64
757,3795,2024-12-15,Smart Meter,Installation,Smart Meter zeigt keine Daten,Positiv,Email,Mittel,2024-12-18,144
758,18133,2024-11-16,Rechnung,Abrechnung,Zahlungsplan angefragt,Neutral,Telefon,Hoch,2024-11-17,71
759,19846,2023-03-07,Speicher,Technisch,Kapazität gesunken,Negativ,App,Kritisch,2023-03-10,43
760,15933,2023-09-02,Wärmepumpe,Technisch,Geräuschentwicklung zu hoch,Neutral,App,Mittel,2023-09-13,184
761,17380,2024-12-12,Allgemein,Service,Kontaktdaten ändern,Neutral,Telefon,Mittel,2024-12-15,34
762,18866,2023-03-14,Solar,Technisch,Einspeisevergütung Frage,Positiv,Telefon,Mittel,2023-03-23,93
763,14729,2024-09-10,Smart Meter,Installation,Smart Meter App funktioniert nicht,Negativ,Telefon,Hoch,2024-09-13,187
764,12774,2023-04-17,Speicher,Technisch,Kapazität gesunken,Neutral,Email,Niedrig,2023-04-18,126
765,7724,2025-02-18,Allgemein,Service,Lob,Positiv,Chat,Niedrig,2025-03-03,171
766,19263,2024-11-12,Allgemein,Service,Allgemeine Anfrage,Neutral,Telefon,Hoch,2024-11-12,187
767,19763,2023-02-11,Solar,Technisch,Monitoring nicht verfügbar,Negativ,Telefon,Mittel,2023-02-14,20
768,18946,2025-01-28,Solar,Technisch,Monitoring nicht verfügbar,Negativ,Telefon,Niedrig,2025-02-01,51
769,9980,2023-04-18,Solar,Technisch,Monitoring nicht verfügbar,Negativ,Telefon,Kritisch,2023-04-21,83
770,13121,2024-05-02,Wärmepumpe,Technisch,Geräuschentwicklung zu hoch,Negativ,Email,Hoch,2024-05-09,66
771,12511,2023-08-04,Tarif,Vertrag,Umzug melden,Neutral,App,Kritisch,2023-08-08,75
772,7131,2024-01-09,Tarif,Vertrag,Vertragsverlängerung,Negativ,Chat,Niedrig,2024-01-23,55
773,1973,2023-03-16,Rechnung,Abrechnung,Abschlag zu hoch,Neutral,Chat,Mittel,2023-03-19,154
774,13345,2024-07-05,Speicher,Technisch,Batteriespeicher Störung,Negativ,Chat,Mittel,2024-07-07,55
775,11407,2024-03-04,Rechnung,Abrechnung,Zahlungsplan angefragt,Neutral,Email,Niedrig,2024-03-08,119
776,6224,2023-02-21,Wärmepumpe,Technisch,Fehlercode E01 angezeigt,Positiv,App,Mittel,2023-03-07,147
777,7669,2024-09-16,Speicher,Technisch,Speicher lädt nicht,Negativ,Chat,Hoch,2024-09-21,9
778,7876,2024-06-01,Tarif,Vertrag,Ökostrom Umstellung,Positiv,Email,Mittel,2024-06-05,21
779,9452,2024-11-18,Wallbox,E-Mobility,Wallbox lädt nicht,Negativ,Chat,Mittel,2024-11-27,149
780,18905,2024-09-21,Tarif,Vertrag,Ökostrom Umstellung,Neutral,Chat,Kritisch,2024-09-24,139
781,5254,2023-11-25,Tarif,Vertrag,Umzug melden,Neutral,Chat,Mittel,2023-11-26,105
782,8780,2025-02-17,Wallbox,E-Mobility,Wallbox Installation angefragt,Neutral,Email,Mittel,2025-03-01,178
783,19680,2023-03-24,Smart Meter,Installation,Smart Meter defekt,Negativ,Chat,Niedrig,2023-04-04,160
784,559,2024-07-20,Allgemein,Service,Allgemeine Anfrage,Neutral,App,Mittel,2024-07-26,146
785,7345,2023-03-14,Rechnung,Abrechnung,Zahlungsplan angefragt,Negativ,Telefon,Mittel,2023-03-15,175
786,14353,2024-11-22,Rechnung,Abrechnung,Unstimmigkeit in Rechnung,Neutral,App,Hoch,2024-11-26,53
787,16040,2025-01-30,Smart Meter,Installation,Smart Meter zeigt keine Daten,Neutral,App,Niedrig,2025-02-01,54
788,4391,2023-06-17,Speicher,Technisch,Batteriespeicher Störung,Negativ,Telefon,Niedrig,2023-06-23,151
789,17433,2024-01-14,Tarif,Vertrag,Tarifwechsel angefragt,Negativ,Chat,Mittel,2024-01-24,108
790,329,2023-03-08,Rechnung,Abrechnung,Zahlungsplan angefragt,Negativ,Email,Niedrig,2023-03-20,67
791,4774,2023-04-13,Wallbox,E-Mobility,Ladekarte Probleme,Neutral,Email,Mittel,2023-04-17,144
792,9899,2024-09-11,Wärmepumpe,Technisch,Wärmepumpe läuft nicht,Negativ,Email,Hoch,2024-09-15,7
793,1894,2025-02-18,Speicher,Technisch,Kapazität gesunken,Neutral,Email,Mittel,2025-03-02,172
794,18114,2023-11-04,Tarif,Vertrag,Preisgarantie Frage,Negativ,App,Kritisch,2023-11-08,154
795,6336,2023-10-29,Rechnung,Abrechnung,Abschlag anpassen,Neutral,App,Mittel,2023-11-09,143
796,17220,2023-01-05,Rechnung,Abrechnung,Abschlag anpassen,Neutral,Telefon,Hoch,2023-01-12,159
797,13840,2024-10-01,Rechnung,Abrechnung,Rechnungsfrage,Neutral,App,Mittel,2024-10-03,69
798,5518,2024-05-12,Rechnung,Abrechnung,Gutschrift angefragt,Neutral,Email,Kritisch,2024-05-14,185
799,8748,2024-09-17,Allgemein,Service,Informationsanfrage,Neutral,Telefon,Mittel,2024-09-22,19
800,11349,2023-06-17,Smart Meter,Installation,Smart Meter defekt,Negativ,Email,Hoch,2023-06-23,139
801,291,2024-11-22,Rechnung,Abrechnung,Abschlag zu hoch,Neutral,Email,Hoch,2024-11-26,170
802,3897,2024-11-02,Speicher,Technisch,Batteriespeicher Störung,Negativ,Telefon,Niedrig,2024-11-14,88
803,18231,2024-08-18,Wallbox,E-Mobility,Wallbox defekt,Negativ,Chat,Mittel,2024-08-27,24
804,4983,2023-12-18,Rechnung,Abrechnung,Zahlungsplan angefragt,Neutral,Telefon,Niedrig,2023-12-24,109
805,17389,2024-04-28,Speicher,Technisch,Speicher lädt nicht,Negativ,Email,Kritisch,2024-05-04,28
806,5685,2023-09-15,Tarif,Vertrag,Preisgarantie Frage,Positiv,Telefon,Mittel,2023-09-29,192
807,13879,2024-06-06,Allgemein,Service,Kontaktdaten ändern,Positiv,Email,Mittel,2024-06-18,1
808,19307,2023-10-12,Solar,Technisch,Einspeisevergütung Frage,Negativ,Telefon,Niedrig,2023-10-22,89
809,10748,2024-09-03,Smart Meter,Installation,Smart Meter defekt,Negativ,App,Kritisch,2024-09-06,36
810,15710,2024-06-15,Speicher,Technisch,Batteriespeicher Störung,Negativ,App,Kritisch,2024-06-15,187
811,3808,2025-05-10,Tarif,Vertrag,Umzug melden,Negativ,Chat,Niedrig,2025-05-22,90
812,13118,2023-05-17,Wallbox,E-Mobility,Wallbox defekt,Negativ,Telefon,Hoch,2023-05-18,170
813,32,2023-08-29,Wallbox,E-Mobility,Wallbox lädt nicht,Negativ,App,Niedrig,2023-09-04,136
814,16714,2023-08-09,Wallbox,E-Mobility,Wallbox defekt,Negativ,Email,Hoch,2023-08-11,179
815,11753,2024-02-15,Solar,Technisch,Wechselrichter Fehler,Positiv,App,Niedrig,2024-02-19,44
816,6665,2024-11-05,Rechnung,Abrechnung,Abschlag zu hoch,Neutral,Email,Mittel,2024-11-17,49
817,8732,2023-02-16,Speicher,Technisch,Kapazität gesunken,Neutral,App,Niedrig,2023-02-27,86
818,6920,2024-03-04,Allgemein,Service,Kontaktdaten ändern,Negativ,Email,Hoch,2024-03-08,85
819,16816,2023-12-06,Wärmepumpe,Technisch,Wärmepumpe Störung,Negativ,Telefon,Hoch,2023-12-10,12
820,6646,2024-06-23,Tarif,Vertrag,Ökostrom Umstellung,Positiv,Chat,Niedrig,2024-07-04,156
821,10318,2024-11-22,Tarif,Vertrag,Umzug melden,Neutral,Chat,Niedrig,2024-11-22,187
822,2608,2025-04-04,Tarif,Vertrag,Vertragsverlängerung,Neutral,Email,Mittel,2025-04-08,135
823,13923,2025-03-11,Rechnung,Abrechnung,Rechnungsfrage,Neutral,Email,Hoch,2025-03-12,2
824,12230,2023-09-16,Wärmepumpe,Technisch,Wärmepumpe läuft nicht,Negativ,Telefon,Kritisch,2023-09-19,1
825,15689,2024-08-10,Wärmepumpe,Technisch,Wärmepumpe läuft nicht,Negativ,Email,Mittel,2024-08-24,4
826,18701,2025-06-12,Allgemein,Service,Kontaktdaten ändern,Neutral,Email,Hoch,2025-06-18,184
827,17928,2023-09-21,Solar,Technisch,Einspeisevergütung Frage,Neutral,Email,Mittel,2023-09-23,153
828,12134,2025-02-09,Rechnung,Abrechnung,Abschlag zu hoch,Neutral,Email,Hoch,2025-02-15,56
829,2948,2024-03-28,Speicher,Technisch,Kapazität gesunken,Neutral,Email,Niedrig,2024-04-06,9
830,5976,2025-06-28,Smart Meter,Installation,Smart Meter defekt,Negativ,Telefon,Hoch,2025-06-28,37
831,7734,2023-03-04,Tarif,Vertrag,Preisgarantie Frage,Neutral,Chat,Niedrig,2023-03-04,125
832,2196,2025-06-05,Tarif,Vertrag,Tarifwechsel angefragt,Neutral,Email,Niedrig,2025-06-18,175
833,18975,2023-04-20,Rechnung,Abrechnung,Zahlungsplan angefragt,Neutral,Chat,Niedrig,2023-04-21,75
834,356,2024-04-28,Solar,Technisch,Solaranlage Ertrag niedrig,Neutral,App,Hoch,2024-04-30,3
835,14641,2025-06-24,Speicher,Technisch,Kapazität gesunken,Neutral,Email,Mittel,2025-06-26,181
836,5773,2023-04-05,Tarif,Vertrag,Vertragsverlängerung,Negativ,Chat,Niedrig,2023-04-09,175
837,14836,2023-10-04,Smart Meter,Installation,Smart Meter defekt,Negativ,Chat,Kritisch,2023-10-11,71
838,8308,2025-06-27,Speicher,Technisch,Kapazität gesunken,Neutral,Chat,Mittel,2025-06-29,120
839,17684,2024-02-21,Speicher,Technisch,Speicher lädt nicht,Negativ,Telefon,Mittel,2024-03-02,168
840,1139,2024-08-01,Tarif,Vertrag,Ökostrom Umstellung,Positiv,Telefon,Niedrig,2024-08-01,180
841,15920,2024-04-06,Smart Meter,Installation,Smart Meter Installation angefragt,Neutral,App,Niedrig,2024-04-20,17
842,17554,2024-07-30,Wärmepumpe,Technisch,Fehlercode E01 angezeigt,Negativ,App,Niedrig,2024-08-04,130
843,13326,2024-08-11,Rechnung,Abrechnung,Zahlungsplan angefragt,Neutral,Telefon,Mittel,2024-08-17,132
844,9106,2025-03-23,Allgemein,Service,Kontaktdaten ändern,Neutral,Email,Mittel,2025-04-04,181
845,12552,2023-01-03,Wärmepumpe,Technisch,Effizienz zu niedrig,Neutral,Telefon,Niedrig,2023-01-11,198
846,17676,2025-01-05,Wallbox,E-Mobility,Wallbox defekt,Negativ,Email,Hoch,2025-01-05,72
847,4355,2023-03-14,Speicher,Technisch,Batteriespeicher Störung,Negativ,Email,Hoch,2023-03-15,178
848,4951,2024-11-27,Wärmepumpe,Technisch,Fehlercode E01 angezeigt,Neutral,App,Mittel,2024-12-01,84
849,12552,2024-04-19,Allgemein,Service,Allgemeine Anfrage,Positiv,Telefon,Kritisch,2024-04-21,184
850,10808,2024-01-20,Tarif,Vertrag,Preisgarantie Frage,Positiv,Chat,Hoch,2024-01-21,167
851,15590,2023-04-20,Solar,Technisch,Einspeisevergütung Frage,Negativ,Chat,Mittel,2023-04-23,15
852,13716,2025-04-30,Wallbox,E-Mobility,App-Verbindung unterbrochen,Neutral,Chat,Mittel,2025-05-05,155
853,5213,2023-04-30,Wärmepumpe,Technisch,Effizienz zu niedrig,Neutral,Chat,Mittel,2023-04-30,48
854,3124,2023-07-30,Tarif,Vertrag,Kündigung,Negativ,App,Mittel,2023-08-07,102
855,4782,2025-04-30,Solar,Technisch,Solaranlage produziert nicht,Negativ,Telefon,Niedrig,2025-05-11,62
856,3166,2024-01-13,Smart Meter,Installation,Smart Meter zeigt keine Daten,Neutral,Chat,Niedrig,2024-01-19,125
857,13940,2024-08-02,Wallbox,E-Mobility,App-Verbindung unterbrochen,Neutral,Chat,Niedrig,2024-08-06,12
858,19673,2023-09-23,Speicher,Technisch,Kapazität gesunken,Negativ,Email,Niedrig,2023-09-27,12
859,1968,2023-06-10,Solar,Technisch,Monitoring nicht verfügbar,Negativ,Email,Mittel,2023-06-14,174
860,7636,2024-05-16,Speicher,Technisch,Batteriespeicher Störung,Negativ,Chat,Kritisch,2024-05-16,25
861,6609,2025-06-24,Smart Meter,Installation,Smart Meter defekt,Negativ,App,Hoch,2025-06-26,174
862,10530,2024-08-22,Wärmepumpe,Technisch,Fehlercode E01 angezeigt,Neutral,Email,Mittel,2024-08-29,144
863,11895,2024-12-05,Tarif,Vertrag,Tarifwechsel angefragt,Neutral,Chat,Hoch,2024-12-09,115
864,14414,2024-01-31,Rechnung,Abrechnung,Rechnungsfrage,Negativ,App,Mittel,2024-02-02,151
865,2089,2023-12-02,Wallbox,E-Mobility,App-Verbindung unterbrochen,Negativ,Telefon,Kritisch,2023-12-09,121
866,11269,2024-08-03,Allgemein,Service,Kontaktdaten ändern,Positiv,Telefon,Hoch,2024-08-04,148
867,13250,2024-08-31,Wallbox,E-Mobility,Wallbox Installation angefragt,Neutral,Telefon,Mittel,2024-09-10,124
868,13634,2023-11-18,Wärmepumpe,Technisch,Geräuschentwicklung zu hoch,Neutral,Chat,Niedrig,2023-11-29,167
869,15946,2024-02-24,Smart Meter,Installation,Smart Meter Ablesung fehlerhaft,Neutral,Email,Hoch,2024-02-29,33
870,13606,2023-05-09,Smart Meter,Installation,Smart Meter zeigt keine Daten,Neutral,Email,Mittel,2023-05-16,187
871,4553,2024-02-07,Allgemein,Service,Beschwerde,Negativ,App,Mittel,2024-02-16,91
872,621,2023-03-05,Rechnung,Abrechnung,Abschlag zu hoch,Neutral,Chat,Mittel,2023-03-06,151
873,11265,2024-06-04,Smart Meter,Installation,Smart Meter Ablesung fehlerhaft,Neutral,Chat,Mittel,2024-06-12,68
874,13999,2023-05-11,Smart Meter,Installation,Smart Meter defekt,Negativ,Email,Mittel,2023-05-23,184
875,10989,2025-01-23,Speicher,Technisch,Batteriespeicher Störung,Negativ,Chat,Mittel,2025-01-26,171
876,6869,2025-05-22,Rechnung,Abrechnung,Zahlungsplan angefragt,Neutral,Chat,Niedrig,2025-05-24,75
877,2596,2023-02-12,Speicher,Technisch,Speicher lädt nicht,Negativ,Email,Hoch,2023-02-17,78
878,9460,2023-09-25,Rechnung,Abrechnung,Abschlag anpassen,Negativ,App,Mittel,2023-09-29,11
879,12645,2023-01-31,Speicher,Technisch,Speicher lädt nicht,Negativ,Chat,Mittel,2023-01-31,160
880,8842,2025-02-20,Wallbox,E-Mobility,Ladekarte Probleme,Neutral,App,Niedrig,2025-03-01,12
881,9064,2024-02-06,Tarif,Vertrag,Kündigung,Positiv,Telefon,Niedrig,2024-02-16,160
882,15667,2023-02-23,Rechnung,Abrechnung,Zahlungsplan angefragt,Neutral,Telefon,Hoch,2023-02-27,20
883,14147,2024-09-21,Wallbox,E-Mobility,Wallbox Installation angefragt,Neutral,Chat,Kritisch,2024-09-28,69
884,7361,2023-12-07,Wärmepumpe,Technisch,Wärmepumpe läuft nicht,Negativ,App,Hoch,2023-12-13,34
885,8004,2025-03-21,Tarif,Vertrag,Preisgarantie Frage,Negativ,Telefon,Niedrig,2025-03-26,182
886,3218,2025-04-02,Tarif,Vertrag,Preisgarantie Frage,Positiv,Email,Mittel,2025-04-13,85
887,14034,2024-12-30,Wallbox,E-Mobility,Wallbox Installation angefragt,Neutral,App,Niedrig,2025-01-04,174
888,819,2023-09-04,Wallbox,E-Mobility,Wallbox defekt,Negativ,Email,Hoch,2023-09-09,134
889,18433,2024-10-12,Solar,Technisch,Solaranlage produziert nicht,Negativ,Chat,Niedrig,2024-10-21,78
890,16517,2024-06-16,Wärmepumpe,Technisch,Wartung angefragt,Neutral,Telefon,Kritisch,2024-06-20,83
891,7095,2023-02-16,Smart Meter,Installation,Smart Meter Installation angefragt,Positiv,Email,Mittel,2023-02-23,136
892,9978,2024-09-19,Rechnung,Abrechnung,Gutschrift angefragt,Neutral,Email,Mittel,2024-10-01,93
893,13606,2023-06-29,Smart Meter,Installation,Smart Meter defekt,Negativ,Email,Niedrig,2023-07-03,67
894,13777,2023-09-07,Tarif,Vertrag,Ökostrom Umstellung,Positiv,Email,Hoch,2023-09-11,110
895,4727,2024-10-21,Smart Meter,Installation,Smart Meter Ablesung fehlerhaft,Neutral,Chat,Niedrig,2024-11-04,144
896,8384,2025-01-06,Smart Meter,Installation,Smart Meter defekt,Negativ,Email,Hoch,2025-01-06,167
897,3160,2025-05-28,Smart Meter,Installation,Smart Meter Installation angefragt,Neutral,Chat,Mittel,2025-06-09,185
898,6657,2024-02-04,Tarif,Vertrag,Tarifwechsel angefragt,Neutral,Telefon,Mittel,2024-02-18,22
899,6514,2024-09-30,Wallbox,E-Mobility,Ladekarte Probleme,Neutral,Chat,Mittel,2024-10-08,34
900,1836,2025-03-22,Rechnung,Abrechnung,Gutschrift angefragt,Neutral,App,Niedrig,2025-04-05,144
901,4232,2023-06-29,Wallbox,E-Mobility,App-Verbindung unterbrochen,Positiv,Telefon,Niedrig,2023-07-03,124
902,12966,2023-11-14,Smart Meter,Installation,Smart Meter defekt,Negativ,Telefon,Mittel,2023-11-26,142
903,19848,2023-08-11,Rechnung,Abrechnung,Zahlungsplan angefragt,Negativ,Email,Hoch,2023-08-11,9
904,17235,2023-04-24,Allgemein,Service,Beschwerde,Negativ,App,Mittel,2023-04-26,59
905,17864,2025-04-13,Wallbox,E-Mobility,Wallbox defekt,Negativ,Email,Kritisch,2025-04-14,28
906,5930,2024-05-17,Speicher,Technisch,Batteriespeicher Störung,Negativ,Email,Kritisch,2024-05-24,142
907,10618,2025-05-13,Rechnung,Abrechnung,Abschlag anpassen,Negativ,Chat,Niedrig,2025-05-14,175
908,4374,2024-09-06,Solar,Technisch,Solaranlage produziert nicht,Negativ,Email,Hoch,2024-09-06,87
909,14859,2024-12-05,Rechnung,Abrechnung,Zahlungsplan angefragt,Negativ,App,Mittel,2024-12-15,76
910,11096,2023-12-19,Smart Meter,Installation,Smart Meter App funktioniert nicht,Negativ,Email,Niedrig,2024-01-01,30
911,11687,2025-06-17,Smart Meter,Installation,Smart Meter Ablesung fehlerhaft,Positiv,Chat,Mittel,2025-06-24,87
912,3450,2023-11-10,Rechnung,Abrechnung,Abschlag anpassen,Positiv,App,Mittel,2023-11-11,145
913,13272,2023-03-02,Solar,Technisch,Einspeisevergütung Frage,Neutral,App,Mittel,2023-03-13,128
914,9311,2023-01-26,Allgemein,Service,Beschwerde,Negativ,Chat,Hoch,2023-01-27,12
915,17194,2023-11-30,Wärmepumpe,Technisch,Wärmepumpe läuft nicht,Negativ,Chat,Hoch,2023-12-03,143
916,16801,2025-04-05,Tarif,Vertrag,Preisgarantie Frage,Neutral,App,Kritisch,2025-04-11,146
917,15801,2024-07-05,Wärmepumpe,Technisch,Wärmepumpe läuft nicht,Negativ,App,Niedrig,2024-07-18,11
918,1765,2024-10-05,Wallbox,E-Mobility,App-Verbindung unterbrochen,Negativ,App,Mittel,2024-10-08,105
919,6429,2024-05-06,Allgemein,Service,Beschwerde,Negativ,Chat,Mittel,2024-05-20,114
920,10508,2023-10-13,Rechnung,Abrechnung,Abschlag zu hoch,Negativ,Telefon,Niedrig,2023-10-27,184
921,15889,2024-07-11,Wärmepumpe,Technisch,Wärmepumpe Störung,Negativ,Chat,Kritisch,2024-07-14,56
922,4409,2023-06-28,Rechnung,Abrechnung,Abschlag zu hoch,Neutral,App,Niedrig,2023-07-02,190
923,1286,2023-07-26,Smart Meter,Installation,Smart Meter App funktioniert nicht,Negativ,Chat,Mittel,2023-07-31,53
924,4885,2023-05-16,Rechnung,Abrechnung,Abschlag anpassen,Negativ,Chat,Niedrig,2023-05-25,15
925,2322,2023-01-28,Smart Meter,Installation,Smart Meter Ablesung fehlerhaft,Negativ,Telefon,Mittel,2023-02-06,51
926,10793,2023-06-30,Wärmepumpe,Technisch,Effizienz zu niedrig,Neutral,Chat,Niedrig,2023-06-30,119
927,18750,2024-07-02,Wallbox,E-Mobility,Wallbox lädt nicht,Negativ,Email,Hoch,2024-07-06,32
928,6275,2025-02-20,Rechnung,Abrechnung,Gutschrift angefragt,Neutral,Telefon,Niedrig,2025-02-20,193
929,11544,2023-06-21,Speicher,Technisch,Batteriespeicher Störung,Negativ,Telefon,Mittel,2023-06-29,122
930,9491,2023-08-09,Wärmepumpe,Technisch,Wärmepumpe läuft nicht,Negativ,Email,Mittel,2023-08-09,134
931,16192,2025-02-21,Rechnung,Abrechnung,Rechnungsfrage,Negativ,App,Hoch,2025-02-21,42
932,8711,2025-06-14,Smart Meter,Installation,Smart Meter Installation angefragt,Positiv,Telefon,Niedrig,2025-06-15,154
933,10643,2025-05-17,Speicher,Technisch,Batteriespeicher Störung,Negativ,Telefon,Hoch,2025-05-20,122
934,2782,2024-05-26,Wallbox,E-Mobility,Wallbox defekt,Negativ,Email,Hoch,2024-05-29,161
935,5292,2024-01-03,Tarif,Vertrag,Umzug melden,Negativ,Chat,Hoch,2024-01-07,137
936,596,2023-08-04,Rechnung,Abrechnung,Abschlag anpassen,Neutral,Telefon,Niedrig,2023-08-12,136
937,8221,2024-08-30,Tarif,Vertrag,Kündigung,Neutral,Chat,Niedrig,2024-09-05,64
938,14329,2025-01-10,Smart Meter,Installation,Smart Meter Ablesung fehlerhaft,Neutral,Chat,Mittel,2025-01-18,153
939,8400,2024-08-30,Tarif,Vertrag,Ökostrom Umstellung,Neutral,Email,Niedrig,2024-09-02,183
940,15277,2024-12-04,Solar,Technisch,Solaranlage produziert nicht,Negativ,Email,Hoch,2024-12-05,164
941,13242,2025-06-02,Allgemein,Service,Allgemeine Anfrage,Neutral,App,Kritisch,2025-06-09,134
942,10630,2024-03-31,Rechnung,Abrechnung,Abschlag anpassen,Neutral,Chat,Niedrig,2024-04-05,166
943,19142,2024-03-26,Wallbox,E-Mobility,Ladekarte Probleme,Negativ,Email,Kritisch,2024-03-27,29
944,3004,2025-02-06,Smart Meter,Installation,Smart Meter defekt,Negativ,App,Hoch,2025-02-12,187
945,7169,2024-08-04,Allgemein,Service,Informationsanfrage,Neutral,Telefon,Niedrig,2024-08-06,190
946,7029,2023-02-02,Speicher,Technisch,Batteriespeicher Störung,Negativ,Telefon,Hoch,2023-02-08,70
947,19672,2024-12-10,Allgemein,Service,Informationsanfrage,Negativ,Chat,Mittel,2024-12-21,92
948,11025,2025-01-28,Solar,Technisch,Solaranlage Ertrag niedrig,Neutral,Chat,Niedrig,2025-01-28,175
949,15537,2024-10-03,Allgemein,Service,Kontaktdaten ändern,Negativ,App,Mittel,2024-10-12,152
950,8563,2023-05-07,Tarif,Vertrag,Umzug melden,Negativ,App,Hoch,2023-05-09,152
951,17805,2024-07-11,Smart Meter,Installation,Smart Meter defekt,Negativ,Telefon,Hoch,2024-07-12,34
952,14980,2023-09-11,Wärmepumpe,Technisch,Wärmepumpe Störung,Negativ,Chat,Mittel,2023-09-20,171
953,5403,2025-06-21,Allgemein,Service,Kontaktdaten ändern,Neutral,Chat,Niedrig,2025-06-22,121
954,11535,2023-06-27,Wallbox,E-Mobility,Wallbox Installation angefragt,Neutral,App,Hoch,2023-07-04,84
955,13957,2023-05-13,Wärmepumpe,Technisch,Geräuschentwicklung zu hoch,Neutral,Telefon,Hoch,2023-05-17,25
956,7775,2025-06-16,Solar,Technisch,Solaranlage Ertrag niedrig,Neutral,Email,Mittel,2025-06-24,35
957,1288,2024-01-11,Wallbox,E-Mobility,App-Verbindung unterbrochen,Neutral,App,Mittel,2024-01-11,192
958,4865,2023-09-02,Speicher,Technisch,Speicher lädt nicht,Negativ,Email,Niedrig,2023-09-11,30
959,5564,2023-11-02,Allgemein,Service,Beschwerde,Negativ,Chat,Hoch,2023-11-06,170
960,15389,2023-04-30,Solar,Technisch,Einspeisevergütung Frage,Positiv,Telefon,Hoch,2023-05-04,136
961,11198,2024-04-13,Allgemein,Service,Beschwerde,Negativ,Email,Hoch,2024-04-13,141
962,13814,2023-05-31,Tarif,Vertrag,Preisgarantie Frage,Neutral,Telefon,Mittel,2023-06-10,108
963,5317,2023-07-11,Solar,Technisch,Wechselrichter Fehler,Neutral,Email,Mittel,2023-07-20,64
964,18939,2023-07-07,Wärmepumpe,Technisch,Wärmepumpe Störung,Negativ,Chat,Hoch,2023-07-07,86
965,18959,2024-08-10,Allgemein,Service,Allgemeine Anfrage,Neutral,Email,Mittel,2024-08-17,114
966,18984,2025-05-27,Wallbox,E-Mobility,App-Verbindung unterbrochen,Positiv,Telefon,Mittel,2025-05-28,107
967,10394,2024-12-25,Smart Meter,Installation,Smart Meter defekt,Negativ,Telefon,Kritisch,2024-12-31,105
968,17477,2025-02-19,Smart Meter,Installation,Smart Meter Ablesung fehlerhaft,Neutral,Chat,Mittel,2025-02-21,53
969,8971,2023-03-18,Solar,Technisch,Wechselrichter Fehler,Negativ,Email,Niedrig,2023-03-22,57
970,10448,2023-03-09,Speicher,Technisch,Speicher lädt nicht,Negativ,Telefon,Kritisch,2023-03-16,53
971,17548,2023-03-13,Wärmepumpe,Technisch,Wärmepumpe Störung,Negativ,Chat,Hoch,2023-03-16,50
972,12674,2023-10-13,Wallbox,E-Mobility,Wallbox Installation angefragt,Positiv,Chat,Mittel,2023-10-19,9
973,13420,2023-03-03,Wallbox,E-Mobility,Wallbox defekt,Negativ,Chat,Kritisch,2023-03-05,120
974,12261,2025-03-05,Tarif,Vertrag,Umzug melden,Neutral,App,Mittel,2025-03-06,14
975,17391,2024-03-17,Smart Meter,Installation,Smart Meter zeigt keine Daten,Neutral,App,Mittel,2024-03-26,146
976,16243,2024-11-05,Allgemein,Service,Lob,Positiv,Telefon,Niedrig,2024-11-16,83
977,3784,2023-08-25,Speicher,Technisch,Batteriespeicher Störung,Negativ,Telefon,Hoch,2023-08-26,193
978,7296,2024-08-09,Tarif,Vertrag,Ökostrom Umstellung,Positiv,Telefon,Hoch,2024-08-14,38
979,7744,2024-08-25,Smart Meter,Installation,Smart Meter defekt,Negativ,Chat,Mittel,2024-09-06,198
980,10526,2024-07-02,Speicher,Technisch,Speicher lädt nicht,Negativ,Telefon,Mittel,2024-07-03,88
981,10472,2024-09-13,Rechnung,Abrechnung,Rechnungsfrage,Neutral,Email,Niedrig,2024-09-15,153
982,13713,2023-06-11,Allgemein,Service,Beschwerde,Negativ,Email,Kritisch,2023-06-16,43
983,18785,2024-10-10,Speicher,Technisch,Kapazität gesunken,Negativ,Chat,Mittel,2024-10-14,64
984,17644,2023-01-19,Speicher,Technisch,Batteriespeicher Störung,Negativ,Chat,Kritisch,2023-01-24,89
985,8272,2025-06-01,Speicher,Technisch,Speicher lädt nicht,Negativ,Telefon,Hoch,2025-06-01,12
986,9548,2023-07-25,Wärmepumpe,Technisch,Geräuschentwicklung zu hoch,Neutral,Chat,Mittel,2023-07-31,42
987,6562,2024-09-19,Smart Meter,Installation,Smart Meter Ablesung fehlerhaft,Neutral,Email,Mittel,2024-09-25,46
988,19991,2023-10-14,Allgemein,Service,Kontaktdaten ändern,Neutral,App,Niedrig,2023-10-22,2
989,9801,2024-12-28,Rechnung,Abrechnung,Abschlag zu hoch,Negativ,App,Mittel,2025-01-11,177
990,1441,2025-03-04,Tarif,Vertrag,Ökostrom Umstellung,Neutral,App,Hoch,2025-03-04,26
991,8584,2025-05-23,Rechnung,Abrechnung,Unstimmigkeit in Rechnung,Negativ,Chat,Niedrig,2025-06-01,142
992,17029,2024-08-22,Wallbox,E-Mobility,Wallbox lädt nicht,Negativ,Telefon,Kritisch,2024-08-26,110
993,19626,2024-08-21,Allgemein,Service,Kontaktdaten ändern,Neutral,App,Mittel,2024-08-26,171
994,12740,2023-06-23,Rechnung,Abrechnung,Gutschrift angefragt,Neutral,Chat,Mittel,2023-06-27,60
995,8513,2023-11-06,Rechnung,Abrechnung,Abschlag zu hoch,Neutral,Email,Mittel,2023-11-14,139
996,2533,2025-05-08,Rechnung,Abrechnung,Gutschrift angefragt,Positiv,Chat,Mittel,2025-05-17,189
997,17542,2025-06-15,Wallbox,E-Mobility,Ladekarte Probleme,Neutral,Email,Niedrig,2025-06-24,121
998,807,2025-05-31,Wärmepumpe,Technisch,Geräuschentwicklung zu hoch,Positiv,Chat,Hoch,2025-06-05,67
999,3589,2024-06-27,Smart Meter,Installation,Smart Meter Installation angefragt,Neutral,Chat,Niedrig,2024-07-09,122
1000,14726,2025-04-24,Smart Meter,Installation,Smart Meter zeigt keine Daten,Positiv,Telefon,Mittel,2025-04-26,37
1001,10428,2024-05-15,Wallbox,E-Mobility,Ladekarte Probleme,Neutral,Chat,Niedrig,2024-05-19,175
1002,4277,2023-12-16,Tarif,Vertrag,Vertragsverlängerung,Neutral,Telefon,Mittel,2023-12-30,140
1003,3411,2024-07-25,Solar,Technisch,Solaranlage Ertrag niedrig,Negativ,App,Niedrig,2024-08-02,132
1004,9590,2023-04-26,Tarif,Vertrag,Kündigung,Positiv,Email,Mittel,2023-05-01,139
1005,17414,2025-02-20,Speicher,Technisch,Speicher lädt nicht,Negativ,App,Hoch,2025-02-21,23
1006,11125,2023-06-17,Rechnung,Abrechnung,Zahlungsplan angefragt,Negativ,Chat,Niedrig,2023-07-01,32
1007,7105,2023-12-05,Allgemein,Service,Beschwerde,Negativ,App,Hoch,2023-12-08,87
1008,7479,2025-02-23,Tarif,Vertrag,Kündigung,Neutral,Email,Mittel,2025-03-01,3
1009,2873,2023-10-10,Speicher,Technisch,Batteriespeicher Störung,Negativ,Telefon,Kritisch,2023-10-12,54
1010,16412,2025-02-18,Rechnung,Abrechnung,Abschlag anpassen,Neutral,Chat,Mittel,2025-03-03,10
1011,4438,2025-02-14,Rechnung,Abrechnung,Abschlag zu hoch,Neutral,App,Niedrig,2025-02-15,137
1012,4601,2024-10-08,Speicher,Technisch,Kapazität gesunken,Neutral,App,Niedrig,2024-10-22,72
1013,12411,2024-04-05,Speicher,Technisch,Batteriespeicher Störung,Negativ,Email,Mittel,2024-04-10,136
1014,14272,2025-03-28,Wallbox,E-Mobility,Ladekarte Probleme,Neutral,Telefon,Mittel,2025-03-28,70
1015,5499,2024-01-21,Rechnung,Abrechnung,Zahlungsplan angefragt,Neutral,Email,Mittel,2024-02-01,20
1016,19949,2023-08-24,Wallbox,E-Mobility,Wallbox defekt,Negativ,Telefon,Niedrig,2023-08-29,166
1017,18680,2024-01-31,Wärmepumpe,Technisch,Geräuschentwicklung zu hoch,Neutral,Chat,Niedrig,2024-02-09,110
1018,11200,2024-03-31,Allgemein,Service,Allgemeine Anfrage,Neutral,Telefon,Mittel,2024-04-01,135
1019,16594,2023-10-29,Tarif,Vertrag,Tarifwechsel angefragt,Neutral,Chat,Mittel,2023-11-01,96
1020,17326,2025-03-07,Smart Meter,Installation,Smart Meter defekt,Negativ,Email,Hoch,2025-03-12,114
1021,1908,2023-05-14,Tarif,Vertrag,Ökostrom Umstellung,Negativ,Email,Mittel,2023-05-17,144
1022,9728,2023-04-25,Smart Meter,Installation,Smart Meter App funktioniert nicht,Negativ,Chat,Hoch,2023-04-28,182
1023,16166,2025-05-26,Rechnung,Abrechnung,Abschlag anpassen,Neutral,App,Niedrig,2025-06-03,9
1024,14296,2025-06-22,Smart Meter,Installation,Smart Meter Installation angefragt,Neutral,Telefon,Kritisch,2025-06-29,143
1025,19871,2024-07-10,Rechnung,Abrechnung,Unstimmigkeit in Rechnung,Neutral,Email,Mittel,2024-07-13,89
1026,17941,2024-04-11,Rechnung,Abrechnung,Unstimmigkeit in Rechnung,Neutral,App,Mittel,2024-04-21,97
1027,14442,2024-08-24,Wärmepumpe,Technisch,Wärmepumpe Störung,Negativ,Email,Mittel,2024-08-25,183
1028,19516,2023-04-04,Solar,Technisch,Wechselrichter Fehler,Neutral,Telefon,Kritisch,2023-04-11,1
1029,8496,2024-08-07,Wallbox,E-Mobility,Wallbox lädt nicht,Negativ,Telefon,Hoch,2024-08-12,77
1030,18906,2025-03-14,Rechnung,Abrechnung,Abschlag anpassen,Neutral,Telefon,Kritisch,2025-03-20,25
1031,1353,2023-07-27,Smart Meter,Installation,Smart Meter zeigt keine Daten,Neutral,Chat,Niedrig,2023-08-04,64
1032,9485,2025-01-20,Allgemein,Service,Beschwerde,Negativ,Email,Hoch,2025-01-22,43
1033,4957,2024-06-12,Smart Meter,Installation,Smart Meter App funktioniert nicht,Negativ,App,Hoch,2024-06-17,134
1034,14378,2023-03-08,Wärmepumpe,Technisch,Fehlercode E01 angezeigt,Neutral,Chat,Mittel,2023-03-08,4
1035,7994,2023-10-10,Rechnung,Abrechnung,Unstimmigkeit in Rechnung,Neutral,Telefon,Mittel,2023-10-22,64
1036,11379,2024-11-12,Allgemein,Service,Informationsanfrage,Negativ,Chat,Mittel,2024-11-22,33
1037,9022,2025-04-01,Speicher,Technisch,Kapazität gesunken,Negativ,App,Mittel,2025-04-14,72
1038,13025,2023-04-02,Solar,Technisch,Monitoring nicht verfügbar,Negativ,Chat,Hoch,2023-04-06,154
1039,9145,2024-12-11,Tarif,Vertrag,Preisgarantie Frage,Neutral,Telefon,Niedrig,2024-12-18,177
1040,4620,2024-11-10,Tarif,Vertrag,Tarifwechsel angefragt,Neutral,Chat,Mittel,2024-11-22,3
1041,1524,2023-06-08,Wärmepumpe,Technisch,Wartung angefragt,Neutral,Telefon,Niedrig,2023-06-17,86
1042,16511,2025-04-20,Speicher,Technisch,Speicher lädt nicht,Negativ,Telefon,Hoch,2025-04-26,80
1043,2645,2023-10-12,Wallbox,E-Mobility,Ladekarte Probleme,Negativ,Email,Mittel,2023-10-13,175
1044,9111,2023-01-10,Speicher,Technisch,Batteriespeicher Störung,Negativ,App,Niedrig,2023-01-23,79
1045,9653,2024-06-05,Speicher,Technisch,Speicher lädt nicht,Negativ,Chat,Mittel,2024-06-05,155
1046,11571,2025-03-27,Wallbox,E-Mobility,Wallbox Installation angefragt,Neutral,Telefon,Mittel,2025-04-06,100
1047,4913,2023-12-03,Speicher,Technisch,Speicher lädt nicht,Negativ,Email,Hoch,2023-12-08,125
1048,3010,2023-03-18,Rechnung,Abrechnung,Rechnungsfrage,Neutral,Email,Mittel,2023-03-27,105
1049,6679,2023-06-15,Solar,Technisch,Einspeisevergütung Frage,Neutral,App,Mittel,2023-06-17,83
1050,17829,2023-09-03,Rechnung,Abrechnung,Gutschrift angefragt,Negativ,Telefon,Niedrig,2023-09-09,50
1051,8966,2025-06-10,Rechnung,Abrechnung,Zahlungsplan angefragt,Neutral,Telefon,Niedrig,2025-06-16,56
1052,18841,2024-07-26,Wallbox,E-Mobility,Wallbox Installation angefragt,Positiv,Chat,Mittel,2024-08-01,44
1053,270,2023-12-21,Speicher,Technisch,Kapazität gesunken,Neutral,Telefon,Mittel,2023-12-22,198
1054,214,2023-11-29,Solar,Technisch,Einspeisevergütung Frage,Negativ,Email,Mittel,2023-12-04,27
1055,16976,2024-05-10,Solar,Technisch,Solaranlage Ertrag niedrig,Neutral,Chat,Mittel,2024-05-11,192
1056,15872,2024-01-10,Wärmepumpe,Technisch,Wartung angefragt,Neutral,Chat,Hoch,2024-01-13,11
1057,8718,2024-05-08,Wärmepumpe,Technisch,Effizienz zu niedrig,Neutral,Chat,Niedrig,2024-05-13,195
1058,12646,2023-09-13,Tarif,Vertrag,Ökostrom Umstellung,Neutral,App,Hoch,2023-09-20,128
1059,11899,2023-10-24,Solar,Technisch,Solaranlage Ertrag niedrig,Negativ,Telefon,Mittel,2023-11-06,173
1060,7994,2024-09-02,Allgemein,Service,Lob,Positiv,Chat,Niedrig,2024-09-09,14
1061,9628,2024-01-13,Tarif,Vertrag,Umzug melden,Negativ,Telefon,Mittel,2024-01-15,119
1062,18484,2024-11-14,Allgemein,Service,Beschwerde,Negativ,App,Niedrig,2024-11-15,161
1063,1091,2024-10-27,Speicher,Technisch,Kapazität gesunken,Neutral,App,Niedrig,2024-11-05,120
1064,12993,2023-05-23,Wärmepumpe,Technisch,Wärmepumpe läuft nicht,Negativ,App,Mittel,2023-05-30,130
1065,1411,2023-06-10,Rechnung,Abrechnung,Unstimmigkeit in Rechnung,Positiv,Chat,Niedrig,2023-06-21,134
1066,653,2024-02-12,Allgemein,Service,Kontaktdaten ändern,Positiv,Telefon,Niedrig,2024-02-14,84
1067,2034,2023-08-02,Solar,Technisch,Solaranlage produziert nicht,Negativ,Email,Mittel,2023-08-06,134
1068,14048,2024-11-25,Tarif,Vertrag,Kündigung,Positiv,App,Mittel,2024-12-02,182
1069,16005,2024-10-22,Smart Meter,Installation,Smart Meter Ablesung fehlerhaft,Positiv,Chat,Mittel,2024-10-22,169
1070,5991,2023-03-16,Rechnung,Abrechnung,Zahlungsplan angefragt,Neutral,Chat,Mittel,2023-03-16,51
1071,15126,2023-09-07,Tarif,Vertrag,Preisgarantie Frage,Negativ,Chat,Kritisch,2023-09-11,138
1072,12232,2024-12-08,Speicher,Technisch,Kapazität gesunken,Neutral,Telefon,Mittel,2024-12-13,185
1073,1028,2023-07-26,Wallbox,E-Mobility,Ladekarte Probleme,Negativ,App,Mittel,2023-07-28,100
1074,1340,2025-02-19,Tarif,Vertrag,Tarifwechsel angefragt,Negativ,App,Mittel,2025-02-22,44
1075,14517,2023-04-19,Solar,Technisch,Monitoring nicht verfügbar,Negativ,Email,Kritisch,2023-04-19,120
1076,16657,2023-07-01,Wärmepumpe,Technisch,Geräuschentwicklung zu hoch,Neutral,App,Niedrig,2023-07-03,134
1077,9003,2024-08-20,Tarif,Vertrag,Ökostrom Umstellung,Positiv,App,Mittel,2024-08-21,153
1078,6340,2023-06-06,Speicher,Technisch,Kapazität gesunken,Neutral,Email,Mittel,2023-06-14,20
1079,9664,2024-09-15,Rechnung,Abrechnung,Gutschrift angefragt,Negativ,App,Niedrig,2024-09-24,179
1080,13548,2024-02-05,Allgemein,Service,Beschwerde,Negativ,Email,Kritisch,2024-02-07,25
1081,5883,2025-01-10,Smart Meter,Installation,Smart Meter zeigt keine Daten,Neutral,Email,Hoch,2025-01-12,44
1082,497,2024-09-26,Allgemein,Service,Informationsanfrage,Negativ,Telefon,Niedrig,2024-10-08,96
1083,11649,2024-02-19,Smart Meter,Installation,Smart Meter Installation angefragt,Neutral,Chat,Niedrig,2024-02-22,186
1084,18464,2024-05-25,Tarif,Vertrag,Tarifwechsel angefragt,Neutral,Email,Niedrig,2024-05-29,165
1085,11979,2024-10-29,Wärmepumpe,Technisch,Wärmepumpe Störung,Negativ,Chat,Mittel,2024-11-02,88
1086,18110,2025-04-28,Solar,Technisch,Wechselrichter Fehler,Negativ,App,Niedrig,2025-05-07,64
1087,7170,2023-05-01,Rechnung,Abrechnung,Abschlag anpassen,Neutral,Email,Hoch,2023-05-05,86
1088,4000,2024-04-12,Solar,Technisch,Wechselrichter Fehler,Neutral,Email,Mittel,2024-04-15,117
1089,2533,2023-05-24,Solar,Technisch,Solaranlage Ertrag niedrig,Neutral,Telefon,Mittel,2023-06-07,33
1090,15136,2023-10-03,Rechnung,Abrechnung,Zahlungsplan angefragt,Neutral,App,Niedrig,2023-10-15,78
1091,150,2024-01-13,Allgemein,Service,Informationsanfrage,Neutral,Email,Niedrig,2024-01-26,179
1092,5527,2023-07-16,Rechnung,Abrechnung,Unstimmigkeit in Rechnung,Negativ,App,Mittel,2023-07-24,40
1093,18944,2025-03-25,Solar,Technisch,Solaranlage produziert nicht,Negativ,App,Kritisch,2025-03-28,122
1094,10958,2024-06-15,Wärmepumpe,Technisch,Effizienz zu niedrig,Neutral,Telefon,Mittel,2024-06-22,31
1095,17530,2025-02-10,Rechnung,Abrechnung,Rechnungsfrage,Neutral,Telefon,Niedrig,2025-02-15,197
1096,19700,2025-04-27,Speicher,Technisch,Kapazität gesunken,Neutral,Chat,Mittel,2025-05-06,21
1097,8081,2023-08-28,Allgemein,Service,Beschwerde,Negativ,Email,Kritisch,2023-09-01,51
1098,10697,2024-03-26,Speicher,Technisch,Batteriespeicher Störung,Negativ,Chat,Mittel,2024-04-09,160
1099,684,2025-02-18,Rechnung,Abrechnung,Rechnungsfrage,Neutral,Telefon,Mittel,2025-02-23,85
1100,14080,2024-10-11,Wallbox,E-Mobility,Wallbox Installation angefragt,Positiv,Email,Niedrig,2024-10-11,4
1101,18168,2025-06-16,Wärmepumpe,Technisch,Wärmepumpe läuft nicht,Negativ,Email,Kritisch,2025-06-18,88
1102,18840,2025-02-15,Speicher,Technisch,Kapazität gesunken,Neutral,Email,Mittel,2025-02-26,190
1103,14315,2023-07-01,Solar,Technisch,Einspeisevergütung Frage,Neutral,Email,Niedrig,2023-07-01,171
1104,12922,2023-09-09,Wallbox,E-Mobility,Wallbox Installation angefragt,Neutral,Email,Niedrig,2023-09-21,169
1105,7495,2023-09-05,Wallbox,E-Mobility,Wallbox lädt nicht,Negativ,Email,Hoch,2023-09-06,126
1106,19251,2024-01-24,Solar,Technisch,Solaranlage produziert nicht,Negativ,Telefon,Mittel,2024-01-29,123
1107,18626,2023-11-14,Rechnung,Abrechnung,Abschlag anpassen,Negativ,Telefon,Niedrig,2023-11-28,107
1108,12634,2025-02-05,Allgemein,Service,Lob,Positiv,App,Niedrig,2025-02-13,100
1109,3786,2024-09-17,Allgemein,Service,Lob,Positiv,Email,Niedrig,2024-09-21,156
1110,7303,2023-11-23,Tarif,Vertrag,Tarifwechsel angefragt,Neutral,App,Mittel,2023-12-01,17
1111,17334,2024-10-25,Wärmepumpe,Technisch,Fehlercode E01 angezeigt,Neutral,App,Niedrig,2024-10-26,88
1112,1293,2023-12-23,Smart Meter,Installation,Smart Meter App funktioniert nicht,Negativ,Email,Hoch,2023-12-27,127
1113,5730,2024-03-22,Tarif,Vertrag,Preisgarantie Frage,Neutral,Telefon,Mittel,2024-03-24,12
1114,11124,2024-07-05,Rechnung,Abrechnung,Rechnungsfrage,Positiv,App,Mittel,2024-07-08,9
1115,16821,2024-08-20,Wallbox,E-Mobility,Wallbox defekt,Negativ,Chat,Mittel,2024-09-03,33
1116,3653,2023-02-18,Rechnung,Abrechnung,Unstimmigkeit in Rechnung,Neutral,Email,Hoch,2023-02-21,85
1117,3055,2024-01-16,Rechnung,Abrechnung,Unstimmigkeit in Rechnung,Neutral,Chat,Niedrig,2024-01-24,144
1118,182,2024-03-23,Wallbox,E-Mobility,Wallbox defekt,Negativ,Email,Kritisch,2024-03-30,195
1119,11082,2023-06-08,Smart Meter,Installation,Smart Meter Ablesung fehlerhaft,Neutral,Email,Niedrig,2023-06-22,119
1120,3813,2024-06-10,Speicher,Technisch,Speicher lädt nicht,Negativ,Email,Niedrig,2024-06-12,47
1121,2383,2023-04-27,Smart Meter,Installation,Smart Meter defekt,Negativ,Telefon,Hoch,2023-05-02,145
1122,18023,2023-12-27,Solar,Technisch,Solaranlage produziert nicht,Negativ,Chat,Hoch,2023-12-30,47
1123,9936,2024-08-09,Rechnung,Abrechnung,Rechnungsfrage,Negativ,Telefon,Mittel,2024-08-15,24
1124,3998,2024-11-23,Wärmepumpe,Technisch,Wartung angefragt,Positiv,Chat,Niedrig,2024-11-23,36
1125,12890,2023-07-24,Speicher,Technisch,Kapazität gesunken,Negativ,Telefon,Niedrig,2023-08-01,102
1126,9404,2023-01-03,Allgemein,Service,Kontaktdaten ändern,Negativ,Email,Niedrig,2023-01-03,126
1127,13808,2025-04-18,Allgemein,Service,Lob,Positiv,Chat,Niedrig,2025-04-27,15
1128,17101,2023-07-05,Rechnung,Abrechnung,Unstimmigkeit in Rechnung,Negativ,Telefon,Niedrig,2023-07-15,48
1129,2631,2023-10-18,Rechnung,Abrechnung,Rechnungsfrage,Negativ,Telefon,Mittel,2023-10-19,66
1130,15838,2023-10-16,Solar,Technisch,Solaranlage Ertrag niedrig,Neutral,Chat,Mittel,2023-10-17,119
1131,4197,2024-06-07,Allgemein,Service,Lob,Positiv,App,Niedrig,2024-06-10,88
1132,18414,2024-11-16,Wärmepumpe,Technisch,Wärmepumpe läuft nicht,Negativ,App,Mittel,2024-11-25,132
1133,3968,2023-05-28,Solar,Technisch,Monitoring nicht verfügbar,Negativ,Telefon,Kritisch,2023-06-03,96
1134,14244,2023-09-06,Solar,Technisch,Solaranlage produziert nicht,Negativ,Email,Mittel,2023-09-13,99
1135,5471,2023-09-08,Wärmepumpe,Technisch,Wärmepumpe Störung,Negativ,Email,Hoch,2023-09-10,122
1136,17477,2023-07-11,Tarif,Vertrag,Umzug melden,Neutral,Email,Hoch,2023-07-17,167
1137,16914,2024-09-04,Wallbox,E-Mobility,Wallbox Installation angefragt,Neutral,Telefon,Hoch,2024-09-11,38
1138,4170,2023-09-05,Wärmepumpe,Technisch,Wärmepumpe Störung,Negativ,App,Hoch,2023-09-12,95
1139,6245,2024-09-09,Solar,Technisch,Solaranlage produziert nicht,Negativ,Email,Mittel,2024-09-11,164
1140,7419,2024-01-27,Wärmepumpe,Technisch,Fehlercode E01 angezeigt,Negativ,App,Niedrig,2024-02-09,134
1141,17347,2023-12-09,Wallbox,E-Mobility,Ladekarte Probleme,Neutral,App,Mittel,2023-12-23,126
1142,14157,2023-03-28,Smart Meter,Installation,Smart Meter Ablesung fehlerhaft,Neutral,App,Niedrig,2023-03-31,70
1143,19707,2023-12-14,Smart Meter,Installation,Smart Meter App funktioniert nicht,Negativ,Telefon,Hoch,2023-12-14,83
1144,16455,2023-01-22,Rechnung,Abrechnung,Abschlag anpassen,Negativ,Email,Niedrig,2023-02-02,23
1145,15289,2024-12-29,Speicher,Technisch,Speicher lädt nicht,Negativ,Telefon,Kritisch,2025-01-05,116
1146,9570,2023-08-15,Tarif,Vertrag,Umzug melden,Positiv,Email,Mittel,2023-08-23,50
1147,17258,2024-07-04,Allgemein,Service,Allgemeine Anfrage,Neutral,Chat,Kritisch,2024-07-05,58
1148,12601,2023-05-28,Rechnung,Abrechnung,Abschlag anpassen,Positiv,Email,Mittel,2023-05-30,147
1149,17977,2025-01-12,Allgemein,Service,Allgemeine Anfrage,Negativ,Telefon,Kritisch,2025-01-13,48
1150,3313,2024-05-22,Rechnung,Abrechnung,Unstimmigkeit in Rechnung,Neutral,Telefon,Hoch,2024-05-22,51
1151,3090,2023-12-14,Solar,Technisch,Solaranlage Ertrag niedrig,Negativ,Telefon,Niedrig,2023-12-21,195
1152,11773,2024-05-08,Tarif,Vertrag,Ökostrom Umstellung,Negativ,Chat,Mittel,2024-05-14,76
1153,10156,2023-03-04,Solar,Technisch,Solaranlage produziert nicht,Negativ,Email,Hoch,2023-03-08,61
1154,7887,2025-01-01,Rechnung,Abrechnung,Unstimmigkeit in Rechnung,Negativ,Chat,Mittel,2025-01-04,115
1155,7823,2024-10-18,Wallbox,E-Mobility,Wallbox defekt,Negativ,App,Niedrig,2024-10-20,85
1156,10080,2024-01-17,Tarif,Vertrag,Vertragsverlängerung,Neutral,Chat,Mittel,2024-01-29,118
1157,2380,2025-05-15,Wallbox,E-Mobility,Wallbox lädt nicht,Negativ,Chat,Hoch,2025-05-17,68
1158,8880,2024-03-12,Tarif,Vertrag,Ökostrom Umstellung,Neutral,Telefon,Niedrig,2024-03-24,75
1159,1878,2024-10-31,Speicher,Technisch,Speicher lädt nicht,Negativ,Email,Hoch,2024-11-03,17
1160,12764,2024-02-17,Smart Meter,Installation,Smart Meter Installation angefragt,Neutral,App,Niedrig,2024-02-18,111
1161,2061,2024-02-22,Solar,Technisch,Solaranlage Ertrag niedrig,Negativ,App,Mittel,2024-02-26,23
1162,2717,2024-06-05,Wärmepumpe,Technisch,Wartung angefragt,Neutral,Email,Mittel,2024-06-16,78
1163,4180,2025-02-26,Rechnung,Abrechnung,Zahlungsplan angefragt,Neutral,Telefon,Mittel,2025-02-26,130
1164,7696,2023-01-15,Wallbox,E-Mobility,Wallbox lädt nicht,Negativ,Email,Kritisch,2023-01-18,130
1165,19107,2024-07-26,Smart Meter,Installation,Smart Meter App funktioniert nicht,Negativ,Telefon,Hoch,2024-07-28,164
1166,19579,2024-12-22,Allgemein,Service,Allgemeine Anfrage,Positiv,Chat,Mittel,2024-12-25,97
1167,19783,2024-08-31,Tarif,Vertrag,Umzug melden,Negativ,Chat,Niedrig,2024-09-09,33
1168,1110,2023-06-27,Rechnung,Abrechnung,Zahlungsplan angefragt,Neutral,Chat,Mittel,2023-07-08,76
1169,8865,2024-03-25,Tarif,Vertrag,Ökostrom Umstellung,Neutral,Email,Hoch,2024-03-30,117
1170,8601,2025-02-05,Rechnung,Abrechnung,Abschlag anpassen,Neutral,Chat,Niedrig,2025-02-14,184
1171,19594,2025-05-12,Wärmepumpe,Technisch,Wartung angefragt,Neutral,Chat,Mittel,2025-05-15,174
1172,9063,2024-05-02,Tarif,Vertrag,Ökostrom Umstellung,Negativ,App,Mittel,2024-05-11,59
1173,19056,2024-07-09,Wallbox,E-Mobility,Wallbox Installation angefragt,Positiv,Telefon,Hoch,2024-07-12,75
1174,17010,2024-09-23,Smart Meter,Installation,Smart Meter App funktioniert nicht,Negativ,Telefon,Mittel,2024-10-05,154
1175,3163,2023-10-19,Wärmepumpe,Technisch,Wärmepumpe Störung,Negativ,Telefon,Kritisch,2023-10-24,130
1176,7661,2024-11-25,Rechnung,Abrechnung,Zahlungsplan angefragt,Positiv,Telefon,Mittel,2024-12-08,112
1177,13498,2023-09-26,Wallbox,E-Mobility,App-Verbindung unterbrochen,Neutral,App,Niedrig,2023-10-02,71
1178,19952,2023-08-01,Wärmepumpe,Technisch,Wärmepumpe Störung,Negativ,Chat,Hoch,2023-08-04,128
1179,7860,2025-04-22,Tarif,Vertrag,Kündigung,Neutral,App,Hoch,2025-04-23,184
1180,18839,2024-06-11,Wallbox,E-Mobility,Ladekarte Probleme,Negativ,Email,Mittel,2024-06-24,184
1181,3425,2023-10-01,Wallbox,E-Mobility,Wallbox defekt,Negativ,Email,Mittel,2023-10-05,63
1182,8681,2023-06-05,Tarif,Vertrag,Tarifwechsel angefragt,Neutral,App,Mittel,2023-06-14,105
1183,4061,2024-05-26,Rechnung,Abrechnung,Rechnungsfrage,Negativ,Chat,Niedrig,2024-05-29,3
1184,9781,2024-12-22,Allgemein,Service,Lob,Positiv,App,Niedrig,2024-12-25,94
1185,4152,2024-06-04,Allgemein,Service,Lob,Positiv,Telefon,Niedrig,2024-06-13,194
1186,3247,2025-03-04,Speicher,Technisch,Speicher lädt nicht,Negativ,App,Mittel,2025-03-17,157
1187,9173,2024-03-18,Solar,Technisch,Einspeisevergütung Frage,Neutral,Chat,Niedrig,2024-03-31,57
1188,19993,2025-04-17,Allgemein,Service,Lob,Positiv,Chat,Niedrig,2025-05-01,31
1189,1408,2024-07-25,Wallbox,E-Mobility,App-Verbindung unterbrochen,Neutral,Email,Niedrig,2024-07-26,124
1190,8981,2025-04-29,Wärmepumpe,Technisch,Wärmepumpe Störung,Negativ,Email,Hoch,2025-04-29,104
1191,2900,2024-08-19,Wärmepumpe,Technisch,Fehlercode E01 angezeigt,Neutral,App,Mittel,2024-08-20,24
1192,4823,2024-01-28,Smart Meter,Installation,Smart Meter zeigt keine Daten,Neutral,App,Hoch,2024-02-04,174
1193,8943,2023-09-03,Speicher,Technisch,Batteriespeicher Störung,Negativ,Telefon,Kritisch,2023-09-04,182
1194,11019,2025-04-04,Allgemein,Service,Allgemeine Anfrage,Positiv,Chat,Mittel,2025-04-12,165
1195,7062,2024-07-12,Tarif,Vertrag,Preisgarantie Frage,Neutral,App,Hoch,2024-07-13,92
1196,7340,2025-04-13,Rechnung,Abrechnung,Gutschrift angefragt,Neutral,App,Hoch,2025-04-18,134
1197,12087,2023-09-19,Wärmepumpe,Technisch,Fehlercode E01 angezeigt,Positiv,App,Niedrig,2023-09-21,185
1198,18101,2023-12-04,Wärmepumpe,Technisch,Wärmepumpe läuft nicht,Negativ,Email,Mittel,2023-12-18,153
1199,19829,2023-03-27,Rechnung,Abrechnung,Abschlag anpassen,Neutral,Email,Mittel,2023-04-09,140
1200,14475,2024-02-15,Wallbox,E-Mobility,Ladekarte Probleme,Neutral,Email,Mittel,2024-02-27,85
1201,4988,2023-08-31,Wallbox,E-Mobility,Ladekarte Probleme,Negativ,Telefon,Mittel,2023-09-08,83
1202,2210,2024-04-10,Solar,Technisch,Solaranlage produziert nicht,Negativ,Telefon,Niedrig,2024-04-18,125
1203,12262,2023-06-11,Rechnung,Abrechnung,Zahlungsplan angefragt,Negativ,Chat,Hoch,2023-06-15,124
1204,16287,2024-09-15,Allgemein,Service,Kontaktdaten ändern,Positiv,Email,Mittel,2024-09-20,178
1205,2157,2024-12-11,Smart Meter,Installation,Smart Meter Ablesung fehlerhaft,Neutral,Chat,Mittel,2024-12-11,82
1206,11073,2024-11-12,Rechnung,Abrechnung,Rechnungsfrage,Neutral,Telefon,Niedrig,2024-11-21,118
1207,35,2025-05-13,Rechnung,Abrechnung,Unstimmigkeit in Rechnung,Neutral,App,Mittel,2025-05-26,149
1208,9303,2024-06-24,Tarif,Vertrag,Tarifwechsel angefragt,Positiv,Telefon,Niedrig,2024-07-08,38
1209,15870,2023-03-14,Tarif,Vertrag,Umzug melden,Neutral,App,Kritisch,2023-03-18,2
1210,14386,2023-05-15,Wärmepumpe,Technisch,Fehlercode E01 angezeigt,Neutral,Email,Niedrig,2023-05-21,46
1211,16142,2024-01-16,Tarif,Vertrag,Vertragsverlängerung,Negativ,App,Niedrig,2024-01-16,55
1212,12832,2023-10-03,Speicher,Technisch,Speicher lädt nicht,Negativ,Chat,Mittel,2023-10-15,190
1213,11514,2024-12-03,Smart Meter,Installation,Smart Meter Installation angefragt,Neutral,Chat,Mittel,2024-12-03,117
1214,13529,2023-03-26,Allgemein,Service,Informationsanfrage,Negativ,Telefon,Mittel,2023-04-08,161
1215,966,2024-04-24,Wallbox,E-Mobility,App-Verbindung unterbrochen,Neutral,App,Mittel,2024-05-06,114
1216,1508,2025-02-16,Wallbox,E-Mobility,Wallbox Installation angefragt,Neutral,Email,Mittel,2025-02-28,52
1217,12668,2025-05-12,Wärmepumpe,Technisch,Geräuschentwicklung zu hoch,Positiv,Chat,Mittel,2025-05-14,114
1218,5705,2023-12-13,Rechnung,Abrechnung,Abschlag anpassen,Neutral,Telefon,Mittel,2023-12-13,100
1219,12008,2023-09-17,Wallbox,E-Mobility,Ladekarte Probleme,Neutral,App,Kritisch,2023-09-19,147
1220,15654,2024-09-04,Speicher,Technisch,Batteriespeicher Störung,Negativ,App,Hoch,2024-09-07,167
1221,10554,2023-08-05,Rechnung,Abrechnung,Abschlag anpassen,Neutral,Chat,Niedrig,2023-08-15,114
1222,15184,2023-08-13,Wallbox,E-Mobility,App-Verbindung unterbrochen,Neutral,Chat,Mittel,2023-08-18,187
1223,4608,2023-07-13,Tarif,Vertrag,Vertragsverlängerung,Positiv,App,Hoch,2023-07-19,17
1224,894,2025-03-06,Smart Meter,Installation,Smart Meter App funktioniert nicht,Negativ,App,Hoch,2025-03-09,19
1225,10548,2023-06-11,Speicher,Technisch,Batteriespeicher Störung,Negativ,Chat,Mittel,2023-06-20,77
1226,6929,2024-06-26,Wärmepumpe,Technisch,Wartung angefragt,Neutral,Telefon,Mittel,2024-06-27,166
1227,17861,2023-06-18,Wärmepumpe,Technisch,Fehlercode E01 angezeigt,Negativ,App,Niedrig,2023-06-26,149
1228,16492,2025-04-08,Rechnung,Abrechnung,Zahlungsplan angefragt,Neutral,App,Mittel,2025-04-14,181
1229,15975,2025-01-24,Smart Meter,Installation,Smart Meter Installation angefragt,Neutral,Email,Mittel,2025-02-03,109
1230,13435,2025-01-17,Rechnung,Abrechnung,Abschlag anpassen,Neutral,App,Mittel,2025-01-27,142
1231,13484,2025-05-11,Speicher,Technisch,Batteriespeicher Störung,Negativ,Chat,Hoch,2025-05-15,15
1232,8209,2023-08-23,Allgemein,Service,Informationsanfrage,Negativ,Telefon,Niedrig,2023-08-26,147
1233,18875,2024-04-28,Smart Meter,Installation,Smart Meter Installation angefragt,Neutral,Email,Niedrig,2024-05-02,185
1234,6326,2024-03-25,Speicher,Technisch,Batteriespeicher Störung,Negativ,App,Mittel,2024-03-27,62
1235,13328,2025-04-29,Rechnung,Abrechnung,Rechnungsfrage,Negativ,App,Mittel,2025-05-04,81
1236,15258,2023-08-30,Speicher,Technisch,Speicher lädt nicht,Negativ,App,Mittel,2023-09-02,140
1237,16102,2023-07-31,Allgemein,Service,Informationsanfrage,Neutral,Email,Mittel,2023-08-13,115
1238,10166,2024-04-16,Allgemein,Service,Kontaktdaten ändern,Negativ,Email,Mittel,2024-04-22,44
1239,5,2023-03-29,Speicher,Technisch,Batteriespeicher Störung,Negativ,Telefon,Hoch,2023-04-05,106
1240,1286,2024-06-25,Wallbox,E-Mobility,App-Verbindung unterbrochen,Neutral,Telefon,Niedrig,2024-06-26,88
1241,8242,2023-08-27,Tarif,Vertrag,Ökostrom Umstellung,Neutral,App,Niedrig,2023-09-10,163
1242,16109,2023-06-18,Tarif,Vertrag,Vertragsverlängerung,Neutral,Email,Mittel,2023-06-19,23
1243,16181,2023-09-27,Allgemein,Service,Kontaktdaten ändern,Neutral,Email,Mittel,2023-09-30,136
1244,10503,2023-09-10,Smart Meter,Installation,Smart Meter zeigt keine Daten,Neutral,Chat,Kritisch,2023-09-16,70
1245,9730,2024-07-26,Rechnung,Abrechnung,Gutschrift angefragt,Neutral,Chat,Hoch,2024-07-26,26
1246,9433,2024-01-21,Solar,Technisch,Solaranlage Ertrag niedrig,Neutral,App,Mittel,2024-01-21,23
1247,3561,2025-03-22,Wallbox,E-Mobility,App-Verbindung unterbrochen,Neutral,Email,Mittel,2025-03-31,95
1248,16866,2025-06-11,Tarif,Vertrag,Preisgarantie Frage,Neutral,App,Mittel,2025-06-16,17
1249,18011,2024-06-17,Tarif,Vertrag,Preisgarantie Frage,Neutral,App,Mittel,2024-06-19,33
1250,18455,2024-12-24,Allgemein,Service,Informationsanfrage,Neutral,Telefon,Niedrig,2024-12-30,68
1251,9126,2025-04-16,Speicher,Technisch,Speicher lädt nicht,Negativ,Chat,Mittel,2025-04-23,110
1252,6897,2023-04-19,Tarif,Vertrag,Vertragsverlängerung,Neutral,Email,Mittel,2023-05-01,20
1253,9419,2023-05-08,Tarif,Vertrag,Preisgarantie Frage,Neutral,App,Hoch,2023-05-12,1
1254,19790,2024-01-17,Smart Meter,Installation,Smart Meter App funktioniert nicht,Negativ,App,Hoch,2024-01-24,197
1255,1894,2023-11-25,Rechnung,Abrechnung,Rechnungsfrage,Negativ,Chat,Hoch,2023-11-26,169
1256,5222,2025-01-29,Solar,Technisch,Solaranlage produziert nicht,Negativ,Chat,Mittel,2025-02-01,25
1257,6865,2024-06-14,Wärmepumpe,Technisch,Geräuschentwicklung zu hoch,Neutral,App,Mittel,2024-06-21,115
1258,18601,2024-03-24,Wärmepumpe,Technisch,Wartung angefragt,Neutral,App,Niedrig,2024-04-06,71
1259,7926,2025-03-02,Solar,Technisch,Wechselrichter Fehler,Neutral,Email,Niedrig,2025-03-16,100
1260,18446,2023-11-23,Tarif,Vertrag,Kündigung,Neutral,App,Niedrig,2023-12-04,47
1261,19160,2024-07-02,Wallbox,E-Mobility,Wallbox defekt,Negativ,Chat,Hoch,2024-07-07,134
1262,11931,2023-06-14,Allgemein,Service,Beschwerde,Negativ,Telefon,Mittel,2023-06-25,164
1263,6142,2023-08-30,Wärmepumpe,Technisch,Fehlercode E01 angezeigt,Neutral,Chat,Niedrig,2023-09-09,99
1264,2413,2025-02-16,Solar,Technisch,Solaranlage produziert nicht,Negativ,Telefon,Hoch,2025-02-16,49
1265,11513,2024-09-06,Rechnung,Abrechnung,Abschlag anpassen,Neutral,Telefon,Mittel,2024-09-07,95
1266,17754,2024-10-10,Solar,Technisch,Einspeisevergütung Frage,Negativ,App,Niedrig,2024-10-22,177
1267,14062,2023-01-06,Tarif,Vertrag,Tarifwechsel angefragt,Neutral,App,Hoch,2023-01-09,126
1268,6525,2025-03-28,Rechnung,Abrechnung,Rechnungsfrage,Neutral,App,Niedrig,2025-04-05,118
1269,10881,2023-12-14,Smart Meter,Installation,Smart Meter Installation angefragt,Positiv,Telefon,Niedrig,2023-12-24,28
1270,6223,2025-06-20,Wärmepumpe,Technisch,Wartung angefragt,Neutral,Email,Mittel,2025-06-29,64
1271,5267,2024-09-24,Allgemein,Service,Informationsanfrage,Negativ,Chat,Mittel,2024-09-30,165
1272,18881,2025-05-09,Solar,Technisch,Monitoring nicht verfügbar,Negativ,Telefon,Hoch,2025-05-15,9
1273,11845,2024-08-03,Smart Meter,Installation,Smart Meter Installation angefragt,Negativ,Email,Mittel,2024-08-12,23
1274,16832,2023-11-05,Wallbox,E-Mobility,Ladekarte Probleme,Positiv,App,Mittel,2023-11-10,30
1275,14566,2024-01-25,Wallbox,E-Mobility,Wallbox Installation angefragt,Negativ,Email,Mittel,2024-02-06,89
1276,6129,2023-04-29,Smart Meter,Installation,Smart Meter Installation angefragt,Neutral,Email,Mittel,2023-04-30,3
1277,14976,2024-02-27,Rechnung,Abrechnung,Gutschrift angefragt,Neutral,Email,Mittel,2024-03-03,59
1278,7620,2024-05-08,Rechnung,Abrechnung,Unstimmigkeit in Rechnung,Neutral,Email,Mittel,2024-05-22,166
1279,18612,2023-11-16,Smart Meter,Installation,Smart Meter App funktioniert nicht,Negativ,Telefon,Mittel,2023-11-30,200
1280,12600,2023-02-07,Speicher,Technisch,Speicher lädt nicht,Negativ,App,Hoch,2023-02-12,132
1281,10229,2023-11-10,Smart Meter,Installation,Smart Meter Installation angefragt,Neutral,App,Mittel,2023-11-24,5
1282,16946,2023-04-21,Wallbox,E-Mobility,Wallbox lädt nicht,Negativ,Email,Kritisch,2023-04-21,127
1283,18338,2023-01-24,Smart Meter,Installation,Smart Meter defekt,Negativ,Chat,Hoch,2023-01-29,166
1284,15495,2024-07-17,Rechnung,Abrechnung,Unstimmigkeit in Rechnung,Neutral,App,Mittel,2024-07-20,3
1285,6955,2023-10-18,Solar,Technisch,Monitoring nicht verfügbar,Negativ,Telefon,Mittel,2023-10-25,38
1286,8805,2023-12-30,Wärmepumpe,Technisch,Fehlercode E01 angezeigt,Neutral,Telefon,Mittel,2024-01-09,41
1287,9182,2025-05-02,Wallbox,E-Mobility,Wallbox defekt,Negativ,Email,Niedrig,2025-05-10,22
1288,2257,2023-04-26,Rechnung,Abrechnung,Abschlag zu hoch,Neutral,Email,Mittel,2023-04-28,93
1289,3520,2023-08-11,Wärmepumpe,Technisch,Effizienz zu niedrig,Neutral,Telefon,Niedrig,2023-08-22,107
1290,10562,2023-06-23,Tarif,Vertrag,Preisgarantie Frage,Neutral,Telefon,Mittel,2023-06-28,71
1291,3875,2024-05-31,Smart Meter,Installation,Smart Meter Installation angefragt,Negativ,App,Mittel,2024-06-03,46
1292,12049,2024-10-05,Speicher,Technisch,Kapazität gesunken,Negativ,Chat,Niedrig,2024-10-05,112
1293,13040,2023-06-27,Allgemein,Service,Informationsanfrage,Neutral,App,Mittel,2023-06-30,107
1294,8032,2024-02-21,Tarif,Vertrag,Kündigung,Neutral,Telefon,Niedrig,2024-02-24,58
1295,7897,2025-04-05,Allgemein,Service,Lob,Positiv,Telefon,Niedrig,2025-04-08,129
1296,3997,2023-01-12,Allgemein,Service,Lob,Positiv,Email,Niedrig,2023-01-16,66
1297,10845,2023-08-23,Wärmepumpe,Technisch,Wartung angefragt,Neutral,Chat,Niedrig,2023-09-04,30
1298,10510,2023-05-17,Allgemein,Service,Allgemeine Anfrage,Positiv,App,Hoch,2023-05-22,84
1299,3693,2024-06-14,Solar,Technisch,Monitoring nicht verfügbar,Negativ,Email,Hoch,2024-06-16,186
1300,16877,2025-06-07,Wärmepumpe,Technisch,Wärmepumpe läuft nicht,Negativ,Email,Mittel,2025-06-16,177
1301,1386,2024-06-10,Wärmepumpe,Technisch,Fehlercode E01 angezeigt,Negativ,App,Mittel,2024-06-16,187
1302,57,2025-05-24,Speicher,Technisch,Kapazität gesunken,Negativ,App,Mittel,2025-05-29,138
1303,6581,2023-05-12,Solar,Technisch,Einspeisevergütung Frage,Neutral,Chat,Niedrig,2023-05-23,63
1304,1906,2025-02-12,Wärmepumpe,Technisch,Wärmepumpe läuft nicht,Negativ,App,Hoch,2025-02-14,186
1305,1947,2023-05-25,Wallbox,E-Mobility,Ladekarte Probleme,Positiv,App,Hoch,2023-05-28,83
1306,1599,2024-07-09,Smart Meter,Installation,Smart Meter Ablesung fehlerhaft,Negativ,App,Mittel,2024-07-14,56
1307,14734,2023-02-21,Smart Meter,Installation,Smart Meter defekt,Negativ,App,Niedrig,2023-02-21,131
1308,11549,2023-07-24,Speicher,Technisch,Kapazität gesunken,Neutral,App,Niedrig,2023-07-29,179
1309,11262,2025-03-29,Allgemein,Service,Allgemeine Anfrage,Negativ,Chat,Niedrig,2025-04-05,21
1310,9162,2023-08-31,Wallbox,E-Mobility,Wallbox lädt nicht,Negativ,Email,Hoch,2023-09-07,85
1311,3787,2023-02-24,Solar,Technisch,Wechselrichter Fehler,Neutral,App,Hoch,2023-02-25,139
1312,8267,2024-10-19,Allgemein,Service,Lob,Positiv,Email,Niedrig,2024-10-30,176
1313,19854,2025-02-07,Smart Meter,Installation,Smart Meter App funktioniert nicht,Negativ,Email,Kritisch,2025-02-10,105
1314,17922,2025-06-02,Allgemein,Service,Lob,Positiv,Telefon,Niedrig,2025-06-05,99
1315,14131,2024-10-16,Solar,Technisch,Monitoring nicht verfügbar,Negativ,App,Hoch,2024-10-23,67
1316,19915,2023-08-01,Smart Meter,Installation,Smart Meter Installation angefragt,Negativ,Email,Kritisch,2023-08-03,50
1317,2142,2023-10-22,Speicher,Technisch,Speicher lädt nicht,Negativ,Email,Hoch,2023-10-23,125
1318,6846,2024-07-24,Tarif,Vertrag,Kündigung,Neutral,Telefon,Niedrig,2024-08-06,128
1319,3306,2024-12-27,Tarif,Vertrag,Tarifwechsel angefragt,Neutral,Telefon,Hoch,2024-12-31,92
1320,6022,2023-09-05,Allgemein,Service,Beschwerde,Negativ,Email,Hoch,2023-09-05,177
1321,16275,2023-08-28,Tarif,Vertrag,Vertragsverlängerung,Neutral,Email,Mittel,2023-09-08,3
1322,4196,2024-03-26,Rechnung,Abrechnung,Rechnungsfrage,Neutral,Email,Niedrig,2024-03-29,147
1323,6311,2024-10-10,Rechnung,Abrechnung,Zahlungsplan angefragt,Positiv,Email,Niedrig,2024-10-14,193
1324,17468,2023-05-16,Allgemein,Service,Allgemeine Anfrage,Negativ,App,Mittel,2023-05-22,122
1325,2017,2023-03-05,Speicher,Technisch,Batteriespeicher Störung,Negativ,App,Hoch,2023-03-09,43
1326,6630,2024-10-29,Smart Meter,Installation,Smart Meter Installation angefragt,Negativ,Chat,Niedrig,2024-11-09,198
1327,17253,2024-12-03,Rechnung,Abrechnung,Gutschrift angefragt,Negativ,Telefon,Hoch,2024-12-03,163
1328,13375,2023-04-03,Rechnung,Abrechnung,Rechnungsfrage,Negativ,Email,Kritisch,2023-04-04,153
1329,18918,2024-12-12,Tarif,Vertrag,Kündigung,Neutral,Email,Niedrig,2024-12-23,126
1330,936,2024-04-29,Solar,Technisch,Solaranlage Ertrag niedrig,Neutral,Telefon,Mittel,2024-05-02,133
1331,11805,2023-11-14,Allgemein,Service,Allgemeine Anfrage,Positiv,Telefon,Mittel,2023-11-26,154
1332,16840,2024-02-27,Tarif,Vertrag,Umzug melden,Positiv,Email,Mittel,2024-03-04,110
1333,12409,2025-06-03,Speicher,Technisch,Kapazität gesunken,Neutral,Telefon,Niedrig,2025-06-11,175
1334,5530,2023-09-10,Allgemein,Service,Lob,Positiv,Email,Niedrig,2023-09-18,183
1335,18951,2024-05-25,Allgemein,Service,Lob,Positiv,Email,Niedrig,2024-06-03,2
1336,14801,2025-01-10,Wallbox,E-Mobility,Wallbox lädt nicht,Negativ,Email,Mittel,2025-01-17,172
1337,8689,2024-01-10,Wärmepumpe,Technisch,Wärmepumpe Störung,Negativ,Chat,Hoch,2024-01-12,158
1338,1149,2023-11-16,Solar,Technisch,Wechselrichter Fehler,Neutral,App,Hoch,2023-11-17,60
1339,19352,2024-11-15,Tarif,Vertrag,Preisgarantie Frage,Neutral,Email,Niedrig,2024-11-21,123
1340,17547,2024-04-22,Speicher,Technisch,Speicher lädt nicht,Negativ,App,Hoch,2024-04-25,141
1341,15830,2025-05-09,Wallbox,E-Mobility,Wallbox Installation angefragt,Negativ,Email,Niedrig,2025-05-20,126
1342,17635,2023-10-24,Solar,Technisch,Einspeisevergütung Frage,Neutral,Chat,Niedrig,2023-10-28,67
1343,6196,2024-10-04,Rechnung,Abrechnung,Rechnungsfrage,Neutral,Email,Niedrig,2024-10-05,98
1344,2478,2024-10-29,Tarif,Vertrag,Preisgarantie Frage,Neutral,App,Niedrig,2024-11-11,44
1345,1856,2023-04-29,Solar,Technisch,Monitoring nicht verfügbar,Negativ,Email,Hoch,2023-05-05,165
1346,6117,2025-04-27,Speicher,Technisch,Speicher lädt nicht,Negativ,Email,Mittel,2025-04-29,123
1347,12220,2025-02-15,Smart Meter,Installation,Smart Meter App funktioniert nicht,Negativ,Email,Hoch,2025-02-16,111
1348,13629,2023-05-28,Rechnung,Abrechnung,Unstimmigkeit in Rechnung,Neutral,Chat,Mittel,2023-06-07,164
1349,16720,2024-01-24,Allgemein,Service,Beschwerde,Negativ,Chat,Kritisch,2024-01-24,111
1350,12663,2024-01-20,Rechnung,Abrechnung,Abschlag zu hoch,Neutral,App,Kritisch,2024-01-21,200
1351,14722,2023-01-22,Wärmepumpe,Technisch,Wärmepumpe läuft nicht,Negativ,App,Mittel,2023-01-26,188
1352,15043,2023-10-12,Smart Meter,Installation,Smart Meter Ablesung fehlerhaft,Neutral,Telefon,Mittel,2023-10-12,128
1353,7995,2024-01-30,Allgemein,Service,Kontaktdaten ändern,Negativ,App,Niedrig,2024-02-10,81
1354,11536,2024-07-04,Wallbox,E-Mobility,App-Verbindung unterbrochen,Neutral,Telefon,Mittel,2024-07-04,78
1355,16779,2024-04-29,Allgemein,Service,Beschwerde,Negativ,Chat,Mittel,2024-05-06,27
1356,4970,2023-05-07,Wallbox,E-Mobility,Wallbox lädt nicht,Negativ,App,Mittel,2023-05-12,102
1357,9971,2024-02-16,Speicher,Technisch,Kapazität gesunken,Neutral,Chat,Mittel,2024-02-28,35
1358,17371,2023-11-13,Solar,Technisch,Einspeisevergütung Frage,Neutral,Telefon,Mittel,2023-11-16,199
1359,6280,2024-01-07,Smart Meter,Installation,Smart Meter Ablesung fehlerhaft,Neutral,Telefon,Niedrig,2024-01-09,196
1360,12978,2023-03-09,Tarif,Vertrag,Vertragsverlängerung,Neutral,Chat,Mittel,2023-03-19,130
1361,167,2024-08-12,Speicher,Technisch,Batteriespeicher Störung,Negativ,Email,Hoch,2024-08-13,98
1362,7112,2023-02-03,Smart Meter,Installation,Smart Meter App funktioniert nicht,Negativ,Chat,Kritisch,2023-02-05,7
1363,5172,2025-04-27,Wärmepumpe,Technisch,Fehlercode E01 angezeigt,Negativ,Telefon,Hoch,2025-05-03,1
1364,863,2023-02-05,Smart Meter,Installation,Smart Meter Ablesung fehlerhaft,Negativ,Telefon,Mittel,2023-02-07,58
1365,3378,2023-11-24,Rechnung,Abrechnung,Gutschrift angefragt,Neutral,Chat,Mittel,2023-12-01,109
1366,12553,2023-04-12,Smart Meter,Installation,Smart Meter Installation angefragt,Neutral,Telefon,Hoch,2023-04-13,53
1367,7448,2024-11-05,Rechnung,Abrechnung,Abschlag anpassen,Negativ,App,Mittel,2024-11-15,161
1368,13141,2023-07-02,Smart Meter,Installation,Smart Meter defekt,Negativ,Email,Kritisch,2023-07-09,61
1369,5498,2023-03-20,Wärmepumpe,Technisch,Fehlercode E01 angezeigt,Negativ,Email,Mittel,2023-03-22,32
1370,4596,2024-07-23,Wärmepumpe,Technisch,Wärmepumpe Störung,Negativ,Chat,Mittel,2024-08-03,146
1371,917,2023-05-20,Smart Meter,Installation,Smart Meter Ablesung fehlerhaft,Neutral,App,Mittel,2023-05-29,168
1372,5208,2023-09-05,Wärmepumpe,Technisch,Wärmepumpe läuft nicht,Negativ,Email,Kritisch,2023-09-10,34
1373,865,2025-01-07,Speicher,Technisch,Kapazität gesunken,Neutral,Chat,Hoch,2025-01-07,154
1374,11021,2023-05-29,Wärmepumpe,Technisch,Wartung angefragt,Neutral,Email,Niedrig,2023-06-11,77
1375,1072,2025-04-23,Allgemein,Service,Allgemeine Anfrage,Neutral,Email,Niedrig,2025-05-05,94
1376,19050,2023-05-31,Wallbox,E-Mobility,App-Verbindung unterbrochen,Negativ,Email,Hoch,2023-06-06,113
1377,6689,2023-08-27,Speicher,Technisch,Kapazität gesunken,Positiv,Email,Niedrig,2023-08-28,75
1378,2034,2025-04-27,Wallbox,E-Mobility,Wallbox defekt,Negativ,Telefon,Hoch,2025-05-01,123
1379,18534,2024-06-30,Speicher,Technisch,Speicher lädt nicht,Negativ,App,Mittel,2024-07-02,147
1380,17713,2024-03-01,Tarif,Vertrag,Umzug melden,Neutral,App,Niedrig,2024-03-10,43
1381,16106,2025-04-18,Speicher,Technisch,Kapazität gesunken,Neutral,Telefon,Hoch,2025-04-24,18
1382,18064,2023-10-21,Smart Meter,Installation,Smart Meter defekt,Negativ,App,Mittel,2023-11-01,40
1383,6117,2024-05-24,Wallbox,E-Mobility,Wallbox defekt,Negativ,Chat,Niedrig,2024-06-02,33
1384,1165,2023-08-25,Tarif,Vertrag,Preisgarantie Frage,Positiv,Email,Mittel,2023-09-08,44
1385,8613,2025-01-03,Solar,Technisch,Solaranlage Ertrag niedrig,Neutral,Telefon,Niedrig,2025-01-09,148
1386,9589,2023-11-22,Solar,Technisch,Solaranlage Ertrag niedrig,Negativ,Chat,Mittel,2023-11-23,32
1387,6779,2024-09-23,Solar,Technisch,Solaranlage produziert nicht,Negativ,Email,Niedrig,2024-09-27,96
1388,5300,2023-01-15,Wallbox,E-Mobility,Wallbox lädt nicht,Negativ,Telefon,Mittel,2023-01-29,29
1389,5334,2025-04-09,Wärmepumpe,Technisch,Wärmepumpe Störung,Negativ,App,Niedrig,2025-04-10,168
1390,4001,2024-03-27,Rechnung,Abrechnung,Abschlag zu hoch,Neutral,Telefon,Niedrig,2024-04-01,162
1391,7304,2023-06-20,Speicher,Technisch,Kapazität gesunken,Positiv,App,Mittel,2023-06-30,170
1392,12802,2025-04-28,Tarif,Vertrag,Ökostrom Umstellung,Neutral,Chat,Kritisch,2025-05-01,90
1393,1304,2025-01-16,Speicher,Technisch,Batteriespeicher Störung,Negativ,Chat,Hoch,2025-01-19,18
1394,14269,2024-03-11,Wärmepumpe,Technisch,Fehlercode E01 angezeigt,Negativ,Email,Mittel,2024-03-20,122
1395,9461,2025-03-08,Wärmepumpe,Technisch,Wartung angefragt,Neutral,App,Niedrig,2025-03-19,55
1396,7685,2024-07-31,Rechnung,Abrechnung,Gutschrift angefragt,Neutral,Telefon,Mittel,2024-08-03,193
1397,15254,2025-03-11,Wallbox,E-Mobility,Wallbox Installation angefragt,Neutral,App,Hoch,2025-03-11,35
1398,10809,2024-11-10,Wallbox,E-Mobility,Wallbox defekt,Negativ,Telefon,Niedrig,2024-11-19,166
1399,19847,2024-12-22,Allgemein,Service,Informationsanfrage,Neutral,Chat,Mittel,2024-12-31,57
1400,6824,2024-07-27,Allgemein,Service,Informationsanfrage,Neutral,Telefon,Mittel,2024-08-05,153
1401,864,2024-01-03,Wärmepumpe,Technisch,Wartung angefragt,Neutral,Chat,Mittel,2024-01-10,160
1402,14074,2024-09-04,Wallbox,E-Mobility,Wallbox Installation angefragt,Neutral,Chat,Mittel,2024-09-16,150
1403,535,2023-05-11,Rechnung,Abrechnung,Abschlag anpassen,Positiv,Chat,Mittel,2023-05-18,49
1404,19551,2024-10-04,Smart Meter,Installation,Smart Meter defekt,Negativ,Telefon,Mittel,2024-10-16,49
1405,6365,2023-06-20,Wallbox,E-Mobility,Ladekarte Probleme,Neutral,Chat,Mittel,2023-06-23,113
1406,2575,2024-10-20,Allgemein,Service,Kontaktdaten ändern,Negativ,Email,Hoch,2024-10-27,193
1407,19505,2024-08-17,Speicher,Technisch,Kapazität gesunken,Neutral,Chat,Mittel,2024-08-21,41
1408,9553,2023-10-04,Rechnung,Abrechnung,Unstimmigkeit in Rechnung,Negativ,App,Niedrig,2023-10-08,168
1409,9166,2025-01-23,Solar,Technisch,Einspeisevergütung Frage,Negativ,Chat,Mittel,2025-02-01,121
1410,18051,2023-05-26,Solar,Technisch,Solaranlage produziert nicht,Negativ,Chat,Mittel,2023-06-01,65
1411,17944,2025-02-19,Wärmepumpe,Technisch,Wärmepumpe läuft nicht,Negativ,Telefon,Kritisch,2025-02-26,29
1412,7685,2025-03-07,Wallbox,E-Mobility,Wallbox defekt,Negativ,App,Mittel,2025-03-10,9
1413,18246,2023-03-06,Solar,Technisch,Monitoring nicht verfügbar,Negativ,Email,Mittel,2023-03-12,194
1414,16411,2024-02-24,Wallbox,E-Mobility,Wallbox Installation angefragt,Neutral,App,Mittel,2024-02-26,33
1415,5234,2024-11-24,Smart Meter,Installation,Smart Meter App funktioniert nicht,Negativ,Telefon,Mittel,2024-12-03,130
1416,46,2023-04-02,Wärmepumpe,Technisch,Geräuschentwicklung zu hoch,Positiv,App,Mittel,2023-04-05,144
1417,12731,2025-03-27,Tarif,Vertrag,Ökostrom Umstellung,Neutral,Email,Hoch,2025-04-03,9
1418,5133,2023-05-31,Allgemein,Service,Kontaktdaten ändern,Neutral,Telefon,Niedrig,2023-06-13,42
1419,11770,2023-08-12,Solar,Technisch,Solaranlage Ertrag niedrig,Neutral,App,Mittel,2023-08-21,109
1420,9630,2024-10-12,Rechnung,Abrechnung,Gutschrift angefragt,Neutral,Telefon,Niedrig,2024-10-25,30
1421,14558,2025-04-26,Rechnung,Abrechnung,Rechnungsfrage,Neutral,Chat,Niedrig,2025-05-06,188
1422,6631,2025-06-19,Wallbox,E-Mobility,App-Verbindung unterbrochen,Positiv,Chat,Niedrig,2025-06-21,173
1423,9486,2024-12-08,Solar,Technisch,Einspeisevergütung Frage,Neutral,App,Kritisch,2024-12-09,92
1424,12893,2024-03-14,Tarif,Vertrag,Kündigung,Neutral,Chat,Hoch,2024-03-18,170
1425,12382,2023-01-02,Speicher,Technisch,Batteriespeicher Störung,Negativ,App,Kritisch,2023-01-07,43
1426,9493,2023-11-07,Rechnung,Abrechnung,Unstimmigkeit in Rechnung,Positiv,Chat,Mittel,2023-11-20,173
1427,4278,2025-06-10,Rechnung,Abrechnung,Gutschrift angefragt,Positiv,Email,Mittel,2025-06-10,99
1428,15153,2024-01-25,Allgemein,Service,Kontaktdaten ändern,Neutral,Chat,Hoch,2024-01-25,130
1429,1045,2024-10-30,Tarif,Vertrag,Umzug melden,Neutral,App,Mittel,2024-11-11,37
1430,15942,2023-12-10,Smart Meter,Installation,Smart Meter App funktioniert nicht,Negativ,Chat,Hoch,2023-12-14,199
1431,10876,2024-02-02,Allgemein,Service,Informationsanfrage,Neutral,Chat,Mittel,2024-02-03,108
1432,10046,2025-04-12,Speicher,Technisch,Kapazität gesunken,Negativ,Chat,Niedrig,2025-04-16,198
1433,7395,2023-12-28,Tarif,Vertrag,Umzug melden,Neutral,Email,Niedrig,2024-01-09,142
1434,1537,2024-06-30,Smart Meter,Installation,Smart Meter zeigt keine Daten,Neutral,Telefon,Mittel,2024-07-13,124
1435,18021,2024-08-30,Tarif,Vertrag,Preisgarantie Frage,Neutral,Email,Mittel,2024-09-11,104
1436,755,2023-05-10,Wärmepumpe,Technisch,Geräuschentwicklung zu hoch,Neutral,Telefon,Niedrig,2023-05-16,197
1437,7297,2023-01-20,Speicher,Technisch,Kapazität gesunken,Positiv,Chat,Niedrig,2023-01-25,2
1438,10427,2023-01-15,Rechnung,Abrechnung,Zahlungsplan angefragt,Neutral,Telefon,Niedrig,2023-01-17,136
1439,16930,2025-05-04,Allgemein,Service,Allgemeine Anfrage,Neutral,Chat,Kritisch,2025-05-08,91
1440,737,2024-10-14,Solar,Technisch,Wechselrichter Fehler,Negativ,Email,Niedrig,2024-10-26,46
1441,16634,2024-07-03,Smart Meter,Installation,Smart Meter defekt,Negativ,Chat,Hoch,2024-07-04,188
1442,3929,2023-05-26,Wallbox,E-Mobility,Ladekarte Probleme,Neutral,Email,Niedrig,2023-06-09,171
1443,18173,2024-01-21,Wärmepumpe,Technisch,Geräuschentwicklung zu hoch,Neutral,Email,Mittel,2024-01-26,167
1444,15598,2025-05-30,Speicher,Technisch,Kapazität gesunken,Neutral,Email,Mittel,2025-06-13,39
1445,3411,2023-07-07,Wallbox,E-Mobility,Wallbox Installation angefragt,Negativ,App,Kritisch,2023-07-10,196
1446,4633,2025-04-28,Allgemein,Service,Allgemeine Anfrage,Neutral,Chat,Mittel,2025-05-03,5
1447,15973,2023-10-06,Solar,Technisch,Monitoring nicht verfügbar,Negativ,App,Hoch,2023-10-06,15
1448,12850,2023-09-03,Wallbox,E-Mobility,Wallbox Installation angefragt,Neutral,Email,Mittel,2023-09-09,17
1449,17832,2024-08-13,Rechnung,Abrechnung,Abschlag anpassen,Neutral,Email,Niedrig,2024-08-26,116
1450,6298,2024-02-02,Wärmepumpe,Technisch,Wartung angefragt,Neutral,Chat,Mittel,2024-02-16,138
1451,7016,2023-08-08,Wärmepumpe,Technisch,Wartung angefragt,Neutral,Chat,Niedrig,2023-08-14,156
1452,7258,2025-06-14,Wärmepumpe,Technisch,Wärmepumpe läuft nicht,Negativ,App,Niedrig,2025-06-16,154
1453,15906,2023-03-09,Rechnung,Abrechnung,Unstimmigkeit in Rechnung,Neutral,Email,Mittel,2023-03-13,176
1454,5645,2025-02-20,Wärmepumpe,Technisch,Fehlercode E01 angezeigt,Neutral,Chat,Niedrig,2025-02-21,193
1455,11150,2024-01-08,Allgemein,Service,Kontaktdaten ändern,Neutral,Email,Mittel,2024-01-10,116
1456,1106,2023-04-24,Wallbox,E-Mobility,App-Verbindung unterbrochen,Neutral,Email,Mittel,2023-05-05,85
1457,18623,2025-03-04,Allgemein,Service,Informationsanfrage,Negativ,Chat,Niedrig,2025-03-17,147
1458,7354,2025-02-08,Speicher,Technisch,Speicher lädt nicht,Negativ,Telefon,Mittel,2025-02-21,72
1459,16658,2023-01-17,Speicher,Technisch,Speicher lädt nicht,Negativ,Email,Hoch,2023-01-18,83
1460,18961,2023-04-14,Wärmepumpe,Technisch,Wartung angefragt,Neutral,Email,Mittel,2023-04-18,31
1461,7349,2024-05-03,Solar,Technisch,Wechselrichter Fehler,Negativ,Email,Mittel,2024-05-05,189
1462,539,2024-11-01,Allgemein,Service,Beschwerde,Negativ,App,Hoch,2024-11-02,135
1463,18804,2023-02-13,Speicher,Technisch,Batteriespeicher Störung,Negativ,Chat,Hoch,2023-02-16,72
1464,9653,2023-11-16,Rechnung,Abrechnung,Zahlungsplan angefragt,Neutral,Email,Niedrig,2023-11-27,87
1465,619,2023-02-06,Wallbox,E-Mobility,Wallbox lädt nicht,Negativ,App,Kritisch,2023-02-12,134
1466,11152,2024-08-08,Rechnung,Abrechnung,Zahlungsplan angefragt,Neutral,App,Niedrig,2024-08-14,181
1467,15010,2023-01-21,Rechnung,Abrechnung,Abschlag zu hoch,Negativ,Chat,Kritisch,2023-01-24,91
1468,3925,2024-01-11,Speicher,Technisch,Kapazität gesunken,Neutral,Chat,Mittel,2024-01-13,123
1469,17415,2025-04-02,Rechnung,Abrechnung,Unstimmigkeit in Rechnung,Negativ,App,Mittel,2025-04-07,196
1470,2999,2023-06-05,Rechnung,Abrechnung,Rechnungsfrage,Negativ,Telefon,Mittel,2023-06-12,103
1471,8821,2024-02-15,Allgemein,Service,Informationsanfrage,Neutral,Chat,Niedrig,2024-02-29,109
1472,4031,2024-11-26,Speicher,Technisch,Kapazität gesunken,Neutral,App,Niedrig,2024-12-04,40
1473,19520,2024-03-24,Solar,Technisch,Wechselrichter Fehler,Negativ,Telefon,Niedrig,2024-03-28,6
1474,5609,2023-12-14,Speicher,Technisch,Speicher lädt nicht,Negativ,Telefon,Mittel,2023-12-17,180
1475,4012,2024-11-15,Smart Meter,Installation,Smart Meter Ablesung fehlerhaft,Positiv,Chat,Hoch,2024-11-21,118
1476,12233,2024-11-07,Tarif,Vertrag,Vertragsverlängerung,Neutral,Chat,Niedrig,2024-11-09,11
1477,11040,2025-01-06,Smart Meter,Installation,Smart Meter defekt,Negativ,App,Hoch,2025-01-13,174
1478,12266,2023-03-03,Wallbox,E-Mobility,Wallbox lädt nicht,Negativ,Chat,Mittel,2023-03-08,99
1479,2573,2024-06-21,Solar,Technisch,Wechselrichter Fehler,Neutral,Email,Mittel,2024-06-21,95
1480,19246,2023-09-18,Wallbox,E-Mobility,Wallbox Installation angefragt,Neutral,App,Niedrig,2023-09-20,192
1481,5014,2024-04-20,Wallbox,E-Mobility,Ladekarte Probleme,Neutral,Telefon,Niedrig,2024-04-24,156
1482,15315,2025-02-25,Wallbox,E-Mobility,Wallbox Installation angefragt,Neutral,Email,Niedrig,2025-03-11,59
1483,15312,2024-11-03,Speicher,Technisch,Speicher lädt nicht,Negativ,Chat,Hoch,2024-11-04,130
1484,13575,2025-01-12,Speicher,Technisch,Batteriespeicher Störung,Negativ,App,Kritisch,2025-01-15,137
1485,15774,2023-09-23,Allgemein,Service,Allgemeine Anfrage,Neutral,Telefon,Mittel,2023-09-25,79
1486,7024,2023-05-18,Allgemein,Service,Lob,Positiv,App,Niedrig,2023-05-26,75
1487,6573,2024-11-30,Smart Meter,Installation,Smart Meter Ablesung fehlerhaft,Negativ,Email,Niedrig,2024-12-10,171
1488,1757,2023-05-26,Allgemein,Service,Beschwerde,Negativ,Telefon,Niedrig,2023-06-04,9
1489,6163,2023-05-11,Allgemein,Service,Kontaktdaten ändern,Neutral,Telefon,Mittel,2023-05-19,146
1490,9998,2023-03-27,Solar,Technisch,Monitoring nicht verfügbar,Negativ,Chat,Hoch,2023-04-02,109
1491,3825,2025-05-18,Solar,Technisch,Monitoring nicht verfügbar,Negativ,App,Kritisch,2025-05-23,54
1492,7368,2024-06-03,Rechnung,Abrechnung,Rechnungsfrage,Positiv,Chat,Mittel,2024-06-03,86
1493,17684,2024-09-07,Speicher,Technisch,Kapazität gesunken,Neutral,Email,Hoch,2024-09-13,190
1494,4669,2023-10-04,Wärmepumpe,Technisch,Wärmepumpe Störung,Negativ,App,Mittel,2023-10-05,163
1495,7679,2025-02-07,Rechnung,Abrechnung,Abschlag anpassen,Neutral,App,Mittel,2025-02-18,173
1496,19402,2023-12-03,Smart Meter,Installation,Smart Meter App funktioniert nicht,Negativ,Chat,Mittel,2023-12-04,178
1497,15656,2023-01-30,Wärmepumpe,Technisch,Wärmepumpe läuft nicht,Negativ,Chat,Niedrig,2023-01-30,10
1498,8510,2025-05-19,Rechnung,Abrechnung,Rechnungsfrage,Neutral,Email,Mittel,2025-05-23,6
1499,13587,2024-08-14,Solar,Technisch,Einspeisevergütung Frage,Negativ,Telefon,Mittel,2024-08-16,13
1500,8012,2024-11-22,Wallbox,E-Mobility,Wallbox Installation angefragt,Neutral,App,Hoch,2024-11-22,186
1501,9832,2023-09-16,Wallbox,E-Mobility,App-Verbindung unterbrochen,Neutral,Email,Niedrig,2023-09-20,167
1502,8401,2023-06-14,Speicher,Technisch,Speicher lädt nicht,Negativ,App,Mittel,2023-06-23,198
1503,4842,2024-05-21,Solar,Technisch,Solaranlage produziert nicht,Negativ,Chat,Niedrig,2024-05-27,80
1504,18029,2023-04-03,Wallbox,E-Mobility,Ladekarte Probleme,Neutral,Email,Mittel,2023-04-13,83
1505,15377,2023-03-12,Smart Meter,Installation,Smart Meter App funktioniert nicht,Negativ,App,Mittel,2023-03-19,90
1506,4702,2023-01-30,Solar,Technisch,Monitoring nicht verfügbar,Negativ,Email,Niedrig,2023-02-08,33
1507,16219,2023-10-09,Solar,Technisch,Einspeisevergütung Frage,Positiv,Chat,Niedrig,2023-10-11,180
1508,13830,2025-04-27,Tarif,Vertrag,Ökostrom Umstellung,Negativ,App,Hoch,2025-04-30,177
1509,3058,2024-12-07,Wärmepumpe,Technisch,Wartung angefragt,Neutral,Chat,Mittel,2024-12-13,140
1510,7771,2023-06-22,Solar,Technisch,Monitoring nicht verfügbar,Negativ,Email,Kritisch,2023-06-26,17
1511,3487,2023-09-19,Allgemein,Service,Informationsanfrage,Neutral,Email,Mittel,2023-09-27,56
1512,10747,2023-03-09,Allgemein,Service,Informationsanfrage,Negativ,App,Mittel,2023-03-22,48
1513,16118,2024-04-24,Solar,Technisch,Wechselrichter Fehler,Neutral,Email,Mittel,2024-05-01,55
1514,2544,2024-02-17,Solar,Technisch,Wechselrichter Fehler,Positiv,Chat,Niedrig,2024-02-26,64
1515,14874,2025-01-17,Rechnung,Abrechnung,Unstimmigkeit in Rechnung,Neutral,App,Mittel,2025-01-23,56
1516,2481,2023-08-11,Wallbox,E-Mobility,Ladekarte Probleme,Neutral,Chat,Mittel,2023-08-25,160
1517,17321,2025-05-21,Wallbox,E-Mobility,Wallbox Installation angefragt,Neutral,Telefon,Niedrig,2025-06-01,127
1518,6030,2024-10-18,Speicher,Technisch,Batteriespeicher Störung,Negativ,Chat,Hoch,2024-10-18,187
1519,2050,2024-03-13,Speicher,Technisch,Kapazität gesunken,Neutral,Email,Niedrig,2024-03-25,103
1520,7907,2023-08-06,Solar,Technisch,Solaranlage produziert nicht,Negativ,App,Mittel,2023-08-20,93
1521,4408,2024-03-10,Speicher,Technisch,Speicher lädt nicht,Negativ,App,Hoch,2024-03-10,120
1522,13368,2025-01-29,Wärmepumpe,Technisch,Wartung angefragt,Negativ,App,Mittel,2025-02-10,180
1523,10024,2025-05-23,Smart Meter,Installation,Smart Meter Ablesung fehlerhaft,Positiv,Telefon,Hoch,2025-05-24,95
1524,9138,2024-01-31,Wärmepumpe,Technisch,Effizienz zu niedrig,Neutral,Chat,Mittel,2024-02-06,168
1525,12058,2024-10-17,Solar,Technisch,Wechselrichter Fehler,Neutral,App,Niedrig,2024-10-31,182
1526,28,2023-11-02,Allgemein,Service,Allgemeine Anfrage,Neutral,Telefon,Niedrig,2023-11-14,40
1527,6083,2025-01-17,Smart Meter,Installation,Smart Meter defekt,Negativ,Chat,Mittel,2025-01-31,188
1528,7097,2024-05-06,Tarif,Vertrag,Ökostrom Umstellung,Positiv,Chat,Niedrig,2024-05-17,97
1529,9646,2023-04-04,Speicher,Technisch,Kapazität gesunken,Neutral,Chat,Mittel,2023-04-04,15
1530,2117,2025-01-09,Rechnung,Abrechnung,Rechnungsfrage,Neutral,Chat,Niedrig,2025-01-11,2
1531,7425,2025-03-01,Tarif,Vertrag,Tarifwechsel angefragt,Neutral,App,Kritisch,2025-03-07,120
1532,16318,2023-05-13,Allgemein,Service,Informationsanfrage,Neutral,Email,Niedrig,2023-05-22,141
1533,10395,2023-01-29,Solar,Technisch,Monitoring nicht verfügbar,Negativ,App,Kritisch,2023-01-30,148
1534,2282,2025-02-15,Rechnung,Abrechnung,Unstimmigkeit in Rechnung,Neutral,Email,Mittel,2025-02-17,4
1535,5591,2025-01-07,Wallbox,E-Mobility,Wallbox Installation angefragt,Neutral,Chat,Mittel,2025-01-21,86
1536,16339,2024-11-14,Smart Meter,Installation,Smart Meter Installation angefragt,Neutral,Telefon,Mittel,2024-11-22,50
1537,10683,2024-04-10,Rechnung,Abrechnung,Unstimmigkeit in Rechnung,Neutral,App,Mittel,2024-04-19,90
1538,313,2023-10-10,Solar,Technisch,Wechselrichter Fehler,Neutral,Telefon,Niedrig,2023-10-13,169
1539,1953,2025-04-05,Speicher,Technisch,Speicher lädt nicht,Negativ,Email,Hoch,2025-04-11,175
1540,16463,2024-07-29,Smart Meter,Installation,Smart Meter App funktioniert nicht,Negativ,Email,Hoch,2024-08-02,75
1541,16616,2024-04-22,Wärmepumpe,Technisch,Fehlercode E01 angezeigt,Positiv,Email,Niedrig,2024-04-24,182
1542,4534,2024-07-14,Rechnung,Abrechnung,Zahlungsplan angefragt,Neutral,App,Mittel,2024-07-19,181
1543,3509,2025-01-17,Tarif,Vertrag,Umzug melden,Positiv,Email,Mittel,2025-01-21,110
1544,6645,2024-02-07,Wärmepumpe,Technisch,Fehlercode E01 angezeigt,Neutral,App,Mittel,2024-02-16,33
1545,718,2023-09-09,Speicher,Technisch,Batteriespeicher Störung,Negativ,Telefon,Hoch,2023-09-12,195
1546,16860,2024-04-06,Rechnung,Abrechnung,Rechnungsfrage,Negativ,App,Niedrig,2024-04-07,131
1547,10263,2024-10-24,Wallbox,E-Mobility,Wallbox defekt,Negativ,App,Hoch,2024-10-24,121
1548,15625,2025-01-07,Wärmepumpe,Technisch,Geräuschentwicklung zu hoch,Neutral,App,Niedrig,2025-01-16,92
1549,4251,2024-06-07,Wallbox,E-Mobility,App-Verbindung unterbrochen,Neutral,Email,Hoch,2024-06-10,155
1550,6447,2024-09-17,Speicher,Technisch,Kapazität gesunken,Negativ,App,Mittel,2024-09-18,129
1551,9298,2023-01-11,Wärmepumpe,Technisch,Wärmepumpe läuft nicht,Negativ,App,Hoch,2023-01-12,62
1552,13124,2024-12-20,Solar,Technisch,Wechselrichter Fehler,Neutral,Chat,Mittel,2025-01-01,177
1553,1619,2023-08-05,Wärmepumpe,Technisch,Fehlercode E01 angezeigt,Neutral,App,Niedrig,2023-08-13,24
1554,2744,2024-10-04,Speicher,Technisch,Batteriespeicher Störung,Negativ,Chat,Kritisch,2024-10-10,66
1555,6734,2024-04-14,Solar,Technisch,Wechselrichter Fehler,Neutral,Chat,Mittel,2024-04-21,103
1556,14427,2023-09-08,Smart Meter,Installation,Smart Meter App funktioniert nicht,Negativ,Telefon,Hoch,2023-09-15,11
1557,5657,2024-07-21,Smart Meter,Installation,Smart Meter zeigt keine Daten,Neutral,Email,Mittel,2024-07-23,120
1558,19031,2024-01-19,Speicher,Technisch,Speicher lädt nicht,Negativ,Chat,Mittel,2024-01-29,70
1559,18805,2025-03-28,Allgemein,Service,Informationsanfrage,Negativ,App,Hoch,2025-03-30,52
1560,13119,2024-12-10,Tarif,Vertrag,Vertragsverlängerung,Neutral,App,Mittel,2024-12-13,187
1561,11459,2024-09-08,Allgemein,Service,Lob,Positiv,Telefon,Niedrig,2024-09-21,177
1562,501,2024-07-22,Solar,Technisch,Solaranlage Ertrag niedrig,Neutral,App,Mittel,2024-08-03,19
1563,5441,2024-12-24,Wärmepumpe,Technisch,Effizienz zu niedrig,Neutral,Email,Hoch,2024-12-26,160
1564,7956,2025-03-27,Wallbox,E-Mobility,Wallbox lädt nicht,Negativ,Telefon,Mittel,2025-04-09,23
1565,17932,2024-05-06,Smart Meter,Installation,Smart Meter defekt,Negativ,Chat,Kritisch,2024-05-11,28
1566,3301,2024-03-26,Rechnung,Abrechnung,Abschlag zu hoch,Positiv,App,Mittel,2024-04-02,100
1567,5652,2025-03-25,Wärmepumpe,Technisch,Wartung angefragt,Neutral,Email,Mittel,2025-04-06,94
1568,102,2024-01-09,Speicher,Technisch,Speicher lädt nicht,Negativ,Telefon,Kritisch,2024-01-14,66
1569,3442,2024-01-02,Allgemein,Service,Kontaktdaten ändern,Neutral,Chat,Mittel,2024-01-06,160
1570,16074,2023-10-22,Rechnung,Abrechnung,Rechnungsfrage,Neutral,Telefon,Niedrig,2023-10-27,39
1571,14588,2025-01-26,Speicher,Technisch,Speicher lädt nicht,Negativ,App,Hoch,2025-02-01,91
1572,8395,2024-10-16,Rechnung,Abrechnung,Gutschrift angefragt,Positiv,Chat,Niedrig,2024-10-25,109
1573,17811,2024-09-03,Tarif,Vertrag,Kündigung,Negativ,Telefon,Mittel,2024-09-03,20
1574,1512,2025-04-13,Wärmepumpe,Technisch,Effizienz zu niedrig,Negativ,Email,Niedrig,2025-04-24,30
1575,5572,2023-02-09,Speicher,Technisch,Batteriespeicher Störung,Negativ,Chat,Hoch,2023-02-09,4
1576,14235,2025-06-20,Smart Meter,Installation,Smart Meter zeigt keine Daten,Neutral,Chat,Mittel,2025-06-21,11
1577,9771,2023-02-06,Speicher,Technisch,Batteriespeicher Störung,Negativ,Telefon,Hoch,2023-02-11,180
1578,11292,2025-06-21,Rechnung,Abrechnung,Unstimmigkeit in Rechnung,Neutral,Telefon,Mittel,2025-06-27,130
1579,19566,2025-01-24,Rechnung,Abrechnung,Rechnungsfrage,Neutral,Telefon,Mittel,2025-01-29,104
1580,15199,2025-03-20,Tarif,Vertrag,Umzug melden,Neutral,Telefon,Niedrig,2025-03-30,189
1581,8132,2023-09-29,Tarif,Vertrag,Vertragsverlängerung,Negativ,Telefon,Mittel,2023-10-09,1
1582,3545,2024-09-26,Allgemein,Service,Lob,Positiv,Email,Niedrig,2024-09-30,31
1583,1940,2024-11-19,Wallbox,E-Mobility,Ladekarte Probleme,Neutral,App,Mittel,2024-11-29,18
1584,15263,2023-11-02,Wallbox,E-Mobility,Ladekarte Probleme,Negativ,Email,Mittel,2023-11-14,95
1585,17666,2023-09-18,Solar,Technisch,Solaranlage Ertrag niedrig,Neutral,Chat,Niedrig,2023-09-30,132
1586,3137,2024-03-27,Rechnung,Abrechnung,Unstimmigkeit in Rechnung,Neutral,App,Mittel,2024-03-27,103
1587,6675,2025-01-19,Solar,Technisch,Solaranlage Ertrag niedrig,Neutral,Email,Mittel,2025-01-30,97
1588,9958,2024-03-05,Smart Meter,Installation,Smart Meter Installation angefragt,Neutral,Telefon,Mittel,2024-03-11,6
1589,6591,2023-05-03,Rechnung,Abrechnung,Zahlungsplan angefragt,Neutral,Telefon,Mittel,2023-05-14,25
1590,10925,2025-06-14,Wärmepumpe,Technisch,Effizienz zu niedrig,Negativ,App,Mittel,2025-06-15,59
1591,11651,2024-03-20,Wärmepumpe,Technisch,Effizienz zu niedrig,Positiv,App,Niedrig,2024-04-01,162
1592,12761,2024-10-10,Smart Meter,Installation,Smart Meter App funktioniert nicht,Negativ,App,Mittel,2024-10-10,172
1593,15179,2023-03-23,Smart Meter,Installation,Smart Meter Installation angefragt,Neutral,Email,Kritisch,2023-03-27,48
1594,1228,2023-06-22,Allgemein,Service,Kontaktdaten ändern,Negativ,Email,Niedrig,2023-06-22,9
1595,8895,2023-11-05,Tarif,Vertrag,Vertragsverlängerung,Positiv,Email,Mittel,2023-11-19,165
1596,12235,2024-07-06,Wärmepumpe,Technisch,Effizienz zu niedrig,Neutral,Chat,Mittel,2024-07-18,128
1597,9815,2025-01-25,Solar,Technisch,Wechselrichter Fehler,Neutral,Chat,Mittel,2025-01-31,127
1598,10171,2025-06-29,Tarif,Vertrag,Tarifwechsel angefragt,Neutral,Telefon,Niedrig,2025-07-12,175
1599,13678,2024-01-16,Tarif,Vertrag,Kündigung,Neutral,App,Mittel,2024-01-24,171
1600,2183,2023-08-09,Speicher,Technisch,Speicher lädt nicht,Negativ,Email,Hoch,2023-08-12,137
1601,564,2023-06-23,Wärmepumpe,Technisch,Fehlercode E01 angezeigt,Neutral,Email,Niedrig,2023-06-26,177
1602,10168,2025-01-31,Wallbox,E-Mobility,Wallbox lädt nicht,Negativ,Chat,Hoch,2025-02-04,100
1603,763,2025-01-07,Speicher,Technisch,Batteriespeicher Störung,Negativ,Email,Hoch,2025-01-10,96
1604,5004,2024-09-18,Allgemein,Service,Allgemeine Anfrage,Neutral,Telefon,Mittel,2024-09-23,191
1605,1591,2023-07-20,Smart Meter,Installation,Smart Meter App funktioniert nicht,Negativ,Chat,Hoch,2023-07-20,62
1606,3347,2024-11-02,Tarif,Vertrag,Kündigung,Negativ,Email,Hoch,2024-11-08,5
1607,14795,2024-09-12,Rechnung,Abrechnung,Rechnungsfrage,Neutral,Chat,Mittel,2024-09-20,192
1608,19694,2024-07-20,Rechnung,Abrechnung,Abschlag anpassen,Negativ,Chat,Mittel,2024-07-30,65
1609,8280,2023-08-31,Wallbox,E-Mobility,Ladekarte Probleme,Neutral,Telefon,Mittel,2023-09-04,69
1610,16638,2023-08-28,Solar,Technisch,Solaranlage Ertrag niedrig,Neutral,Telefon,Niedrig,2023-09-11,116
1611,8513,2024-09-14,Smart Meter,Installation,Smart Meter Installation angefragt,Neutral,Chat,Mittel,2024-09-19,20
1612,11620,2023-02-12,Wallbox,E-Mobility,Wallbox defekt,Negativ,Email,Mittel,2023-02-14,31
1613,11022,2024-11-02,Solar,Technisch,Wechselrichter Fehler,Negativ,Email,Niedrig,2024-11-06,71
1614,7204,2023-02-15,Allgemein,Service,Allgemeine Anfrage,Neutral,App,Mittel,2023-02-18,43
1615,9938,2023-10-08,Wärmepumpe,Technisch,Wartung angefragt,Neutral,Email,Mittel,2023-10-17,130
1616,3432,2023-08-12,Wärmepumpe,Technisch,Wartung angefragt,Neutral,Telefon,Niedrig,2023-08-25,161
1617,19158,2023-09-16,Smart Meter,Installation,Smart Meter defekt,Negativ,Email,Mittel,2023-09-17,51
1618,3946,2023-07-10,Allgemein,Service,Lob,Positiv,Email,Niedrig,2023-07-16,166
1619,7077,2023-10-21,Solar,Technisch,Wechselrichter Fehler,Neutral,Email,Mittel,2023-10-29,110
1620,3986,2024-10-28,Rechnung,Abrechnung,Abschlag anpassen,Neutral,App,Mittel,2024-11-03,105
1621,18398,2024-12-20,Tarif,Vertrag,Kündigung,Neutral,Email,Mittel,2024-12-31,153
1622,2752,2024-09-22,Tarif,Vertrag,Vertragsverlängerung,Positiv,Chat,Mittel,2024-09-29,2
1623,4185,2024-06-13,Wärmepumpe,Technisch,Wartung angefragt,Neutral,Telefon,Niedrig,2024-06-14,117
1624,3752,2023-06-14,Wallbox,E-Mobility,Ladekarte Probleme,Neutral,App,Mittel,2023-06-14,33
1625,18274,2023-01-10,Allgemein,Service,Allgemeine Anfrage,Neutral,App,Mittel,2023-01-16,92
1626,3015,2024-11-29,Wärmepumpe,Technisch,Wartung angefragt,Negativ,Telefon,Mittel,2024-12-05,167
1627,7828,2025-04-23,Wallbox,E-Mobility,Wallbox Installation angefragt,Neutral,Telefon,Hoch,2025-04-26,135
1628,16321,2025-02-11,Allgemein,Service,Beschwerde,Negativ,Telefon,Kritisch,2025-02-12,101
1629,13242,2025-06-23,Speicher,Technisch,Batteriespeicher Störung,Negativ,Telefon,Hoch,2025-06-28,12
1630,7390,2025-05-01,Solar,Technisch,Monitoring nicht verfügbar,Negativ,App,Hoch,2025-05-01,160
1631,2284,2025-02-07,Wallbox,E-Mobility,Wallbox defekt,Negativ,App,Hoch,2025-02-07,47
1632,10057,2023-05-30,Wärmepumpe,Technisch,Fehlercode E01 angezeigt,Neutral,Chat,Niedrig,2023-06-13,79
1633,19168,2024-12-10,Rechnung,Abrechnung,Abschlag zu hoch,Negativ,Email,Mittel,2024-12-21,147
1634,17353,2025-05-15,Wallbox,E-Mobility,Wallbox lädt nicht,Negativ,Chat,Mittel,2025-05-21,21
1635,3605,2024-02-25,Speicher,Technisch,Kapazität gesunken,Neutral,App,Niedrig,2024-03-09,28
1636,19322,2023-03-08,Allgemein,Service,Allgemeine Anfrage,Negativ,Chat,Hoch,2023-03-13,9
1637,12591,2024-04-21,Tarif,Vertrag,Vertragsverlängerung,Neutral,Telefon,Niedrig,2024-04-30,120
1638,12106,2025-01-30,Allgemein,Service,Kontaktdaten ändern,Negativ,Email,Mittel,2025-02-02,5
1639,10270,2024-11-25,Rechnung,Abrechnung,Gutschrift angefragt,Neutral,Email,Mittel,2024-12-06,187
1640,17587,2024-05-18,Smart Meter,Installation,Smart Meter Ablesung fehlerhaft,Neutral,Telefon,Niedrig,2024-05-31,179
1641,12363,2024-01-29,Smart Meter,Installation,Smart Meter defekt,Negativ,App,Kritisch,2024-02-03,69
1642,1000,2023-03-09,Wärmepumpe,Technisch,Wärmepumpe Störung,Negativ,Telefon,Hoch,2023-03-14,3
1643,14496,2023-02-22,Smart Meter,Installation,Smart Meter App funktioniert nicht,Negativ,Email,Hoch,2023-02-23,60
1644,19068,2023-03-18,Rechnung,Abrechnung,Abschlag anpassen,Neutral,App,Mittel,2023-03-27,91
1645,17343,2024-03-21,Smart Meter,Installation,Smart Meter defekt,Negativ,Telefon,Mittel,2024-03-28,197
1646,12988,2023-02-06,Rechnung,Abrechnung,Gutschrift angefragt,Neutral,App,Niedrig,2023-02-11,170
1647,16974,2024-11-01,Speicher,Technisch,Speicher lädt nicht,Negativ,Chat,Hoch,2024-11-07,62
1648,7684,2023-05-28,Speicher,Technisch,Batteriespeicher Störung,Negativ,Telefon,Mittel,2023-05-31,181
1649,19081,2025-01-16,Tarif,Vertrag,Vertragsverlängerung,Negativ,App,Hoch,2025-01-20,17
1650,4164,2023-04-17,Tarif,Vertrag,Ökostrom Umstellung,Negativ,Chat,Mittel,2023-04-28,59
1651,16239,2023-07-16,Rechnung,Abrechnung,Gutschrift angefragt,Positiv,App,Niedrig,2023-07-19,132
1652,4900,2023-04-13,Wallbox,E-Mobility,App-Verbindung unterbrochen,Positiv,App,Hoch,2023-04-18,19
1653,10443,2024-06-13,Rechnung,Abrechnung,Gutschrift angefragt,Neutral,Telefon,Mittel,2024-06-15,49
1654,4016,2024-05-09,Allgemein,Service,Beschwerde,Negativ,Telefon,Mittel,2024-05-15,14
1655,17042,2023-01-11,Rechnung,Abrechnung,Gutschrift angefragt,Neutral,Telefon,Mittel,2023-01-18,82
1656,1374,2023-10-19,Solar,Technisch,Monitoring nicht verfügbar,Negativ,Email,Mittel,2023-10-24,53
1657,18320,2025-01-29,Wärmepumpe,Technisch,Effizienz zu niedrig,Neutral,Telefon,Niedrig,2025-02-12,21
1658,2170,2023-08-04,Wallbox,E-Mobility,Wallbox defekt,Negativ,App,Hoch,2023-08-08,27
1659,8802,2023-03-05,Wallbox,E-Mobility,Wallbox defekt,Negativ,Chat,Kritisch,2023-03-10,41
1660,15555,2025-04-25,Allgemein,Service,Beschwerde,Negativ,Email,Hoch,2025-05-02,166
1661,7295,2024-12-27,Speicher,Technisch,Batteriespeicher Störung,Negativ,App,Niedrig,2025-01-03,184
1662,13310,2025-03-02,Solar,Technisch,Monitoring nicht verfügbar,Negativ,App,Mittel,2025-03-07,69
1663,4810,2023-07-12,Wallbox,E-Mobility,Wallbox lädt nicht,Negativ,App,Hoch,2023-07-12,40
1664,2377,2024-10-26,Smart Meter,Installation,Smart Meter Installation angefragt,Neutral,Telefon,Niedrig,2024-11-03,156
1665,1138,2025-01-19,Wärmepumpe,Technisch,Wärmepumpe Störung,Negativ,App,Mittel,2025-01-27,184
1666,19166,2023-04-06,Speicher,Technisch,Speicher lädt nicht,Negativ,Email,Hoch,2023-04-10,156
1667,832,2023-03-27,Speicher,Technisch,Speicher lädt nicht,Negativ,App,Hoch,2023-03-29,104
1668,11128,2023-08-27,Allgemein,Service,Lob,Positiv,Email,Niedrig,2023-09-03,120
1669,4614,2024-06-16,Smart Meter,Installation,Smart Meter Ablesung fehlerhaft,Neutral,Chat,Hoch,2024-06-23,72
1670,6101,2024-09-07,Smart Meter,Installation,Smart Meter zeigt keine Daten,Neutral,Email,Mittel,2024-09-11,2
1671,8154,2024-09-09,Rechnung,Abrechnung,Abschlag zu hoch,Neutral,App,Mittel,2024-09-12,131
1672,2968,2023-05-23,Rechnung,Abrechnung,Rechnungsfrage,Negativ,Telefon,Mittel,2023-06-06,79
1673,10870,2024-07-16,Solar,Technisch,Wechselrichter Fehler,Neutral,Email,Niedrig,2024-07-16,5
1674,761,2023-04-02,Solar,Technisch,Einspeisevergütung Frage,Negativ,Telefon,Mittel,2023-04-03,169
1675,7888,2023-04-03,Speicher,Technisch,Kapazität gesunken,Negativ,Telefon,Niedrig,2023-04-04,103
1676,17771,2025-03-31,Wallbox,E-Mobility,App-Verbindung unterbrochen,Neutral,Telefon,Hoch,2025-04-05,73
1677,3940,2024-10-20,Allgemein,Service,Kontaktdaten ändern,Neutral,App,Mittel,2024-10-21,102
1678,166,2024-11-05,Smart Meter,Installation,Smart Meter Ablesung fehlerhaft,Positiv,Chat,Niedrig,2024-11-17,60
1679,15502,2023-06-10,Wärmepumpe,Technisch,Effizienz zu niedrig,Neutral,Chat,Niedrig,2023-06-11,161
1680,16251,2023-01-04,Wärmepumpe,Technisch,Wärmepumpe läuft nicht,Negativ,Chat,Kritisch,2023-01-07,32
1681,6551,2024-01-31,Solar,Technisch,Einspeisevergütung Frage,Neutral,Telefon,Mittel,2024-02-11,82
1682,11796,2023-11-13,Wärmepumpe,Technisch,Wärmepumpe Störung,Negativ,App,Hoch,2023-11-16,8
1683,8097,2025-03-18,Rechnung,Abrechnung,Abschlag anpassen,Neutral,Email,Mittel,2025-03-26,150
1684,9853,2024-08-08,Rechnung,Abrechnung,Abschlag zu hoch,Neutral,Telefon,Hoch,2024-08-11,194
1685,7951,2024-03-21,Allgemein,Service,Allgemeine Anfrage,Positiv,App,Kritisch,2024-03-26,3
1686,18817,2025-05-11,Solar,Technisch,Einspeisevergütung Frage,Neutral,Telefon,Niedrig,2025-05-23,79
1687,14059,2025-01-02,Wallbox,E-Mobility,Wallbox Installation angefragt,Neutral,Chat,Mittel,2025-01-02,72
1688,18509,2024-07-11,Wärmepumpe,Technisch,Wärmepumpe läuft nicht,Negativ,Email,Hoch,2024-07-12,13
1689,6301,2024-06-19,Speicher,Technisch,Batteriespeicher Störung,Negativ,Email,Hoch,2024-06-24,69
1690,18156,2024-03-13,Speicher,Technisch,Kapazität gesunken,Neutral,Chat,Niedrig,2024-03-26,87
1691,11016,2024-05-20,Solar,Technisch,Monitoring nicht verfügbar,Negativ,App,Mittel,2024-05-25,6
1692,15285,2024-11-21,Allgemein,Service,Lob,Positiv,App,Niedrig,2024-11-24,115
1693,2322,2024-01-08,Rechnung,Abrechnung,Abschlag zu hoch,Negativ,Email,Mittel,2024-01-21,192
1694,4507,2023-12-17,Smart Meter,Installation,Smart Meter App funktioniert nicht,Negativ,Email,Hoch,2023-12-22,101
1695,9081,2023-09-17,Smart Meter,Installation,Smart Meter App funktioniert nicht,Negativ,Chat,Hoch,2023-09-23,48
1696,7678,2024-01-16,Wärmepumpe,Technisch,Fehlercode E01 angezeigt,Positiv,Telefon,Niedrig,2024-01-23,94
1697,17570,2023-09-12,Allgemein,Service,Lob,Positiv,Chat,Niedrig,2023-09-24,28
1698,17533,2023-08-28,Tarif,Vertrag,Ökostrom Umstellung,Positiv,Email,Mittel,2023-09-05,101
1699,16295,2024-08-07,Speicher,Technisch,Batteriespeicher Störung,Negativ,Chat,Hoch,2024-08-11,144
1700,16590,2024-07-26,Wallbox,E-Mobility,Wallbox Installation angefragt,Neutral,App,Niedrig,2024-07-28,172
1701,6740,2024-04-30,Wallbox,E-Mobility,App-Verbindung unterbrochen,Positiv,App,Mittel,2024-05-13,102
1702,189,2024-06-07,Tarif,Vertrag,Tarifwechsel angefragt,Neutral,App,Mittel,2024-06-16,47
1703,15436,2025-06-08,Wärmepumpe,Technisch,Wartung angefragt,Neutral,Telefon,Hoch,2025-06-13,84
1704,17719,2024-04-05,Rechnung,Abrechnung,Zahlungsplan angefragt,Neutral,Chat,Hoch,2024-04-07,135
1705,13696,2023-10-11,Wärmepumpe,Technisch,Effizienz zu niedrig,Neutral,Email,Niedrig,2023-10-23,124
1706,7261,2024-01-04,Wärmepumpe,Technisch,Fehlercode E01 angezeigt,Neutral,Telefon,Mittel,2024-01-12,155
1707,9734,2023-06-19,Solar,Technisch,Solaranlage Ertrag niedrig,Neutral,App,Mittel,2023-07-02,122
1708,17752,2024-12-17,Allgemein,Service,Allgemeine Anfrage,Neutral,App,Mittel,2024-12-27,181
1709,13712,2023-09-20,Allgemein,Service,Informationsanfrage,Neutral,App,Niedrig,2023-10-04,195
1710,6298,2025-03-10,Rechnung,Abrechnung,Gutschrift angefragt,Neutral,Chat,Mittel,2025-03-12,63
1711,4694,2024-09-14,Solar,Technisch,Monitoring nicht verfügbar,Negativ,App,Hoch,2024-09-19,66
1712,11886,2023-05-17,Wärmepumpe,Technisch,Effizienz zu niedrig,Neutral,Email,Mittel,2023-05-19,100
1713,16839,2023-09-17,Wallbox,E-Mobility,Ladekarte Probleme,Negativ,Telefon,Mittel,2023-10-01,145
1714,7634,2023-01-28,Wallbox,E-Mobility,Wallbox lädt nicht,Negativ,App,Hoch,2023-02-02,17
1715,3132,2023-03-16,Wärmepumpe,Technisch,Effizienz zu niedrig,Negativ,Email,Mittel,2023-03-22,20
1716,228,2024-05-16,Wallbox,E-Mobility,Ladekarte Probleme,Positiv,Email,Mittel,2024-05-18,113
1717,5979,2023-07-04,Rechnung,Abrechnung,Abschlag zu hoch,Neutral,Telefon,Mittel,2023-07-12,179
1718,16104,2024-10-30,Wallbox,E-Mobility,Wallbox defekt,Negativ,App,Mittel,2024-11-11,102
1719,331,2023-02-26,Speicher,Technisch,Kapazität gesunken,Negativ,App,Mittel,2023-03-05,133
1720,3828,2023-05-13,Solar,Technisch,Einspeisevergütung Frage,Neutral,App,Mittel,2023-05-14,42
1721,11791,2024-03-11,Wärmepumpe,Technisch,Fehlercode E01 angezeigt,Neutral,Email,Niedrig,2024-03-19,32
1722,3615,2023-04-20,Smart Meter,Installation,Smart Meter App funktioniert nicht,Negativ,App,Kritisch,2023-04-24,195
1723,7510,2024-09-19,Smart Meter,Installation,Smart Meter Ablesung fehlerhaft,Neutral,Email,Hoch,2024-09-19,160
1724,191,2024-03-15,Tarif,Vertrag,Umzug melden,Neutral,Telefon,Mittel,2024-03-16,157
1725,10219,2024-02-03,Smart Meter,Installation,Smart Meter defekt,Negativ,App,Mittel,2024-02-14,61
1726,18625,2024-10-12,Rechnung,Abrechnung,Abschlag zu hoch,Neutral,Telefon,Mittel,2024-10-17,113
1727,19836,2023-02-25,Speicher,Technisch,Speicher lädt nicht,Negativ,Email,Hoch,2023-03-03,2
1728,14120,2025-02-01,Wärmepumpe,Technisch,Effizienz zu niedrig,Positiv,Chat,Niedrig,2025-02-09,149
1729,10733,2023-01-23,Allgemein,Service,Kontaktdaten ändern,Neutral,App,Mittel,2023-02-05,87
1730,5131,2025-03-29,Solar,Technisch,Einspeisevergütung Frage,Neutral,App,Mittel,2025-04-12,193
1731,18878,2023-02-20,Smart Meter,Installation,Smart Meter defekt,Negativ,Telefon,Mittel,2023-02-25,26
1732,7515,2024-04-11,Solar,Technisch,Monitoring nicht verfügbar,Negativ,Telefon,Kritisch,2024-04-13,121
1733,14540,2023-06-20,Tarif,Vertrag,Vertragsverlängerung,Negativ,App,Hoch,2023-06-22,38
1734,18232,2025-03-23,Rechnung,Abrechnung,Rechnungsfrage,Neutral,App,Hoch,2025-03-25,189
1735,15754,2024-08-19,Smart Meter,Installation,Smart Meter zeigt keine Daten,Negativ,App,Mittel,2024-08-19,7
1736,19619,2024-11-20,Tarif,Vertrag,Kündigung,Negativ,Email,Niedrig,2024-12-03,43
1737,16447,2023-02-02,Tarif,Vertrag,Vertragsverlängerung,Neutral,Telefon,Hoch,2023-02-06,102
1738,2298,2025-05-16,Wallbox,E-Mobility,App-Verbindung unterbrochen,Neutral,Telefon,Mittel,2025-05-30,133
1739,4995,2023-12-12,Smart Meter,Installation,Smart Meter Installation angefragt,Positiv,Email,Mittel,2023-12-16,45
1740,325,2025-05-10,Smart Meter,Installation,Smart Meter App funktioniert nicht,Negativ,Email,Hoch,2025-05-12,75
1741,5655,2023-10-06,Rechnung,Abrechnung,Rechnungsfrage,Neutral,Chat,Mittel,2023-10-11,12
1742,10821,2024-09-28,Speicher,Technisch,Kapazität gesunken,Neutral,Email,Mittel,2024-10-06,177
1743,4086,2024-08-14,Rechnung,Abrechnung,Gutschrift angefragt,Negativ,Chat,Hoch,2024-08-15,197
1744,6155,2023-03-01,Rechnung,Abrechnung,Zahlungsplan angefragt,Neutral,Email,Niedrig,2023-03-06,93
1745,7748,2024-12-28,Wallbox,E-Mobility,Wallbox defekt,Negativ,App,Hoch,2025-01-01,165
1746,932,2023-11-10,Allgemein,Service,Beschwerde,Negativ,Email,Hoch,2023-11-15,71
1747,6541,2025-04-13,Wärmepumpe,Technisch,Wärmepumpe Störung,Negativ,Email,Niedrig,2025-04-20,104
1748,18923,2025-04-30,Wärmepumpe,Technisch,Wartung angefragt,Positiv,Email,Niedrig,2025-05-03,142
1749,585,2024-07-15,Wallbox,E-Mobility,Wallbox Installation angefragt,Neutral,Email,Mittel,2024-07-26,143
1750,10810,2023-11-07,Speicher,Technisch,Speicher lädt nicht,Negativ,Chat,Kritisch,2023-11-13,10
1751,11954,2025-02-04,Wärmepumpe,Technisch,Effizienz zu niedrig,Negativ,Telefon,Mittel,2025-02-06,194
1752,17108,2024-02-04,Wärmepumpe,Technisch,Effizienz zu niedrig,Neutral,App,Mittel,2024-02-16,194
1753,19142,2023-01-18,Rechnung,Abrechnung,Unstimmigkeit in Rechnung,Neutral,App,Hoch,2023-01-20,29
1754,4254,2023-07-30,Rechnung,Abrechnung,Zahlungsplan angefragt,Neutral,App,Kritisch,2023-08-03,150
1755,17480,2023-03-20,Tarif,Vertrag,Preisgarantie Frage,Neutral,Email,Mittel,2023-03-20,105
1756,12602,2025-02-09,Tarif,Vertrag,Vertragsverlängerung,Neutral,Email,Mittel,2025-02-20,118
1757,14212,2023-03-24,Smart Meter,Installation,Smart Meter Installation angefragt,Neutral,Chat,Mittel,2023-04-05,66
1758,5458,2023-01-08,Allgemein,Service,Allgemeine Anfrage,Negativ,Telefon,Kritisch,2023-01-08,25
1759,14243,2023-03-25,Smart Meter,Installation,Smart Meter App funktioniert nicht,Negativ,Telefon,Kritisch,2023-03-28,175
1760,9150,2024-06-22,Smart Meter,Installation,Smart Meter Ablesung fehlerhaft,Neutral,Email,Hoch,2024-06-23,187
1761,10695,2024-03-25,Wärmepumpe,Technisch,Effizienz zu niedrig,Positiv,Email,Mittel,2024-04-08,68
1762,16982,2024-06-20,Speicher,Technisch,Batteriespeicher Störung,Negativ,Chat,Hoch,2024-06-22,44
1763,2344,2023-08-12,Smart Meter,Installation,Smart Meter defekt,Negativ,App,Mittel,2023-08-22,80
1764,3253,2023-10-06,Wärmepumpe,Technisch,Fehlercode E01 angezeigt,Negativ,App,Niedrig,2023-10-07,91
1765,17601,2023-12-05,Wallbox,E-Mobility,Wallbox lädt nicht,Negativ,App,Kritisch,2023-12-11,54
1766,11180,2024-10-08,Wärmepumpe,Technisch,Effizienz zu niedrig,Neutral,App,Mittel,2024-10-14,96
1767,10726,2024-03-17,Wärmepumpe,Technisch,Geräuschentwicklung zu hoch,Positiv,Chat,Niedrig,2024-03-30,37
1768,1254,2023-12-22,Wallbox,E-Mobility,Wallbox defekt,Negativ,Email,Mittel,2024-01-05,146
1769,10399,2023-07-15,Solar,Technisch,Solaranlage Ertrag niedrig,Neutral,Email,Niedrig,2023-07-28,58
1770,18548,2024-11-20,Speicher,Technisch,Kapazität gesunken,Neutral,Telefon,Mittel,2024-11-25,200
1771,17842,2024-04-03,Tarif,Vertrag,Preisgarantie Frage,Positiv,Email,Mittel,2024-04-16,20
1772,7074,2024-05-22,Smart Meter,Installation,Smart Meter App funktioniert nicht,Negativ,App,Hoch,2024-05-24,27
1773,17008,2025-05-07,Wärmepumpe,Technisch,Wärmepumpe läuft nicht,Negativ,Email,Mittel,2025-05-11,84
1774,9154,2025-01-26,Wärmepumpe,Technisch,Wärmepumpe Störung,Negativ,App,Hoch,2025-01-26,77
1775,4410,2024-11-07,Wärmepumpe,Technisch,Geräuschentwicklung zu hoch,Positiv,Email,Mittel,2024-11-13,56
1776,14227,2023-09-25,Solar,Technisch,Wechselrichter Fehler,Positiv,Email,Hoch,2023-09-29,60
1777,3507,2025-05-31,Smart Meter,Installation,Smart Meter Installation angefragt,Negativ,Telefon,Mittel,2025-06-01,13
1778,3142,2024-12-08,Speicher,Technisch,Batteriespeicher Störung,Negativ,Telefon,Mittel,2024-12-08,96
1779,17624,2023-08-02,Solar,Technisch,Einspeisevergütung Frage,Neutral,App,Mittel,2023-08-16,105
1780,15985,2024-07-01,Rechnung,Abrechnung,Abschlag anpassen,Neutral,Telefon,Niedrig,2024-07-15,109
1781,13594,2024-09-29,Allgemein,Service,Allgemeine Anfrage,Neutral,Telefon,Niedrig,2024-10-01,179
1782,6689,2023-08-29,Wärmepumpe,Technisch,Geräuschentwicklung zu hoch,Neutral,App,Mittel,2023-09-07,168
1783,8779,2024-08-18,Speicher,Technisch,Speicher lädt nicht,Negativ,App,Mittel,2024-08-24,112
1784,10294,2023-02-06,Speicher,Technisch,Kapazität gesunken,Negativ,Email,Mittel,2023-02-08,172
1785,8149,2023-11-07,Wallbox,E-Mobility,Wallbox Installation angefragt,Positiv,Email,Mittel,2023-11-16,9
1786,17510,2023-04-02,Wärmepumpe,Technisch,Geräuschentwicklung zu hoch,Neutral,Telefon,Niedrig,2023-04-05,154
1787,13587,2025-02-11,Speicher,Technisch,Kapazität gesunken,Negativ,App,Mittel,2025-02-21,121
1788,8874,2025-02-15,Rechnung,Abrechnung,Abschlag zu hoch,Negativ,Email,Mittel,2025-02-21,188
1789,17763,2024-06-17,Rechnung,Abrechnung,Abschlag anpassen,Neutral,Chat,Niedrig,2024-07-01,199
1790,16830,2025-04-12,Allgemein,Service,Allgemeine Anfrage,Neutral,Chat,Niedrig,2025-04-20,40
1791,18212,2025-01-15,Smart Meter,Installation,Smart Meter defekt,Negativ,Chat,Hoch,2025-01-20,46
1792,15044,2024-11-25,Smart Meter,Installation,Smart Meter Ablesung fehlerhaft,Neutral,App,Mittel,2024-11-26,182
1793,9513,2024-06-18,Wärmepumpe,Technisch,Effizienz zu niedrig,Neutral,App,Mittel,2024-06-30,89
1794,446,2024-10-27,Solar,Technisch,Solaranlage produziert nicht,Negativ,Telefon,Hoch,2024-10-27,164
1795,5767,2023-12-20,Allgemein,Service,Kontaktdaten ändern,Neutral,Email,Hoch,2023-12-24,176
1796,1702,2024-08-27,Wärmepumpe,Technisch,Effizienz zu niedrig,Neutral,Chat,Hoch,2024-08-29,68
1797,19424,2023-10-07,Wärmepumpe,Technisch,Geräuschentwicklung zu hoch,Positiv,App,Niedrig,2023-10-18,64
1798,19168,2025-05-21,Solar,Technisch,Monitoring nicht verfügbar,Negativ,Chat,Hoch,2025-05-25,69
1799,10064,2023-07-10,Solar,Technisch,Wechselrichter Fehler,Neutral,Chat,Hoch,2023-07-14,142
1800,19578,2025-01-18,Wärmepumpe,Technisch,Wartung angefragt,Neutral,Email,Niedrig,2025-01-31,103
1801,4824,2024-03-22,Wallbox,E-Mobility,Wallbox lädt nicht,Negativ,Email,Hoch,2024-03-22,183
1802,9425,2023-04-11,Smart Meter,Installation,Smart Meter Installation angefragt,Neutral,Telefon,Hoch,2023-04-13,144
1803,17599,2025-05-25,Wärmepumpe,Technisch,Effizienz zu niedrig,Neutral,App,Mittel,2025-06-05,166
1804,1178,2024-07-24,Smart Meter,Installation,Smart Meter Installation angefragt,Neutral,Telefon,Niedrig,2024-07-30,188
1805,7457,2023-03-01,Tarif,Vertrag,Preisgarantie Frage,Neutral,App,Mittel,2023-03-15,120
1806,4399,2023-10-17,Tarif,Vertrag,Ökostrom Umstellung,Neutral,Telefon,Hoch,2023-10-23,54
1807,4155,2023-01-06,Allgemein,Service,Beschwerde,Negativ,App,Mittel,2023-01-06,99
1808,10525,2024-10-14,Wärmepumpe,Technisch,Wartung angefragt,Negativ,Chat,Hoch,2024-10-21,122
1809,17579,2025-05-04,Wallbox,E-Mobility,Wallbox Installation angefragt,Neutral,Email,Hoch,2025-05-06,69
1810,12351,2023-11-18,Rechnung,Abrechnung,Abschlag anpassen,Neutral,Email,Mittel,2023-11-26,59
1811,17631,2025-02-22,Wallbox,E-Mobility,Ladekarte Probleme,Neutral,Chat,Mittel,2025-03-02,100
1812,11085,2023-01-05,Speicher,Technisch,Speicher lädt nicht,Negativ,App,Kritisch,2023-01-08,31
1813,16328,2023-09-14,Wallbox,E-Mobility,Wallbox lädt nicht,Negativ,Telefon,Kritisch,2023-09-15,127
1814,7096,2023-06-10,Rechnung,Abrechnung,Abschlag anpassen,Positiv,Telefon,Mittel,2023-06-14,145
1815,983,2024-08-10,Solar,Technisch,Wechselrichter Fehler,Neutral,App,Mittel,2024-08-13,186
1816,9628,2023-07-15,Rechnung,Abrechnung,Zahlungsplan angefragt,Neutral,Chat,Mittel,2023-07-15,24
1817,4712,2025-03-13,Tarif,Vertrag,Kündigung,Negativ,Email,Mittel,2025-03-25,198
1818,8350,2023-05-15,Allgemein,Service,Beschwerde,Negativ,App,Hoch,2023-05-20,135
1819,669,2024-07-04,Tarif,Vertrag,Kündigung,Neutral,Email,Mittel,2024-07-05,29
1820,383,2024-02-08,Wallbox,E-Mobility,Ladekarte Probleme,Negativ,Email,Mittel,2024-02-21,99
1821,12893,2023-03-05,Allgemein,Service,Allgemeine Anfrage,Neutral,App,Mittel,2023-03-15,122
1822,10191,2023-12-11,Speicher,Technisch,Speicher lädt nicht,Negativ,Email,Kritisch,2023-12-17,130
1823,15786,2025-03-19,Smart Meter,Installation,Smart Meter Ablesung fehlerhaft,Neutral,Email,Mittel,2025-03-31,42
1824,16569,2024-07-09,Allgemein,Service,Allgemeine Anfrage,Neutral,Chat,Mittel,2024-07-19,107
1825,9495,2023-05-18,Wärmepumpe,Technisch,Wärmepumpe Störung,Negativ,Email,Kritisch,2023-05-18,51
1826,10640,2023-01-15,Solar,Technisch,Solaranlage produziert nicht,Negativ,App,Hoch,2023-01-17,185
1827,16196,2024-11-14,Speicher,Technisch,Batteriespeicher Störung,Negativ,Telefon,Kritisch,2024-11-21,100
1828,18878,2023-11-15,Wärmepumpe,Technisch,Wärmepumpe Störung,Negativ,Chat,Niedrig,2023-11-26,35
1829,18867,2024-10-01,Wärmepumpe,Technisch,Geräuschentwicklung zu hoch,Neutral,Chat,Mittel,2024-10-11,145
1830,7101,2024-01-23,Wärmepumpe,Technisch,Wartung angefragt,Neutral,App,Mittel,2024-02-04,101
1831,16486,2023-10-08,Rechnung,Abrechnung,Gutschrift angefragt,Neutral,Chat,Mittel,2023-10-12,4
1832,13945,2023-12-22,Speicher,Technisch,Speicher lädt nicht,Negativ,Chat,Kritisch,2023-12-23,95
1833,4636,2023-04-27,Smart Meter,Installation,Smart Meter Ablesung fehlerhaft,Negativ,Telefon,Hoch,2023-04-28,92
1834,14348,2023-10-29,Tarif,Vertrag,Kündigung,Positiv,Chat,Mittel,2023-10-29,28
1835,14652,2023-06-06,Speicher,Technisch,Batteriespeicher Störung,Negativ,Chat,Kritisch,2023-06-08,99
1836,16978,2023-05-26,Smart Meter,Installation,Smart Meter Ablesung fehlerhaft,Positiv,Email,Mittel,2023-05-26,94
1837,19939,2023-09-20,Speicher,Technisch,Speicher lädt nicht,Negativ,Chat,Kritisch,2023-09-24,177
1838,16326,2024-12-02,Smart Meter,Installation,Smart Meter Installation angefragt,Negativ,Email,Niedrig,2024-12-16,112
1839,18285,2024-03-11,Solar,Technisch,Solaranlage Ertrag niedrig,Neutral,Chat,Kritisch,2024-03-18,147
1840,18378,2023-11-13,Solar,Technisch,Wechselrichter Fehler,Neutral,App,Mittel,2023-11-26,61
1841,19448,2024-09-28,Wallbox,E-Mobility,Ladekarte Probleme,Neutral,Email,Mittel,2024-10-10,115
1842,15515,2024-03-04,Wärmepumpe,Technisch,Wartung angefragt,Neutral,App,Mittel,2024-03-04,79
1843,5058,2023-03-15,Solar,Technisch,Solaranlage Ertrag niedrig,Neutral,Chat,Hoch,2023-03-18,185
1844,18058,2024-03-09,Allgemein,Service,Kontaktdaten ändern,Negativ,Telefon,Mittel,2024-03-11,111
1845,6027,2024-04-09,Wärmepumpe,Technisch,Effizienz zu niedrig,Neutral,App,Kritisch,2024-04-14,109
1846,16451,2025-03-08,Solar,Technisch,Wechselrichter Fehler,Neutral,App,Mittel,2025-03-20,189
1847,3500,2024-08-24,Smart Meter,Installation,Smart Meter Ablesung fehlerhaft,Negativ,App,Mittel,2024-09-06,171
1848,14695,2024-05-02,Allgemein,Service,Lob,Positiv,Email,Niedrig,2024-05-09,164
1849,5427,2025-06-05,Allgemein,Service,Kontaktdaten ändern,Neutral,Telefon,Niedrig,2025-06-15,24
1850,15158,2024-02-20,Wallbox,E-Mobility,Wallbox defekt,Negativ,Email,Mittel,2024-02-25,197
1851,7074,2025-03-22,Wärmepumpe,Technisch,Wartung angefragt,Neutral,Telefon,Niedrig,2025-03-29,120
1852,18932,2024-02-02,Solar,Technisch,Monitoring nicht verfügbar,Negativ,Telefon,Hoch,2024-02-05,69
1853,12299,2023-06-14,Rechnung,Abrechnung,Gutschrift angefragt,Negativ,Chat,Mittel,2023-06-23,120
1854,9093,2025-01-04,Allgemein,Service,Informationsanfrage,Positiv,Email,Niedrig,2025-01-09,142
1855,6375,2023-02-16,Smart Meter,Installation,Smart Meter zeigt keine Daten,Neutral,Telefon,Niedrig,2023-02-23,169
1856,257,2024-07-21,Rechnung,Abrechnung,Zahlungsplan angefragt,Neutral,Chat,Mittel,2024-07-24,190
1857,5175,2024-03-04,Tarif,Vertrag,Tarifwechsel angefragt,Neutral,Telefon,Niedrig,2024-03-04,110
1858,4548,2024-07-10,Speicher,Technisch,Batteriespeicher Störung,Negativ,Telefon,Kritisch,2024-07-12,148
1859,19562,2023-12-24,Wallbox,E-Mobility,Wallbox lädt nicht,Negativ,App,Kritisch,2023-12-30,75
1860,2558,2024-03-26,Smart Meter,Installation,Smart Meter App funktioniert nicht,Negativ,Email,Mittel,2024-04-09,172
1861,12803,2023-03-11,Wärmepumpe,Technisch,Effizienz zu niedrig,Neutral,Email,Niedrig,2023-03-16,8
1862,567,2024-09-08,Smart Meter,Installation,Smart Meter zeigt keine Daten,Positiv,App,Mittel,2024-09-11,55
1863,11804,2023-02-22,Wärmepumpe,Technisch,Fehlercode E01 angezeigt,Neutral,App,Niedrig,2023-03-04,134
1864,15155,2024-05-20,Rechnung,Abrechnung,Zahlungsplan angefragt,Neutral,Telefon,Mittel,2024-06-01,21
1865,563,2025-01-01,Wärmepumpe,Technisch,Effizienz zu niedrig,Positiv,Email,Niedrig,2025-01-10,29
1866,14096,2024-04-15,Wärmepumpe,Technisch,Geräuschentwicklung zu hoch,Negativ,Telefon,Niedrig,2024-04-27,63
1867,14242,2025-02-27,Tarif,Vertrag,Umzug melden,Neutral,Chat,Mittel,2025-03-10,69
1868,15778,2023-08-16,Tarif,Vertrag,Ökostrom Umstellung,Negativ,Chat,Kritisch,2023-08-21,7
1869,3102,2024-10-26,Wallbox,E-Mobility,Wallbox lädt nicht,Negativ,Email,Niedrig,2024-11-02,173
1870,18906,2024-06-03,Wallbox,E-Mobility,Wallbox lädt nicht,Negativ,Telefon,Hoch,2024-06-05,156
1871,7629,2023-07-16,Allgemein,Service,Lob,Positiv,Telefon,Niedrig,2023-07-29,109
1872,10354,2024-12-23,Rechnung,Abrechnung,Unstimmigkeit in Rechnung,Neutral,Telefon,Niedrig,2025-01-05,36
1873,1732,2025-02-18,Speicher,Technisch,Batteriespeicher Störung,Negativ,Chat,Niedrig,2025-02-25,51
1874,19117,2024-02-25,Wallbox,E-Mobility,Wallbox Installation angefragt,Neutral,App,Hoch,2024-02-27,195
1875,16658,2025-06-11,Allgemein,Service,Informationsanfrage,Positiv,Chat,Niedrig,2025-06-12,177
1876,13652,2023-10-05,Speicher,Technisch,Speicher lädt nicht,Negativ,Telefon,Mittel,2023-10-06,114
1877,7420,2024-04-20,Allgemein,Service,Informationsanfrage,Neutral,Chat,Mittel,2024-04-22,149
1878,4298,2023-12-27,Solar,Technisch,Monitoring nicht verfügbar,Negativ,App,Mittel,2024-01-04,51
1879,2621,2023-04-09,Speicher,Technisch,Batteriespeicher Störung,Negativ,Email,Niedrig,2023-04-13,178
1880,12148,2025-04-17,Solar,Technisch,Solaranlage Ertrag niedrig,Negativ,App,Mittel,2025-04-24,107
1881,11849,2023-06-16,Tarif,Vertrag,Tarifwechsel angefragt,Positiv,Telefon,Niedrig,2023-06-28,72
1882,7549,2024-04-10,Tarif,Vertrag,Preisgarantie Frage,Negativ,Email,Mittel,2024-04-17,112
1883,15164,2024-08-19,Wärmepumpe,Technisch,Fehlercode E01 angezeigt,Positiv,Chat,Mittel,2024-08-24,56
1884,11450,2025-03-08,Solar,Technisch,Solaranlage produziert nicht,Negativ,Chat,Hoch,2025-03-13,70
1885,9548,2025-04-15,Smart Meter,Installation,Smart Meter defekt,Negativ,Chat,Hoch,2025-04-18,149
1886,14425,2023-11-12,Speicher,Technisch,Batteriespeicher Störung,Negativ,App,Mittel,2023-11-13,160
1887,11002,2024-05-04,Wärmepumpe,Technisch,Geräuschentwicklung zu hoch,Positiv,Email,Mittel,2024-05-06,146
1888,6283,2024-12-08,Rechnung,Abrechnung,Gutschrift angefragt,Neutral,Telefon,Niedrig,2024-12-16,93
1889,19436,2024-08-24,Allgemein,Service,Informationsanfrage,Neutral,Chat,Niedrig,2024-09-02,144
1890,941,2023-01-29,Allgemein,Service,Kontaktdaten ändern,Neutral,Email,Mittel,2023-02-08,129
1891,15765,2023-07-15,Speicher,Technisch,Batteriespeicher Störung,Negativ,Email,Kritisch,2023-07-16,109
1892,9249,2025-04-18,Speicher,Technisch,Kapazität gesunken,Neutral,Telefon,Hoch,2025-04-21,190
1893,3603,2025-01-12,Wärmepumpe,Technisch,Effizienz zu niedrig,Neutral,Telefon,Mittel,2025-01-18,35
1894,14657,2024-02-18,Speicher,Technisch,Speicher lädt nicht,Negativ,Chat,Hoch,2024-02-23,157
1895,5889,2023-01-26,Rechnung,Abrechnung,Rechnungsfrage,Neutral,Email,Hoch,2023-02-02,73
1896,18481,2024-10-11,Speicher,Technisch,Kapazität gesunken,Neutral,Telefon,Kritisch,2024-10-13,190
1897,14512,2024-07-25,Tarif,Vertrag,Tarifwechsel angefragt,Neutral,Telefon,Mittel,2024-08-05,193
1898,19154,2023-11-06,Speicher,Technisch,Speicher lädt nicht,Negativ,App,Mittel,2023-11-06,97
1899,6586,2024-06-20,Solar,Technisch,Solaranlage Ertrag niedrig,Neutral,Chat,Niedrig,2024-06-20,171
1900,4379,2024-02-02,Solar,Technisch,Solaranlage Ertrag niedrig,Neutral,Telefon,Mittel,2024-02-09,159
1901,19641,2023-06-13,Solar,Technisch,Solaranlage Ertrag niedrig,Positiv,Telefon,Hoch,2023-06-14,114
1902,4382,2023-12-26,Tarif,Vertrag,Preisgarantie Frage,Neutral,Email,Mittel,2023-12-26,34
1903,18125,2023-03-16,Rechnung,Abrechnung,Zahlungsplan angefragt,Neutral,Email,Hoch,2023-03-19,119
1904,8228,2024-04-20,Solar,Technisch,Wechselrichter Fehler,Neutral,Chat,Mittel,2024-05-01,25
1905,6972,2024-12-08,Solar,Technisch,Solaranlage produziert nicht,Negativ,Chat,Mittel,2024-12-21,7
1906,908,2023-04-01,Allgemein,Service,Lob,Positiv,Chat,Niedrig,2023-04-10,47
1907,14839,2024-06-26,Allgemein,Service,Lob,Positiv,App,Niedrig,2024-06-28,12
1908,16854,2024-05-20,Solar,Technisch,Wechselrichter Fehler,Neutral,Email,Hoch,2024-05-22,198
1909,12866,2024-08-07,Solar,Technisch,Monitoring nicht verfügbar,Negativ,Email,Kritisch,2024-08-11,7
1910,18792,2025-03-13,Wallbox,E-Mobility,Wallbox defekt,Negativ,Chat,Kritisch,2025-03-15,54
1911,18309,2025-04-13,Solar,Technisch,Solaranlage produziert nicht,Negativ,Chat,Hoch,2025-04-18,99
1912,12706,2025-02-27,Allgemein,Service,Beschwerde,Negativ,Telefon,Hoch,2025-02-28,158
1913,10728,2024-07-10,Wärmepumpe,Technisch,Wärmepumpe Störung,Negativ,App,Mittel,2024-07-22,92
1914,4090,2025-06-06,Solar,Technisch,Einspeisevergütung Frage,Neutral,Chat,Mittel,2025-06-10,125
1915,4174,2023-11-08,Wärmepumpe,Technisch,Fehlercode E01 angezeigt,Neutral,Email,Niedrig,2023-11-20,38
1916,6034,2025-03-27,Tarif,Vertrag,Umzug melden,Neutral,App,Mittel,2025-04-02,146
1917,9454,2023-08-29,Wärmepumpe,Technisch,Geräuschentwicklung zu hoch,Neutral,Telefon,Mittel,2023-09-08,34
1918,18908,2023-12-16,Rechnung,Abrechnung,Rechnungsfrage,Neutral,Chat,Mittel,2023-12-17,115
1919,18335,2025-05-19,Allgemein,Service,Kontaktdaten ändern,Neutral,App,Mittel,2025-05-23,107
1920,4085,2023-05-21,Rechnung,Abrechnung,Abschlag anpassen,Neutral,App,Hoch,2023-05-28,180
1921,13678,2025-01-05,Rechnung,Abrechnung,Rechnungsfrage,Neutral,Chat,Hoch,2025-01-11,160
1922,17255,2025-02-13,Wärmepumpe,Technisch,Geräuschentwicklung zu hoch,Positiv,Telefon,Mittel,2025-02-22,69
1923,15611,2025-05-18,Speicher,Technisch,Batteriespeicher Störung,Negativ,Chat,Hoch,2025-05-20,197
1924,3309,2025-05-05,Solar,Technisch,Einspeisevergütung Frage,Negativ,App,Mittel,2025-05-18,66
1925,13540,2023-05-14,Tarif,Vertrag,Umzug melden,Neutral,Telefon,Mittel,2023-05-19,138
1926,15267,2023-04-11,Smart Meter,Installation,Smart Meter zeigt keine Daten,Neutral,Telefon,Niedrig,2023-04-24,46
1927,15589,2025-03-26,Allgemein,Service,Beschwerde,Negativ,Telefon,Niedrig,2025-04-01,35
1928,18304,2024-11-03,Speicher,Technisch,Batteriespeicher Störung,Negativ,App,Mittel,2024-11-03,11
1929,1552,2023-09-19,Solar,Technisch,Monitoring nicht verfügbar,Negativ,Email,Hoch,2023-09-24,23
1930,10035,2025-03-20,Smart Meter,Installation,Smart Meter zeigt keine Daten,Neutral,Chat,Mittel,2025-04-01,147
1931,17058,2025-04-21,Allgemein,Service,Beschwerde,Negativ,Email,Mittel,2025-05-05,136
1932,15123,2024-05-10,Wärmepumpe,Technisch,Effizienz zu niedrig,Neutral,Chat,Niedrig,2024-05-12,68
1933,15835,2023-12-30,Speicher,Technisch,Batteriespeicher Störung,Negativ,Email,Hoch,2024-01-05,4
1934,19121,2024-09-17,Wallbox,E-Mobility,Wallbox Installation angefragt,Positiv,Chat,Niedrig,2024-10-01,115
1935,19345,2023-05-15,Smart Meter,Installation,Smart Meter defekt,Negativ,Telefon,Mittel,2023-05-21,144
1936,5186,2023-08-14,Allgemein,Service,Lob,Positiv,App,Niedrig,2023-08-18,144
1937,8138,2023-07-23,Solar,Technisch,Solaranlage Ertrag niedrig,Neutral,Chat,Mittel,2023-07-25,100
1938,452,2023-05-10,Tarif,Vertrag,Umzug melden,Neutral,Chat,Niedrig,2023-05-13,73
1939,18505,2023-05-09,Tarif,Vertrag,Ökostrom Umstellung,Neutral,App,Mittel,2023-05-12,47
1940,13093,2023-01-13,Solar,Technisch,Solaranlage Ertrag niedrig,Neutral,App,Mittel,2023-01-14,149
1941,3138,2023-08-29,Rechnung,Abrechnung,Zahlungsplan angefragt,Neutral,Email,Mittel,2023-08-30,29
1942,6074,2024-08-05,Wallbox,E-Mobility,Wallbox lädt nicht,Negativ,App,Kritisch,2024-08-06,149
1943,6897,2025-01-09,Wärmepumpe,Technisch,Wärmepumpe läuft nicht,Negativ,Chat,Mittel,2025-01-14,12
1944,15953,2025-06-14,Wärmepumpe,Technisch,Fehlercode E01 angezeigt,Negativ,App,Mittel,2025-06-24,103
1945,548,2024-01-07,Smart Meter,Installation,Smart Meter zeigt keine Daten,Neutral,Telefon,Niedrig,2024-01-17,81
1946,10012,2024-07-26,Solar,Technisch,Monitoring nicht verfügbar,Negativ,Email,Hoch,2024-07-27,137
1947,4487,2023-03-20,Solar,Technisch,Monitoring nicht verfügbar,Negativ,Email,Kritisch,2023-03-20,16
1948,383,2025-05-30,Solar,Technisch,Wechselrichter Fehler,Neutral,App,Mittel,2025-06-04,40
1949,274,2023-06-11,Wärmepumpe,Technisch,Effizienz zu niedrig,Neutral,Chat,Mittel,2023-06-13,139
1950,3551,2023-03-19,Wallbox,E-Mobility,Ladekarte Probleme,Neutral,Email,Mittel,2023-03-25,25
1951,3500,2023-10-25,Smart Meter,Installation,Smart Meter zeigt keine Daten,Neutral,Email,Niedrig,2023-10-30,147
1952,4431,2024-09-28,Rechnung,Abrechnung,Abschlag zu hoch,Neutral,Telefon,Mittel,2024-10-08,77
1953,14752,2025-02-26,Allgemein,Service,Informationsanfrage,Neutral,Email,Mittel,2025-03-05,183
1954,17912,2024-11-26,Wärmepumpe,Technisch,Geräuschentwicklung zu hoch,Neutral,Email,Mittel,2024-12-08,36
1955,5307,2025-01-07,Wärmepumpe,Technisch,Geräuschentwicklung zu hoch,Neutral,App,Mittel,2025-01-20,97
1956,16695,2023-07-11,Wallbox,E-Mobility,Ladekarte Probleme,Neutral,App,Mittel,2023-07-23,70
1957,9603,2025-05-03,Tarif,Vertrag,Vertragsverlängerung,Positiv,Telefon,Mittel,2025-05-12,121
1958,11766,2025-04-09,Smart Meter,Installation,Smart Meter defekt,Negativ,Telefon,Kritisch,2025-04-15,128
1959,2980,2024-11-26,Allgemein,Service,Lob,Positiv,Chat,Niedrig,2024-12-03,103
1960,2208,2023-07-26,Allgemein,Service,Informationsanfrage,Neutral,Email,Mittel,2023-08-01,100
1961,11754,2023-08-05,Solar,Technisch,Einspeisevergütung Frage,Neutral,App,Niedrig,2023-08-11,166
1962,6021,2023-01-04,Allgemein,Service,Allgemeine Anfrage,Neutral,Chat,Niedrig,2023-01-12,29
1963,13358,2023-06-18,Wärmepumpe,Technisch,Wartung angefragt,Negativ,Chat,Mittel,2023-06-27,125
1964,18809,2024-09-24,Speicher,Technisch,Kapazität gesunken,Positiv,Email,Niedrig,2024-09-27,137
1965,3129,2025-06-09,Tarif,Vertrag,Preisgarantie Frage,Negativ,Telefon,Niedrig,2025-06-15,38
1966,4875,2025-03-27,Wallbox,E-Mobility,App-Verbindung unterbrochen,Neutral,Telefon,Niedrig,2025-04-06,169
1967,14127,2025-04-26,Wärmepumpe,Technisch,Wärmepumpe läuft nicht,Negativ,Email,Hoch,2025-04-28,25
1968,484,2024-08-31,Rechnung,Abrechnung,Rechnungsfrage,Neutral,App,Mittel,2024-09-12,155
1969,13953,2024-09-23,Tarif,Vertrag,Ökostrom Umstellung,Negativ,Telefon,Mittel,2024-09-24,28
1970,12344,2023-03-25,Smart Meter,Installation,Smart Meter Ablesung fehlerhaft,Neutral,Telefon,Mittel,2023-03-27,179
1971,3137,2024-12-15,Smart Meter,Installation,Smart Meter zeigt keine Daten,Neutral,App,Niedrig,2024-12-25,8
1972,18679,2024-01-02,Wallbox,E-Mobility,Wallbox lädt nicht,Negativ,App,Kritisch,2024-01-06,52
1973,11311,2023-08-16,Tarif,Vertrag,Vertragsverlängerung,Neutral,App,Kritisch,2023-08-16,99
1974,5871,2024-05-30,Allgemein,Service,Beschwerde,Negativ,Telefon,Mittel,2024-06-11,138
1975,11574,2023-09-14,Wallbox,E-Mobility,Wallbox lädt nicht,Negativ,Chat,Hoch,2023-09-14,171
1976,7002,2024-11-18,Wallbox,E-Mobility,Wallbox defekt,Negativ,Email,Mittel,2024-11-21,59
1977,3018,2024-01-11,Wallbox,E-Mobility,Wallbox lädt nicht,Negativ,Chat,Niedrig,2024-01-14,22
1978,10855,2024-05-02,Allgemein,Service,Informationsanfrage,Negativ,Telefon,Niedrig,2024-05-04,43
1979,7248,2024-11-15,Tarif,Vertrag,Vertragsverlängerung,Positiv,Chat,Hoch,2024-11-19,115
1980,12186,2024-04-16,Smart Meter,Installation,Smart Meter zeigt keine Daten,Positiv,App,Mittel,2024-04-18,129
1981,5308,2024-10-13,Wärmepumpe,Technisch,Effizienz zu niedrig,Neutral,Chat,Niedrig,2024-10-18,133
1982,11412,2023-07-06,Speicher,Technisch,Kapazität gesunken,Neutral,Email,Mittel,2023-07-08,11
1983,19642,2024-12-26,Speicher,Technisch,Speicher lädt nicht,Negativ,Email,Hoch,2025-01-01,120
1984,10458,2023-05-02,Rechnung,Abrechnung,Rechnungsfrage,Neutral,Chat,Mittel,2023-05-16,32
1985,82,2025-02-28,Speicher,Technisch,Kapazität gesunken,Neutral,Chat,Niedrig,2025-03-07,133
1986,11858,2024-09-11,Wärmepumpe,Technisch,Fehlercode E01 angezeigt,Neutral,Telefon,Hoch,2024-09-13,64
1987,8701,2023-09-28,Solar,Technisch,Solaranlage Ertrag niedrig,Neutral,App,Niedrig,2023-09-28,17
1988,9303,2023-03-11,Solar,Technisch,Wechselrichter Fehler,Negativ,Chat,Hoch,2023-03-17,84
1989,8295,2023-02-18,Wallbox,E-Mobility,Wallbox defekt,Negativ,Email,Kritisch,2023-02-23,179
1990,17583,2023-05-22,Wallbox,E-Mobility,Ladekarte Probleme,Neutral,Telefon,Mittel,2023-05-30,34
1991,13343,2024-06-13,Wallbox,E-Mobility,Wallbox Installation angefragt,Neutral,Email,Mittel,2024-06-27,130
1992,1646,2023-03-15,Tarif,Vertrag,Kündigung,Neutral,App,Mittel,2023-03-27,191
1993,14344,2024-06-04,Speicher,Technisch,Speicher lädt nicht,Negativ,Email,Hoch,2024-06-06,104
1994,11438,2023-10-06,Wärmepumpe,Technisch,Wärmepumpe läuft nicht,Negativ,App,Mittel,2023-10-19,68
1995,12986,2025-02-13,Tarif,Vertrag,Ökostrom Umstellung,Neutral,Email,Mittel,2025-02-27,124
1996,9348,2024-09-18,Smart Meter,Installation,Smart Meter zeigt keine Daten,Neutral,App,Hoch,2024-09-19,80
1997,11551,2023-04-21,Allgemein,Service,Lob,Positiv,Email,Niedrig,2023-05-02,5
1998,6832,2024-04-11,Speicher,Technisch,Speicher lädt nicht,Negativ,Email,Mittel,2024-04-19,64
1999,157,2024-11-17,Wärmepumpe,Technisch,Wartung angefragt,Neutral,Chat,Mittel,2024-11-26,136
2000,5550,2025-02-06,Solar,Technisch,Wechselrichter Fehler,Positiv,Chat,Hoch,2025-02-09,117
2001,17550,2025-02-08,Speicher,Technisch,Batteriespeicher Störung,Negativ,Telefon,Mittel,2025-02-22,27
2002,2162,2025-04-13,Speicher,Technisch,Batteriespeicher Störung,Negativ,Chat,Kritisch,2025-04-19,135
2003,3483,2024-05-01,Smart Meter,Installation,Smart Meter defekt,Negativ,App,Hoch,2024-05-03,37
2004,15635,2023-05-06,Speicher,Technisch,Speicher lädt nicht,Negativ,Telefon,Hoch,2023-05-10,60
2005,6261,2023-03-04,Speicher,Technisch,Batteriespeicher Störung,Negativ,Email,Hoch,2023-03-08,167
2006,15550,2025-01-08,Allgemein,Service,Lob,Positiv,App,Niedrig,2025-01-14,84
2007,2072,2023-05-25,Smart Meter,Installation,Smart Meter Ablesung fehlerhaft,Neutral,Chat,Niedrig,2023-06-08,17
2008,13997,2024-07-18,Rechnung,Abrechnung,Zahlungsplan angefragt,Negativ,Email,Mittel,2024-07-25,89
2009,6232,2025-06-13,Rechnung,Abrechnung,Zahlungsplan angefragt,Neutral,Chat,Hoch,2025-06-18,57
2010,18304,2023-02-18,Allgemein,Service,Informationsanfrage,Neutral,Email,Niedrig,2023-02-28,175
2011,12793,2023-12-18,Speicher,Technisch,Batteriespeicher Störung,Negativ,Chat,Mittel,2023-12-28,6
2012,1407,2024-03-22,Tarif,Vertrag,Umzug melden,Positiv,Telefon,Niedrig,2024-03-31,39
2013,10036,2024-07-14,Wärmepumpe,Technisch,Wartung angefragt,Neutral,App,Hoch,2024-07-18,200
2014,11063,2024-08-02,Speicher,Technisch,Batteriespeicher Störung,Negativ,Chat,Niedrig,2024-08-03,31
2015,9893,2024-11-06,Smart Meter,Installation,Smart Meter App funktioniert nicht,Negativ,App,Hoch,2024-11-08,123
2016,5561,2025-06-27,Speicher,Technisch,Kapazität gesunken,Negativ,Chat,Mittel,2025-07-04,34
2017,3660,2024-08-08,Wärmepumpe,Technisch,Effizienz zu niedrig,Neutral,Chat,Mittel,2024-08-18,117
2018,16607,2023-07-10,Wärmepumpe,Technisch,Fehlercode E01 angezeigt,Neutral,App,Hoch,2023-07-11,69
2019,3554,2024-12-08,Wärmepumpe,Technisch,Geräuschentwicklung zu hoch,Neutral,Email,Mittel,2024-12-22,142
2020,18266,2024-12-18,Speicher,Technisch,Speicher lädt nicht,Negativ,Chat,Hoch,2024-12-18,100
2021,11193,2023-05-08,Smart Meter,Installation,Smart Meter Ablesung fehlerhaft,Neutral,App,Mittel,2023-05-10,93
2022,13485,2023-01-25,Rechnung,Abrechnung,Zahlungsplan angefragt,Neutral,Telefon,Mittel,2023-01-25,113
2023,13025,2024-07-04,Allgemein,Service,Lob,Positiv,Chat,Niedrig,2024-07-07,136
2024,17353,2023-12-10,Rechnung,Abrechnung,Rechnungsfrage,Neutral,Email,Mittel,2023-12-10,123
2025,4411,2024-08-28,Smart Meter,Installation,Smart Meter Installation angefragt,Neutral,Chat,Mittel,2024-09-01,28
2026,3921,2023-01-04,Tarif,Vertrag,Preisgarantie Frage,Neutral,Telefon,Mittel,2023-01-07,117
2027,7434,2023-06-16,Wallbox,E-Mobility,Wallbox lädt nicht,Negativ,Chat,Mittel,2023-06-16,78
2028,16357,2023-04-04,Wärmepumpe,Technisch,Wartung angefragt,Neutral,Telefon,Hoch,2023-04-10,51
2029,11760,2023-08-07,Solar,Technisch,Wechselrichter Fehler,Neutral,Chat,Niedrig,2023-08-21,151
2030,4090,2024-12-25,Wallbox,E-Mobility,App-Verbindung unterbrochen,Neutral,Email,Niedrig,2025-01-03,55
2031,13150,2024-12-08,Wärmepumpe,Technisch,Effizienz zu niedrig,Negativ,Email,Niedrig,2024-12-19,7
2032,11825,2024-08-18,Solar,Technisch,Solaranlage produziert nicht,Negativ,Chat,Mittel,2024-08-31,160
2033,1733,2023-03-04,Speicher,Technisch,Speicher lädt nicht,Negativ,Telefon,Hoch,2023-03-09,129
2034,1476,2023-02-03,Tarif,Vertrag,Vertragsverlängerung,Neutral,Chat,Mittel,2023-02-06,92
2035,9030,2023-02-06,Tarif,Vertrag,Tarifwechsel angefragt,Neutral,Chat,Niedrig,2023-02-20,143
2036,16760,2024-12-01,Wärmepumpe,Technisch,Geräuschentwicklung zu hoch,Neutral,Chat,Mittel,2024-12-06,64
2037,8109,2025-03-08,Rechnung,Abrechnung,Abschlag zu hoch,Neutral,Telefon,Niedrig,2025-03-10,101
2038,6076,2023-02-20,Solar,Technisch,Monitoring nicht verfügbar,Negativ,App,Hoch,2023-02-21,188
2039,7338,2024-01-30,Wallbox,E-Mobility,Wallbox lädt nicht,Negativ,Email,Hoch,2024-02-04,102
2040,9312,2024-02-29,Tarif,Vertrag,Preisgarantie Frage,Positiv,Telefon,Niedrig,2024-03-04,1
2041,12171,2025-04-11,Tarif,Vertrag,Preisgarantie Frage,Neutral,Email,Mittel,2025-04-23,198
2042,13200,2023-02-21,Rechnung,Abrechnung,Abschlag anpassen,Neutral,Chat,Mittel,2023-03-03,151
2043,16730,2023-03-20,Wallbox,E-Mobility,Ladekarte Probleme,Neutral,Chat,Hoch,2023-03-23,154
2044,3606,2023-09-22,Smart Meter,Installation,Smart Meter defekt,Negativ,Chat,Kritisch,2023-09-27,101
2045,4254,2024-08-02,Allgemein,Service,Allgemeine Anfrage,Neutral,Chat,Mittel,2024-08-10,173
2046,2617,2025-06-09,Speicher,Technisch,Batteriespeicher Störung,Negativ,Email,Hoch,2025-06-11,155
2047,15417,2024-07-01,Wärmepumpe,Technisch,Wärmepumpe Störung,Negativ,Email,Kritisch,2024-07-07,146
2048,6652,2023-01-30,Speicher,Technisch,Batteriespeicher Störung,Negativ,Chat,Hoch,2023-01-30,150
2049,16548,2024-10-20,Allgemein,Service,Informationsanfrage,Neutral,Chat,Niedrig,2024-10-26,198
2050,9486,2024-07-12,Tarif,Vertrag,Tarifwechsel angefragt,Positiv,App,Mittel,2024-07-17,2
2051,921,2023-01-19,Solar,Technisch,Wechselrichter Fehler,Neutral,Chat,Niedrig,2023-02-02,191
2052,8114,2025-01-24,Tarif,Vertrag,Preisgarantie Frage,Neutral,Telefon,Niedrig,2025-02-03,50
2053,7387,2025-01-04,Tarif,Vertrag,Tarifwechsel angefragt,Neutral,App,Niedrig,2025-01-16,158
2054,537,2024-08-06,Allgemein,Service,Beschwerde,Negativ,Chat,Kritisch,2024-08-06,88
2055,13254,2023-08-04,Wallbox,E-Mobility,Wallbox Installation angefragt,Negativ,Chat,Mittel,2023-08-10,65
2056,3289,2023-07-05,Wärmepumpe,Technisch,Geräuschentwicklung zu hoch,Neutral,Email,Niedrig,2023-07-19,8
2057,15404,2025-05-15,Speicher,Technisch,Speicher lädt nicht,Negativ,Telefon,Kritisch,2025-05-17,103
2058,3230,2024-03-26,Smart Meter,Installation,Smart Meter defekt,Negativ,Email,Mittel,2024-03-29,10
2059,18300,2025-02-07,Wärmepumpe,Technisch,Wärmepumpe Störung,Negativ,Chat,Hoch,2025-02-10,78
2060,11854,2025-04-20,Wallbox,E-Mobility,Wallbox defekt,Negativ,Telefon,Kritisch,2025-04-23,184
2061,12093,2025-06-16,Wärmepumpe,Technisch,Wärmepumpe Störung,Negativ,Chat,Hoch,2025-06-19,46
2062,11427,2024-07-15,Tarif,Vertrag,Ökostrom Umstellung,Neutral,App,Mittel,2024-07-23,10
2063,13056,2025-04-12,Rechnung,Abrechnung,Gutschrift angefragt,Neutral,App,Niedrig,2025-04-17,23
2064,15409,2024-11-09,Smart Meter,Installation,Smart Meter Ablesung fehlerhaft,Neutral,Email,Hoch,2024-11-14,199
2065,14391,2023-08-02,Speicher,Technisch,Speicher lädt nicht,Negativ,Telefon,Hoch,2023-08-02,22
2066,2990,2023-07-15,Speicher,Technisch,Speicher lädt nicht,Negativ,Telefon,Mittel,2023-07-29,103
2067,1170,2023-08-30,Wallbox,E-Mobility,App-Verbindung unterbrochen,Negativ,Telefon,Mittel,2023-09-08,6
2068,7886,2025-04-29,Wallbox,E-Mobility,Ladekarte Probleme,Neutral,App,Mittel,2025-05-09,52
2069,1203,2023-07-03,Smart Meter,Installation,Smart Meter App funktioniert nicht,Negativ,App,Hoch,2023-07-09,171
2070,1107,2023-02-22,Allgemein,Service,Lob,Positiv,Email,Niedrig,2023-03-06,181
2071,6328,2025-05-25,Allgemein,Service,Allgemeine Anfrage,Neutral,App,Mittel,2025-06-03,153
2072,17067,2025-06-17,Speicher,Technisch,Batteriespeicher Störung,Negativ,Email,Niedrig,2025-07-01,56
2073,1303,2023-08-06,Wallbox,E-Mobility,Wallbox lädt nicht,Negativ,Email,Hoch,2023-08-09,126
2074,2607,2024-09-03,Wärmepumpe,Technisch,Wärmepumpe läuft nicht,Negativ,Telefon,Hoch,2024-09-07,26
2075,2598,2023-08-12,Solar,Technisch,Monitoring nicht verfügbar,Negativ,Telefon,Kritisch,2023-08-18,68
2076,15764,2025-05-30,Speicher,Technisch,Speicher lädt nicht,Negativ,Chat,Mittel,2025-06-09,58
2077,1565,2023-09-17,Speicher,Technisch,Batteriespeicher Störung,Negativ,App,Hoch,2023-09-21,5
2078,18926,2024-03-11,Rechnung,Abrechnung,Abschlag anpassen,Neutral,Email,Mittel,2024-03-24,123
2079,17778,2024-07-06,Rechnung,Abrechnung,Gutschrift angefragt,Positiv,Chat,Mittel,2024-07-17,103
2080,4034,2024-11-17,Tarif,Vertrag,Umzug melden,Neutral,Telefon,Hoch,2024-11-24,131
2081,3342,2023-01-24,Solar,Technisch,Solaranlage produziert nicht,Negativ,Chat,Niedrig,2023-02-04,147
2082,15634,2025-03-17,Speicher,Technisch,Batteriespeicher Störung,Negativ,App,Kritisch,2025-03-21,146
2083,15393,2024-03-07,Wärmepumpe,Technisch,Wartung angefragt,Neutral,App,Mittel,2024-03-11,106
2084,11159,2023-09-03,Allgemein,Service,Allgemeine Anfrage,Negativ,Chat,Mittel,2023-09-15,39
2085,886,2023-12-01,Speicher,Technisch,Speicher lädt nicht,Negativ,App,Hoch,2023-12-08,159
2086,13080,2023-09-01,Speicher,Technisch,Batteriespeicher Störung,Negativ,Chat,Hoch,2023-09-06,128
2087,7459,2024-07-13,Wallbox,E-Mobility,App-Verbindung unterbrochen,Neutral,Telefon,Niedrig,2024-07-23,125
2088,7832,2023-07-27,Tarif,Vertrag,Vertragsverlängerung,Neutral,Chat,Hoch,2023-08-01,84
2089,7599,2024-05-11,Speicher,Technisch,Batteriespeicher Störung,Negativ,Telefon,Hoch,2024-05-11,178
2090,5059,2024-04-07,Speicher,Technisch,Batteriespeicher Störung,Negativ,Chat,Mittel,2024-04-18,181
2091,14,2025-03-15,Smart Meter,Installation,Smart Meter Installation angefragt,Neutral,App,Mittel,2025-03-18,107
2092,1096,2023-11-28,Wallbox,E-Mobility,Wallbox Installation angefragt,Neutral,Telefon,Mittel,2023-11-30,120
2093,10998,2023-02-04,Smart Meter,Installation,Smart Meter Ablesung fehlerhaft,Neutral,Chat,Mittel,2023-02-12,106
2094,3181,2024-05-10,Wallbox,E-Mobility,Wallbox defekt,Negativ,Telefon,Mittel,2024-05-10,191
2095,3745,2025-03-13,Wärmepumpe,Technisch,Wärmepumpe läuft nicht,Negativ,App,Hoch,2025-03-15,160
2096,8443,2025-03-15,Smart Meter,Installation,Smart Meter defekt,Negativ,App,Mittel,2025-03-16,39
2097,15695,2024-09-06,Rechnung,Abrechnung,Abschlag anpassen,Neutral,App,Mittel,2024-09-18,92
2098,18608,2024-01-11,Wallbox,E-Mobility,Wallbox lädt nicht,Negativ,Telefon,Hoch,2024-01-18,114
2099,800,2024-05-24,Rechnung,Abrechnung,Rechnungsfrage,Neutral,Chat,Mittel,2024-05-26,133
2100,14230,2024-10-02,Speicher,Technisch,Kapazität gesunken,Negativ,Chat,Hoch,2024-10-08,14
2101,806,2023-03-19,Wallbox,E-Mobility,App-Verbindung unterbrochen,Neutral,Telefon,Mittel,2023-04-01,64
2102,7160,2023-03-23,Speicher,Technisch,Speicher lädt nicht,Negativ,Chat,Hoch,2023-03-29,65
2103,10267,2025-04-28,Tarif,Vertrag,Ökostrom Umstellung,Neutral,Chat,Mittel,2025-04-30,3
2104,10014,2023-01-08,Smart Meter,Installation,Smart Meter zeigt keine Daten,Neutral,Telefon,Hoch,2023-01-13,113
2105,14684,2023-10-24,Allgemein,Service,Beschwerde,Negativ,Telefon,Niedrig,2023-11-06,80
2106,968,2025-06-08,Tarif,Vertrag,Umzug melden,Neutral,App,Mittel,2025-06-20,177
2107,1815,2025-06-05,Allgemein,Service,Beschwerde,Negativ,Chat,Hoch,2025-06-11,107
2108,15756,2023-07-11,Smart Meter,Installation,Smart Meter Installation angefragt,Neutral,Chat,Niedrig,2023-07-24,57
2109,15454,2023-04-05,Speicher,Technisch,Speicher lädt nicht,Negativ,Email,Hoch,2023-04-10,120
2110,3852,2025-04-14,Rechnung,Abrechnung,Zahlungsplan angefragt,Negativ,Chat,Niedrig,2025-04-14,161
2111,1331,2023-06-04,Smart Meter,Installation,Smart Meter zeigt keine Daten,Neutral,Telefon,Mittel,2023-06-10,197
2112,10708,2023-12-15,Wallbox,E-Mobility,Ladekarte Probleme,Negativ,App,Niedrig,2023-12-20,195
2113,4072,2025-01-13,Tarif,Vertrag,Tarifwechsel angefragt,Neutral,Telefon,Mittel,2025-01-24,46
2114,4047,2025-01-16,Wärmepumpe,Technisch,Geräuschentwicklung zu hoch,Neutral,App,Hoch,2025-01-20,155
2115,18818,2024-05-27,Allgemein,Service,Allgemeine Anfrage,Positiv,App,Mittel,2024-06-10,117
2116,17702,2025-02-12,Solar,Technisch,Einspeisevergütung Frage,Neutral,Telefon,Mittel,2025-02-19,79
2117,4404,2023-12-06,Speicher,Technisch,Speicher lädt nicht,Negativ,Email,Mittel,2023-12-13,131
2118,16492,2024-02-25,Wärmepumpe,Technisch,Fehlercode E01 angezeigt,Neutral,Email,Mittel,2024-02-28,100
2119,15612,2025-01-09,Tarif,Vertrag,Preisgarantie Frage,Neutral,App,Kritisch,2025-01-14,120
2120,6621,2024-04-14,Speicher,Technisch,Batteriespeicher Störung,Negativ,Chat,Hoch,2024-04-18,113
2121,7472,2024-09-26,Allgemein,Service,Allgemeine Anfrage,Positiv,Email,Mittel,2024-10-09,18
2122,6828,2024-01-14,Smart Meter,Installation,Smart Meter defekt,Negativ,Chat,Kritisch,2024-01-20,111
2123,11577,2023-08-25,Wallbox,E-Mobility,Ladekarte Probleme,Positiv,Email,Mittel,2023-08-30,101
2124,12745,2024-07-17,Smart Meter,Installation,Smart Meter defekt,Negativ,Email,Niedrig,2024-07-30,195
2125,11929,2024-09-04,Wärmepumpe,Technisch,Fehlercode E01 angezeigt,Positiv,App,Niedrig,2024-09-16,93
2126,16980,2023-11-23,Wallbox,E-Mobility,Ladekarte Probleme,Neutral,Email,Mittel,2023-11-24,39
2127,5558,2023-03-19,Wärmepumpe,Technisch,Effizienz zu niedrig,Neutral,Telefon,Mittel,2023-03-27,147
2128,14589,2024-02-22,Wallbox,E-Mobility,App-Verbindung unterbrochen,Neutral,App,Mittel,2024-03-02,121
2129,11496,2024-06-26,Tarif,Vertrag,Ökostrom Umstellung,Neutral,Chat,Mittel,2024-06-28,71
2130,11645,2023-06-11,Smart Meter,Installation,Smart Meter App funktioniert nicht,Negativ,Chat,Hoch,2023-06-14,91
2131,16471,2024-03-07,Wallbox,E-Mobility,App-Verbindung unterbrochen,Neutral,Chat,Mittel,2024-03-09,166
2132,18998,2023-01-05,Speicher,Technisch,Batteriespeicher Störung,Negativ,Email,Niedrig,2023-01-07,181
2133,10022,2024-07-20,Rechnung,Abrechnung,Abschlag anpassen,Negativ,Email,Mittel,2024-07-20,136
2134,16759,2025-06-11,Speicher,Technisch,Batteriespeicher Störung,Negativ,Chat,Hoch,2025-06-14,167
2135,7206,2024-02-28,Smart Meter,Installation,Smart Meter Installation angefragt,Neutral,Email,Hoch,2024-03-05,39
2136,18491,2023-10-05,Tarif,Vertrag,Umzug melden,Neutral,Email,Niedrig,2023-10-12,4
2137,2733,2024-02-22,Speicher,Technisch,Batteriespeicher Störung,Negativ,Chat,Hoch,2024-02-29,1
2138,19826,2024-07-10,Rechnung,Abrechnung,Unstimmigkeit in Rechnung,Neutral,Telefon,Hoch,2024-07-11,156
2139,2127,2025-02-21,Tarif,Vertrag,Ökostrom Umstellung,Neutral,Email,Niedrig,2025-03-01,26
2140,6580,2023-10-31,Smart Meter,Installation,Smart Meter zeigt keine Daten,Positiv,Chat,Niedrig,2023-11-05,73
2141,4888,2023-03-14,Speicher,Technisch,Speicher lädt nicht,Negativ,Email,Hoch,2023-03-19,32
2142,13477,2023-08-04,Speicher,Technisch,Kapazität gesunken,Neutral,App,Mittel,2023-08-11,41
2143,17121,2023-01-13,Speicher,Technisch,Speicher lädt nicht,Negativ,Email,Mittel,2023-01-26,183
2144,6885,2024-07-12,Allgemein,Service,Kontaktdaten ändern,Neutral,Chat,Mittel,2024-07-18,183
2145,15655,2025-04-09,Allgemein,Service,Beschwerde,Negativ,Chat,Hoch,2025-04-09,8
2146,19020,2025-04-07,Solar,Technisch,Solaranlage Ertrag niedrig,Neutral,Chat,Niedrig,2025-04-07,130
2147,7868,2023-12-18,Allgemein,Service,Beschwerde,Negativ,Chat,Mittel,2023-12-29,22
2148,12591,2024-09-24,Rechnung,Abrechnung,Gutschrift angefragt,Neutral,App,Mittel,2024-10-03,158
2149,19806,2024-01-10,Wallbox,E-Mobility,Wallbox defekt,Negativ,Chat,Kritisch,2024-01-13,153
2150,1697,2023-04-27,Speicher,Technisch,Speicher lädt nicht,Negativ,Email,Hoch,2023-05-03,65
2151,17077,2025-03-21,Wallbox,E-Mobility,Wallbox lädt nicht,Negativ,Chat,Hoch,2025-03-26,70
2152,6098,2023-08-06,Smart Meter,Installation,Smart Meter App funktioniert nicht,Negativ,Telefon,Kritisch,2023-08-11,17
2153,533,2024-07-08,Rechnung,Abrechnung,Abschlag zu hoch,Neutral,Chat,Niedrig,2024-07-14,75
2154,12312,2024-03-19,Allgemein,Service,Lob,Positiv,Email,Niedrig,2024-03-21,142
2155,2885,2024-01-19,Rechnung,Abrechnung,Abschlag zu hoch,Neutral,Email,Niedrig,2024-01-20,105
2156,18238,2023-08-27,Speicher,Technisch,Speicher lädt nicht,Negativ,Email,Niedrig,2023-09-09,17
2157,18720,2025-06-24,Smart Meter,Installation,Smart Meter Ablesung fehlerhaft,Negativ,Chat,Hoch,2025-07-01,186
2158,14355,2024-04-12,Smart Meter,Installation,Smart Meter App funktioniert nicht,Negativ,App,Kritisch,2024-04-18,156
2159,4078,2023-06-13,Tarif,Vertrag,Ökostrom Umstellung,Positiv,Email,Mittel,2023-06-15,19
2160,9460,2025-03-05,Wallbox,E-Mobility,Wallbox defekt,Negativ,Telefon,Mittel,2025-03-06,66
2161,14320,2024-12-28,Smart Meter,Installation,Smart Meter Installation angefragt,Neutral,Chat,Kritisch,2024-12-28,134
2162,8805,2023-12-09,Wallbox,E-Mobility,Wallbox lädt nicht,Negativ,Chat,Kritisch,2023-12-14,65
2163,1285,2023-01-29,Smart Meter,Installation,Smart Meter defekt,Negativ,Chat,Kritisch,2023-02-01,9
2164,1024,2025-03-30,Wärmepumpe,Technisch,Effizienz zu niedrig,Neutral,Email,Niedrig,2025-04-11,14
2165,16917,2023-09-16,Smart Meter,Installation,Smart Meter zeigt keine Daten,Positiv,Telefon,Niedrig,2023-09-19,55
2166,8430,2023-10-10,Solar,Technisch,Solaranlage Ertrag niedrig,Negativ,App,Hoch,2023-10-10,81
2167,18142,2024-08-07,Wärmepumpe,Technisch,Effizienz zu niedrig,Neutral,Email,Niedrig,2024-08-07,82
2168,6693,2024-07-14,Smart Meter,Installation,Smart Meter defekt,Negativ,Telefon,Mittel,2024-07-22,30
2169,9481,2023-06-06,Smart Meter,Installation,Smart Meter zeigt keine Daten,Neutral,Chat,Mittel,2023-06-17,48
2170,12339,2024-02-26,Rechnung,Abrechnung,Unstimmigkeit in Rechnung,Neutral,Email,Mittel,2024-03-01,37
2171,3037,2024-04-06,Speicher,Technisch,Speicher lädt nicht,Negativ,Email,Hoch,2024-04-13,25
2172,15990,2025-04-23,Rechnung,Abrechnung,Abschlag anpassen,Neutral,App,Niedrig,2025-04-23,56
2173,2342,2024-11-02,Solar,Technisch,Einspeisevergütung Frage,Negativ,App,Niedrig,2024-11-15,163
2174,19026,2024-11-05,Smart Meter,Installation,Smart Meter Ablesung fehlerhaft,Negativ,Telefon,Mittel,2024-11-08,99
2175,4853,2024-09-14,Tarif,Vertrag,Kündigung,Neutral,Telefon,Niedrig,2024-09-28,163
2176,17118,2024-05-16,Tarif,Vertrag,Preisgarantie Frage,Positiv,Chat,Mittel,2024-05-24,176
2177,5009,2024-10-13,Smart Meter,Installation,Smart Meter zeigt keine Daten,Negativ,App,Mittel,2024-10-19,14
2178,15646,2024-11-26,Allgemein,Service,Kontaktdaten ändern,Neutral,Email,Mittel,2024-12-04,116
2179,2441,2023-10-02,Rechnung,Abrechnung,Zahlungsplan angefragt,Neutral,Telefon,Mittel,2023-10-02,171
2180,13867,2024-08-13,Rechnung,Abrechnung,Abschlag zu hoch,Positiv,App,Mittel,2024-08-16,117
2181,1236,2023-11-06,Smart Meter,Installation,Smart Meter zeigt keine Daten,Positiv,App,Mittel,2023-11-07,88
2182,14636,2023-10-06,Wallbox,E-Mobility,Ladekarte Probleme,Neutral,Chat,Hoch,2023-10-13,176
2183,19604,2025-02-21,Rechnung,Abrechnung,Zahlungsplan angefragt,Neutral,App,Hoch,2025-02-28,155
2184,1241,2023-11-12,Rechnung,Abrechnung,Abschlag anpassen,Positiv,Email,Mittel,2023-11-14,89
2185,17166,2025-04-03,Smart Meter,Installation,Smart Meter App funktioniert nicht,Negativ,App,Hoch,2025-04-09,88
2186,18709,2024-09-14,Wärmepumpe,Technisch,Wärmepumpe läuft nicht,Negativ,App,Niedrig,2024-09-16,151
2187,8035,2023-05-15,Speicher,Technisch,Batteriespeicher Störung,Negativ,Chat,Mittel,2023-05-25,151
2188,1246,2024-10-26,Speicher,Technisch,Kapazität gesunken,Neutral,App,Mittel,2024-10-27,43
2189,19398,2025-03-22,Solar,Technisch,Wechselrichter Fehler,Neutral,Telefon,Mittel,2025-03-22,114
2190,1914,2023-08-02,Speicher,Technisch,Batteriespeicher Störung,Negativ,App,Niedrig,2023-08-06,38
2191,8391,2024-04-29,Rechnung,Abrechnung,Zahlungsplan angefragt,Neutral,Telefon,Mittel,2024-05-09,186
2192,11188,2025-05-04,Allgemein,Service,Informationsanfrage,Neutral,Telefon,Mittel,2025-05-07,54
2193,10860,2024-01-12,Tarif,Vertrag,Preisgarantie Frage,Negativ,Telefon,Mittel,2024-01-24,80
2194,12313,2024-12-22,Wallbox,E-Mobility,Ladekarte Probleme,Positiv,Email,Hoch,2024-12-22,103
2195,3258,2023-03-17,Smart Meter,Installation,Smart Meter zeigt keine Daten,Neutral,Chat,Mittel,2023-03-26,141
2196,16825,2024-06-26,Smart Meter,Installation,Smart Meter zeigt keine Daten,Negativ,Telefon,Hoch,2024-06-26,152
2197,2965,2024-01-29,Wärmepumpe,Technisch,Effizienz zu niedrig,Neutral,Email,Niedrig,2024-02-09,63
2198,6684,2024-02-28,Speicher,Technisch,Kapazität gesunken,Neutral,Telefon,Mittel,2024-03-07,84
2199,3979,2023-10-13,Solar,Technisch,Monitoring nicht verfügbar,Negativ,Email,Hoch,2023-10-14,1
2200,11268,2024-10-14,Rechnung,Abrechnung,Rechnungsfrage,Neutral,Email,Niedrig,2024-10-26,1
2201,8082,2024-05-22,Allgemein,Service,Lob,Positiv,App,Niedrig,2024-05-26,143
2202,3691,2024-03-15,Wärmepumpe,Technisch,Fehlercode E01 angezeigt,Positiv,Telefon,Mittel,2024-03-15,181
2203,993,2024-04-22,Wärmepumpe,Technisch,Wärmepumpe Störung,Negativ,Email,Hoch,2024-04-26,124
2204,13936,2024-09-07,Wärmepumpe,Technisch,Geräuschentwicklung zu hoch,Neutral,Telefon,Niedrig,2024-09-10,170
2205,10467,2023-02-28,Tarif,Vertrag,Vertragsverlängerung,Positiv,Email,Mittel,2023-03-03,76
2206,13005,2024-09-13,Wärmepumpe,Technisch,Wärmepumpe Störung,Negativ,Email,Hoch,2024-09-19,158
2207,17238,2023-09-02,Allgemein,Service,Allgemeine Anfrage,Neutral,Chat,Kritisch,2023-09-05,102
2208,13897,2023-07-28,Wallbox,E-Mobility,Wallbox lädt nicht,Negativ,Chat,Hoch,2023-08-04,111
2209,13757,2024-06-24,Speicher,Technisch,Batteriespeicher Störung,Negativ,Telefon,Hoch,2024-07-01,125
2210,16814,2025-06-18,Smart Meter,Installation,Smart Meter defekt,Negativ,App,Niedrig,2025-06-21,187
2211,2392,2024-12-07,Allgemein,Service,Allgemeine Anfrage,Neutral,Email,Mittel,2024-12-12,10
2212,10998,2023-02-13,Wärmepumpe,Technisch,Wärmepumpe Störung,Negativ,Chat,Mittel,2023-02-22,40
2213,9084,2024-07-07,Wärmepumpe,Technisch,Wartung angefragt,Negativ,Email,Mittel,2024-07-15,141
2214,7541,2023-03-10,Rechnung,Abrechnung,Zahlungsplan angefragt,Positiv,Chat,Mittel,2023-03-19,178
2215,5089,2024-09-25,Wallbox,E-Mobility,Wallbox Installation angefragt,Neutral,Chat,Kritisch,2024-09-29,45
2216,13356,2023-04-28,Speicher,Technisch,Speicher lädt nicht,Negativ,App,Mittel,2023-05-09,51
2217,12843,2023-02-25,Rechnung,Abrechnung,Gutschrift angefragt,Positiv,Chat,Hoch,2023-02-26,93
2218,15721,2025-06-16,Allgemein,Service,Lob,Positiv,App,Niedrig,2025-06-22,155
2219,16992,2023-09-16,Wallbox,E-Mobility,Wallbox Installation angefragt,Negativ,Telefon,Mittel,2023-09-19,151
2220,13804,2024-08-29,Allgemein,Service,Allgemeine Anfrage,Neutral,Telefon,Niedrig,2024-09-04,53
2221,19489,2024-09-14,Tarif,Vertrag,Preisgarantie Frage,Neutral,Email,Mittel,2024-09-19,88
2222,16039,2025-01-31,Wärmepumpe,Technisch,Effizienz zu niedrig,Neutral,App,Mittel,2025-02-10,99
2223,18736,2024-10-06,Solar,Technisch,Monitoring nicht verfügbar,Negativ,Chat,Kritisch,2024-10-10,44
2224,17603,2025-06-10,Wallbox,E-Mobility,Wallbox lädt nicht,Negativ,App,Kritisch,2025-06-14,128
2225,6986,2023-03-13,Allgemein,Service,Allgemeine Anfrage,Neutral,App,Mittel,2023-03-24,2
2226,11507,2023-10-16,Allgemein,Service,Informationsanfrage,Negativ,App,Niedrig,2023-10-23,157
2227,3195,2023-05-04,Tarif,Vertrag,Ökostrom Umstellung,Positiv,Telefon,Mittel,2023-05-18,95
2228,7316,2023-08-26,Wärmepumpe,Technisch,Effizienz zu niedrig,Positiv,Email,Hoch,2023-08-30,54
2229,13178,2024-08-17,Rechnung,Abrechnung,Rechnungsfrage,Neutral,Email,Niedrig,2024-08-24,117
2230,18038,2024-10-30,Solar,Technisch,Monitoring nicht verfügbar,Negativ,Email,Mittel,2024-11-09,77
2231,13206,2023-01-02,Rechnung,Abrechnung,Gutschrift angefragt,Negativ,Email,Niedrig,2023-01-16,138
2232,8095,2023-03-13,Smart Meter,Installation,Smart Meter Ablesung fehlerhaft,Neutral,Chat,Niedrig,2023-03-25,77
2233,9715,2023-01-17,Speicher,Technisch,Batteriespeicher Störung,Negativ,App,Mittel,2023-01-23,25
2234,216,2023-11-10,Wärmepumpe,Technisch,Wärmepumpe Störung,Negativ,Email,Hoch,2023-11-15,13
2235,5022,2024-07-24,Speicher,Technisch,Speicher lädt nicht,Negativ,Chat,Mittel,2024-08-07,183
2236,2074,2025-01-25,Solar,Technisch,Solaranlage produziert nicht,Negativ,Telefon,Hoch,2025-02-01,43
2237,14807,2024-03-31,Solar,Technisch,Solaranlage Ertrag niedrig,Negativ,App,Mittel,2024-04-10,90
2238,4341,2025-03-13,Solar,Technisch,Wechselrichter Fehler,Neutral,App,Mittel,2025-03-22,177
2239,17464,2023-03-14,Allgemein,Service,Beschwerde,Negativ,Chat,Niedrig,2023-03-22,118
2240,19112,2023-04-19,Allgemein,Service,Allgemeine Anfrage,Positiv,Email,Kritisch,2023-04-19,45
2241,13705,2024-09-10,Allgemein,Service,Kontaktdaten ändern,Neutral,Email,Mittel,2024-09-12,169
2242,4107,2023-12-22,Smart Meter,Installation,Smart Meter zeigt keine Daten,Neutral,Email,Mittel,2023-12-31,92
2243,14168,2023-09-14,Tarif,Vertrag,Tarifwechsel angefragt,Negativ,Telefon,Niedrig,2023-09-24,176
2244,4710,2025-06-15,Wärmepumpe,Technisch,Wärmepumpe Störung,Negativ,Email,Hoch,2025-06-20,75
2245,18813,2024-06-30,Rechnung,Abrechnung,Gutschrift angefragt,Negativ,Telefon,Niedrig,2024-07-06,87
2246,7914,2025-02-14,Smart Meter,Installation,Smart Meter defekt,Negativ,Telefon,Mittel,2025-02-18,5
2247,5015,2023-07-04,Speicher,Technisch,Kapazität gesunken,Positiv,App,Niedrig,2023-07-16,158
2248,537,2023-12-28,Speicher,Technisch,Speicher lädt nicht,Negativ,Chat,Mittel,2024-01-04,179
2249,9179,2025-03-10,Rechnung,Abrechnung,Abschlag anpassen,Neutral,Email,Hoch,2025-03-14,140
2250,19848,2025-04-21,Speicher,Technisch,Speicher lädt nicht,Negativ,App,Mittel,2025-04-22,91
2251,4336,2023-02-06,Solar,Technisch,Solaranlage Ertrag niedrig,Neutral,App,Niedrig,2023-02-06,17
2252,7107,2024-10-19,Smart Meter,Installation,Smart Meter Ablesung fehlerhaft,Negativ,Email,Mittel,2024-10-19,66
2253,7727,2023-08-30,Wärmepumpe,Technisch,Effizienz zu niedrig,Negativ,Telefon,Mittel,2023-09-05,185
2254,10738,2024-04-14,Wärmepumpe,Technisch,Fehlercode E01 angezeigt,Neutral,App,Mittel,2024-04-27,162
2255,13162,2024-12-01,Wallbox,E-Mobility,App-Verbindung unterbrochen,Positiv,App,Mittel,2024-12-14,155
2256,18267,2024-12-13,Solar,Technisch,Monitoring nicht verfügbar,Negativ,Chat,Hoch,2024-12-14,149
2257,7632,2024-08-27,Speicher,Technisch,Kapazität gesunken,Negativ,App,Mittel,2024-08-31,79
2258,14214,2024-05-21,Smart Meter,Installation,Smart Meter zeigt keine Daten,Negativ,Email,Mittel,2024-05-22,129
2259,3423,2025-01-25,Smart Meter,Installation,Smart Meter defekt,Negativ,Chat,Kritisch,2025-01-31,171
2260,19174,2025-06-04,Wallbox,E-Mobility,Wallbox Installation angefragt,Neutral,Telefon,Hoch,2025-06-11,41
2261,13308,2025-03-26,Allgemein,Service,Beschwerde,Negativ,Telefon,Mittel,2025-03-30,25
2262,14601,2023-10-03,Rechnung,Abrechnung,Unstimmigkeit in Rechnung,Neutral,Telefon,Mittel,2023-10-09,162
2263,15986,2024-01-13,Smart Meter,Installation,Smart Meter App funktioniert nicht,Negativ,Email,Kritisch,2024-01-20,124
2264,17842,2024-02-20,Speicher,Technisch,Kapazität gesunken,Positiv,App,Mittel,2024-03-02,131
2265,2312,2025-05-19,Allgemein,Service,Allgemeine Anfrage,Neutral,Chat,Mittel,2025-05-19,34
2266,8229,2023-06-27,Speicher,Technisch,Kapazität gesunken,Neutral,Email,Niedrig,2023-07-10,194
2267,3068,2023-01-11,Wärmepumpe,Technisch,Wärmepumpe Störung,Negativ,App,Mittel,2023-01-23,71
2268,18025,2023-11-06,Speicher,Technisch,Batteriespeicher Störung,Negativ,App,Niedrig,2023-11-17,164
2269,11465,2024-02-17,Allgemein,Service,Lob,Positiv,App,Niedrig,2024-02-17,183
2270,8712,2023-03-29,Wallbox,E-Mobility,Wallbox Installation angefragt,Neutral,App,Mittel,2023-03-30,178
2271,17793,2024-01-29,Wallbox,E-Mobility,Wallbox defekt,Negativ,Email,Mittel,2024-01-31,39
2272,12380,2023-07-01,Speicher,Technisch,Batteriespeicher Störung,Negativ,App,Kritisch,2023-07-05,58
2273,14099,2024-06-18,Tarif,Vertrag,Preisgarantie Frage,Neutral,App,Hoch,2024-06-19,152
2274,13126,2025-01-11,Solar,Technisch,Wechselrichter Fehler,Negativ,Chat,Niedrig,2025-01-19,53
2275,7702,2024-03-12,Wallbox,E-Mobility,Wallbox defekt,Negativ,Telefon,Kritisch,2024-03-19,122
2276,297,2024-06-06,Allgemein,Service,Beschwerde,Negativ,Chat,Hoch,2024-06-13,11
2277,6372,2023-08-01,Solar,Technisch,Monitoring nicht verfügbar,Negativ,Telefon,Mittel,2023-08-05,98
2278,16348,2024-04-03,Speicher,Technisch,Kapazität gesunken,Neutral,Chat,Niedrig,2024-04-13,128
2279,19416,2025-02-09,Rechnung,Abrechnung,Rechnungsfrage,Neutral,Chat,Niedrig,2025-02-11,85
2280,10640,2023-03-31,Allgemein,Service,Lob,Positiv,App,Niedrig,2023-04-08,184
2281,17554,2023-10-13,Allgemein,Service,Allgemeine Anfrage,Negativ,Email,Niedrig,2023-10-19,106
2282,841,2024-12-08,Allgemein,Service,Informationsanfrage,Neutral,Telefon,Niedrig,2024-12-10,49
2283,6936,2024-10-08,Rechnung,Abrechnung,Gutschrift angefragt,Neutral,Email,Mittel,2024-10-20,54
2284,4395,2023-08-18,Speicher,Technisch,Speicher lädt nicht,Negativ,Telefon,Kritisch,2023-08-22,145
2285,17468,2025-03-30,Smart Meter,Installation,Smart Meter Installation angefragt,Neutral,Chat,Mittel,2025-04-06,60
2286,1305,2024-04-28,Allgemein,Service,Kontaktdaten ändern,Neutral,Email,Mittel,2024-05-12,170
2287,15359,2025-06-15,Smart Meter,Installation,Smart Meter zeigt keine Daten,Positiv,App,Mittel,2025-06-23,30
2288,6616,2023-04-19,Wallbox,E-Mobility,App-Verbindung unterbrochen,Neutral,Email,Niedrig,2023-04-21,191
2289,18145,2025-03-26,Tarif,Vertrag,Vertragsverlängerung,Neutral,Telefon,Niedrig,2025-04-08,138
2290,15579,2025-04-11,Speicher,Technisch,Kapazität gesunken,Negativ,Telefon,Hoch,2025-04-15,132
2291,15783,2024-04-30,Speicher,Technisch,Kapazität gesunken,Neutral,App,Mittel,2024-05-11,99
2292,16708,2024-06-20,Rechnung,Abrechnung,Unstimmigkeit in Rechnung,Neutral,App,Niedrig,2024-07-02,101
2293,18591,2024-06-06,Rechnung,Abrechnung,Rechnungsfrage,Neutral,Chat,Mittel,2024-06-10,94
2294,13239,2024-10-18,Speicher,Technisch,Kapazität gesunken,Neutral,App,Hoch,2024-10-19,12
2295,599,2023-07-16,Speicher,Technisch,Speicher lädt nicht,Negativ,App,Kritisch,2023-07-17,187
2296,1777,2024-05-04,Wallbox,E-Mobility,Wallbox defekt,Negativ,Email,Hoch,2024-05-08,200
2297,9443,2024-06-04,Smart Meter,Installation,Smart Meter zeigt keine Daten,Neutral,App,Mittel,2024-06-13,27
2298,16794,2023-04-10,Smart Meter,Installation,Smart Meter Ablesung fehlerhaft,Neutral,Email,Mittel,2023-04-19,125
2299,11367,2023-01-11,Tarif,Vertrag,Umzug melden,Neutral,Telefon,Hoch,2023-01-13,162
2300,11122,2025-02-09,Solar,Technisch,Wechselrichter Fehler,Neutral,Telefon,Mittel,2025-02-13,46
2301,18220,2024-08-03,Smart Meter,Installation,Smart Meter zeigt keine Daten,Neutral,App,Mittel,2024-08-06,1
2302,7249,2023-03-09,Wallbox,E-Mobility,Wallbox lädt nicht,Negativ,Chat,Niedrig,2023-03-11,34
2303,11037,2024-01-29,Tarif,Vertrag,Kündigung,Positiv,Telefon,Mittel,2024-02-06,92
2304,7599,2023-04-28,Tarif,Vertrag,Ökostrom Umstellung,Positiv,App,Mittel,2023-05-05,22
2305,5042,2024-07-14,Wärmepumpe,Technisch,Geräuschentwicklung zu hoch,Neutral,Chat,Mittel,2024-07-17,76
2306,6566,2025-05-27,Rechnung,Abrechnung,Gutschrift angefragt,Positiv,Chat,Hoch,2025-06-02,126
2307,6921,2024-04-27,Allgemein,Service,Informationsanfrage,Positiv,Chat,Mittel,2024-05-02,10
2308,12222,2023-08-01,Allgemein,Service,Informationsanfrage,Positiv,App,Mittel,2023-08-07,25
2309,11365,2024-12-05,Allgemein,Service,Beschwerde,Negativ,Telefon,Hoch,2024-12-08,115
2310,1349,2023-04-01,Speicher,Technisch,Speicher lädt nicht,Negativ,Chat,Kritisch,2023-04-06,107
2311,8181,2025-01-23,Tarif,Vertrag,Vertragsverlängerung,Negativ,Telefon,Mittel,2025-01-23,195
2312,15265,2023-01-04,Wärmepumpe,Technisch,Geräuschentwicklung zu hoch,Neutral,App,Mittel,2023-01-05,45
2313,13250,2023-01-01,Solar,Technisch,Solaranlage produziert nicht,Negativ,Telefon,Mittel,2023-01-07,49
2314,71,2025-05-03,Wärmepumpe,Technisch,Geräuschentwicklung zu hoch,Neutral,Chat,Hoch,2025-05-07,174
2315,19204,2024-05-08,Speicher,Technisch,Batteriespeicher Störung,Negativ,App,Mittel,2024-05-16,116
2316,11484,2024-01-23,Wärmepumpe,Technisch,Fehlercode E01 angezeigt,Neutral,Email,Niedrig,2024-02-01,109
2317,4084,2023-06-24,Allgemein,Service,Kontaktdaten ändern,Neutral,Chat,Niedrig,2023-07-06,92
2318,18697,2025-01-30,Speicher,Technisch,Batteriespeicher Störung,Negativ,Email,Kritisch,2025-01-31,160
2319,15707,2025-04-01,Wärmepumpe,Technisch,Wärmepumpe Störung,Negativ,App,Mittel,2025-04-05,170
2320,3433,2024-10-23,Solar,Technisch,Wechselrichter Fehler,Negativ,Email,Mittel,2024-10-23,76
2321,18069,2024-09-09,Smart Meter,Installation,Smart Meter zeigt keine Daten,Positiv,Telefon,Mittel,2024-09-09,156
2322,17301,2023-10-13,Speicher,Technisch,Speicher lädt nicht,Negativ,Telefon,Hoch,2023-10-18,150
2323,17744,2023-07-26,Smart Meter,Installation,Smart Meter Ablesung fehlerhaft,Negativ,Chat,Mittel,2023-08-01,2
2324,14813,2025-01-18,Rechnung,Abrechnung,Unstimmigkeit in Rechnung,Neutral,Email,Mittel,2025-01-30,10
2325,969,2024-11-27,Smart Meter,Installation,Smart Meter Installation angefragt,Neutral,Chat,Mittel,2024-12-04,65
2326,296,2024-11-29,Tarif,Vertrag,Vertragsverlängerung,Neutral,Chat,Niedrig,2024-11-30,8
2327,2305,2023-05-22,Solar,Technisch,Monitoring nicht verfügbar,Negativ,Chat,Hoch,2023-05-25,11
2328,16279,2023-03-22,Tarif,Vertrag,Kündigung,Neutral,Email,Niedrig,2023-03-25,115
2329,4214,2024-07-24,Tarif,Vertrag,Ökostrom Umstellung,Neutral,Telefon,Niedrig,2024-07-29,178
2330,15685,2025-02-15,Smart Meter,Installation,Smart Meter App funktioniert nicht,Negativ,App,Mittel,2025-02-19,93
2331,7947,2024-05-21,Speicher,Technisch,Batteriespeicher Störung,Negativ,Email,Mittel,2024-05-30,142
2332,11130,2025-02-09,Speicher,Technisch,Speicher lädt nicht,Negativ,Email,Niedrig,2025-02-10,35
2333,2696,2024-11-14,Speicher,Technisch,Speicher lädt nicht,Negativ,Telefon,Niedrig,2024-11-14,150
2334,12710,2024-05-29,Rechnung,Abrechnung,Gutschrift angefragt,Neutral,Chat,Mittel,2024-06-06,74
2335,14704,2024-05-12,Wärmepumpe,Technisch,Geräuschentwicklung zu hoch,Neutral,Email,Hoch,2024-05-19,155
2336,5006,2024-06-15,Wärmepumpe,Technisch,Fehlercode E01 angezeigt,Neutral,App,Niedrig,2024-06-18,99
2337,7231,2024-06-22,Rechnung,Abrechnung,Abschlag anpassen,Positiv,Chat,Kritisch,2024-06-29,191
2338,2347,2025-04-06,Smart Meter,Installation,Smart Meter Installation angefragt,Neutral,Telefon,Niedrig,2025-04-11,200
2339,1510,2023-08-14,Wallbox,E-Mobility,Ladekarte Probleme,Positiv,Chat,Mittel,2023-08-17,163
2340,10118,2023-08-14,Tarif,Vertrag,Preisgarantie Frage,Neutral,Telefon,Mittel,2023-08-24,97
2341,6441,2024-05-20,Wärmepumpe,Technisch,Effizienz zu niedrig,Neutral,Telefon,Niedrig,2024-05-31,116
2342,9172,2023-09-16,Wärmepumpe,Technisch,Wartung angefragt,Neutral,Chat,Mittel,2023-09-20,14
2343,16934,2025-06-08,Tarif,Vertrag,Umzug melden,Neutral,Email,Niedrig,2025-06-08,44
2344,13022,2024-07-18,Wärmepumpe,Technisch,Wärmepumpe Störung,Negativ,Chat,Niedrig,2024-07-26,161
2345,7770,2023-01-18,Solar,Technisch,Solaranlage produziert nicht,Negativ,App,Hoch,2023-01-21,149
2346,5907,2023-07-30,Speicher,Technisch,Kapazität gesunken,Negativ,Telefon,Mittel,2023-08-10,20
2347,19717,2023-07-13,Allgemein,Service,Informationsanfrage,Negativ,Email,Niedrig,2023-07-26,75
2348,12252,2023-04-13,Allgemein,Service,Kontaktdaten ändern,Neutral,Chat,Niedrig,2023-04-20,128
2349,11121,2025-06-13,Tarif,Vertrag,Tarifwechsel angefragt,Neutral,App,Mittel,2025-06-14,102
2350,8893,2023-09-04,Solar,Technisch,Solaranlage Ertrag niedrig,Neutral,Chat,Mittel,2023-09-08,101
2351,16295,2024-11-09,Rechnung,Abrechnung,Gutschrift angefragt,Neutral,Telefon,Mittel,2024-11-16,174
2352,17554,2024-12-27,Allgemein,Service,Beschwerde,Negativ,Email,Hoch,2025-01-02,48
2353,10541,2024-04-25,Wallbox,E-Mobility,Ladekarte Probleme,Positiv,App,Hoch,2024-04-29,44
2354,11689,2023-11-18,Wallbox,E-Mobility,App-Verbindung unterbrochen,Negativ,Chat,Niedrig,2023-11-26,29
2355,13372,2024-02-07,Smart Meter,Installation,Smart Meter defekt,Negativ,Chat,Mittel,2024-02-16,68
2356,9549,2023-04-01,Rechnung,Abrechnung,Unstimmigkeit in Rechnung,Negativ,Telefon,Niedrig,2023-04-04,200
2357,4251,2025-06-18,Tarif,Vertrag,Ökostrom Umstellung,Negativ,Email,Kritisch,2025-06-18,53
2358,17133,2024-05-19,Wärmepumpe,Technisch,Effizienz zu niedrig,Negativ,App,Mittel,2024-05-25,56
2359,12352,2024-09-02,Smart Meter,Installation,Smart Meter App funktioniert nicht,Negativ,Email,Kritisch,2024-09-02,135
2360,5184,2023-04-08,Wallbox,E-Mobility,Wallbox Installation angefragt,Neutral,Chat,Mittel,2023-04-21,200
2361,12207,2024-03-09,Wärmepumpe,Technisch,Wärmepumpe läuft nicht,Negativ,App,Hoch,2024-03-16,36
2362,1067,2025-01-08,Wärmepumpe,Technisch,Effizienz zu niedrig,Neutral,Telefon,Mittel,2025-01-21,139
2363,10570,2025-04-08,Rechnung,Abrechnung,Unstimmigkeit in Rechnung,Neutral,Telefon,Mittel,2025-04-13,82
2364,8463,2025-01-04,Allgemein,Service,Informationsanfrage,Negativ,Telefon,Mittel,2025-01-08,195
2365,15364,2024-05-14,Allgemein,Service,Kontaktdaten ändern,Neutral,App,Niedrig,2024-05-24,88
2366,9656,2024-08-08,Smart Meter,Installation,Smart Meter App funktioniert nicht,Negativ,Email,Niedrig,2024-08-19,82
2367,2124,2025-03-18,Rechnung,Abrechnung,Zahlungsplan angefragt,Negativ,Chat,Niedrig,2025-03-20,42
2368,15986,2024-07-06,Solar,Technisch,Wechselrichter Fehler,Negativ,Telefon,Hoch,2024-07-10,196
2369,15683,2023-02-03,Speicher,Technisch,Batteriespeicher Störung,Negativ,Email,Mittel,2023-02-09,159
2370,4455,2024-09-28,Wallbox,E-Mobility,Wallbox Installation angefragt,Neutral,Chat,Mittel,2024-10-12,7
2371,10127,2023-11-10,Smart Meter,Installation,Smart Meter Ablesung fehlerhaft,Neutral,Chat,Mittel,2023-11-20,191
2372,10317,2024-12-19,Solar,Technisch,Solaranlage Ertrag niedrig,Negativ,Telefon,Mittel,2024-12-19,1
2373,3169,2023-10-22,Wallbox,E-Mobility,Wallbox lädt nicht,Negativ,Chat,Mittel,2023-10-30,51
2374,19348,2023-07-10,Allgemein,Service,Allgemeine Anfrage,Neutral,App,Mittel,2023-07-21,43
2375,8383,2024-01-08,Smart Meter,Installation,Smart Meter Ablesung fehlerhaft,Neutral,Telefon,Mittel,2024-01-20,107
2376,6347,2025-04-24,Speicher,Technisch,Batteriespeicher Störung,Negativ,App,Hoch,2025-04-25,8
2377,19448,2023-07-12,Wärmepumpe,Technisch,Wartung angefragt,Neutral,Email,Hoch,2023-07-15,186
2378,2346,2024-09-27,Speicher,Technisch,Speicher lädt nicht,Negativ,Chat,Kritisch,2024-10-02,122
2379,13930,2024-01-11,Wärmepumpe,Technisch,Wärmepumpe Störung,Negativ,Chat,Hoch,2024-01-12,100
2380,6267,2023-05-07,Tarif,Vertrag,Umzug melden,Neutral,Chat,Niedrig,2023-05-20,120
2381,13126,2024-05-12,Rechnung,Abrechnung,Zahlungsplan angefragt,Neutral,App,Niedrig,2024-05-26,61
2382,25,2025-01-16,Tarif,Vertrag,Kündigung,Neutral,App,Mittel,2025-01-22,48
2383,6069,2024-01-09,Wallbox,E-Mobility,Wallbox lädt nicht,Negativ,Email,Hoch,2024-01-09,68
2384,16615,2024-09-26,Allgemein,Service,Informationsanfrage,Neutral,Email,Mittel,2024-10-04,166
2385,19530,2024-07-04,Tarif,Vertrag,Vertragsverlängerung,Neutral,App,Niedrig,2024-07-04,136
2386,6704,2023-10-29,Wärmepumpe,Technisch,Wärmepumpe läuft nicht,Negativ,Telefon,Hoch,2023-10-30,41
2387,12525,2024-07-02,Smart Meter,Installation,Smart Meter defekt,Negativ,Telefon,Mittel,2024-07-11,48
2388,12172,2024-05-08,Wallbox,E-Mobility,App-Verbindung unterbrochen,Neutral,App,Niedrig,2024-05-21,60
2389,14816,2024-11-04,Wärmepumpe,Technisch,Wärmepumpe läuft nicht,Negativ,Telefon,Kritisch,2024-11-08,34
2390,14649,2023-01-28,Solar,Technisch,Wechselrichter Fehler,Neutral,Telefon,Mittel,2023-02-11,133
2391,18500,2024-05-08,Rechnung,Abrechnung,Unstimmigkeit in Rechnung,Neutral,App,Mittel,2024-05-13,108
2392,5742,2023-08-19,Tarif,Vertrag,Preisgarantie Frage,Positiv,Telefon,Hoch,2023-08-21,59
2393,3778,2024-03-02,Tarif,Vertrag,Kündigung,Neutral,Email,Mittel,2024-03-08,162
2394,7464,2024-12-14,Allgemein,Service,Informationsanfrage,Neutral,Telefon,Hoch,2024-12-19,29
2395,2385,2024-01-30,Speicher,Technisch,Batteriespeicher Störung,Negativ,Telefon,Hoch,2024-01-31,149
2396,4315,2023-05-04,Solar,Technisch,Einspeisevergütung Frage,Neutral,Chat,Mittel,2023-05-11,161
2397,17553,2025-04-25,Smart Meter,Installation,Smart Meter Ablesung fehlerhaft,Negativ,App,Hoch,2025-05-02,126
2398,977,2024-09-26,Wärmepumpe,Technisch,Wartung angefragt,Neutral,App,Mittel,2024-09-26,143
2399,14676,2024-11-16,Smart Meter,Installation,Smart Meter defekt,Negativ,App,Niedrig,2024-11-18,134
2400,7898,2024-12-29,Rechnung,Abrechnung,Rechnungsfrage,Neutral,Chat,Mittel,2025-01-06,26
2401,12145,2024-08-08,Speicher,Technisch,Speicher lädt nicht,Negativ,App,Hoch,2024-08-12,54
2402,19129,2024-03-08,Solar,Technisch,Solaranlage produziert nicht,Negativ,Email,Mittel,2024-03-16,196
2403,9291,2024-04-05,Smart Meter,Installation,Smart Meter Ablesung fehlerhaft,Positiv,Email,Niedrig,2024-04-18,127
2404,5774,2025-05-23,Solar,Technisch,Einspeisevergütung Frage,Neutral,Telefon,Niedrig,2025-06-05,146
2405,12991,2023-06-17,Allgemein,Service,Kontaktdaten ändern,Neutral,Chat,Niedrig,2023-06-17,176
2406,4016,2023-03-12,Rechnung,Abrechnung,Unstimmigkeit in Rechnung,Positiv,Email,Kritisch,2023-03-18,36
2407,11867,2023-12-25,Wallbox,E-Mobility,Wallbox defekt,Negativ,Telefon,Kritisch,2024-01-01,45
2408,9738,2024-07-22,Solar,Technisch,Wechselrichter Fehler,Neutral,App,Mittel,2024-08-01,145
2409,12130,2025-06-21,Wallbox,E-Mobility,Wallbox lädt nicht,Negativ,App,Mittel,2025-06-22,146
2410,5455,2023-04-16,Wallbox,E-Mobility,Wallbox Installation angefragt,Negativ,App,Niedrig,2023-04-16,46
2411,5577,2024-01-09,Tarif,Vertrag,Tarifwechsel angefragt,Positiv,Email,Niedrig,2024-01-18,100
2412,7436,2025-01-05,Solar,Technisch,Wechselrichter Fehler,Negativ,Telefon,Niedrig,2025-01-07,171
2413,16642,2023-09-07,Smart Meter,Installation,Smart Meter zeigt keine Daten,Neutral,Email,Mittel,2023-09-17,126
2414,10916,2023-01-27,Smart Meter,Installation,Smart Meter zeigt keine Daten,Negativ,Telefon,Mittel,2023-02-07,114
2415,506,2024-09-06,Tarif,Vertrag,Umzug melden,Neutral,Telefon,Hoch,2024-09-13,150
2416,4997,2024-04-19,Solar,Technisch,Solaranlage Ertrag niedrig,Neutral,Telefon,Kritisch,2024-04-22,140
2417,19634,2024-04-09,Allgemein,Service,Lob,Positiv,Chat,Niedrig,2024-04-17,113
2418,6092,2023-08-17,Wärmepumpe,Technisch,Wärmepumpe Störung,Negativ,Email,Niedrig,2023-08-31,63
2419,9906,2023-07-11,Smart Meter,Installation,Smart Meter App funktioniert nicht,Negativ,App,Kritisch,2023-07-18,185
2420,6859,2025-05-04,Wärmepumpe,Technisch,Effizienz zu niedrig,Negativ,App,Mittel,2025-05-18,150
2421,6330,2024-08-20,Allgemein,Service,Informationsanfrage,Negativ,App,Mittel,2024-08-21,107
2422,13537,2025-01-11,Allgemein,Service,Informationsanfrage,Negativ,App,Niedrig,2025-01-18,144
2423,2703,2024-02-28,Allgemein,Service,Allgemeine Anfrage,Positiv,App,Mittel,2024-03-02,56
2424,11740,2024-05-12,Wallbox,E-Mobility,App-Verbindung unterbrochen,Neutral,App,Niedrig,2024-05-21,113
2425,14574,2023-08-05,Rechnung,Abrechnung,Unstimmigkeit in Rechnung,Neutral,App,Hoch,2023-08-05,81
2426,3382,2024-09-28,Speicher,Technisch,Batteriespeicher Störung,Negativ,Email,Niedrig,2024-10-06,165
2427,7158,2023-05-19,Allgemein,Service,Beschwerde,Negativ,App,Niedrig,2023-05-20,6
2428,19745,2024-09-22,Rechnung,Abrechnung,Rechnungsfrage,Neutral,App,Niedrig,2024-09-27,192
2429,14870,2023-05-07,Wärmepumpe,Technisch,Geräuschentwicklung zu hoch,Negativ,Chat,Mittel,2023-05-15,157
2430,8210,2023-01-04,Speicher,Technisch,Kapazität gesunken,Positiv,Telefon,Mittel,2023-01-13,169
2431,9767,2023-08-12,Speicher,Technisch,Kapazität gesunken,Positiv,Telefon,Niedrig,2023-08-14,118
2432,14743,2024-04-08,Rechnung,Abrechnung,Gutschrift angefragt,Neutral,Email,Niedrig,2024-04-13,27
2433,6632,2024-03-13,Allgemein,Service,Lob,Positiv,Chat,Niedrig,2024-03-26,148
2434,12806,2024-08-19,Rechnung,Abrechnung,Unstimmigkeit in Rechnung,Positiv,App,Mittel,2024-08-20,154
2435,164,2024-09-22,Speicher,Technisch,Kapazität gesunken,Neutral,Email,Mittel,2024-09-30,30
2436,2972,2023-04-22,Smart Meter,Installation,Smart Meter defekt,Negativ,Chat,Hoch,2023-04-26,166
2437,18503,2023-06-27,Allgemein,Service,Beschwerde,Negativ,Chat,Kritisch,2023-06-30,136
2438,828,2025-01-06,Solar,Technisch,Wechselrichter Fehler,Neutral,App,Niedrig,2025-01-18,90
2439,1298,2023-10-12,Tarif,Vertrag,Vertragsverlängerung,Positiv,App,Hoch,2023-10-16,48
2440,14343,2024-04-30,Wallbox,E-Mobility,Wallbox lädt nicht,Negativ,App,Mittel,2024-05-05,84
2441,19264,2025-03-01,Allgemein,Service,Lob,Positiv,Email,Niedrig,2025-03-07,31
2442,19885,2024-04-01,Allgemein,Service,Kontaktdaten ändern,Neutral,App,Niedrig,2024-04-04,62
2443,17782,2025-06-01,Smart Meter,Installation,Smart Meter Installation angefragt,Neutral,Email,Niedrig,2025-06-13,50
2444,15378,2024-03-17,Speicher,Technisch,Batteriespeicher Störung,Negativ,Telefon,Mittel,2024-03-31,141
2445,14480,2023-08-15,Wärmepumpe,Technisch,Geräuschentwicklung zu hoch,Negativ,App,Hoch,2023-08-15,96
2446,6504,2025-03-04,Wärmepumpe,Technisch,Wärmepumpe läuft nicht,Negativ,App,Mittel,2025-03-06,97
2447,10471,2024-08-17,Tarif,Vertrag,Ökostrom Umstellung,Positiv,App,Mittel,2024-08-29,140
2448,10802,2025-01-28,Allgemein,Service,Kontaktdaten ändern,Neutral,App,Mittel,2025-01-30,13
2449,15718,2023-08-26,Speicher,Technisch,Batteriespeicher Störung,Negativ,Chat,Kritisch,2023-08-31,7
2450,10739,2023-11-13,Smart Meter,Installation,Smart Meter Ablesung fehlerhaft,Neutral,Telefon,Mittel,2023-11-20,105
2451,11909,2023-03-26,Wärmepumpe,Technisch,Effizienz zu niedrig,Positiv,Telefon,Mittel,2023-03-31,89
2452,4668,2023-09-22,Wärmepumpe,Technisch,Fehlercode E01 angezeigt,Neutral,Chat,Niedrig,2023-09-29,73
2453,8009,2025-04-09,Rechnung,Abrechnung,Rechnungsfrage,Neutral,App,Hoch,2025-04-16,83
2454,1648,2024-06-16,Wallbox,E-Mobility,Ladekarte Probleme,Neutral,Telefon,Niedrig,2024-06-23,6
2455,8330,2024-01-15,Rechnung,Abrechnung,Gutschrift angefragt,Negativ,Chat,Niedrig,2024-01-21,27
2456,8341,2024-01-27,Allgemein,Service,Allgemeine Anfrage,Positiv,App,Niedrig,2024-02-07,100
2457,6831,2025-04-24,Speicher,Technisch,Kapazität gesunken,Neutral,Chat,Niedrig,2025-05-05,58
2458,14057,2023-11-14,Wallbox,E-Mobility,App-Verbindung unterbrochen,Neutral,Telefon,Mittel,2023-11-16,152
2459,16189,2024-05-17,Wallbox,E-Mobility,Wallbox lädt nicht,Negativ,Email,Hoch,2024-05-20,184
2460,2194,2023-08-17,Wärmepumpe,Technisch,Wärmepumpe läuft nicht,Negativ,Telefon,Hoch,2023-08-23,185
2461,13216,2023-10-20,Wallbox,E-Mobility,Wallbox lädt nicht,Negativ,App,Kritisch,2023-10-24,72
2462,5731,2024-09-08,Tarif,Vertrag,Preisgarantie Frage,Neutral,Email,Niedrig,2024-09-22,12
2463,4452,2025-01-29,Wallbox,E-Mobility,App-Verbindung unterbrochen,Neutral,App,Hoch,2025-02-03,167
2464,19612,2023-05-03,Allgemein,Service,Kontaktdaten ändern,Negativ,Email,Hoch,2023-05-05,5
2465,3697,2023-02-23,Wallbox,E-Mobility,Wallbox Installation angefragt,Neutral,Telefon,Kritisch,2023-02-26,154
2466,9714,2024-01-24,Speicher,Technisch,Kapazität gesunken,Positiv,Telefon,Niedrig,2024-02-04,62
2467,7958,2023-05-09,Solar,Technisch,Solaranlage Ertrag niedrig,Neutral,Email,Hoch,2023-05-10,110
2468,18902,2023-01-24,Speicher,Technisch,Kapazität gesunken,Neutral,Chat,Niedrig,2023-01-31,159
2469,3843,2024-10-27,Solar,Technisch,Einspeisevergütung Frage,Positiv,Email,Niedrig,2024-11-03,40
2470,2096,2024-02-13,Tarif,Vertrag,Ökostrom Umstellung,Neutral,Chat,Niedrig,2024-02-27,155
2471,15406,2023-05-07,Wallbox,E-Mobility,Wallbox defekt,Negativ,Chat,Kritisch,2023-05-07,25
2472,18879,2024-02-01,Rechnung,Abrechnung,Zahlungsplan angefragt,Positiv,Email,Mittel,2024-02-03,108
2473,603,2024-03-21,Smart Meter,Installation,Smart Meter defekt,Negativ,App,Kritisch,2024-03-23,27
2474,1020,2024-01-14,Speicher,Technisch,Kapazität gesunken,Negativ,App,Mittel,2024-01-15,84
2475,9544,2023-01-13,Rechnung,Abrechnung,Gutschrift angefragt,Neutral,Email,Niedrig,2023-01-21,97
2476,4745,2024-04-06,Rechnung,Abrechnung,Abschlag zu hoch,Neutral,Telefon,Niedrig,2024-04-19,133
2477,18683,2023-10-13,Allgemein,Service,Beschwerde,Negativ,Email,Hoch,2023-10-19,108
2478,4028,2023-01-06,Smart Meter,Installation,Smart Meter zeigt keine Daten,Neutral,Telefon,Mittel,2023-01-19,181
2479,13156,2024-02-12,Rechnung,Abrechnung,Zahlungsplan angefragt,Neutral,Telefon,Mittel,2024-02-14,177
2480,2797,2024-12-27,Tarif,Vertrag,Kündigung,Neutral,App,Hoch,2024-12-28,97
2481,9914,2023-11-17,Rechnung,Abrechnung,Abschlag zu hoch,Neutral,App,Mittel,2023-11-18,118
2482,10588,2023-10-17,Smart Meter,Installation,Smart Meter Ablesung fehlerhaft,Positiv,App,Hoch,2023-10-17,65
2483,6673,2024-07-28,Solar,Technisch,Einspeisevergütung Frage,Neutral,Email,Hoch,2024-08-01,107
2484,12333,2024-05-26,Speicher,Technisch,Batteriespeicher Störung,Negativ,Email,Kritisch,2024-05-28,98
2485,10315,2024-07-26,Allgemein,Service,Beschwerde,Negativ,App,Hoch,2024-07-30,196
2486,1522,2023-12-01,Speicher,Technisch,Kapazität gesunken,Negativ,Email,Mittel,2023-12-12,134
2487,12552,2023-04-18,Rechnung,Abrechnung,Gutschrift angefragt,Neutral,App,Mittel,2023-04-18,19
2488,9207,2024-07-27,Solar,Technisch,Einspeisevergütung Frage,Neutral,Telefon,Hoch,2024-07-27,95
2489,3949,2024-02-24,Smart Meter,Installation,Smart Meter Installation angefragt,Neutral,Telefon,Hoch,2024-02-26,68
2490,3001,2025-02-16,Wärmepumpe,Technisch,Wartung angefragt,Neutral,Email,Mittel,2025-02-19,99
2491,11073,2025-01-10,Wallbox,E-Mobility,Wallbox defekt,Negativ,Chat,Mittel,2025-01-11,43
2492,18917,2024-10-04,Tarif,Vertrag,Tarifwechsel angefragt,Negativ,Chat,Mittel,2024-10-08,2
2493,12475,2023-12-31,Tarif,Vertrag,Tarifwechsel angefragt,Neutral,Chat,Kritisch,2024-01-05,144
2494,3585,2023-04-14,Smart Meter,Installation,Smart Meter zeigt keine Daten,Neutral,App,Hoch,2023-04-16,144
2495,248,2024-07-29,Speicher,Technisch,Kapazität gesunken,Neutral,App,Mittel,2024-08-12,189
2496,13050,2024-08-12,Rechnung,Abrechnung,Rechnungsfrage,Neutral,App,Mittel,2024-08-18,137
2497,13305,2024-01-11,Wallbox,E-Mobility,Wallbox lädt nicht,Negativ,App,Kritisch,2024-01-12,60
2498,2625,2023-07-28,Wärmepumpe,Technisch,Wärmepumpe läuft nicht,Negativ,Telefon,Hoch,2023-08-02,58
2499,9342,2025-01-06,Rechnung,Abrechnung,Unstimmigkeit in Rechnung,Neutral,App,Niedrig,2025-01-07,180
2500,15951,2024-08-06,Solar,Technisch,Solaranlage produziert nicht,Negativ,Email,Niedrig,2024-08-08,170
2501,11784,2025-03-09,Allgemein,Service,Allgemeine Anfrage,Neutral,App,Niedrig,2025-03-21,56
2502,7954,2023-12-08,Wärmepumpe,Technisch,Fehlercode E01 angezeigt,Negativ,Email,Niedrig,2023-12-13,142
2503,1816,2023-05-26,Smart Meter,Installation,Smart Meter zeigt keine Daten,Neutral,Email,Niedrig,2023-06-06,59
2504,19665,2024-11-26,Allgemein,Service,Informationsanfrage,Neutral,Telefon,Kritisch,2024-11-28,66
2505,17364,2024-11-12,Solar,Technisch,Wechselrichter Fehler,Neutral,Telefon,Kritisch,2024-11-18,30
2506,14960,2025-04-02,Smart Meter,Installation,Smart Meter zeigt keine Daten,Positiv,Chat,Niedrig,2025-04-07,191
2507,16878,2025-02-02,Solar,Technisch,Solaranlage Ertrag niedrig,Neutral,Email,Mittel,2025-02-13,74
2508,2411,2025-05-21,Solar,Technisch,Einspeisevergütung Frage,Negativ,Email,Niedrig,2025-06-04,197
2509,10932,2024-02-23,Speicher,Technisch,Kapazität gesunken,Neutral,Chat,Niedrig,2024-03-06,86
2510,17283,2025-04-20,Wallbox,E-Mobility,Ladekarte Probleme,Positiv,Telefon,Niedrig,2025-04-21,89
2511,4871,2023-12-30,Tarif,Vertrag,Vertragsverlängerung,Positiv,App,Mittel,2024-01-06,79
2512,2706,2023-09-22,Wärmepumpe,Technisch,Wartung angefragt,Neutral,Chat,Hoch,2023-09-23,17
2513,15658,2023-12-06,Allgemein,Service,Kontaktdaten ändern,Neutral,App,Niedrig,2023-12-13,146
2514,18520,2024-03-12,Tarif,Vertrag,Tarifwechsel angefragt,Positiv,Telefon,Mittel,2024-03-26,73
2515,19911,2023-10-27,Smart Meter,Installation,Smart Meter Ablesung fehlerhaft,Neutral,Chat,Hoch,2023-11-03,91
2516,13751,2025-03-19,Speicher,Technisch,Batteriespeicher Störung,Negativ,App,Hoch,2025-03-26,139
2517,2060,2024-11-16,Wärmepumpe,Technisch,Wartung angefragt,Neutral,Email,Mittel,2024-11-29,136
2518,1672,2024-11-24,Tarif,Vertrag,Umzug melden,Neutral,Telefon,Kritisch,2024-11-30,30
2519,6974,2024-08-31,Tarif,Vertrag,Tarifwechsel angefragt,Negativ,Chat,Niedrig,2024-09-05,73
2520,12316,2024-12-19,Rechnung,Abrechnung,Rechnungsfrage,Neutral,App,Mittel,2024-12-29,182
2521,19626,2023-01-04,Tarif,Vertrag,Vertragsverlängerung,Negativ,Email,Mittel,2023-01-10,179
2522,13018,2023-03-23,Tarif,Vertrag,Kündigung,Neutral,Email,Mittel,2023-03-23,170
2523,16226,2023-03-07,Wallbox,E-Mobility,Wallbox lädt nicht,Negativ,App,Mittel,2023-03-08,182
2524,799,2024-01-08,Solar,Technisch,Monitoring nicht verfügbar,Negativ,Chat,Hoch,2024-01-15,41
2525,8624,2023-07-30,Rechnung,Abrechnung,Unstimmigkeit in Rechnung,Negativ,App,Niedrig,2023-08-13,145
2526,13273,2023-03-30,Rechnung,Abrechnung,Unstimmigkeit in Rechnung,Positiv,Chat,Mittel,2023-04-12,130
2527,14099,2024-02-21,Wallbox,E-Mobility,Ladekarte Probleme,Neutral,App,Niedrig,2024-02-22,79
2528,16209,2023-08-24,Wallbox,E-Mobility,Wallbox defekt,Negativ,App,Kritisch,2023-08-24,4
2529,14358,2024-02-25,Wärmepumpe,Technisch,Geräuschentwicklung zu hoch,Neutral,Telefon,Mittel,2024-02-26,88
2530,1292,2024-08-01,Tarif,Vertrag,Ökostrom Umstellung,Neutral,App,Niedrig,2024-08-10,91
2531,14666,2023-01-01,Smart Meter,Installation,Smart Meter defekt,Negativ,App,Mittel,2023-01-10,80
2532,692,2023-12-29,Tarif,Vertrag,Umzug melden,Neutral,Email,Mittel,2024-01-12,100
2533,1309,2023-06-29,Wärmepumpe,Technisch,Effizienz zu niedrig,Negativ,Chat,Mittel,2023-07-09,22
2534,12416,2024-10-27,Tarif,Vertrag,Ökostrom Umstellung,Neutral,Email,Niedrig,2024-10-27,50
2535,17586,2023-12-15,Tarif,Vertrag,Kündigung,Neutral,App,Mittel,2023-12-23,154
2536,2057,2024-04-16,Tarif,Vertrag,Preisgarantie Frage,Negativ,Telefon,Mittel,2024-04-20,164
2537,5961,2024-01-04,Wärmepumpe,Technisch,Wärmepumpe läuft nicht,Negativ,App,Niedrig,2024-01-13,93
2538,13613,2023-04-16,Smart Meter,Installation,Smart Meter Installation angefragt,Neutral,Email,Mittel,2023-04-22,14
2539,14791,2025-04-07,Smart Meter,Installation,Smart Meter App funktioniert nicht,Negativ,Chat,Kritisch,2025-04-08,93
2540,19449,2023-05-30,Smart Meter,Installation,Smart Meter defekt,Negativ,Telefon,Niedrig,2023-06-06,194
2541,18311,2023-05-29,Tarif,Vertrag,Vertragsverlängerung,Negativ,App,Mittel,2023-06-08,193
2542,9058,2025-06-23,Tarif,Vertrag,Ökostrom Umstellung,Neutral,Telefon,Mittel,2025-06-26,115
2543,9594,2025-02-25,Wallbox,E-Mobility,Wallbox defekt,Negativ,Chat,Mittel,2025-02-27,49
2544,3831,2024-02-28,Wärmepumpe,Technisch,Effizienz zu niedrig,Neutral,Email,Mittel,2024-02-28,103
2545,5033,2024-05-01,Smart Meter,Installation,Smart Meter defekt,Negativ,Chat,Kritisch,2024-05-05,144
2546,18454,2024-05-22,Smart Meter,Installation,Smart Meter Ablesung fehlerhaft,Neutral,Chat,Mittel,2024-05-23,126
2547,9354,2023-05-11,Solar,Technisch,Einspeisevergütung Frage,Neutral,Telefon,Kritisch,2023-05-18,170
2548,16059,2025-04-10,Wärmepumpe,Technisch,Fehlercode E01 angezeigt,Neutral,Email,Mittel,2025-04-24,50
2549,7709,2024-06-26,Rechnung,Abrechnung,Abschlag anpassen,Positiv,Email,Mittel,2024-07-02,194
2550,19341,2023-07-22,Allgemein,Service,Allgemeine Anfrage,Positiv,Email,Niedrig,2023-07-24,112
2551,2798,2024-05-10,Smart Meter,Installation,Smart Meter zeigt keine Daten,Neutral,Telefon,Hoch,2024-05-13,50
2552,3360,2024-05-26,Speicher,Technisch,Batteriespeicher Störung,Negativ,App,Mittel,2024-06-01,118
2553,1441,2023-03-30,Tarif,Vertrag,Preisgarantie Frage,Neutral,App,Mittel,2023-04-08,200
2554,9589,2025-05-21,Smart Meter,Installation,Smart Meter Ablesung fehlerhaft,Neutral,Telefon,Mittel,2025-06-03,59
2555,9692,2024-02-21,Wärmepumpe,Technisch,Effizienz zu niedrig,Neutral,Email,Mittel,2024-02-28,123
2556,13417,2024-05-27,Tarif,Vertrag,Umzug melden,Neutral,Telefon,Niedrig,2024-06-05,155
2557,5477,2023-06-28,Solar,Technisch,Solaranlage produziert nicht,Negativ,App,Kritisch,2023-07-05,199
2558,11636,2024-05-22,Allgemein,Service,Allgemeine Anfrage,Neutral,App,Niedrig,2024-05-24,183
2559,8682,2025-02-20,Wallbox,E-Mobility,Wallbox defekt,Negativ,Email,Niedrig,2025-03-06,114
2560,12022,2023-03-15,Wärmepumpe,Technisch,Wartung angefragt,Positiv,Telefon,Mittel,2023-03-23,132
2561,8337,2025-02-03,Wärmepumpe,Technisch,Wärmepumpe Störung,Negativ,Telefon,Mittel,2025-02-10,113
2562,15341,2024-09-18,Speicher,Technisch,Batteriespeicher Störung,Negativ,Telefon,Niedrig,2024-09-21,33
2563,18284,2023-03-07,Rechnung,Abrechnung,Gutschrift angefragt,Neutral,App,Mittel,2023-03-12,91
2564,6162,2024-04-06,Wärmepumpe,Technisch,Wärmepumpe Störung,Negativ,Chat,Hoch,2024-04-07,42
2565,9925,2024-09-18,Solar,Technisch,Wechselrichter Fehler,Neutral,Telefon,Kritisch,2024-09-25,153
2566,13199,2023-08-23,Solar,Technisch,Solaranlage produziert nicht,Negativ,Telefon,Hoch,2023-08-23,30
2567,417,2024-01-06,Allgemein,Service,Kontaktdaten ändern,Neutral,App,Mittel,2024-01-16,197
2568,19230,2024-09-28,Wallbox,E-Mobility,Wallbox Installation angefragt,Negativ,Chat,Niedrig,2024-10-05,15
2569,9442,2023-08-16,Solar,Technisch,Einspeisevergütung Frage,Neutral,Chat,Mittel,2023-08-30,67
2570,19954,2023-09-05,Speicher,Technisch,Batteriespeicher Störung,Negativ,App,Hoch,2023-09-05,52
2571,16730,2023-02-20,Tarif,Vertrag,Preisgarantie Frage,Neutral,Chat,Mittel,2023-03-04,32
2572,18367,2024-01-05,Smart Meter,Installation,Smart Meter zeigt keine Daten,Neutral,Email,Niedrig,2024-01-13,31
2573,12469,2025-01-16,Allgemein,Service,Allgemeine Anfrage,Neutral,Email,Mittel,2025-01-28,89
2574,7484,2023-12-06,Allgemein,Service,Allgemeine Anfrage,Negativ,Email,Mittel,2023-12-17,14
2575,18075,2023-03-23,Smart Meter,Installation,Smart Meter zeigt keine Daten,Negativ,Chat,Mittel,2023-03-30,35
2576,14,2025-01-03,Smart Meter,Installation,Smart Meter zeigt keine Daten,Positiv,Email,Hoch,2025-01-04,87
2577,14173,2024-11-22,Wallbox,E-Mobility,Ladekarte Probleme,Negativ,Email,Niedrig,2024-12-03,83
2578,12833,2024-01-04,Allgemein,Service,Kontaktdaten ändern,Neutral,Chat,Niedrig,2024-01-18,151
2579,7825,2024-05-31,Rechnung,Abrechnung,Abschlag anpassen,Negativ,Telefon,Mittel,2024-06-07,56
2580,13409,2023-11-05,Smart Meter,Installation,Smart Meter App funktioniert nicht,Negativ,Email,Niedrig,2023-11-07,117
2581,18579,2024-02-14,Solar,Technisch,Einspeisevergütung Frage,Neutral,Telefon,Mittel,2024-02-16,78
2582,8428,2024-08-17,Rechnung,Abrechnung,Zahlungsplan angefragt,Neutral,Email,Hoch,2024-08-21,26
2583,8145,2024-09-22,Solar,Technisch,Solaranlage Ertrag niedrig,Neutral,Telefon,Kritisch,2024-09-22,50
2584,19035,2023-02-17,Wallbox,E-Mobility,Wallbox Installation angefragt,Neutral,Email,Niedrig,2023-02-26,167
2585,7872,2025-04-16,Allgemein,Service,Informationsanfrage,Neutral,Email,Mittel,2025-04-19,73
2586,18369,2023-02-02,Allgemein,Service,Kontaktdaten ändern,Negativ,Email,Mittel,2023-02-15,19
2587,16243,2025-02-18,Allgemein,Service,Beschwerde,Negativ,Email,Hoch,2025-02-25,188
2588,508,2024-10-28,Rechnung,Abrechnung,Abschlag zu hoch,Neutral,Telefon,Mittel,2024-11-06,100
2589,6770,2023-12-31,Tarif,Vertrag,Kündigung,Negativ,App,Mittel,2024-01-04,45
2590,19685,2023-12-04,Smart Meter,Installation,Smart Meter Installation angefragt,Positiv,App,Niedrig,2023-12-07,24
2591,18069,2024-07-02,Speicher,Technisch,Batteriespeicher Störung,Negativ,App,Niedrig,2024-07-09,82
2592,4725,2023-02-06,Tarif,Vertrag,Umzug melden,Neutral,Email,Niedrig,2023-02-15,101
2593,3893,2024-09-13,Smart Meter,Installation,Smart Meter Installation angefragt,Neutral,App,Niedrig,2024-09-18,165
2594,10622,2024-01-25,Wärmepumpe,Technisch,Geräuschentwicklung zu hoch,Neutral,Chat,Mittel,2024-02-06,183
2595,14709,2024-08-04,Wärmepumpe,Technisch,Fehlercode E01 angezeigt,Negativ,Telefon,Niedrig,2024-08-16,72
2596,8342,2024-02-05,Wärmepumpe,Technisch,Wärmepumpe läuft nicht,Negativ,Chat,Niedrig,2024-02-06,106
2597,2874,2024-10-03,Speicher,Technisch,Kapazität gesunken,Neutral,Telefon,Mittel,2024-10-04,76
2598,7752,2023-11-09,Tarif,Vertrag,Ökostrom Umstellung,Neutral,Chat,Mittel,2023-11-19,69
2599,15291,2023-11-15,Speicher,Technisch,Batteriespeicher Störung,Negativ,Telefon,Hoch,2023-11-17,179
2600,16064,2024-12-21,Allgemein,Service,Lob,Positiv,App,Niedrig,2025-01-04,176
2601,8851,2023-09-02,Wärmepumpe,Technisch,Wartung angefragt,Neutral,Email,Hoch,2023-09-08,6
2602,10552,2023-02-26,Rechnung,Abrechnung,Rechnungsfrage,Negativ,App,Niedrig,2023-03-12,69
2603,12353,2024-09-11,Speicher,Technisch,Batteriespeicher Störung,Negativ,Telefon,Mittel,2024-09-11,142
2604,18043,2024-06-09,Smart Meter,Installation,Smart Meter defekt,Negativ,App,Kritisch,2024-06-14,42
2605,264,2023-06-22,Tarif,Vertrag,Vertragsverlängerung,Negativ,Email,Niedrig,2023-07-06,153
2606,16805,2024-07-24,Smart Meter,Installation,Smart Meter Installation angefragt,Neutral,Telefon,Hoch,2024-07-26,27
2607,15658,2024-08-23,Rechnung,Abrechnung,Unstimmigkeit in Rechnung,Neutral,App,Mittel,2024-09-01,101
2608,15661,2023-03-12,Tarif,Vertrag,Umzug melden,Negativ,Email,Mittel,2023-03-24,178
2609,3166,2024-03-24,Wallbox,E-Mobility,App-Verbindung unterbrochen,Negativ,Email,Mittel,2024-04-01,87
2610,11574,2024-11-29,Smart Meter,Installation,Smart Meter Installation angefragt,Neutral,Chat,Niedrig,2024-12-07,21
2611,18574,2023-11-13,Tarif,Vertrag,Preisgarantie Frage,Neutral,Chat,Mittel,2023-11-15,60
2612,13989,2025-02-12,Tarif,Vertrag,Ökostrom Umstellung,Neutral,App,Niedrig,2025-02-16,41
2613,11135,2024-05-21,Speicher,Technisch,Batteriespeicher Störung,Negativ,Chat,Kritisch,2024-05-28,5
2614,7502,2025-03-03,Speicher,Technisch,Speicher lädt nicht,Negativ,Email,Kritisch,2025-03-08,123
2615,17814,2025-03-03,Allgemein,Service,Kontaktdaten ändern,Neutral,Email,Mittel,2025-03-16,140
2616,1384,2023-12-21,Wärmepumpe,Technisch,Geräuschentwicklung zu hoch,Neutral,App,Hoch,2023-12-24,200
2617,15722,2023-09-01,Speicher,Technisch,Batteriespeicher Störung,Negativ,App,Hoch,2023-09-04,64
2618,14071,2024-10-13,Speicher,Technisch,Batteriespeicher Störung,Negativ,App,Kritisch,2024-10-16,188
2619,10242,2024-01-10,Wärmepumpe,Technisch,Wärmepumpe Störung,Negativ,App,Mittel,2024-01-10,80
2620,9379,2023-12-20,Tarif,Vertrag,Preisgarantie Frage,Positiv,Chat,Mittel,2023-12-27,186
2621,13199,2023-06-20,Solar,Technisch,Wechselrichter Fehler,Neutral,Chat,Mittel,2023-07-03,195
2622,5106,2023-02-28,Wallbox,E-Mobility,Wallbox lädt nicht,Negativ,Email,Kritisch,2023-03-01,158
2623,5158,2023-09-28,Tarif,Vertrag,Vertragsverlängerung,Neutral,Telefon,Niedrig,2023-09-30,26
2624,5476,2023-05-29,Rechnung,Abrechnung,Zahlungsplan angefragt,Positiv,Chat,Niedrig,2023-06-05,183
2625,7290,2024-10-13,Speicher,Technisch,Kapazität gesunken,Neutral,Telefon,Hoch,2024-10-17,191
2626,2975,2024-09-23,Wärmepumpe,Technisch,Wärmepumpe läuft nicht,Negativ,App,Hoch,2024-09-27,64
2627,5776,2023-10-06,Smart Meter,Installation,Smart Meter defekt,Negativ,Telefon,Hoch,2023-10-10,41
2628,2515,2024-08-15,Speicher,Technisch,Kapazität gesunken,Neutral,Chat,Niedrig,2024-08-24,185
2629,16252,2024-07-25,Wallbox,E-Mobility,Wallbox defekt,Negativ,Chat,Niedrig,2024-07-27,108
2630,3199,2023-07-09,Solar,Technisch,Monitoring nicht verfügbar,Negativ,Email,Hoch,2023-07-09,105
2631,19118,2023-08-31,Wallbox,E-Mobility,Wallbox Installation angefragt,Neutral,Telefon,Niedrig,2023-09-04,175
2632,1604,2025-02-01,Speicher,Technisch,Speicher lädt nicht,Negativ,App,Hoch,2025-02-01,167
2633,10361,2023-08-09,Rechnung,Abrechnung,Abschlag zu hoch,Negativ,Telefon,Niedrig,2023-08-10,182
2634,2208,2023-12-21,Speicher,Technisch,Speicher lädt nicht,Negativ,Email,Hoch,2023-12-21,29
2635,19564,2023-07-02,Speicher,Technisch,Kapazität gesunken,Neutral,App,Mittel,2023-07-04,101
2636,19513,2024-02-05,Wallbox,E-Mobility,Ladekarte Probleme,Neutral,Email,Hoch,2024-02-05,95
2637,2751,2023-10-22,Solar,Technisch,Einspeisevergütung Frage,Positiv,Telefon,Niedrig,2023-11-03,103
2638,9570,2024-11-17,Solar,Technisch,Einspeisevergütung Frage,Neutral,Email,Niedrig,2024-11-29,130
2639,16630,2024-08-16,Speicher,Technisch,Kapazität gesunken,Neutral,Email,Niedrig,2024-08-30,164
2640,16394,2023-11-17,Wallbox,E-Mobility,Wallbox defekt,Negativ,Email,Hoch,2023-11-24,151
2641,16014,2025-02-24,Wallbox,E-Mobility,Wallbox lädt nicht,Negativ,Email,Mittel,2025-03-04,29
2642,12414,2024-11-06,Tarif,Vertrag,Preisgarantie Frage,Neutral,Telefon,Mittel,2024-11-10,158
2643,10900,2024-12-26,Solar,Technisch,Monitoring nicht verfügbar,Negativ,Email,Niedrig,2025-01-01,200
2644,13406,2023-10-08,Solar,Technisch,Solaranlage Ertrag niedrig,Neutral,Email,Mittel,2023-10-13,62
2645,14056,2023-05-18,Speicher,Technisch,Batteriespeicher Störung,Negativ,Telefon,Mittel,2023-05-27,105
2646,8797,2024-04-04,Allgemein,Service,Beschwerde,Negativ,Chat,Mittel,2024-04-13,45
2647,2546,2025-06-17,Allgemein,Service,Allgemeine Anfrage,Negativ,App,Niedrig,2025-06-26,110
2648,6288,2025-01-22,Rechnung,Abrechnung,Zahlungsplan angefragt,Neutral,Telefon,Mittel,2025-02-01,118
2649,18319,2025-04-11,Allgemein,Service,Kontaktdaten ändern,Neutral,Email,Niedrig,2025-04-13,102
2650,18690,2023-01-21,Rechnung,Abrechnung,Abschlag zu hoch,Neutral,App,Mittel,2023-02-02,36
2651,17874,2025-02-17,Allgemein,Service,Beschwerde,Negativ,Telefon,Mittel,2025-02-21,46
2652,11240,2024-02-24,Wärmepumpe,Technisch,Fehlercode E01 angezeigt,Negativ,App,Niedrig,2024-03-01,180
2653,17146,2023-10-03,Tarif,Vertrag,Kündigung,Negativ,Email,Hoch,2023-10-07,124
2654,14468,2024-01-25,Smart Meter,Installation,Smart Meter App funktioniert nicht,Negativ,Telefon,Hoch,2024-01-25,150
2655,14414,2024-08-21,Speicher,Technisch,Kapazität gesunken,Neutral,Chat,Mittel,2024-08-22,199
2656,10979,2025-06-03,Solar,Technisch,Solaranlage Ertrag niedrig,Positiv,App,Mittel,2025-06-07,148
2657,15742,2025-06-07,Rechnung,Abrechnung,Zahlungsplan angefragt,Neutral,Telefon,Mittel,2025-06-13,32
2658,14313,2024-04-30,Tarif,Vertrag,Kündigung,Positiv,Email,Kritisch,2024-05-02,149
2659,16819,2024-12-13,Wärmepumpe,Technisch,Wärmepumpe läuft nicht,Negativ,Telefon,Hoch,2024-12-19,194
2660,968,2023-04-14,Solar,Technisch,Solaranlage produziert nicht,Negativ,Chat,Hoch,2023-04-15,152
2661,13025,2023-04-21,Speicher,Technisch,Speicher lädt nicht,Negativ,App,Mittel,2023-05-05,196
2662,11734,2025-03-01,Solar,Technisch,Wechselrichter Fehler,Neutral,Telefon,Mittel,2025-03-01,72
2663,12517,2024-03-22,Solar,Technisch,Wechselrichter Fehler,Negativ,App,Hoch,2024-03-28,122
2664,18172,2024-10-16,Rechnung,Abrechnung,Abschlag anpassen,Negativ,Telefon,Niedrig,2024-10-22,187
2665,14032,2023-05-24,Rechnung,Abrechnung,Gutschrift angefragt,Neutral,Email,Niedrig,2023-05-27,186
2666,17722,2025-04-07,Rechnung,Abrechnung,Abschlag zu hoch,Neutral,Email,Kritisch,2025-04-12,167
2667,17130,2023-08-31,Speicher,Technisch,Speicher lädt nicht,Negativ,Chat,Hoch,2023-09-05,166
2668,216,2023-06-11,Rechnung,Abrechnung,Abschlag anpassen,Neutral,Chat,Mittel,2023-06-11,120
2669,4473,2024-01-05,Wallbox,E-Mobility,Wallbox defekt,Negativ,App,Hoch,2024-01-05,189
2670,1388,2023-08-10,Rechnung,Abrechnung,Abschlag anpassen,Neutral,Telefon,Mittel,2023-08-14,128
2671,17799,2025-06-02,Rechnung,Abrechnung,Abschlag zu hoch,Positiv,App,Mittel,2025-06-09,176
2672,18976,2023-01-01,Rechnung,Abrechnung,Rechnungsfrage,Neutral,Telefon,Niedrig,2023-01-11,124
2673,8735,2024-02-19,Rechnung,Abrechnung,Rechnungsfrage,Neutral,Chat,Niedrig,2024-03-01,115
2674,17125,2024-01-04,Wärmepumpe,Technisch,Fehlercode E01 angezeigt,Neutral,Telefon,Hoch,2024-01-07,160
2675,13661,2024-08-23,Allgemein,Service,Kontaktdaten ändern,Neutral,App,Niedrig,2024-09-01,2
2676,3552,2023-10-24,Solar,Technisch,Wechselrichter Fehler,Positiv,Telefon,Mittel,2023-10-31,76
2677,16427,2024-01-28,Wallbox,E-Mobility,Wallbox lädt nicht,Negativ,Email,Hoch,2024-02-01,51
2678,19161,2023-03-28,Allgemein,Service,Informationsanfrage,Negativ,App,Mittel,2023-04-06,179
2679,3011,2023-03-14,Solar,Technisch,Monitoring nicht verfügbar,Negativ,Telefon,Mittel,2023-03-25,42
2680,715,2024-12-28,Allgemein,Service,Beschwerde,Negativ,Chat,Hoch,2024-12-28,123
2681,14043,2024-03-07,Rechnung,Abrechnung,Unstimmigkeit in Rechnung,Positiv,Email,Mittel,2024-03-20,119
2682,424,2023-02-03,Solar,Technisch,Einspeisevergütung Frage,Neutral,Email,Mittel,2023-02-16,185
2683,4395,2024-12-16,Solar,Technisch,Solaranlage produziert nicht,Negativ,Chat,Niedrig,2024-12-26,112
2684,13401,2023-07-29,Smart Meter,Installation,Smart Meter zeigt keine Daten,Neutral,Telefon,Mittel,2023-07-31,39
2685,15096,2024-11-20,Rechnung,Abrechnung,Abschlag anpassen,Neutral,App,Niedrig,2024-12-04,148
2686,8428,2025-06-03,Smart Meter,Installation,Smart Meter Installation angefragt,Neutral,Email,Kritisch,2025-06-06,146
2687,7280,2023-01-02,Tarif,Vertrag,Umzug melden,Negativ,Email,Hoch,2023-01-02,102
2688,18178,2023-05-03,Wallbox,E-Mobility,Wallbox lädt nicht,Negativ,App,Mittel,2023-05-13,115
2689,11807,2023-04-12,Solar,Technisch,Wechselrichter Fehler,Negativ,App,Mittel,2023-04-21,76
2690,19730,2023-03-28,Wärmepumpe,Technisch,Wartung angefragt,Neutral,Telefon,Mittel,2023-04-09,66
2691,10148,2023-12-22,Rechnung,Abrechnung,Abschlag zu hoch,Positiv,App,Mittel,2024-01-03,71
2692,5035,2025-01-29,Tarif,Vertrag,Ökostrom Umstellung,Neutral,Chat,Mittel,2025-02-06,86
2693,11944,2024-04-01,Speicher,Technisch,Kapazität gesunken,Neutral,App,Mittel,2024-04-12,9
2694,7752,2024-09-12,Wallbox,E-Mobility,App-Verbindung unterbrochen,Neutral,Telefon,Mittel,2024-09-17,83
2695,12996,2023-02-14,Allgemein,Service,Beschwerde,Negativ,Telefon,Hoch,2023-02-19,172
2696,19660,2023-10-31,Rechnung,Abrechnung,Unstimmigkeit in Rechnung,Neutral,Telefon,Niedrig,2023-11-11,4
2697,2766,2025-05-22,Tarif,Vertrag,Kündigung,Positiv,Chat,Mittel,2025-05-25,75
2698,9965,2025-06-04,Speicher,Technisch,Speicher lädt nicht,Negativ,Chat,Mittel,2025-06-10,119
2699,3608,2023-04-24,Wärmepumpe,Technisch,Effizienz zu niedrig,Neutral,App,Mittel,2023-04-30,23
2700,44,2025-04-03,Rechnung,Abrechnung,Gutschrift angefragt,Negativ,App,Mittel,2025-04-05,194
2701,11801,2023-06-22,Smart Meter,Installation,Smart Meter Installation angefragt,Neutral,Email,Hoch,2023-06-26,117
2702,4892,2023-10-11,Solar,Technisch,Einspeisevergütung Frage,Neutral,Chat,Mittel,2023-10-23,143
2703,12398,2023-09-27,Allgemein,Service,Informationsanfrage,Positiv,App,Niedrig,2023-09-27,85
2704,11079,2023-09-07,Wallbox,E-Mobility,App-Verbindung unterbrochen,Negativ,Email,Mittel,2023-09-09,196
2705,7948,2024-11-22,Speicher,Technisch,Speicher lädt nicht,Negativ,Email,Hoch,2024-11-24,134
2706,19983,2024-09-25,Solar,Technisch,Wechselrichter Fehler,Negativ,Chat,Mittel,2024-10-01,39
2707,6969,2023-06-06,Wärmepumpe,Technisch,Wärmepumpe läuft nicht,Negativ,Email,Hoch,2023-06-08,169
2708,1119,2024-05-24,Wärmepumpe,Technisch,Wärmepumpe läuft nicht,Negativ,Email,Hoch,2024-05-24,90
2709,2879,2024-05-06,Tarif,Vertrag,Ökostrom Umstellung,Negativ,Telefon,Mittel,2024-05-11,194
2710,3651,2023-03-25,Speicher,Technisch,Speicher lädt nicht,Negativ,App,Kritisch,2023-03-26,114
2711,17637,2023-12-01,Rechnung,Abrechnung,Gutschrift angefragt,Positiv,App,Hoch,2023-12-01,87
2712,1516,2024-01-28,Rechnung,Abrechnung,Unstimmigkeit in Rechnung,Neutral,App,Kritisch,2024-02-02,170
2713,4619,2025-03-06,Rechnung,Abrechnung,Zahlungsplan angefragt,Negativ,Chat,Niedrig,2025-03-09,78
2714,3645,2023-09-28,Solar,Technisch,Solaranlage Ertrag niedrig,Negativ,App,Niedrig,2023-10-06,26
2715,10477,2024-10-07,Allgemein,Service,Informationsanfrage,Neutral,App,Mittel,2024-10-15,46
2716,3052,2024-10-02,Smart Meter,Installation,Smart Meter Ablesung fehlerhaft,Neutral,Email,Niedrig,2024-10-07,106
2717,15513,2024-03-14,Allgemein,Service,Beschwerde,Negativ,Telefon,Mittel,2024-03-23,6
2718,6162,2023-02-24,Rechnung,Abrechnung,Abschlag zu hoch,Neutral,App,Hoch,2023-03-03,178
2719,15881,2023-10-08,Solar,Technisch,Solaranlage produziert nicht,Negativ,Email,Kritisch,2023-10-08,95
2720,16802,2023-11-19,Allgemein,Service,Allgemeine Anfrage,Neutral,Chat,Hoch,2023-11-19,22
2721,284,2024-06-29,Smart Meter,Installation,Smart Meter App funktioniert nicht,Negativ,Telefon,Hoch,2024-07-04,198
2722,17357,2025-02-06,Allgemein,Service,Informationsanfrage,Negativ,Chat,Hoch,2025-02-09,100
2723,19679,2025-04-06,Speicher,Technisch,Speicher lädt nicht,Negativ,Telefon,Mittel,2025-04-08,48
2724,10870,2024-10-07,Allgemein,Service,Allgemeine Anfrage,Neutral,App,Mittel,2024-10-18,124
2725,250,2025-06-07,Wärmepumpe,Technisch,Geräuschentwicklung zu hoch,Neutral,Email,Niedrig,2025-06-11,193
2726,10675,2023-07-02,Wallbox,E-Mobility,Ladekarte Probleme,Positiv,App,Mittel,2023-07-05,77
2727,4688,2023-05-17,Solar,Technisch,Solaranlage produziert nicht,Negativ,App,Mittel,2023-05-30,89
2728,13796,2024-05-18,Wallbox,E-Mobility,App-Verbindung unterbrochen,Neutral,Chat,Mittel,2024-05-30,30
2729,6756,2023-10-21,Solar,Technisch,Einspeisevergütung Frage,Negativ,App,Mittel,2023-11-04,173
2730,12838,2023-10-01,Wärmepumpe,Technisch,Geräuschentwicklung zu hoch,Negativ,Chat,Hoch,2023-10-04,145
2731,15995,2025-05-12,Wärmepumpe,Technisch,Wartung angefragt,Positiv,Chat,Mittel,2025-05-21,200
2732,1700,2024-04-17,Wärmepumpe,Technisch,Fehlercode E01 angezeigt,Positiv,Email,Niedrig,2024-04-19,101
2733,2408,2025-03-12,Wallbox,E-Mobility,Wallbox lädt nicht,Negativ,Email,Niedrig,2025-03-25,6
2734,12498,2024-04-22,Wallbox,E-Mobility,Wallbox defekt,Negativ,Chat,Mittel,2024-04-28,57
2735,7048,2024-09-27,Wallbox,E-Mobility,Wallbox Installation angefragt,Neutral,Chat,Niedrig,2024-10-09,166
2736,19375,2023-08-28,Tarif,Vertrag,Kündigung,Neutral,Email,Niedrig,2023-09-07,9
2737,13510,2023-12-04,Solar,Technisch,Solaranlage produziert nicht,Negativ,App,Hoch,2023-12-07,67
2738,2881,2023-10-01,Smart Meter,Installation,Smart Meter App funktioniert nicht,Negativ,Chat,Niedrig,2023-10-11,96
2739,7160,2024-05-19,Allgemein,Service,Lob,Positiv,App,Niedrig,2024-05-31,182
2740,19617,2024-01-21,Speicher,Technisch,Speicher lädt nicht,Negativ,App,Kritisch,2024-01-22,158
2741,5979,2025-02-14,Wallbox,E-Mobility,Wallbox lädt nicht,Negativ,Telefon,Hoch,2025-02-21,141
2742,12939,2023-09-29,Speicher,Technisch,Speicher lädt nicht,Negativ,Email,Kritisch,2023-09-30,18
2743,8576,2024-04-04,Smart Meter,Installation,Smart Meter zeigt keine Daten,Neutral,App,Mittel,2024-04-15,37
2744,4445,2023-09-01,Wallbox,E-Mobility,Wallbox Installation angefragt,Neutral,Email,Mittel,2023-09-01,58
2745,10890,2023-08-06,Speicher,Technisch,Batteriespeicher Störung,Negativ,Email,Hoch,2023-08-11,144
2746,6697,2025-01-14,Rechnung,Abrechnung,Zahlungsplan angefragt,Negativ,Telefon,Niedrig,2025-01-21,72
2747,4785,2023-01-26,Allgemein,Service,Lob,Positiv,Email,Niedrig,2023-02-09,172
2748,15396,2024-01-03,Tarif,Vertrag,Kündigung,Neutral,App,Niedrig,2024-01-13,141
2749,7710,2024-02-11,Solar,Technisch,Wechselrichter Fehler,Neutral,Email,Kritisch,2024-02-11,50
2750,18926,2024-01-11,Rechnung,Abrechnung,Zahlungsplan angefragt,Neutral,Telefon,Hoch,2024-01-11,80
2751,13012,2025-01-14,Smart Meter,Installation,Smart Meter Installation angefragt,Negativ,Telefon,Niedrig,2025-01-26,198
2752,1740,2025-05-04,Wärmepumpe,Technisch,Wärmepumpe läuft nicht,Negativ,Email,Hoch,2025-05-07,151
2753,6291,2024-12-28,Solar,Technisch,Einspeisevergütung Frage,Neutral,Chat,Mittel,2024-12-31,195
2754,17126,2025-01-19,Speicher,Technisch,Speicher lädt nicht,Negativ,Telefon,Kritisch,2025-01-26,121
2755,5526,2023-06-25,Tarif,Vertrag,Kündigung,Neutral,Chat,Niedrig,2023-07-02,140
2756,3972,2023-01-08,Speicher,Technisch,Kapazität gesunken,Neutral,Chat,Mittel,2023-01-19,184
2757,12937,2024-08-15,Speicher,Technisch,Batteriespeicher Störung,Negativ,Email,Kritisch,2024-08-20,132
2758,17813,2023-05-31,Wallbox,E-Mobility,Ladekarte Probleme,Neutral,Chat,Mittel,2023-06-02,104
2759,2687,2024-10-06,Solar,Technisch,Wechselrichter Fehler,Neutral,Email,Niedrig,2024-10-08,107
2760,16698,2025-02-21,Wallbox,E-Mobility,Wallbox lädt nicht,Negativ,Chat,Mittel,2025-02-22,28
2761,11673,2023-05-06,Smart Meter,Installation,Smart Meter App funktioniert nicht,Negativ,Email,Hoch,2023-05-09,55
2762,289,2023-12-07,Smart Meter,Installation,Smart Meter App funktioniert nicht,Negativ,App,Hoch,2023-12-10,9
2763,4852,2024-09-22,Speicher,Technisch,Kapazität gesunken,Negativ,Chat,Niedrig,2024-09-28,89
2764,2393,2025-06-26,Allgemein,Service,Lob,Positiv,Email,Niedrig,2025-06-29,6
2765,4175,2023-12-28,Solar,Technisch,Solaranlage Ertrag niedrig,Neutral,App,Mittel,2023-12-28,108
2766,696,2023-09-02,Wärmepumpe,Technisch,Fehlercode E01 angezeigt,Neutral,Telefon,Niedrig,2023-09-13,161
2767,12604,2025-01-12,Allgemein,Service,Lob,Positiv,Telefon,Niedrig,2025-01-24,179
2768,7278,2024-12-27,Wallbox,E-Mobility,Wallbox lädt nicht,Negativ,Email,Hoch,2024-12-30,73
2769,1798,2023-01-15,Tarif,Vertrag,Kündigung,Negativ,Telefon,Hoch,2023-01-16,107
2770,13658,2025-01-24,Tarif,Vertrag,Umzug melden,Positiv,Telefon,Kritisch,2025-01-31,71
2771,5978,2024-01-02,Smart Meter,Installation,Smart Meter Installation angefragt,Neutral,Email,Mittel,2024-01-10,15
2772,2876,2025-06-09,Smart Meter,Installation,Smart Meter App funktioniert nicht,Negativ,Chat,Niedrig,2025-06-19,149
2773,7202,2025-05-23,Tarif,Vertrag,Tarifwechsel angefragt,Positiv,Email,Kritisch,2025-05-23,144
2774,17018,2024-01-13,Solar,Technisch,Wechselrichter Fehler,Neutral,Email,Mittel,2024-01-15,96
2775,1207,2023-05-20,Wallbox,E-Mobility,App-Verbindung unterbrochen,Positiv,App,Niedrig,2023-06-03,3
2776,19097,2024-09-14,Allgemein,Service,Allgemeine Anfrage,Positiv,Telefon,Mittel,2024-09-20,194
2777,10634,2024-12-05,Tarif,Vertrag,Kündigung,Positiv,Email,Mittel,2024-12-06,68
2778,1362,2023-04-02,Rechnung,Abrechnung,Abschlag anpassen,Neutral,Email,Mittel,2023-04-05,106
2779,16318,2024-01-22,Wärmepumpe,Technisch,Geräuschentwicklung zu hoch,Neutral,Telefon,Niedrig,2024-01-24,28
2780,16416,2024-11-11,Solar,Technisch,Einspeisevergütung Frage,Neutral,App,Niedrig,2024-11-19,120
2781,11697,2025-03-12,Allgemein,Service,Lob,Positiv,Chat,Niedrig,2025-03-15,87
2782,7753,2025-01-14,Solar,Technisch,Einspeisevergütung Frage,Positiv,Chat,Mittel,2025-01-23,4
2783,16915,2024-05-10,Wallbox,E-Mobility,App-Verbindung unterbrochen,Neutral,Telefon,Hoch,2024-05-17,47
2784,1563,2024-10-02,Smart Meter,Installation,Smart Meter defekt,Negativ,Chat,Niedrig,2024-10-12,144
2785,16158,2024-01-14,Rechnung,Abrechnung,Unstimmigkeit in Rechnung,Neutral,App,Hoch,2024-01-18,39
2786,11241,2025-02-27,Allgemein,Service,Beschwerde,Negativ,App,Niedrig,2025-03-11,192
2787,19435,2024-02-04,Speicher,Technisch,Batteriespeicher Störung,Negativ,Telefon,Mittel,2024-02-05,17
2788,7410,2024-06-30,Wallbox,E-Mobility,App-Verbindung unterbrochen,Neutral,App,Niedrig,2024-07-11,121
2789,14562,2024-08-03,Wärmepumpe,Technisch,Wärmepumpe läuft nicht,Negativ,Email,Kritisch,2024-08-08,85
2790,11929,2023-03-04,Wallbox,E-Mobility,Ladekarte Probleme,Neutral,Email,Kritisch,2023-03-07,37
2791,11034,2024-05-20,Smart Meter,Installation,Smart Meter Ablesung fehlerhaft,Neutral,Email,Niedrig,2024-05-26,103
2792,507,2023-07-26,Speicher,Technisch,Speicher lädt nicht,Negativ,Telefon,Mittel,2023-08-06,187
2793,13218,2023-11-28,Smart Meter,Installation,Smart Meter Installation angefragt,Neutral,Email,Mittel,2023-12-09,176
2794,5974,2024-10-07,Solar,Technisch,Einspeisevergütung Frage,Positiv,Email,Niedrig,2024-10-12,29
2795,17415,2025-03-08,Speicher,Technisch,Batteriespeicher Störung,Negativ,App,Kritisch,2025-03-10,179
2796,13963,2025-04-02,Wärmepumpe,Technisch,Geräuschentwicklung zu hoch,Positiv,Chat,Mittel,2025-04-06,196
2797,1577,2023-02-05,Speicher,Technisch,Kapazität gesunken,Neutral,App,Mittel,2023-02-09,198
2798,4218,2023-01-07,Rechnung,Abrechnung,Abschlag zu hoch,Negativ,Email,Kritisch,2023-01-07,128
2799,637,2025-02-18,Rechnung,Abrechnung,Zahlungsplan angefragt,Neutral,Chat,Niedrig,2025-02-25,133
2800,1300,2025-03-26,Tarif,Vertrag,Kündigung,Negativ,Chat,Mittel,2025-03-27,186
2801,264,2023-10-28,Allgemein,Service,Beschwerde,Negativ,Telefon,Hoch,2023-10-28,138
2802,6034,2024-08-31,Rechnung,Abrechnung,Zahlungsplan angefragt,Neutral,Chat,Mittel,2024-09-09,66
2803,2350,2024-12-04,Speicher,Technisch,Batteriespeicher Störung,Negativ,Email,Hoch,2024-12-04,196
2804,9412,2024-01-05,Tarif,Vertrag,Vertragsverlängerung,Neutral,Email,Niedrig,2024-01-06,118
2805,4514,2023-06-09,Allgemein,Service,Beschwerde,Negativ,Email,Mittel,2023-06-14,91
2806,16317,2023-10-08,Tarif,Vertrag,Tarifwechsel angefragt,Negativ,Chat,Mittel,2023-10-16,79
2807,12723,2023-12-06,Smart Meter,Installation,Smart Meter App funktioniert nicht,Negativ,Telefon,Kritisch,2023-12-12,98
2808,2057,2024-04-25,Tarif,Vertrag,Kündigung,Neutral,Telefon,Mittel,2024-05-07,106
2809,10622,2023-01-08,Speicher,Technisch,Batteriespeicher Störung,Negativ,Telefon,Hoch,2023-01-15,108
2810,9822,2024-02-19,Rechnung,Abrechnung,Gutschrift angefragt,Neutral,App,Niedrig,2024-02-21,163
2811,18191,2024-07-19,Wallbox,E-Mobility,Wallbox Installation angefragt,Positiv,App,Hoch,2024-07-25,179
2812,14176,2025-01-04,Wärmepumpe,Technisch,Wärmepumpe läuft nicht,Negativ,App,Kritisch,2025-01-04,129
2813,5482,2023-03-23,Solar,Technisch,Einspeisevergütung Frage,Negativ,Email,Niedrig,2023-03-29,63
2814,4188,2023-08-27,Wallbox,E-Mobility,Wallbox defekt,Negativ,Email,Hoch,2023-09-03,13
2815,1204,2024-01-22,Wallbox,E-Mobility,Wallbox defekt,Negativ,Email,Mittel,2024-01-24,87
2816,4899,2023-07-27,Rechnung,Abrechnung,Zahlungsplan angefragt,Neutral,Telefon,Mittel,2023-08-02,168
2817,597,2025-03-30,Rechnung,Abrechnung,Abschlag zu hoch,Neutral,Telefon,Mittel,2025-04-02,64
2818,8106,2025-05-08,Wallbox,E-Mobility,Wallbox Installation angefragt,Negativ,Chat,Mittel,2025-05-10,115
2819,17710,2024-01-14,Solar,Technisch,Einspeisevergütung Frage,Neutral,App,Hoch,2024-01-19,73
2820,17965,2023-02-24,Wallbox,E-Mobility,Wallbox Installation angefragt,Neutral,Chat,Hoch,2023-03-01,19
2821,17676,2023-06-02,Tarif,Vertrag,Kündigung,Neutral,Email,Mittel,2023-06-09,198
2822,17603,2024-11-03,Tarif,Vertrag,Umzug melden,Neutral,Email,Mittel,2024-11-06,140
2823,1302,2025-06-25,Wallbox,E-Mobility,Ladekarte Probleme,Neutral,Chat,Mittel,2025-06-26,64
2824,3350,2023-11-05,Rechnung,Abrechnung,Abschlag anpassen,Neutral,App,Hoch,2023-11-09,125
2825,19881,2024-07-23,Tarif,Vertrag,Kündigung,Neutral,App,Niedrig,2024-08-01,23
2826,19289,2024-06-11,Rechnung,Abrechnung,Gutschrift angefragt,Negativ,Chat,Kritisch,2024-06-17,117
2827,9312,2024-10-31,Rechnung,Abrechnung,Gutschrift angefragt,Neutral,Chat,Niedrig,2024-11-03,160
2828,11312,2023-05-25,Wallbox,E-Mobility,Wallbox defekt,Negativ,Email,Hoch,2023-06-01,55
2829,10563,2025-01-04,Solar,Technisch,Monitoring nicht verfügbar,Negativ,Email,Kritisch,2025-01-05,18
2830,2118,2025-02-27,Solar,Technisch,Solaranlage Ertrag niedrig,Neutral,Email,Niedrig,2025-02-27,179
2831,683,2024-03-31,Speicher,Technisch,Batteriespeicher Störung,Negativ,Telefon,Kritisch,2024-04-07,8
2832,1055,2024-11-08,Wallbox,E-Mobility,Wallbox defekt,Negativ,Chat,Hoch,2024-11-08,55
2833,9236,2023-07-18,Speicher,Technisch,Batteriespeicher Störung,Negativ,Telefon,Hoch,2023-07-20,15
2834,1766,2024-05-09,Wärmepumpe,Technisch,Effizienz zu niedrig,Neutral,Chat,Mittel,2024-05-11,24
2835,13462,2024-12-23,Smart Meter,Installation,Smart Meter App funktioniert nicht,Negativ,Chat,Mittel,2024-12-28,145
2836,4068,2024-03-15,Solar,Technisch,Solaranlage produziert nicht,Negativ,Email,Hoch,2024-03-15,65
2837,15468,2025-01-06,Rechnung,Abrechnung,Abschlag zu hoch,Positiv,Email,Mittel,2025-01-06,127
2838,2898,2024-12-18,Speicher,Technisch,Kapazität gesunken,Neutral,Chat,Mittel,2024-12-20,95
2839,13309,2023-12-10,Wallbox,E-Mobility,Wallbox defekt,Negativ,App,Kritisch,2023-12-10,4
2840,15394,2023-10-07,Wärmepumpe,Technisch,Wärmepumpe läuft nicht,Negativ,Telefon,Niedrig,2023-10-13,177
2841,3186,2024-12-29,Allgemein,Service,Informationsanfrage,Neutral,Email,Niedrig,2025-01-09,29
2842,3588,2023-01-20,Solar,Technisch,Monitoring nicht verfügbar,Negativ,Email,Hoch,2023-01-25,17
2843,47,2024-07-30,Speicher,Technisch,Batteriespeicher Störung,Negativ,App,Hoch,2024-07-30,58
2844,7461,2024-01-27,Wallbox,E-Mobility,App-Verbindung unterbrochen,Neutral,Email,Kritisch,2024-02-01,8
2845,8060,2024-06-02,Rechnung,Abrechnung,Abschlag anpassen,Negativ,App,Niedrig,2024-06-07,185
2846,19377,2024-11-02,Smart Meter,Installation,Smart Meter zeigt keine Daten,Neutral,Chat,Niedrig,2024-11-09,13
2847,18034,2023-12-02,Smart Meter,Installation,Smart Meter App funktioniert nicht,Negativ,Telefon,Kritisch,2023-12-06,61
2848,13863,2024-07-14,Rechnung,Abrechnung,Unstimmigkeit in Rechnung,Neutral,Chat,Mittel,2024-07-19,135
2849,1954,2024-02-22,Rechnung,Abrechnung,Zahlungsplan angefragt,Neutral,Chat,Mittel,2024-03-01,181
2850,9374,2023-09-23,Wallbox,E-Mobility,Wallbox Installation angefragt,Negativ,Email,Mittel,2023-10-07,7
2851,9319,2025-01-22,Speicher,Technisch,Batteriespeicher Störung,Negativ,Chat,Kritisch,2025-01-29,96
2852,17703,2024-04-14,Wärmepumpe,Technisch,Wärmepumpe läuft nicht,Negativ,Chat,Hoch,2024-04-18,119
2853,4127,2024-09-06,Wallbox,E-Mobility,Wallbox lädt nicht,Negativ,Chat,Hoch,2024-09-07,63
2854,15157,2024-09-04,Allgemein,Service,Beschwerde,Negativ,Chat,Mittel,2024-09-15,103
2855,8003,2023-07-19,Allgemein,Service,Allgemeine Anfrage,Neutral,Email,Mittel,2023-07-21,94
2856,17060,2025-03-11,Wallbox,E-Mobility,Ladekarte Probleme,Neutral,App,Niedrig,2025-03-13,176
2857,18511,2023-01-10,Allgemein,Service,Lob,Positiv,Chat,Niedrig,2023-01-16,5
2858,4284,2024-02-14,Rechnung,Abrechnung,Unstimmigkeit in Rechnung,Neutral,Chat,Mittel,2024-02-28,41
2859,6332,2025-05-02,Speicher,Technisch,Batteriespeicher Störung,Negativ,App,Mittel,2025-05-02,142
2860,19815,2025-05-20,Wärmepumpe,Technisch,Wärmepumpe Störung,Negativ,Telefon,Mittel,2025-05-26,135
2861,19161,2024-04-19,Wärmepumpe,Technisch,Fehlercode E01 angezeigt,Neutral,Email,Mittel,2024-04-29,3
2862,10392,2024-01-13,Wallbox,E-Mobility,App-Verbindung unterbrochen,Neutral,Telefon,Niedrig,2024-01-22,199
2863,19367,2025-04-15,Allgemein,Service,Kontaktdaten ändern,Neutral,App,Niedrig,2025-04-18,194
2864,10748,2024-03-11,Wallbox,E-Mobility,Wallbox defekt,Negativ,Telefon,Niedrig,2024-03-24,110
2865,7833,2024-07-06,Speicher,Technisch,Speicher lädt nicht,Negativ,Chat,Mittel,2024-07-13,27
2866,514,2024-04-25,Tarif,Vertrag,Umzug melden,Neutral,App,Mittel,2024-04-30,62
2867,19232,2024-09-21,Wärmepumpe,Technisch,Effizienz zu niedrig,Neutral,Email,Niedrig,2024-09-28,197
2868,9669,2023-10-30,Wallbox,E-Mobility,Wallbox defekt,Negativ,App,Hoch,2023-11-05,6
2869,2729,2023-07-01,Speicher,Technisch,Batteriespeicher Störung,Negativ,App,Mittel,2023-07-13,99
2870,14139,2023-05-30,Tarif,Vertrag,Umzug melden,Neutral,Email,Niedrig,2023-06-02,198
2871,13105,2023-05-08,Tarif,Vertrag,Preisgarantie Frage,Negativ,Chat,Mittel,2023-05-22,131
2872,17477,2025-04-03,Wärmepumpe,Technisch,Effizienz zu niedrig,Negativ,App,Mittel,2025-04-14,83
2873,19948,2024-08-08,Allgemein,Service,Informationsanfrage,Neutral,Email,Mittel,2024-08-12,107
2874,1607,2024-10-08,Tarif,Vertrag,Vertragsverlängerung,Negativ,Email,Niedrig,2024-10-13,24
2875,15599,2025-05-30,Solar,Technisch,Solaranlage produziert nicht,Negativ,Telefon,Hoch,2025-05-30,52
2876,13325,2024-03-29,Wärmepumpe,Technisch,Geräuschentwicklung zu hoch,Negativ,Chat,Mittel,2024-04-08,24
2877,516,2025-06-07,Smart Meter,Installation,Smart Meter Installation angefragt,Neutral,Chat,Niedrig,2025-06-16,57
2878,5205,2023-03-28,Smart Meter,Installation,Smart Meter Installation angefragt,Neutral,App,Mittel,2023-04-10,91
2879,6247,2024-10-22,Speicher,Technisch,Kapazität gesunken,Neutral,Chat,Niedrig,2024-11-01,178
2880,15060,2023-11-24,Tarif,Vertrag,Vertragsverlängerung,Neutral,App,Niedrig,2023-12-07,81
2881,12415,2023-01-22,Speicher,Technisch,Kapazität gesunken,Neutral,App,Mittel,2023-02-02,58
2882,16337,2024-07-13,Tarif,Vertrag,Preisgarantie Frage,Positiv,App,Niedrig,2024-07-27,112
2883,14091,2024-12-17,Solar,Technisch,Monitoring nicht verfügbar,Negativ,Chat,Hoch,2024-12-18,147
2884,11224,2023-11-08,Wallbox,E-Mobility,App-Verbindung unterbrochen,Negativ,Email,Niedrig,2023-11-15,127
2885,5295,2024-11-05,Wallbox,E-Mobility,App-Verbindung unterbrochen,Neutral,Telefon,Hoch,2024-11-09,191
2886,13247,2023-01-11,Wallbox,E-Mobility,Wallbox defekt,Negativ,Email,Hoch,2023-01-12,76
2887,17398,2024-06-15,Wärmepumpe,Technisch,Wärmepumpe Störung,Negativ,Email,Hoch,2024-06-19,136
2888,17903,2023-03-10,Solar,Technisch,Monitoring nicht verfügbar,Negativ,App,Hoch,2023-03-14,115
2889,8211,2023-07-20,Allgemein,Service,Allgemeine Anfrage,Neutral,Chat,Niedrig,2023-07-26,63
2890,10869,2025-05-26,Allgemein,Service,Lob,Positiv,Email,Niedrig,2025-06-06,103
2891,16594,2025-01-17,Wallbox,E-Mobility,Wallbox Installation angefragt,Neutral,Telefon,Hoch,2025-01-22,69
2892,5504,2024-02-27,Wärmepumpe,Technisch,Wärmepumpe Störung,Negativ,App,Hoch,2024-03-05,161
2893,975,2024-12-07,Solar,Technisch,Wechselrichter Fehler,Negativ,Chat,Niedrig,2024-12-10,192
2894,7069,2024-11-15,Allgemein,Service,Lob,Positiv,Email,Niedrig,2024-11-17,147
2895,18840,2023-05-30,Tarif,Vertrag,Kündigung,Neutral,App,Kritisch,2023-05-30,81
2896,13615,2024-03-30,Solar,Technisch,Monitoring nicht verfügbar,Negativ,Chat,Hoch,2024-04-01,73
2897,2108,2024-10-05,Speicher,Technisch,Batteriespeicher Störung,Negativ,App,Hoch,2024-10-07,179
2898,4937,2023-08-15,Tarif,Vertrag,Ökostrom Umstellung,Negativ,Email,Niedrig,2023-08-24,48
2899,1662,2023-05-01,Allgemein,Service,Lob,Positiv,Chat,Niedrig,2023-05-05,23
2900,16761,2025-03-17,Speicher,Technisch,Kapazität gesunken,Neutral,Telefon,Mittel,2025-03-31,170
2901,7009,2023-07-24,Rechnung,Abrechnung,Abschlag zu hoch,Neutral,App,Niedrig,2023-07-24,74
2902,19382,2023-12-31,Tarif,Vertrag,Kündigung,Positiv,Email,Mittel,2024-01-13,33
2903,11534,2025-01-06,Tarif,Vertrag,Preisgarantie Frage,Neutral,Telefon,Mittel,2025-01-16,101
2904,19904,2023-11-22,Wallbox,E-Mobility,Wallbox lädt nicht,Negativ,Email,Hoch,2023-11-28,65
2905,12382,2024-01-24,Allgemein,Service,Allgemeine Anfrage,Neutral,Email,Mittel,2024-01-29,98
2906,4041,2024-11-19,Wärmepumpe,Technisch,Geräuschentwicklung zu hoch,Negativ,App,Niedrig,2024-11-19,133
2907,7467,2024-10-09,Tarif,Vertrag,Tarifwechsel angefragt,Neutral,Chat,Niedrig,2024-10-11,7
2908,2631,2023-05-16,Allgemein,Service,Allgemeine Anfrage,Positiv,Chat,Mittel,2023-05-21,88
2909,2412,2024-10-22,Wallbox,E-Mobility,Wallbox defekt,Negativ,Chat,Mittel,2024-11-03,115
2910,16395,2025-05-25,Rechnung,Abrechnung,Abschlag zu hoch,Neutral,App,Niedrig,2025-06-06,121
2911,10996,2025-03-16,Wärmepumpe,Technisch,Effizienz zu niedrig,Neutral,Chat,Mittel,2025-03-25,107
2912,14902,2023-10-19,Speicher,Technisch,Batteriespeicher Störung,Negativ,App,Mittel,2023-10-22,120
2913,18129,2025-05-22,Allgemein,Service,Kontaktdaten ändern,Neutral,Telefon,Mittel,2025-05-29,133
2914,314,2024-01-09,Allgemein,Service,Kontaktdaten ändern,Neutral,App,Niedrig,2024-01-10,130
2915,17422,2024-10-17,Wärmepumpe,Technisch,Wärmepumpe Störung,Negativ,Telefon,Niedrig,2024-10-26,71
2916,13981,2025-02-04,Rechnung,Abrechnung,Unstimmigkeit in Rechnung,Neutral,Telefon,Mittel,2025-02-08,41
2917,14378,2025-01-25,Tarif,Vertrag,Kündigung,Negativ,Email,Mittel,2025-02-04,77
2918,7924,2025-02-13,Wallbox,E-Mobility,Wallbox defekt,Negativ,Chat,Hoch,2025-02-15,183
2919,6755,2023-12-27,Tarif,Vertrag,Preisgarantie Frage,Neutral,Telefon,Niedrig,2024-01-03,102
2920,6614,2023-11-23,Smart Meter,Installation,Smart Meter App funktioniert nicht,Negativ,Telefon,Hoch,2023-11-28,62
2921,6242,2023-05-12,Tarif,Vertrag,Tarifwechsel angefragt,Neutral,Email,Mittel,2023-05-26,37
2922,1947,2023-05-31,Allgemein,Service,Informationsanfrage,Neutral,Telefon,Mittel,2023-06-02,108
2923,4627,2024-12-23,Speicher,Technisch,Speicher lädt nicht,Negativ,Telefon,Hoch,2024-12-28,128
2924,9270,2023-07-09,Rechnung,Abrechnung,Abschlag anpassen,Negativ,App,Mittel,2023-07-22,166
2925,1496,2024-05-12,Rechnung,Abrechnung,Abschlag zu hoch,Negativ,App,Niedrig,2024-05-16,73
2926,17397,2023-02-08,Rechnung,Abrechnung,Gutschrift angefragt,Positiv,Telefon,Mittel,2023-02-21,76
2927,4754,2024-12-10,Speicher,Technisch,Kapazität gesunken,Positiv,Email,Niedrig,2024-12-15,82
2928,1611,2024-09-02,Allgemein,Service,Informationsanfrage,Neutral,Chat,Hoch,2024-09-08,128
2929,14122,2024-07-07,Smart Meter,Installation,Smart Meter Installation angefragt,Neutral,Telefon,Mittel,2024-07-17,147
2930,9124,2024-06-01,Rechnung,Abrechnung,Abschlag zu hoch,Neutral,App,Mittel,2024-06-12,106
2931,1989,2024-09-19,Wärmepumpe,Technisch,Effizienz zu niedrig,Positiv,Chat,Mittel,2024-09-20,54
2932,18238,2024-04-02,Wallbox,E-Mobility,Wallbox defekt,Negativ,Telefon,Hoch,2024-04-07,38
2933,16888,2024-05-09,Speicher,Technisch,Kapazität gesunken,Negativ,Telefon,Mittel,2024-05-17,185
2934,13208,2023-07-03,Tarif,Vertrag,Umzug melden,Neutral,Chat,Mittel,2023-07-14,190
2935,15450,2024-10-13,Solar,Technisch,Solaranlage produziert nicht,Negativ,Telefon,Mittel,2024-10-26,45
2936,13195,2025-05-11,Solar,Technisch,Solaranlage produziert nicht,Negativ,App,Kritisch,2025-05-16,166
2937,1485,2025-06-27,Smart Meter,Installation,Smart Meter App funktioniert nicht,Negativ,Telefon,Kritisch,2025-07-03,30
2938,13830,2024-01-27,Allgemein,Service,Allgemeine Anfrage,Neutral,Telefon,Mittel,2024-02-04,68
2939,11820,2023-12-14,Speicher,Technisch,Kapazität gesunken,Neutral,Telefon,Mittel,2023-12-25,151
2940,5393,2023-10-15,Wärmepumpe,Technisch,Wartung angefragt,Neutral,App,Niedrig,2023-10-26,5
2941,2975,2023-05-13,Tarif,Vertrag,Kündigung,Neutral,Chat,Mittel,2023-05-13,7
2942,14755,2025-05-13,Rechnung,Abrechnung,Rechnungsfrage,Neutral,App,Niedrig,2025-05-16,192
2943,6589,2024-05-18,Smart Meter,Installation,Smart Meter zeigt keine Daten,Negativ,Chat,Hoch,2024-05-20,148
2944,19935,2024-11-17,Wallbox,E-Mobility,App-Verbindung unterbrochen,Negativ,App,Mittel,2024-11-22,160
2945,4614,2024-08-17,Solar,Technisch,Wechselrichter Fehler,Neutral,Telefon,Mittel,2024-08-27,181
2946,16564,2024-02-22,Speicher,Technisch,Speicher lädt nicht,Negativ,Email,Mittel,2024-02-26,164
2947,14416,2025-03-24,Smart Meter,Installation,Smart Meter zeigt keine Daten,Neutral,Telefon,Niedrig,2025-04-05,188
2948,8663,2024-01-04,Rechnung,Abrechnung,Unstimmigkeit in Rechnung,Neutral,Telefon,Mittel,2024-01-13,181
2949,1435,2024-08-09,Allgemein,Service,Beschwerde,Negativ,App,Hoch,2024-08-11,142
2950,16373,2024-08-22,Wärmepumpe,Technisch,Wärmepumpe Störung,Negativ,Telefon,Hoch,2024-08-23,23
2951,14310,2024-07-29,Wärmepumpe,Technisch,Wärmepumpe Störung,Negativ,Email,Kritisch,2024-07-29,71
2952,4104,2025-02-07,Wallbox,E-Mobility,Wallbox lädt nicht,Negativ,Email,Hoch,2025-02-09,10
2953,17224,2023-01-24,Smart Meter,Installation,Smart Meter Ablesung fehlerhaft,Negativ,Email,Mittel,2023-01-25,141
2954,19445,2024-11-02,Wallbox,E-Mobility,Wallbox Installation angefragt,Positiv,Telefon,Mittel,2024-11-08,63
2955,7596,2024-02-05,Allgemein,Service,Lob,Positiv,Chat,Niedrig,2024-02-17,31
2956,13179,2023-03-15,Speicher,Technisch,Batteriespeicher Störung,Negativ,Chat,Hoch,2023-03-17,56
2957,16835,2025-03-09,Rechnung,Abrechnung,Unstimmigkeit in Rechnung,Positiv,Email,Niedrig,2025-03-20,120
2958,5322,2025-01-28,Wärmepumpe,Technisch,Wärmepumpe Störung,Negativ,Email,Mittel,2025-02-01,103
2959,1201,2024-09-21,Wallbox,E-Mobility,Wallbox lädt nicht,Negativ,App,Hoch,2024-09-27,142
2960,1540,2023-04-30,Smart Meter,Installation,Smart Meter defekt,Negativ,Chat,Hoch,2023-05-04,35
2961,12077,2025-03-18,Tarif,Vertrag,Kündigung,Neutral,Telefon,Mittel,2025-03-28,73
2962,1020,2024-01-05,Wallbox,E-Mobility,Wallbox lädt nicht,Negativ,Chat,Hoch,2024-01-12,43
2963,1784,2023-02-20,Solar,Technisch,Einspeisevergütung Frage,Neutral,Telefon,Mittel,2023-02-28,190
2964,5737,2024-10-23,Wallbox,E-Mobility,Wallbox defekt,Negativ,Chat,Mittel,2024-10-25,90
2965,19116,2025-02-24,Wärmepumpe,Technisch,Wärmepumpe läuft nicht,Negativ,Telefon,Mittel,2025-03-10,160
2966,5334,2023-05-14,Solar,Technisch,Solaranlage Ertrag niedrig,Neutral,Chat,Niedrig,2023-05-19,156
2967,8086,2025-03-28,Speicher,Technisch,Batteriespeicher Störung,Negativ,Email,Kritisch,2025-03-31,181
2968,9474,2023-09-22,Allgemein,Service,Beschwerde,Negativ,App,Kritisch,2023-09-22,70
2969,6685,2023-05-07,Speicher,Technisch,Speicher lädt nicht,Negativ,App,Hoch,2023-05-14,28
2970,4037,2023-04-24,Rechnung,Abrechnung,Abschlag anpassen,Neutral,Email,Mittel,2023-05-04,70
2971,16373,2024-10-15,Speicher,Technisch,Batteriespeicher Störung,Negativ,App,Kritisch,2024-10-17,19
2972,11043,2024-09-04,Wallbox,E-Mobility,Wallbox Installation angefragt,Neutral,Email,Niedrig,2024-09-18,175
2973,10472,2025-03-13,Speicher,Technisch,Kapazität gesunken,Neutral,Email,Niedrig,2025-03-23,125
2974,6830,2024-02-09,Smart Meter,Installation,Smart Meter defekt,Negativ,App,Hoch,2024-02-13,118
2975,3137,2023-03-04,Solar,Technisch,Wechselrichter Fehler,Neutral,Email,Mittel,2023-03-16,177
2976,8037,2023-09-15,Smart Meter,Installation,Smart Meter defekt,Negativ,Telefon,Hoch,2023-09-20,154
2977,14258,2023-01-09,Smart Meter,Installation,Smart Meter Installation angefragt,Neutral,Chat,Niedrig,2023-01-11,107
2978,4167,2023-03-13,Tarif,Vertrag,Ökostrom Umstellung,Neutral,App,Niedrig,2023-03-19,102
2979,17660,2024-04-18,Allgemein,Service,Lob,Positiv,App,Niedrig,2024-05-02,148
2980,3988,2023-04-04,Speicher,Technisch,Batteriespeicher Störung,Negativ,App,Kritisch,2023-04-06,183
2981,6548,2024-12-17,Smart Meter,Installation,Smart Meter Ablesung fehlerhaft,Neutral,Telefon,Niedrig,2024-12-19,37
2982,620,2024-05-14,Solar,Technisch,Solaranlage Ertrag niedrig,Negativ,Email,Hoch,2024-05-15,87
2983,5146,2025-01-05,Wallbox,E-Mobility,App-Verbindung unterbrochen,Positiv,Chat,Mittel,2025-01-06,27
2984,1923,2024-11-07,Rechnung,Abrechnung,Abschlag anpassen,Neutral,Chat,Mittel,2024-11-07,83
2985,18693,2024-02-08,Tarif,Vertrag,Vertragsverlängerung,Negativ,Email,Mittel,2024-02-11,128
2986,12338,2025-05-31,Allgemein,Service,Informationsanfrage,Negativ,Telefon,Mittel,2025-06-01,40
2987,4639,2024-10-03,Speicher,Technisch,Batteriespeicher Störung,Negativ,Email,Mittel,2024-10-14,198
2988,12347,2025-03-07,Speicher,Technisch,Batteriespeicher Störung,Negativ,Chat,Mittel,2025-03-08,12
2989,11501,2023-04-12,Wallbox,E-Mobility,Ladekarte Probleme,Negativ,App,Niedrig,2023-04-26,197
2990,6521,2024-03-18,Allgemein,Service,Allgemeine Anfrage,Neutral,Telefon,Mittel,2024-03-27,178
2991,7883,2023-01-24,Wärmepumpe,Technisch,Wärmepumpe Störung,Negativ,App,Hoch,2023-01-28,148
2992,3608,2024-11-05,Smart Meter,Installation,Smart Meter defekt,Negativ,Email,Hoch,2024-11-05,159
2993,1328,2024-03-10,Tarif,Vertrag,Tarifwechsel angefragt,Neutral,Email,Niedrig,2024-03-22,48
2994,19935,2024-08-23,Rechnung,Abrechnung,Abschlag zu hoch,Neutral,Telefon,Niedrig,2024-09-04,35
2995,11502,2025-02-21,Allgemein,Service,Kontaktdaten ändern,Negativ,Email,Mittel,2025-02-28,152
2996,7183,2025-04-15,Tarif,Vertrag,Preisgarantie Frage,Neutral,Email,Niedrig,2025-04-18,184
2997,18155,2023-10-09,Speicher,Technisch,Speicher lädt nicht,Negativ,App,Kritisch,2023-10-11,126
2998,7498,2024-04-14,Solar,Technisch,Solaranlage produziert nicht,Negativ,Telefon,Hoch,2024-04-14,96
2999,15904,2024-10-08,Wärmepumpe,Technisch,Fehlercode E01 angezeigt,Negativ,Telefon,Niedrig,2024-10-12,64
3000,6442,2024-04-30,Tarif,Vertrag,Kündigung,Neutral,Email,Niedrig,2024-05-06,145
3001,9703,2023-11-26,Wärmepumpe,Technisch,Wärmepumpe Störung,Negativ,Email,Mittel,2023-12-09,47
3002,5316,2025-02-09,Wärmepumpe,Technisch,Fehlercode E01 angezeigt,Neutral,App,Mittel,2025-02-23,170
3003,7929,2025-02-12,Wallbox,E-Mobility,Wallbox defekt,Negativ,App,Kritisch,2025-02-17,152
3004,977,2025-02-11,Speicher,Technisch,Batteriespeicher Störung,Negativ,App,Hoch,2025-02-11,25
3005,195,2025-03-21,Wärmepumpe,Technisch,Fehlercode E01 angezeigt,Neutral,Chat,Hoch,2025-03-22,120
3006,12465,2024-10-09,Speicher,Technisch,Kapazität gesunken,Positiv,Email,Mittel,2024-10-18,50
3007,1248,2024-11-08,Wallbox,E-Mobility,Wallbox Installation angefragt,Negativ,Email,Mittel,2024-11-15,123
3008,17444,2023-02-02,Wallbox,E-Mobility,App-Verbindung unterbrochen,Neutral,App,Mittel,2023-02-07,2
3009,3212,2025-01-15,Smart Meter,Installation,Smart Meter Installation angefragt,Neutral,Email,Mittel,2025-01-27,75
3010,6146,2023-11-15,Wärmepumpe,Technisch,Effizienz zu niedrig,Neutral,Email,Hoch,2023-11-22,1
3011,1835,2024-11-25,Wärmepumpe,Technisch,Geräuschentwicklung zu hoch,Neutral,Chat,Hoch,2024-11-28,180
3012,15167,2025-06-27,Solar,Technisch,Monitoring nicht verfügbar,Negativ,Chat,Kritisch,2025-07-02,132
3013,13130,2024-02-19,Solar,Technisch,Solaranlage Ertrag niedrig,Neutral,Chat,Niedrig,2024-02-28,80
3014,11608,2024-05-05,Allgemein,Service,Kontaktdaten ändern,Neutral,Telefon,Mittel,2024-05-12,80
3015,765,2025-01-06,Tarif,Vertrag,Preisgarantie Frage,Negativ,App,Niedrig,2025-01-09,118
3016,16063,2023-06-27,Allgemein,Service,Informationsanfrage,Positiv,Chat,Mittel,2023-07-06,192
3017,8926,2023-12-23,Speicher,Technisch,Kapazität gesunken,Neutral,App,Kritisch,2023-12-24,140
3018,2947,2023-11-28,Speicher,Technisch,Batteriespeicher Störung,Negativ,App,Kritisch,2023-12-01,158
3019,5730,2023-10-12,Solar,Technisch,Wechselrichter Fehler,Neutral,App,Hoch,2023-10-17,172
3020,16016,2024-12-07,Speicher,Technisch,Kapazität gesunken,Neutral,Chat,Mittel,2024-12-07,8
3021,11484,2024-09-29,Wallbox,E-Mobility,Wallbox defekt,Negativ,Chat,Mittel,2024-10-08,184
3022,17249,2025-01-15,Solar,Technisch,Einspeisevergütung Frage,Neutral,App,Kritisch,2025-01-20,45
3023,11044,2025-06-19,Solar,Technisch,Einspeisevergütung Frage,Negativ,Telefon,Niedrig,2025-06-26,146
3024,17705,2023-04-16,Speicher,Technisch,Kapazität gesunken,Neutral,Chat,Mittel,2023-04-28,43
3025,11418,2025-05-05,Tarif,Vertrag,Ökostrom Umstellung,Neutral,App,Mittel,2025-05-10,142
3026,9411,2024-03-28,Tarif,Vertrag,Vertragsverlängerung,Negativ,Telefon,Mittel,2024-04-10,134
3027,3931,2024-06-07,Speicher,Technisch,Batteriespeicher Störung,Negativ,Telefon,Hoch,2024-06-11,132
3028,12512,2023-06-26,Wallbox,E-Mobility,Wallbox Installation angefragt,Neutral,App,Niedrig,2023-07-10,15
3029,14372,2024-06-12,Wallbox,E-Mobility,App-Verbindung unterbrochen,Neutral,App,Mittel,2024-06-20,74
3030,6131,2024-04-29,Tarif,Vertrag,Umzug melden,Neutral,Chat,Niedrig,2024-05-10,22
3031,7162,2024-01-12,Tarif,Vertrag,Vertragsverlängerung,Neutral,App,Niedrig,2024-01-14,71
3032,2325,2023-12-22,Rechnung,Abrechnung,Gutschrift angefragt,Neutral,Email,Mittel,2023-12-26,80
3033,10119,2024-11-11,Tarif,Vertrag,Kündigung,Neutral,Chat,Mittel,2024-11-22,70
3034,18626,2025-03-06,Solar,Technisch,Solaranlage Ertrag niedrig,Neutral,Email,Mittel,2025-03-14,60
3035,13675,2024-05-04,Tarif,Vertrag,Preisgarantie Frage,Neutral,Telefon,Mittel,2024-05-14,177
3036,17501,2023-02-19,Allgemein,Service,Allgemeine Anfrage,Negativ,Telefon,Mittel,2023-02-27,154
3037,13605,2024-12-01,Solar,Technisch,Einspeisevergütung Frage,Negativ,Telefon,Niedrig,2024-12-09,167
3038,8629,2023-10-20,Tarif,Vertrag,Preisgarantie Frage,Positiv,Email,Niedrig,2023-10-28,126
3039,15414,2023-08-30,Wallbox,E-Mobility,Ladekarte Probleme,Positiv,Email,Niedrig,2023-09-09,145
3040,13765,2024-08-22,Allgemein,Service,Kontaktdaten ändern,Neutral,Telefon,Mittel,2024-09-01,107
3041,7053,2025-01-19,Solar,Technisch,Solaranlage Ertrag niedrig,Neutral,App,Niedrig,2025-01-25,14
3042,2232,2023-07-21,Smart Meter,Installation,Smart Meter App funktioniert nicht,Negativ,Chat,Mittel,2023-07-25,103
3043,15872,2025-02-05,Tarif,Vertrag,Ökostrom Umstellung,Positiv,Email,Niedrig,2025-02-07,160
3044,16800,2023-06-05,Tarif,Vertrag,Umzug melden,Positiv,Chat,Mittel,2023-06-14,117
3045,4929,2024-03-30,Allgemein,Service,Lob,Positiv,Chat,Niedrig,2024-04-05,48
3046,14086,2023-03-05,Allgemein,Service,Beschwerde,Negativ,Chat,Hoch,2023-03-10,95
3047,13997,2024-04-30,Allgemein,Service,Beschwerde,Negativ,Email,Mittel,2024-05-14,156
3048,13116,2025-05-07,Wallbox,E-Mobility,Wallbox Installation angefragt,Positiv,Email,Mittel,2025-05-08,200
3049,7933,2024-06-30,Speicher,Technisch,Speicher lädt nicht,Negativ,App,Hoch,2024-06-30,21
3050,19293,2024-10-15,Wärmepumpe,Technisch,Effizienz zu niedrig,Neutral,Chat,Mittel,2024-10-28,2
3051,2737,2024-07-01,Wallbox,E-Mobility,Ladekarte Probleme,Neutral,App,Mittel,2024-07-08,119
3052,1099,2024-03-02,Allgemein,Service,Allgemeine Anfrage,Neutral,Telefon,Mittel,2024-03-07,94
3053,8985,2024-04-07,Solar,Technisch,Solaranlage Ertrag niedrig,Negativ,Telefon,Mittel,2024-04-16,94
3054,19377,2024-01-02,Smart Meter,Installation,Smart Meter defekt,Negativ,Email,Hoch,2024-01-09,10
3055,18308,2023-06-29,Smart Meter,Installation,Smart Meter Ablesung fehlerhaft,Negativ,Email,Mittel,2023-06-30,10
3056,16112,2023-10-08,Allgemein,Service,Informationsanfrage,Neutral,App,Niedrig,2023-10-10,109
3057,17816,2024-09-16,Wärmepumpe,Technisch,Wärmepumpe läuft nicht,Negativ,App,Kritisch,2024-09-23,20
3058,7687,2023-02-06,Solar,Technisch,Solaranlage Ertrag niedrig,Neutral,App,Mittel,2023-02-10,102
3059,2561,2023-02-16,Wallbox,E-Mobility,Wallbox defekt,Negativ,Email,Hoch,2023-02-21,21
3060,19811,2024-04-10,Rechnung,Abrechnung,Zahlungsplan angefragt,Neutral,Chat,Niedrig,2024-04-15,54
3061,9491,2023-07-13,Wärmepumpe,Technisch,Geräuschentwicklung zu hoch,Negativ,Email,Mittel,2023-07-25,149
3062,1761,2023-11-08,Speicher,Technisch,Speicher lädt nicht,Negativ,Email,Niedrig,2023-11-12,190
3063,16898,2023-10-29,Solar,Technisch,Solaranlage produziert nicht,Negativ,App,Hoch,2023-11-04,156
3064,19784,2024-10-28,Allgemein,Service,Lob,Positiv,Chat,Niedrig,2024-11-02,97
3065,1916,2024-05-28,Speicher,Technisch,Kapazität gesunken,Neutral,App,Mittel,2024-06-07,123
3066,14559,2025-05-04,Allgemein,Service,Beschwerde,Negativ,Email,Hoch,2025-05-09,119
3067,10679,2023-08-27,Wärmepumpe,Technisch,Effizienz zu niedrig,Neutral,Email,Niedrig,2023-09-08,178
3068,3730,2024-11-19,Rechnung,Abrechnung,Abschlag zu hoch,Positiv,App,Mittel,2024-12-03,94
3069,18557,2023-10-23,Wallbox,E-Mobility,Wallbox lädt nicht,Negativ,Chat,Hoch,2023-10-23,8
3070,14784,2025-03-29,Solar,Technisch,Monitoring nicht verfügbar,Negativ,Chat,Hoch,2025-04-02,76
3071,786,2023-02-14,Smart Meter,Installation,Smart Meter zeigt keine Daten,Neutral,Chat,Mittel,2023-02-21,123
3072,2698,2023-04-28,Allgemein,Service,Kontaktdaten ändern,Negativ,Chat,Hoch,2023-04-30,15
3073,14828,2024-07-14,Speicher,Technisch,Kapazität gesunken,Neutral,Email,Mittel,2024-07-23,12
3074,13548,2023-04-23,Wallbox,E-Mobility,Ladekarte Probleme,Negativ,Email,Niedrig,2023-04-24,177
3075,18509,2023-02-13,Solar,Technisch,Einspeisevergütung Frage,Neutral,Telefon,Kritisch,2023-02-20,74
3076,986,2023-10-22,Allgemein,Service,Kontaktdaten ändern,Neutral,Telefon,Mittel,2023-10-28,177
3077,13857,2025-01-20,Allgemein,Service,Allgemeine Anfrage,Negativ,App,Mittel,2025-01-25,105
3078,9087,2023-02-04,Tarif,Vertrag,Preisgarantie Frage,Neutral,App,Niedrig,2023-02-16,170
3079,920,2025-03-13,Smart Meter,Installation,Smart Meter Ablesung fehlerhaft,Neutral,App,Hoch,2025-03-19,48
3080,10320,2025-04-19,Wärmepumpe,Technisch,Wärmepumpe läuft nicht,Negativ,Email,Kritisch,2025-04-26,138
3081,11106,2025-02-22,Rechnung,Abrechnung,Zahlungsplan angefragt,Neutral,Chat,Hoch,2025-02-25,80
3082,4496,2024-01-07,Speicher,Technisch,Kapazität gesunken,Neutral,Chat,Mittel,2024-01-09,41
3083,9819,2023-05-01,Solar,Technisch,Solaranlage Ertrag niedrig,Neutral,Email,Mittel,2023-05-10,52
3084,8373,2023-01-14,Allgemein,Service,Kontaktdaten ändern,Negativ,App,Mittel,2023-01-26,198
3085,15291,2024-08-08,Wallbox,E-Mobility,Wallbox defekt,Negativ,Telefon,Mittel,2024-08-09,80
3086,11251,2023-11-07,Tarif,Vertrag,Tarifwechsel angefragt,Neutral,Chat,Mittel,2023-11-09,121
3087,11545,2024-03-10,Smart Meter,Installation,Smart Meter Ablesung fehlerhaft,Neutral,App,Hoch,2024-03-13,47
3088,5496,2023-05-26,Tarif,Vertrag,Vertragsverlängerung,Negativ,Email,Mittel,2023-06-08,132
3089,16111,2023-04-18,Wallbox,E-Mobility,Wallbox defekt,Negativ,App,Mittel,2023-04-26,158
3090,15513,2023-10-20,Wärmepumpe,Technisch,Wartung angefragt,Neutral,App,Mittel,2023-10-28,41
3091,6374,2025-05-17,Rechnung,Abrechnung,Unstimmigkeit in Rechnung,Neutral,Chat,Niedrig,2025-05-31,44
3092,2271,2023-05-20,Allgemein,Service,Allgemeine Anfrage,Positiv,Telefon,Mittel,2023-05-23,192
3093,9051,2024-06-07,Smart Meter,Installation,Smart Meter App funktioniert nicht,Negativ,Email,Kritisch,2024-06-07,183
3094,19049,2024-08-21,Speicher,Technisch,Kapazität gesunken,Neutral,Chat,Hoch,2024-08-25,150
3095,10395,2023-02-02,Solar,Technisch,Wechselrichter Fehler,Neutral,App,Mittel,2023-02-11,142
3096,6824,2024-04-19,Allgemein,Service,Lob,Positiv,Email,Niedrig,2024-04-19,138
3097,14229,2023-02-23,Rechnung,Abrechnung,Zahlungsplan angefragt,Negativ,Telefon,Mittel,2023-03-06,114
3098,19194,2023-05-28,Wärmepumpe,Technisch,Effizienz zu niedrig,Positiv,App,Mittel,2023-06-02,41
3099,5227,2024-12-27,Solar,Technisch,Monitoring nicht verfügbar,Negativ,Chat,Kritisch,2024-12-27,145
3100,10638,2024-02-13,Tarif,Vertrag,Vertragsverlängerung,Negativ,Email,Mittel,2024-02-19,100
3101,9452,2024-07-05,Rechnung,Abrechnung,Abschlag zu hoch,Neutral,Telefon,Hoch,2024-07-07,109
3102,1130,2023-09-02,Tarif,Vertrag,Umzug melden,Neutral,Telefon,Mittel,2023-09-09,61
3103,9162,2025-02-14,Smart Meter,Installation,Smart Meter Installation angefragt,Neutral,Email,Mittel,2025-02-27,137
3104,11526,2024-05-31,Solar,Technisch,Solaranlage produziert nicht,Negativ,Email,Niedrig,2024-06-01,188
3105,7335,2023-04-05,Smart Meter,Installation,Smart Meter Installation angefragt,Neutral,Chat,Hoch,2023-04-08,142
3106,15536,2024-10-06,Rechnung,Abrechnung,Unstimmigkeit in Rechnung,Negativ,App,Niedrig,2024-10-11,72
3107,10511,2023-08-23,Tarif,Vertrag,Ökostrom Umstellung,Neutral,Telefon,Niedrig,2023-09-05,80
3108,5696,2023-09-05,Solar,Technisch,Solaranlage produziert nicht,Negativ,App,Hoch,2023-09-07,129
3109,7416,2024-11-26,Rechnung,Abrechnung,Abschlag anpassen,Neutral,Chat,Mittel,2024-11-27,73
3110,17262,2024-11-10,Rechnung,Abrechnung,Rechnungsfrage,Neutral,Email,Niedrig,2024-11-13,113
3111,787,2023-03-23,Smart Meter,Installation,Smart Meter Ablesung fehlerhaft,Neutral,Chat,Mittel,2023-03-30,38
3112,4091,2023-08-29,Rechnung,Abrechnung,Abschlag zu hoch,Positiv,Chat,Mittel,2023-09-11,185
3113,1760,2024-06-21,Smart Meter,Installation,Smart Meter zeigt keine Daten,Neutral,App,Niedrig,2024-07-05,117
3114,10049,2025-02-24,Wärmepumpe,Technisch,Effizienz zu niedrig,Positiv,App,Hoch,2025-02-26,187
3115,12033,2023-12-06,Speicher,Technisch,Kapazität gesunken,Neutral,Email,Hoch,2023-12-07,24
3116,2000,2024-09-07,Smart Meter,Installation,Smart Meter Ablesung fehlerhaft,Negativ,App,Niedrig,2024-09-21,92
3117,4845,2024-05-26,Smart Meter,Installation,Smart Meter zeigt keine Daten,Neutral,Telefon,Niedrig,2024-06-08,52
3118,14682,2023-09-07,Smart Meter,Installation,Smart Meter App funktioniert nicht,Negativ,App,Niedrig,2023-09-17,138
3119,5903,2023-01-17,Smart Meter,Installation,Smart Meter zeigt keine Daten,Neutral,Email,Hoch,2023-01-22,19
3120,18474,2024-08-29,Wallbox,E-Mobility,Wallbox defekt,Negativ,Chat,Hoch,2024-08-29,6
3121,8216,2024-01-06,Wärmepumpe,Technisch,Wärmepumpe läuft nicht,Negativ,App,Hoch,2024-01-10,46
3122,1204,2023-03-10,Allgemein,Service,Informationsanfrage,Neutral,Chat,Mittel,2023-03-11,170
3123,14419,2024-07-03,Rechnung,Abrechnung,Rechnungsfrage,Neutral,Telefon,Mittel,2024-07-17,113
3124,18234,2024-02-15,Wallbox,E-Mobility,Wallbox lädt nicht,Negativ,Telefon,Mittel,2024-02-24,167
3125,7172,2024-05-11,Rechnung,Abrechnung,Rechnungsfrage,Neutral,Email,Mittel,2024-05-16,34
3126,987,2025-02-21,Smart Meter,Installation,Smart Meter zeigt keine Daten,Neutral,Telefon,Kritisch,2025-02-22,105
3127,19616,2025-03-27,Rechnung,Abrechnung,Zahlungsplan angefragt,Neutral,Chat,Niedrig,2025-04-04,60
3128,6798,2023-09-12,Solar,Technisch,Wechselrichter Fehler,Neutral,App,Niedrig,2023-09-18,165
3129,16287,2024-08-30,Solar,Technisch,Einspeisevergütung Frage,Negativ,App,Niedrig,2024-09-06,113
3130,15556,2024-08-30,Tarif,Vertrag,Preisgarantie Frage,Neutral,App,Niedrig,2024-09-07,98
3131,18072,2023-11-19,Wallbox,E-Mobility,Wallbox defekt,Negativ,Telefon,Kritisch,2023-11-25,135
3132,4723,2025-02-28,Rechnung,Abrechnung,Abschlag zu hoch,Negativ,App,Niedrig,2025-03-01,154
3133,11725,2023-12-14,Speicher,Technisch,Speicher lädt nicht,Negativ,Telefon,Mittel,2023-12-15,7
3134,7218,2024-08-09,Allgemein,Service,Lob,Positiv,App,Niedrig,2024-08-11,4
3135,11705,2023-08-22,Allgemein,Service,Informationsanfrage,Neutral,Telefon,Niedrig,2023-09-05,168
3136,813,2024-11-13,Smart Meter,Installation,Smart Meter defekt,Negativ,App,Mittel,2024-11-22,171
3137,10797,2024-04-29,Smart Meter,Installation,Smart Meter App funktioniert nicht,Negativ,App,Kritisch,2024-05-04,185
3138,11615,2024-12-20,Solar,Technisch,Solaranlage Ertrag niedrig,Positiv,Email,Mittel,2024-12-28,149
3139,8717,2024-03-06,Smart Meter,Installation,Smart Meter defekt,Negativ,Chat,Mittel,2024-03-11,193
3140,3977,2023-08-07,Speicher,Technisch,Batteriespeicher Störung,Negativ,Email,Hoch,2023-08-14,110
3141,12813,2023-12-26,Speicher,Technisch,Speicher lädt nicht,Negativ,Chat,Hoch,2024-01-02,148
3142,2770,2023-11-15,Wärmepumpe,Technisch,Wärmepumpe Störung,Negativ,Telefon,Kritisch,2023-11-15,82
3143,5658,2023-10-15,Wärmepumpe,Technisch,Wartung angefragt,Negativ,Chat,Mittel,2023-10-27,36
3144,12466,2024-04-14,Wärmepumpe,Technisch,Wärmepumpe Störung,Negativ,Email,Kritisch,2024-04-20,159
3145,11876,2023-03-26,Smart Meter,Installation,Smart Meter zeigt keine Daten,Positiv,Email,Hoch,2023-04-02,13
3146,6410,2023-02-26,Tarif,Vertrag,Umzug melden,Neutral,App,Hoch,2023-02-28,32
3147,6696,2023-07-06,Allgemein,Service,Informationsanfrage,Neutral,Telefon,Mittel,2023-07-15,87
3148,8618,2025-04-15,Allgemein,Service,Lob,Positiv,Chat,Niedrig,2025-04-20,7
3149,6760,2023-11-26,Tarif,Vertrag,Umzug melden,Negativ,Telefon,Niedrig,2023-11-30,27
3150,3167,2025-02-13,Rechnung,Abrechnung,Rechnungsfrage,Neutral,Email,Mittel,2025-02-17,79
3151,9365,2023-02-13,Rechnung,Abrechnung,Zahlungsplan angefragt,Neutral,App,Hoch,2023-02-17,26
3152,3696,2024-08-10,Wärmepumpe,Technisch,Wärmepumpe Störung,Negativ,Chat,Kritisch,2024-08-13,43
3153,11330,2023-05-20,Wallbox,E-Mobility,Wallbox Installation angefragt,Neutral,Email,Mittel,2023-06-03,182
3154,8870,2023-10-02,Tarif,Vertrag,Vertragsverlängerung,Negativ,Email,Kritisch,2023-10-06,8
3155,17363,2024-06-29,Tarif,Vertrag,Tarifwechsel angefragt,Neutral,Email,Niedrig,2024-07-08,131
3156,5378,2023-04-08,Tarif,Vertrag,Ökostrom Umstellung,Neutral,Email,Mittel,2023-04-21,58
3157,14860,2023-03-03,Tarif,Vertrag,Preisgarantie Frage,Positiv,App,Niedrig,2023-03-13,166
3158,1469,2025-03-31,Wallbox,E-Mobility,Wallbox defekt,Negativ,Telefon,Hoch,2025-04-03,48
3159,3521,2024-08-03,Tarif,Vertrag,Tarifwechsel angefragt,Negativ,Chat,Mittel,2024-08-16,152
3160,9463,2023-02-06,Solar,Technisch,Wechselrichter Fehler,Positiv,Email,Hoch,2023-02-13,105
3161,19669,2025-03-04,Wärmepumpe,Technisch,Wartung angefragt,Positiv,Telefon,Niedrig,2025-03-07,152
3162,2005,2024-06-03,Speicher,Technisch,Batteriespeicher Störung,Negativ,Email,Hoch,2024-06-03,118
3163,9630,2023-05-16,Allgemein,Service,Kontaktdaten ändern,Positiv,Chat,Kritisch,2023-05-21,81
3164,11890,2023-09-10,Allgemein,Service,Kontaktdaten ändern,Neutral,App,Kritisch,2023-09-12,50
3165,16410,2025-01-13,Smart Meter,Installation,Smart Meter App funktioniert nicht,Negativ,Chat,Mittel,2025-01-23,181
3166,2734,2023-10-22,Solar,Technisch,Wechselrichter Fehler,Neutral,Telefon,Mittel,2023-11-02,25
3167,16299,2024-03-25,Tarif,Vertrag,Umzug melden,Negativ,Telefon,Hoch,2024-03-27,175
3168,12709,2024-07-14,Wärmepumpe,Technisch,Wärmepumpe läuft nicht,Negativ,Telefon,Kritisch,2024-07-19,27
3169,16454,2024-02-02,Allgemein,Service,Informationsanfrage,Neutral,Telefon,Niedrig,2024-02-09,187
3170,9659,2023-06-06,Tarif,Vertrag,Preisgarantie Frage,Negativ,Email,Mittel,2023-06-14,52
3171,3568,2025-02-21,Solar,Technisch,Solaranlage produziert nicht,Negativ,Email,Mittel,2025-03-05,196
3172,7731,2023-12-04,Rechnung,Abrechnung,Rechnungsfrage,Neutral,Email,Hoch,2023-12-10,40
3173,5208,2024-08-19,Smart Meter,Installation,Smart Meter Ablesung fehlerhaft,Positiv,Chat,Hoch,2024-08-21,136
3174,7879,2023-12-25,Speicher,Technisch,Batteriespeicher Störung,Negativ,Telefon,Niedrig,2024-01-05,176
3175,6443,2025-05-12,Smart Meter,Installation,Smart Meter Ablesung fehlerhaft,Neutral,Email,Niedrig,2025-05-13,89
3176,18169,2023-02-21,Wärmepumpe,Technisch,Effizienz zu niedrig,Neutral,Email,Hoch,2023-02-26,182
3177,4465,2024-01-07,Tarif,Vertrag,Tarifwechsel angefragt,Neutral,Email,Hoch,2024-01-09,10
3178,11179,2025-02-17,Speicher,Technisch,Batteriespeicher Störung,Negativ,Email,Mittel,2025-03-01,161
3179,6910,2023-11-24,Wallbox,E-Mobility,App-Verbindung unterbrochen,Neutral,Chat,Mittel,2023-12-06,137
3180,7911,2025-05-18,Smart Meter,Installation,Smart Meter App funktioniert nicht,Negativ,Telefon,Hoch,2025-05-19,154
3181,6524,2023-11-04,Tarif,Vertrag,Tarifwechsel angefragt,Neutral,Chat,Niedrig,2023-11-06,132
3182,8048,2024-10-05,Speicher,Technisch,Speicher lädt nicht,Negativ,Telefon,Niedrig,2024-10-14,22
3183,11330,2025-06-08,Smart Meter,Installation,Smart Meter Installation angefragt,Negativ,Email,Niedrig,2025-06-13,30
3184,16124,2024-06-29,Wallbox,E-Mobility,Wallbox lädt nicht,Negativ,App,Hoch,2024-07-03,86
3185,14741,2025-04-14,Rechnung,Abrechnung,Zahlungsplan angefragt,Neutral,Email,Mittel,2025-04-27,72
3186,811,2024-10-19,Allgemein,Service,Kontaktdaten ändern,Positiv,App,Mittel,2024-10-23,163
3187,16553,2024-04-14,Allgemein,Service,Lob,Positiv,Email,Niedrig,2024-04-19,53
3188,5658,2023-11-16,Solar,Technisch,Monitoring nicht verfügbar,Negativ,App,Kritisch,2023-11-16,168
3189,19469,2024-08-01,Wärmepumpe,Technisch,Geräuschentwicklung zu hoch,Neutral,Chat,Mittel,2024-08-12,178
3190,12760,2024-01-10,Speicher,Technisch,Batteriespeicher Störung,Negativ,Chat,Mittel,2024-01-14,110
3191,8157,2024-01-21,Speicher,Technisch,Kapazität gesunken,Neutral,Chat,Hoch,2024-01-24,69
3192,8060,2023-09-08,Speicher,Technisch,Kapazität gesunken,Negativ,App,Hoch,2023-09-15,142
3193,2642,2023-07-17,Allgemein,Service,Lob,Positiv,App,Niedrig,2023-07-27,9
3194,8461,2024-09-03,Smart Meter,Installation,Smart Meter App funktioniert nicht,Negativ,Telefon,Kritisch,2024-09-04,81
3195,4343,2024-01-23,Smart Meter,Installation,Smart Meter App funktioniert nicht,Negativ,Email,Mittel,2024-01-23,139
3196,11568,2024-04-09,Rechnung,Abrechnung,Gutschrift angefragt,Neutral,App,Niedrig,2024-04-20,62
3197,19073,2024-12-28,Solar,Technisch,Solaranlage Ertrag niedrig,Negativ,Chat,Niedrig,2024-12-31,15
3198,15304,2023-06-03,Speicher,Technisch,Batteriespeicher Störung,Negativ,Telefon,Kritisch,2023-06-10,75
3199,15659,2023-08-07,Allgemein,Service,Kontaktdaten ändern,Positiv,Telefon,Niedrig,2023-08-18,176
3200,5652,2023-08-19,Solar,Technisch,Einspeisevergütung Frage,Neutral,Chat,Niedrig,2023-08-19,64
3201,547,2025-02-10,Rechnung,Abrechnung,Rechnungsfrage,Neutral,Email,Niedrig,2025-02-13,189
3202,4207,2025-02-18,Smart Meter,Installation,Smart Meter Ablesung fehlerhaft,Neutral,Email,Niedrig,2025-02-19,196
3203,18109,2025-04-09,Speicher,Technisch,Kapazität gesunken,Neutral,Telefon,Hoch,2025-04-11,62
3204,19892,2023-08-03,Solar,Technisch,Wechselrichter Fehler,Neutral,Email,Mittel,2023-08-14,57
3205,10155,2023-10-23,Wallbox,E-Mobility,Wallbox defekt,Negativ,Email,Mittel,2023-11-04,21
3206,14624,2025-02-24,Speicher,Technisch,Kapazität gesunken,Neutral,Email,Mittel,2025-03-06,130
3207,15852,2023-06-27,Allgemein,Service,Kontaktdaten ändern,Neutral,App,Mittel,2023-07-08,162
3208,3175,2023-10-21,Tarif,Vertrag,Kündigung,Neutral,Telefon,Niedrig,2023-10-27,71
3209,1823,2023-04-26,Smart Meter,Installation,Smart Meter Installation angefragt,Neutral,App,Mittel,2023-05-04,67
3210,19008,2024-02-14,Tarif,Vertrag,Ökostrom Umstellung,Neutral,App,Niedrig,2024-02-22,57
3211,10070,2024-02-19,Tarif,Vertrag,Vertragsverlängerung,Neutral,Telefon,Niedrig,2024-02-20,103
3212,14010,2023-12-21,Speicher,Technisch,Kapazität gesunken,Neutral,App,Niedrig,2024-01-02,16
3213,12335,2024-11-27,Solar,Technisch,Solaranlage produziert nicht,Negativ,Email,Hoch,2024-12-03,47
3214,6096,2024-06-26,Wallbox,E-Mobility,Wallbox lädt nicht,Negativ,Email,Mittel,2024-07-10,46
3215,14815,2023-11-02,Wärmepumpe,Technisch,Fehlercode E01 angezeigt,Neutral,Email,Niedrig,2023-11-12,185
3216,2993,2023-10-07,Allgemein,Service,Kontaktdaten ändern,Negativ,App,Mittel,2023-10-12,130
3217,16273,2023-10-30,Wallbox,E-Mobility,App-Verbindung unterbrochen,Neutral,Chat,Hoch,2023-11-01,193
3218,14054,2024-03-13,Wärmepumpe,Technisch,Wärmepumpe läuft nicht,Negativ,App,Hoch,2024-03-18,116
3219,1355,2025-03-03,Solar,Technisch,Monitoring nicht verfügbar,Negativ,Email,Hoch,2025-03-10,11
3220,18408,2023-07-12,Rechnung,Abrechnung,Rechnungsfrage,Neutral,Chat,Niedrig,2023-07-15,73
3221,9754,2024-11-26,Rechnung,Abrechnung,Abschlag zu hoch,Neutral,App,Kritisch,2024-11-28,128
3222,14067,2025-05-30,Allgemein,Service,Beschwerde,Negativ,Email,Hoch,2025-06-02,135
3223,15796,2025-06-20,Smart Meter,Installation,Smart Meter Installation angefragt,Neutral,Telefon,Hoch,2025-06-25,55
3224,12430,2024-04-25,Rechnung,Abrechnung,Rechnungsfrage,Neutral,App,Mittel,2024-05-01,16
3225,6946,2024-06-22,Wärmepumpe,Technisch,Effizienz zu niedrig,Positiv,Email,Mittel,2024-06-23,5
3226,11795,2023-04-09,Smart Meter,Installation,Smart Meter defekt,Negativ,App,Mittel,2023-04-14,41
3227,1834,2024-10-18,Rechnung,Abrechnung,Unstimmigkeit in Rechnung,Neutral,Email,Mittel,2024-10-26,3
3228,15260,2025-05-05,Tarif,Vertrag,Tarifwechsel angefragt,Negativ,App,Niedrig,2025-05-14,71
3229,19009,2023-05-07,Tarif,Vertrag,Ökostrom Umstellung,Neutral,Email,Mittel,2023-05-14,160
3230,10213,2024-11-18,Rechnung,Abrechnung,Rechnungsfrage,Neutral,Chat,Mittel,2024-11-26,28
3231,7948,2025-06-15,Smart Meter,Installation,Smart Meter zeigt keine Daten,Neutral,Telefon,Niedrig,2025-06-25,118
3232,7213,2025-05-30,Speicher,Technisch,Speicher lädt nicht,Negativ,Email,Kritisch,2025-06-02,135
3233,14370,2025-01-29,Speicher,Technisch,Kapazität gesunken,Positiv,Telefon,Hoch,2025-02-02,191
3234,2259,2024-04-09,Wärmepumpe,Technisch,Effizienz zu niedrig,Neutral,App,Mittel,2024-04-14,3
3235,5305,2024-01-09,Wallbox,E-Mobility,Ladekarte Probleme,Neutral,App,Mittel,2024-01-22,53
3236,9193,2024-08-12,Wallbox,E-Mobility,Wallbox Installation angefragt,Positiv,Email,Mittel,2024-08-12,112
3237,3770,2023-11-07,Smart Meter,Installation,Smart Meter App funktioniert nicht,Negativ,App,Niedrig,2023-11-14,7
3238,6566,2023-05-08,Tarif,Vertrag,Tarifwechsel angefragt,Neutral,Chat,Niedrig,2023-05-18,90
3239,4243,2025-02-09,Wallbox,E-Mobility,Ladekarte Probleme,Neutral,Chat,Mittel,2025-02-17,45
3240,16466,2024-11-20,Speicher,Technisch,Batteriespeicher Störung,Negativ,Chat,Kritisch,2024-11-24,64
3241,13947,2025-04-08,Allgemein,Service,Informationsanfrage,Neutral,Chat,Mittel,2025-04-19,124
3242,16334,2023-07-17,Wallbox,E-Mobility,App-Verbindung unterbrochen,Neutral,Telefon,Niedrig,2023-07-21,36
3243,7264,2025-01-17,Solar,Technisch,Einspeisevergütung Frage,Neutral,Chat,Mittel,2025-01-25,57
3244,4256,2023-09-11,Wallbox,E-Mobility,Ladekarte Probleme,Neutral,Telefon,Mittel,2023-09-20,13
3245,18661,2023-08-23,Wallbox,E-Mobility,Ladekarte Probleme,Neutral,Email,Niedrig,2023-09-04,161
3246,15893,2024-07-08,Solar,Technisch,Solaranlage Ertrag niedrig,Negativ,Telefon,Niedrig,2024-07-18,44
3247,16895,2023-03-14,Solar,Technisch,Wechselrichter Fehler,Negativ,Telefon,Kritisch,2023-03-16,150
3248,1317,2023-06-20,Tarif,Vertrag,Tarifwechsel angefragt,Neutral,Telefon,Kritisch,2023-06-27,130
3249,9629,2023-06-14,Tarif,Vertrag,Umzug melden,Neutral,Telefon,Mittel,2023-06-15,188
3250,3678,2025-02-10,Speicher,Technisch,Kapazität gesunken,Neutral,Chat,Mittel,2025-02-11,148
3251,8709,2023-12-02,Wallbox,E-Mobility,Wallbox lädt nicht,Negativ,Chat,Hoch,2023-12-02,120
3252,3266,2023-06-19,Smart Meter,Installation,Smart Meter Ablesung fehlerhaft,Neutral,App,Mittel,2023-06-30,85
3253,6126,2024-10-09,Solar,Technisch,Monitoring nicht verfügbar,Negativ,Email,Hoch,2024-10-09,122
3254,6314,2024-02-19,Wallbox,E-Mobility,Ladekarte Probleme,Neutral,Telefon,Niedrig,2024-02-26,15
3255,7505,2023-06-08,Wallbox,E-Mobility,Wallbox defekt,Negativ,Chat,Hoch,2023-06-10,180
3256,15699,2024-01-02,Speicher,Technisch,Speicher lädt nicht,Negativ,Email,Mittel,2024-01-07,152
3257,13166,2023-11-18,Speicher,Technisch,Batteriespeicher Störung,Negativ,Chat,Mittel,2023-11-30,158
3258,12183,2023-01-13,Smart Meter,Installation,Smart Meter App funktioniert nicht,Negativ,Email,Kritisch,2023-01-15,183
3259,11293,2024-11-13,Wärmepumpe,Technisch,Wärmepumpe Störung,Negativ,App,Mittel,2024-11-19,105
3260,7984,2025-06-01,Wärmepumpe,Technisch,Fehlercode E01 angezeigt,Neutral,Email,Mittel,2025-06-07,51
3261,2654,2024-12-25,Tarif,Vertrag,Vertragsverlängerung,Negativ,Chat,Niedrig,2024-12-25,133
3262,2347,2023-05-24,Wallbox,E-Mobility,App-Verbindung unterbrochen,Positiv,Email,Mittel,2023-05-27,52
3263,10857,2023-07-14,Wärmepumpe,Technisch,Wartung angefragt,Neutral,Email,Mittel,2023-07-20,26
3264,1682,2024-10-18,Wallbox,E-Mobility,Wallbox Installation angefragt,Negativ,Email,Mittel,2024-10-22,11
3265,6825,2024-09-27,Tarif,Vertrag,Umzug melden,Neutral,Email,Mittel,2024-10-07,151
3266,12857,2024-05-10,Tarif,Vertrag,Kündigung,Neutral,Telefon,Mittel,2024-05-22,128
3267,4486,2024-04-21,Wärmepumpe,Technisch,Wärmepumpe Störung,Negativ,Chat,Hoch,2024-04-28,14
3268,15235,2024-10-30,Wärmepumpe,Technisch,Fehlercode E01 angezeigt,Neutral,Telefon,Mittel,2024-11-11,162
3269,13190,2023-07-31,Rechnung,Abrechnung,Zahlungsplan angefragt,Negativ,App,Mittel,2023-08-03,180
3270,13236,2025-03-13,Tarif,Vertrag,Tarifwechsel angefragt,Negativ,Telefon,Mittel,2025-03-20,87
3271,7987,2023-07-05,Tarif,Vertrag,Vertragsverlängerung,Positiv,Telefon,Mittel,2023-07-14,117
3272,13717,2023-07-09,Smart Meter,Installation,Smart Meter App funktioniert nicht,Negativ,Telefon,Kritisch,2023-07-15,51
3273,13582,2023-01-07,Speicher,Technisch,Speicher lädt nicht,Negativ,Email,Hoch,2023-01-07,32
3274,1081,2023-04-12,Solar,Technisch,Einspeisevergütung Frage,Neutral,App,Niedrig,2023-04-15,159
3275,10445,2025-01-09,Wallbox,E-Mobility,Wallbox defekt,Negativ,App,Kritisch,2025-01-11,102
3276,11994,2025-01-28,Smart Meter,Installation,Smart Meter Ablesung fehlerhaft,Neutral,Telefon,Mittel,2025-02-02,138
3277,12915,2024-12-31,Tarif,Vertrag,Tarifwechsel angefragt,Negativ,Email,Mittel,2025-01-12,129
3278,13478,2023-10-28,Wallbox,E-Mobility,Wallbox lädt nicht,Negativ,Telefon,Mittel,2023-11-03,174
3279,18470,2025-06-12,Smart Meter,Installation,Smart Meter Installation angefragt,Positiv,Email,Niedrig,2025-06-17,78
3280,17205,2024-02-21,Wärmepumpe,Technisch,Geräuschentwicklung zu hoch,Negativ,Chat,Niedrig,2024-02-23,109
3281,15239,2023-10-04,Speicher,Technisch,Batteriespeicher Störung,Negativ,Chat,Kritisch,2023-10-06,75
3282,7199,2024-06-16,Tarif,Vertrag,Tarifwechsel angefragt,Neutral,App,Mittel,2024-06-29,95
3283,13897,2025-05-07,Solar,Technisch,Wechselrichter Fehler,Neutral,Telefon,Niedrig,2025-05-16,82
3284,5688,2025-01-25,Wärmepumpe,Technisch,Effizienz zu niedrig,Neutral,Email,Hoch,2025-01-25,164
3285,3919,2023-08-03,Tarif,Vertrag,Ökostrom Umstellung,Neutral,Chat,Niedrig,2023-08-13,67
3286,17599,2023-02-28,Tarif,Vertrag,Kündigung,Neutral,Chat,Mittel,2023-03-04,127
3287,9777,2025-05-03,Wärmepumpe,Technisch,Wärmepumpe Störung,Negativ,Email,Hoch,2025-05-07,160
3288,10305,2025-04-10,Wärmepumpe,Technisch,Wärmepumpe läuft nicht,Negativ,Telefon,Niedrig,2025-04-14,64
3289,9470,2024-11-18,Wärmepumpe,Technisch,Geräuschentwicklung zu hoch,Negativ,App,Niedrig,2024-11-19,165
3290,15532,2025-02-08,Solar,Technisch,Solaranlage produziert nicht,Negativ,Chat,Hoch,2025-02-11,111
3291,14599,2024-11-04,Allgemein,Service,Informationsanfrage,Neutral,App,Hoch,2024-11-10,24
3292,5953,2025-02-26,Solar,Technisch,Monitoring nicht verfügbar,Negativ,Chat,Hoch,2025-03-03,69
3293,11247,2024-03-19,Smart Meter,Installation,Smart Meter Ablesung fehlerhaft,Positiv,Email,Mittel,2024-03-26,44
3294,19950,2024-04-27,Speicher,Technisch,Kapazität gesunken,Neutral,Chat,Niedrig,2024-05-10,20
3295,17542,2023-09-29,Solar,Technisch,Solaranlage produziert nicht,Negativ,Email,Hoch,2023-09-29,88
3296,1041,2023-05-22,Smart Meter,Installation,Smart Meter zeigt keine Daten,Negativ,Telefon,Niedrig,2023-05-30,45
3297,2961,2023-03-17,Wärmepumpe,Technisch,Fehlercode E01 angezeigt,Neutral,Email,Mittel,2023-03-23,92
3298,19801,2024-12-27,Speicher,Technisch,Batteriespeicher Störung,Negativ,App,Niedrig,2025-01-09,21
3299,19141,2023-04-25,Wallbox,E-Mobility,Wallbox lädt nicht,Negativ,Email,Hoch,2023-04-26,136
3300,14472,2024-10-21,Solar,Technisch,Solaranlage produziert nicht,Negativ,Telefon,Niedrig,2024-11-03,155
3301,8357,2024-02-26,Wallbox,E-Mobility,Wallbox lädt nicht,Negativ,Telefon,Niedrig,2024-02-27,80
3302,14042,2025-05-27,Allgemein,Service,Kontaktdaten ändern,Neutral,Telefon,Niedrig,2025-06-02,59
3303,9941,2023-04-11,Rechnung,Abrechnung,Zahlungsplan angefragt,Positiv,Chat,Mittel,2023-04-20,155
3304,10874,2024-07-09,Wärmepumpe,Technisch,Geräuschentwicklung zu hoch,Positiv,Telefon,Niedrig,2024-07-12,187
3305,15439,2024-02-22,Rechnung,Abrechnung,Rechnungsfrage,Neutral,App,Hoch,2024-02-29,138
3306,16048,2023-11-29,Smart Meter,Installation,Smart Meter zeigt keine Daten,Positiv,Chat,Mittel,2023-12-06,71
3307,11157,2024-04-28,Wärmepumpe,Technisch,Wartung angefragt,Negativ,App,Hoch,2024-04-30,46
3308,1152,2025-06-28,Rechnung,Abrechnung,Abschlag anpassen,Neutral,App,Niedrig,2025-07-02,105
3309,7259,2024-07-19,Speicher,Technisch,Speicher lädt nicht,Negativ,Email,Hoch,2024-07-23,183
3310,169,2025-02-23,Rechnung,Abrechnung,Gutschrift angefragt,Neutral,Email,Mittel,2025-02-23,163
3311,7963,2025-04-27,Allgemein,Service,Beschwerde,Negativ,Chat,Mittel,2025-05-07,73
3312,7028,2023-10-02,Allgemein,Service,Lob,Positiv,Email,Niedrig,2023-10-09,97
3313,4346,2023-11-05,Tarif,Vertrag,Ökostrom Umstellung,Neutral,Chat,Mittel,2023-11-11,73
3314,9950,2025-01-21,Solar,Technisch,Monitoring nicht verfügbar,Negativ,Telefon,Hoch,2025-01-24,123
3315,7867,2023-05-12,Rechnung,Abrechnung,Rechnungsfrage,Neutral,Telefon,Niedrig,2023-05-26,196
3316,12581,2023-03-28,Solar,Technisch,Wechselrichter Fehler,Neutral,Telefon,Mittel,2023-04-08,43
3317,13263,2024-04-29,Allgemein,Service,Lob,Positiv,Email,Niedrig,2024-05-06,130
3318,7349,2024-02-02,Smart Meter,Installation,Smart Meter zeigt keine Daten,Positiv,App,Mittel,2024-02-05,73
3319,10036,2023-07-05,Speicher,Technisch,Batteriespeicher Störung,Negativ,Email,Kritisch,2023-07-05,177
3320,1988,2024-08-30,Wärmepumpe,Technisch,Wärmepumpe läuft nicht,Negativ,App,Kritisch,2024-09-03,195
3321,10747,2024-03-19,Wärmepumpe,Technisch,Effizienz zu niedrig,Negativ,App,Mittel,2024-04-02,147
3322,7617,2025-06-18,Smart Meter,Installation,Smart Meter Ablesung fehlerhaft,Neutral,App,Hoch,2025-06-18,15
3323,17783,2023-08-23,Smart Meter,Installation,Smart Meter Installation angefragt,Negativ,Telefon,Mittel,2023-08-31,26
3324,9950,2024-12-27,Wallbox,E-Mobility,Wallbox Installation angefragt,Neutral,App,Mittel,2025-01-07,62
3325,5538,2024-02-06,Solar,Technisch,Monitoring nicht verfügbar,Negativ,Chat,Kritisch,2024-02-06,109
3326,3,2024-08-17,Speicher,Technisch,Batteriespeicher Störung,Negativ,Email,Kritisch,2024-08-17,39
3327,7229,2023-10-18,Solar,Technisch,Wechselrichter Fehler,Neutral,App,Mittel,2023-10-27,185
3328,1261,2025-05-27,Speicher,Technisch,Batteriespeicher Störung,Negativ,App,Mittel,2025-06-06,54
3329,11833,2023-09-04,Solar,Technisch,Solaranlage Ertrag niedrig,Neutral,Email,Mittel,2023-09-18,19
3330,13207,2025-04-07,Smart Meter,Installation,Smart Meter defekt,Negativ,App,Hoch,2025-04-10,131
3331,9867,2024-07-13,Smart Meter,Installation,Smart Meter Ablesung fehlerhaft,Negativ,Email,Niedrig,2024-07-13,46
3332,3501,2023-08-04,Wärmepumpe,Technisch,Geräuschentwicklung zu hoch,Positiv,Email,Mittel,2023-08-08,162
3333,6079,2023-12-31,Wärmepumpe,Technisch,Geräuschentwicklung zu hoch,Neutral,Email,Mittel,2023-12-31,109
3334,19838,2024-07-04,Wallbox,E-Mobility,App-Verbindung unterbrochen,Neutral,Chat,Niedrig,2024-07-14,107
3335,5790,2023-07-21,Smart Meter,Installation,Smart Meter Installation angefragt,Positiv,Telefon,Mittel,2023-08-02,131
3336,15532,2024-08-14,Speicher,Technisch,Kapazität gesunken,Neutral,Chat,Kritisch,2024-08-15,109
3337,16841,2025-02-22,Rechnung,Abrechnung,Gutschrift angefragt,Negativ,Chat,Mittel,2025-02-24,78
3338,11486,2023-01-18,Wärmepumpe,Technisch,Fehlercode E01 angezeigt,Negativ,Telefon,Niedrig,2023-01-25,107
3339,13807,2023-02-02,Tarif,Vertrag,Umzug melden,Neutral,Email,Niedrig,2023-02-03,153
3340,11335,2024-01-24,Wallbox,E-Mobility,Wallbox lädt nicht,Negativ,Chat,Kritisch,2024-01-24,120
3341,821,2024-11-26,Tarif,Vertrag,Vertragsverlängerung,Neutral,Telefon,Mittel,2024-11-27,81
3342,1241,2024-04-24,Tarif,Vertrag,Kündigung,Negativ,Chat,Mittel,2024-04-29,84
3343,7097,2024-02-04,Allgemein,Service,Lob,Positiv,Email,Niedrig,2024-02-13,195
3344,14589,2023-03-13,Speicher,Technisch,Speicher lädt nicht,Negativ,App,Niedrig,2023-03-16,153
3345,7314,2023-04-14,Rechnung,Abrechnung,Abschlag anpassen,Negativ,Chat,Niedrig,2023-04-20,85
3346,15793,2023-05-04,Smart Meter,Installation,Smart Meter defekt,Negativ,Email,Hoch,2023-05-10,162
3347,3856,2023-04-07,Smart Meter,Installation,Smart Meter zeigt keine Daten,Neutral,App,Niedrig,2023-04-16,125
3348,19376,2023-02-15,Allgemein,Service,Allgemeine Anfrage,Neutral,Chat,Niedrig,2023-02-17,77
3349,14505,2023-08-15,Wärmepumpe,Technisch,Effizienz zu niedrig,Neutral,Telefon,Mittel,2023-08-20,189
3350,2073,2024-01-18,Speicher,Technisch,Batteriespeicher Störung,Negativ,Chat,Niedrig,2024-01-27,163
3351,2959,2025-06-01,Smart Meter,Installation,Smart Meter defekt,Negativ,Telefon,Niedrig,2025-06-04,107
3352,15899,2023-08-28,Wallbox,E-Mobility,App-Verbindung unterbrochen,Neutral,App,Mittel,2023-09-10,87
3353,15494,2024-01-29,Wallbox,E-Mobility,Ladekarte Probleme,Neutral,Telefon,Mittel,2024-02-03,195
3354,2797,2024-11-17,Tarif,Vertrag,Preisgarantie Frage,Positiv,App,Niedrig,2024-11-20,174
3355,38,2023-01-19,Speicher,Technisch,Kapazität gesunken,Neutral,App,Mittel,2023-01-27,182
3356,16485,2024-07-13,Wärmepumpe,Technisch,Effizienz zu niedrig,Neutral,App,Mittel,2024-07-14,90
3357,3287,2023-02-09,Wallbox,E-Mobility,Ladekarte Probleme,Neutral,Chat,Mittel,2023-02-17,139
3358,6976,2024-10-17,Wallbox,E-Mobility,Ladekarte Probleme,Neutral,Email,Mittel,2024-10-30,57
3359,6590,2024-11-25,Rechnung,Abrechnung,Abschlag zu hoch,Neutral,Telefon,Hoch,2024-11-28,62
3360,3058,2024-01-15,Allgemein,Service,Kontaktdaten ändern,Neutral,Telefon,Niedrig,2024-01-19,53
3361,583,2023-01-02,Wärmepumpe,Technisch,Wärmepumpe Störung,Negativ,Chat,Hoch,2023-01-05,166
3362,5248,2025-03-03,Smart Meter,Installation,Smart Meter Ablesung fehlerhaft,Neutral,Telefon,Kritisch,2025-03-09,163
3363,1956,2024-10-22,Speicher,Technisch,Kapazität gesunken,Neutral,App,Niedrig,2024-11-03,109
3364,2738,2025-03-18,Allgemein,Service,Beschwerde,Negativ,Telefon,Niedrig,2025-03-18,119
3365,9218,2024-08-16,Wärmepumpe,Technisch,Wärmepumpe Störung,Negativ,Telefon,Hoch,2024-08-21,124
3366,14704,2025-04-23,Tarif,Vertrag,Ökostrom Umstellung,Neutral,Chat,Mittel,2025-04-24,164
3367,10603,2023-01-18,Wallbox,E-Mobility,Wallbox defekt,Negativ,Email,Hoch,2023-01-22,39
3368,8678,2025-04-15,Speicher,Technisch,Speicher lädt nicht,Negativ,Telefon,Kritisch,2025-04-18,21
3369,9361,2024-03-09,Smart Meter,Installation,Smart Meter Installation angefragt,Neutral,App,Mittel,2024-03-12,15
3370,6500,2024-09-10,Smart Meter,Installation,Smart Meter zeigt keine Daten,Neutral,Email,Mittel,2024-09-12,197
3371,3469,2024-10-07,Rechnung,Abrechnung,Unstimmigkeit in Rechnung,Neutral,App,Mittel,2024-10-13,95
3372,16,2024-09-17,Wärmepumpe,Technisch,Geräuschentwicklung zu hoch,Neutral,Chat,Hoch,2024-09-17,59
3373,10798,2024-12-20,Allgemein,Service,Allgemeine Anfrage,Neutral,App,Niedrig,2024-12-27,159
3374,9122,2025-04-08,Speicher,Technisch,Batteriespeicher Störung,Negativ,Email,Kritisch,2025-04-12,17
3375,5719,2023-05-28,Solar,Technisch,Monitoring nicht verfügbar,Negativ,Chat,Hoch,2023-06-02,13
3376,9094,2024-01-09,Speicher,Technisch,Kapazität gesunken,Neutral,Chat,Mittel,2024-01-14,163
3377,8123,2024-02-22,Speicher,Technisch,Batteriespeicher Störung,Negativ,Chat,Kritisch,2024-02-27,83
3378,16490,2025-05-23,Wallbox,E-Mobility,Wallbox Installation angefragt,Neutral,Email,Niedrig,2025-06-04,15
3379,15740,2024-04-18,Tarif,Vertrag,Kündigung,Neutral,Email,Hoch,2024-04-22,75
3380,13254,2023-06-04,Rechnung,Abrechnung,Abschlag anpassen,Negativ,Telefon,Mittel,2023-06-08,8
3381,5473,2023-02-13,Speicher,Technisch,Batteriespeicher Störung,Negativ,Telefon,Hoch,2023-02-18,71
3382,3837,2024-07-21,Solar,Technisch,Solaranlage produziert nicht,Negativ,Email,Hoch,2024-07-28,165
3383,1719,2023-07-15,Speicher,Technisch,Kapazität gesunken,Neutral,Email,Mittel,2023-07-17,59
3384,965,2023-05-26,Wallbox,E-Mobility,Wallbox lädt nicht,Negativ,App,Mittel,2023-06-06,165
3385,13968,2024-01-25,Tarif,Vertrag,Preisgarantie Frage,Neutral,Chat,Niedrig,2024-01-28,12
3386,19239,2024-03-11,Rechnung,Abrechnung,Rechnungsfrage,Neutral,Email,Hoch,2024-03-13,80
3387,13923,2024-07-03,Wärmepumpe,Technisch,Wartung angefragt,Positiv,App,Kritisch,2024-07-10,93
3388,15574,2023-12-08,Smart Meter,Installation,Smart Meter Installation angefragt,Negativ,Telefon,Niedrig,2023-12-08,10
3389,6451,2024-07-11,Wärmepumpe,Technisch,Wärmepumpe Störung,Negativ,Email,Hoch,2024-07-14,196
3390,8913,2024-11-03,Wärmepumpe,Technisch,Wärmepumpe Störung,Negativ,Email,Mittel,2024-11-09,40
3391,512,2024-08-15,Speicher,Technisch,Kapazität gesunken,Positiv,Chat,Mittel,2024-08-29,29
3392,1280,2023-01-04,Wallbox,E-Mobility,Wallbox lädt nicht,Negativ,Chat,Hoch,2023-01-11,147
3393,9584,2023-11-30,Smart Meter,Installation,Smart Meter Ablesung fehlerhaft,Neutral,Telefon,Niedrig,2023-12-10,18
3394,13800,2024-10-27,Wärmepumpe,Technisch,Effizienz zu niedrig,Neutral,Telefon,Niedrig,2024-11-05,47
3395,9350,2023-08-27,Solar,Technisch,Wechselrichter Fehler,Positiv,Chat,Mittel,2023-09-06,8
3396,12604,2024-08-17,Solar,Technisch,Wechselrichter Fehler,Neutral,Email,Mittel,2024-08-22,104
3397,17695,2024-01-21,Wallbox,E-Mobility,App-Verbindung unterbrochen,Neutral,Telefon,Niedrig,2024-01-28,180
3398,17371,2024-01-23,Solar,Technisch,Einspeisevergütung Frage,Positiv,Email,Mittel,2024-01-27,200
3399,16348,2024-06-01,Speicher,Technisch,Speicher lädt nicht,Negativ,Email,Hoch,2024-06-05,181
3400,18875,2025-05-26,Allgemein,Service,Informationsanfrage,Negativ,Email,Mittel,2025-06-09,54
3401,5984,2025-04-06,Rechnung,Abrechnung,Unstimmigkeit in Rechnung,Neutral,App,Mittel,2025-04-17,199
3402,332,2023-01-18,Rechnung,Abrechnung,Gutschrift angefragt,Neutral,Telefon,Niedrig,2023-01-28,17
3403,13378,2025-04-20,Rechnung,Abrechnung,Abschlag zu hoch,Neutral,Email,Mittel,2025-05-04,4
3404,11681,2025-01-24,Rechnung,Abrechnung,Rechnungsfrage,Negativ,App,Hoch,2025-01-27,68
3405,17143,2024-11-26,Tarif,Vertrag,Kündigung,Neutral,App,Mittel,2024-12-02,5
3406,2607,2025-03-21,Solar,Technisch,Solaranlage produziert nicht,Negativ,Email,Mittel,2025-03-25,56
3407,10465,2024-12-15,Speicher,Technisch,Kapazität gesunken,Negativ,App,Niedrig,2024-12-28,166
3408,2037,2023-10-14,Smart Meter,Installation,Smart Meter Ablesung fehlerhaft,Negativ,Chat,Niedrig,2023-10-14,54
3409,2159,2024-07-11,Speicher,Technisch,Speicher lädt nicht,Negativ,Email,Mittel,2024-07-12,99
3410,9441,2023-09-04,Wärmepumpe,Technisch,Geräuschentwicklung zu hoch,Neutral,Chat,Mittel,2023-09-08,175
3411,9320,2025-01-26,Rechnung,Abrechnung,Zahlungsplan angefragt,Neutral,Chat,Mittel,2025-02-08,89
3412,8508,2024-03-11,Tarif,Vertrag,Kündigung,Neutral,Chat,Mittel,2024-03-17,50
3413,2630,2024-08-30,Tarif,Vertrag,Tarifwechsel angefragt,Neutral,Chat,Hoch,2024-09-05,34
3414,11084,2025-02-28,Wallbox,E-Mobility,Ladekarte Probleme,Positiv,Chat,Mittel,2025-03-02,179
3415,14029,2025-04-04,Tarif,Vertrag,Preisgarantie Frage,Neutral,Telefon,Niedrig,2025-04-05,65
3416,1915,2023-10-16,Wallbox,E-Mobility,App-Verbindung unterbrochen,Neutral,Email,Niedrig,2023-10-16,156
3417,15064,2025-01-26,Rechnung,Abrechnung,Abschlag anpassen,Neutral,Telefon,Kritisch,2025-01-27,88
3418,9975,2025-02-23,Wallbox,E-Mobility,Wallbox defekt,Negativ,Email,Kritisch,2025-02-26,69
3419,17379,2024-11-17,Wallbox,E-Mobility,Wallbox defekt,Negativ,Telefon,Niedrig,2024-11-19,178
3420,10153,2025-02-20,Allgemein,Service,Beschwerde,Negativ,Email,Mittel,2025-03-05,91
3421,13976,2024-07-28,Solar,Technisch,Solaranlage produziert nicht,Negativ,App,Kritisch,2024-08-02,60
3422,7814,2024-02-20,Tarif,Vertrag,Ökostrom Umstellung,Neutral,App,Niedrig,2024-02-20,54
3423,9804,2024-07-22,Wärmepumpe,Technisch,Geräuschentwicklung zu hoch,Neutral,Chat,Niedrig,2024-07-27,182
3424,6772,2024-06-12,Tarif,Vertrag,Umzug melden,Neutral,App,Niedrig,2024-06-14,198
3425,2581,2024-05-21,Solar,Technisch,Solaranlage produziert nicht,Negativ,App,Kritisch,2024-05-28,138
3426,19782,2023-09-05,Speicher,Technisch,Batteriespeicher Störung,Negativ,Chat,Kritisch,2023-09-08,175
3427,7405,2023-11-05,Wallbox,E-Mobility,Ladekarte Probleme,Neutral,Email,Niedrig,2023-11-05,51
3428,17020,2023-03-26,Smart Meter,Installation,Smart Meter zeigt keine Daten,Neutral,Chat,Mittel,2023-04-06,133
3429,13539,2024-05-03,Wallbox,E-Mobility,Wallbox Installation angefragt,Neutral,App,Hoch,2024-05-05,128
3430,18511,2024-08-01,Smart Meter,Installation,Smart Meter Installation angefragt,Neutral,App,Niedrig,2024-08-01,193
3431,9777,2023-02-02,Allgemein,Service,Lob,Positiv,Email,Niedrig,2023-02-15,153
3432,3242,2023-09-27,Smart Meter,Installation,Smart Meter defekt,Negativ,Email,Kritisch,2023-09-30,72
3433,3240,2024-09-01,Tarif,Vertrag,Umzug melden,Neutral,Telefon,Hoch,2024-09-03,156
3434,2129,2023-06-30,Solar,Technisch,Solaranlage Ertrag niedrig,Neutral,Email,Kritisch,2023-07-05,47
3435,6620,2025-03-09,Speicher,Technisch,Batteriespeicher Störung,Negativ,App,Mittel,2025-03-10,161
3436,16573,2023-06-28,Rechnung,Abrechnung,Rechnungsfrage,Negativ,App,Hoch,2023-07-02,199
3437,13420,2024-07-03,Smart Meter,Installation,Smart Meter zeigt keine Daten,Positiv,Chat,Mittel,2024-07-11,73
3438,12801,2023-08-16,Allgemein,Service,Allgemeine Anfrage,Negativ,Telefon,Mittel,2023-08-21,70
3439,17945,2023-10-01,Smart Meter,Installation,Smart Meter App funktioniert nicht,Negativ,App,Niedrig,2023-10-10,28
3440,11140,2023-03-16,Wallbox,E-Mobility,Wallbox Installation angefragt,Neutral,Telefon,Hoch,2023-03-21,14
3441,17447,2023-07-09,Allgemein,Service,Lob,Positiv,Telefon,Niedrig,2023-07-11,41
3442,11358,2025-06-22,Wallbox,E-Mobility,Wallbox Installation angefragt,Positiv,App,Hoch,2025-06-27,116
3443,6308,2024-03-13,Speicher,Technisch,Kapazität gesunken,Positiv,Email,Hoch,2024-03-18,11
3444,16812,2025-04-05,Wallbox,E-Mobility,Wallbox Installation angefragt,Neutral,App,Mittel,2025-04-18,64
3445,15625,2023-07-18,Tarif,Vertrag,Tarifwechsel angefragt,Neutral,Chat,Mittel,2023-07-25,18
3446,18849,2024-07-05,Rechnung,Abrechnung,Zahlungsplan angefragt,Negativ,Telefon,Mittel,2024-07-12,165
3447,9904,2023-10-28,Rechnung,Abrechnung,Abschlag zu hoch,Neutral,Telefon,Mittel,2023-11-01,145
3448,16552,2023-02-24,Wallbox,E-Mobility,Wallbox lädt nicht,Negativ,Email,Mittel,2023-03-03,75
3449,16341,2023-01-17,Tarif,Vertrag,Umzug melden,Neutral,Telefon,Niedrig,2023-01-24,13
3450,11156,2023-01-18,Solar,Technisch,Monitoring nicht verfügbar,Negativ,Email,Mittel,2023-01-29,72
3451,4988,2023-02-23,Wallbox,E-Mobility,App-Verbindung unterbrochen,Neutral,App,Niedrig,2023-02-26,139
3452,12671,2025-05-25,Wärmepumpe,Technisch,Geräuschentwicklung zu hoch,Neutral,Telefon,Mittel,2025-05-25,76
3453,4854,2025-04-08,Rechnung,Abrechnung,Gutschrift angefragt,Negativ,Email,Mittel,2025-04-08,105
3454,8927,2024-03-08,Rechnung,Abrechnung,Abschlag zu hoch,Negativ,App,Mittel,2024-03-19,58
3455,1782,2024-01-30,Wallbox,E-Mobility,Wallbox defekt,Negativ,Email,Mittel,2024-02-10,81
3456,4822,2023-12-12,Solar,Technisch,Einspeisevergütung Frage,Positiv,App,Niedrig,2023-12-21,5
3457,6018,2025-06-27,Solar,Technisch,Einspeisevergütung Frage,Neutral,App,Mittel,2025-07-10,97
3458,6009,2024-12-26,Allgemein,Service,Lob,Positiv,Telefon,Niedrig,2025-01-06,103
3459,9010,2025-04-22,Smart Meter,Installation,Smart Meter App funktioniert nicht,Negativ,App,Kritisch,2025-04-24,191
3460,16581,2024-02-08,Speicher,Technisch,Speicher lädt nicht,Negativ,Telefon,Mittel,2024-02-12,17
3461,3192,2024-05-21,Wallbox,E-Mobility,Wallbox defekt,Negativ,App,Niedrig,2024-06-01,116
3462,13870,2024-06-08,Rechnung,Abrechnung,Rechnungsfrage,Neutral,Telefon,Mittel,2024-06-15,156
3463,1156,2025-02-07,Speicher,Technisch,Kapazität gesunken,Positiv,App,Mittel,2025-02-20,22
3464,1966,2023-12-14,Speicher,Technisch,Batteriespeicher Störung,Negativ,Telefon,Kritisch,2023-12-14,21
3465,14428,2023-11-20,Wärmepumpe,Technisch,Wärmepumpe läuft nicht,Negativ,App,Hoch,2023-11-22,151
3466,4284,2023-05-30,Rechnung,Abrechnung,Zahlungsplan angefragt,Neutral,App,Kritisch,2023-06-02,58
3467,15066,2024-09-08,Wallbox,E-Mobility,Ladekarte Probleme,Neutral,Telefon,Hoch,2024-09-11,116
3468,13234,2025-02-27,Smart Meter,Installation,Smart Meter App funktioniert nicht,Negativ,Telefon,Kritisch,2025-03-02,161
3469,18138,2024-07-09,Tarif,Vertrag,Kündigung,Neutral,Telefon,Mittel,2024-07-12,63
3470,5785,2023-06-22,Tarif,Vertrag,Umzug melden,Neutral,Email,Hoch,2023-06-25,57
3471,14079,2023-10-11,Speicher,Technisch,Batteriespeicher Störung,Negativ,Chat,Mittel,2023-10-18,11
3472,6466,2024-12-01,Solar,Technisch,Monitoring nicht verfügbar,Negativ,Telefon,Niedrig,2024-12-08,28
3473,2828,2025-06-24,Speicher,Technisch,Batteriespeicher Störung,Negativ,Chat,Hoch,2025-06-25,51
3474,13778,2023-04-25,Wärmepumpe,Technisch,Fehlercode E01 angezeigt,Neutral,Telefon,Mittel,2023-05-08,35
3475,14549,2023-03-03,Smart Meter,Installation,Smart Meter Ablesung fehlerhaft,Negativ,Telefon,Mittel,2023-03-16,82
3476,17929,2023-08-13,Allgemein,Service,Kontaktdaten ändern,Neutral,Email,Hoch,2023-08-17,16
3477,11593,2023-03-26,Allgemein,Service,Allgemeine Anfrage,Neutral,App,Mittel,2023-03-28,77
3478,6382,2024-04-12,Wärmepumpe,Technisch,Effizienz zu niedrig,Negativ,Telefon,Niedrig,2024-04-24,194
3479,12256,2023-05-16,Wärmepumpe,Technisch,Wärmepumpe läuft nicht,Negativ,Telefon,Mittel,2023-05-27,86
3480,1279,2025-01-08,Allgemein,Service,Lob,Positiv,App,Niedrig,2025-01-21,151
3481,16711,2024-02-11,Wallbox,E-Mobility,App-Verbindung unterbrochen,Negativ,Telefon,Mittel,2024-02-11,199
3482,2996,2024-11-24,Wärmepumpe,Technisch,Fehlercode E01 angezeigt,Positiv,Telefon,Kritisch,2024-11-28,181
3483,3207,2023-06-14,Rechnung,Abrechnung,Zahlungsplan angefragt,Neutral,Email,Hoch,2023-06-19,101
3484,9438,2023-11-29,Allgemein,Service,Beschwerde,Negativ,App,Hoch,2023-12-03,62
3485,13142,2025-01-11,Rechnung,Abrechnung,Unstimmigkeit in Rechnung,Neutral,Chat,Mittel,2025-01-18,197
3486,13455,2024-08-21,Wärmepumpe,Technisch,Wärmepumpe läuft nicht,Negativ,Telefon,Hoch,2024-08-22,113
3487,8579,2024-04-26,Allgemein,Service,Beschwerde,Negativ,Telefon,Mittel,2024-05-06,54
3488,534,2023-08-09,Tarif,Vertrag,Preisgarantie Frage,Neutral,App,Hoch,2023-08-10,38
3489,18124,2023-06-09,Allgemein,Service,Kontaktdaten ändern,Positiv,Chat,Mittel,2023-06-20,144
3490,17974,2024-09-03,Smart Meter,Installation,Smart Meter Installation angefragt,Positiv,Email,Niedrig,2024-09-10,42
3491,7402,2024-05-10,Wallbox,E-Mobility,App-Verbindung unterbrochen,Positiv,Email,Kritisch,2024-05-16,112
3492,6975,2023-07-01,Rechnung,Abrechnung,Gutschrift angefragt,Positiv,App,Mittel,2023-07-06,104
3493,18986,2023-10-27,Rechnung,Abrechnung,Gutschrift angefragt,Negativ,Telefon,Niedrig,2023-11-02,177
3494,4235,2024-02-27,Tarif,Vertrag,Ökostrom Umstellung,Neutral,Chat,Mittel,2024-03-08,75
3495,1774,2025-06-04,Smart Meter,Installation,Smart Meter defekt,Negativ,App,Niedrig,2025-06-07,143
3496,6485,2025-01-11,Allgemein,Service,Beschwerde,Negativ,Chat,Kritisch,2025-01-12,33
3497,325,2025-04-18,Wallbox,E-Mobility,App-Verbindung unterbrochen,Neutral,Chat,Mittel,2025-04-18,117
3498,17946,2024-09-22,Tarif,Vertrag,Kündigung,Neutral,Email,Mittel,2024-09-25,106
3499,14845,2024-02-04,Wallbox,E-Mobility,Wallbox lädt nicht,Negativ,Telefon,Hoch,2024-02-07,144
3500,7219,2025-01-02,Tarif,Vertrag,Vertragsverlängerung,Positiv,Chat,Mittel,2025-01-11,110
3501,2388,2024-11-02,Solar,Technisch,Einspeisevergütung Frage,Negativ,Chat,Niedrig,2024-11-10,121
3502,10828,2025-04-25,Tarif,Vertrag,Umzug melden,Neutral,Email,Mittel,2025-05-04,114
3503,13439,2025-06-06,Wärmepumpe,Technisch,Wärmepumpe Störung,Negativ,Chat,Mittel,2025-06-08,68
3504,3197,2024-01-23,Wärmepumpe,Technisch,Fehlercode E01 angezeigt,Neutral,Chat,Mittel,2024-02-01,193
3505,17106,2025-01-18,Allgemein,Service,Allgemeine Anfrage,Neutral,Chat,Mittel,2025-01-20,180
3506,7677,2023-08-28,Smart Meter,Installation,Smart Meter Ablesung fehlerhaft,Neutral,Telefon,Kritisch,2023-09-03,147
3507,1064,2024-12-16,Solar,Technisch,Einspeisevergütung Frage,Neutral,App,Mittel,2024-12-28,88
3508,14180,2024-04-16,Speicher,Technisch,Speicher lädt nicht,Negativ,Telefon,Niedrig,2024-04-20,30
3509,12585,2023-10-12,Wallbox,E-Mobility,App-Verbindung unterbrochen,Negativ,App,Mittel,2023-10-19,72
3510,11871,2025-04-14,Solar,Technisch,Monitoring nicht verfügbar,Negativ,Telefon,Kritisch,2025-04-19,151
3511,17623,2024-04-21,Rechnung,Abrechnung,Gutschrift angefragt,Positiv,Email,Mittel,2024-05-05,75
3512,16138,2024-02-12,Tarif,Vertrag,Umzug melden,Neutral,Email,Mittel,2024-02-21,43
3513,17257,2024-02-01,Tarif,Vertrag,Preisgarantie Frage,Neutral,Chat,Mittel,2024-02-01,91
3514,14477,2024-05-15,Wärmepumpe,Technisch,Wärmepumpe Störung,Negativ,Chat,Mittel,2024-05-26,34
3515,16675,2025-02-13,Solar,Technisch,Wechselrichter Fehler,Neutral,Chat,Niedrig,2025-02-24,160
3516,1641,2023-03-09,Wallbox,E-Mobility,Wallbox Installation angefragt,Neutral,Telefon,Hoch,2023-03-12,69
3517,12611,2025-05-17,Smart Meter,Installation,Smart Meter App funktioniert nicht,Negativ,Email,Mittel,2025-05-19,21
3518,17332,2024-06-26,Allgemein,Service,Beschwerde,Negativ,Email,Niedrig,2024-07-07,128
3519,17407,2024-10-22,Wallbox,E-Mobility,App-Verbindung unterbrochen,Positiv,Telefon,Niedrig,2024-10-26,129
3520,1621,2023-05-09,Wärmepumpe,Technisch,Geräuschentwicklung zu hoch,Neutral,Chat,Mittel,2023-05-20,185
3521,10580,2023-07-17,Solar,Technisch,Wechselrichter Fehler,Neutral,App,Hoch,2023-07-22,101
3522,7973,2024-12-14,Wallbox,E-Mobility,Wallbox Installation angefragt,Neutral,Email,Niedrig,2024-12-20,161
3523,19047,2025-05-17,Allgemein,Service,Lob,Positiv,Chat,Niedrig,2025-05-23,86
3524,4925,2023-07-24,Smart Meter,Installation,Smart Meter Ablesung fehlerhaft,Negativ,Telefon,Niedrig,2023-07-31,76
3525,2003,2024-02-14,Rechnung,Abrechnung,Abschlag zu hoch,Positiv,Telefon,Mittel,2024-02-20,178
3526,17472,2024-02-22,Tarif,Vertrag,Tarifwechsel angefragt,Neutral,App,Kritisch,2024-02-28,195
3527,5396,2023-03-11,Smart Meter,Installation,Smart Meter defekt,Negativ,Telefon,Kritisch,2023-03-18,145
3528,8151,2023-10-19,Allgemein,Service,Lob,Positiv,Email,Niedrig,2023-10-23,49
3529,16576,2024-08-23,Tarif,Vertrag,Ökostrom Umstellung,Neutral,Chat,Mittel,2024-08-27,61
3530,17514,2024-07-16,Allgemein,Service,Informationsanfrage,Positiv,Chat,Mittel,2024-07-25,113
3531,1332,2024-07-15,Rechnung,Abrechnung,Abschlag zu hoch,Neutral,Chat,Mittel,2024-07-28,94
3532,10535,2024-08-26,Rechnung,Abrechnung,Gutschrift angefragt,Positiv,Chat,Mittel,2024-08-31,108
3533,3215,2024-12-25,Wärmepumpe,Technisch,Wärmepumpe Störung,Negativ,Chat,Mittel,2025-01-02,9
3534,13798,2023-06-07,Wärmepumpe,Technisch,Fehlercode E01 angezeigt,Neutral,Chat,Mittel,2023-06-20,8
3535,18826,2023-08-02,Wallbox,E-Mobility,Wallbox lädt nicht,Negativ,Telefon,Hoch,2023-08-05,166
3536,16360,2025-01-03,Rechnung,Abrechnung,Gutschrift angefragt,Negativ,Telefon,Hoch,2025-01-06,97
3537,15655,2023-07-16,Tarif,Vertrag,Kündigung,Negativ,App,Mittel,2023-07-23,51
3538,7328,2024-06-08,Wärmepumpe,Technisch,Wärmepumpe Störung,Negativ,Telefon,Hoch,2024-06-08,34
3539,2072,2024-02-06,Wallbox,E-Mobility,Wallbox lädt nicht,Negativ,App,Hoch,2024-02-06,197
3540,15152,2023-10-13,Speicher,Technisch,Kapazität gesunken,Neutral,App,Niedrig,2023-10-17,130
3541,322,2024-02-15,Tarif,Vertrag,Tarifwechsel angefragt,Neutral,App,Mittel,2024-02-16,33
3542,2590,2024-06-12,Solar,Technisch,Solaranlage Ertrag niedrig,Neutral,Telefon,Mittel,2024-06-15,56
3543,2082,2025-01-04,Speicher,Technisch,Speicher lädt nicht,Negativ,Telefon,Mittel,2025-01-11,178
3544,16148,2023-12-14,Smart Meter,Installation,Smart Meter App funktioniert nicht,Negativ,App,Kritisch,2023-12-16,141
3545,17835,2023-05-28,Speicher,Technisch,Speicher lädt nicht,Negativ,Email,Mittel,2023-06-05,149
3546,4376,2023-01-22,Smart Meter,Installation,Smart Meter Ablesung fehlerhaft,Neutral,Email,Mittel,2023-02-03,149
3547,239,2023-06-22,Wallbox,E-Mobility,Ladekarte Probleme,Neutral,Telefon,Hoch,2023-06-24,59
3548,12285,2023-05-23,Rechnung,Abrechnung,Abschlag anpassen,Neutral,Chat,Hoch,2023-05-24,26
3549,12990,2023-10-05,Solar,Technisch,Solaranlage Ertrag niedrig,Positiv,Chat,Niedrig,2023-10-07,43
3550,11019,2025-01-25,Smart Meter,Installation,Smart Meter zeigt keine Daten,Neutral,Email,Mittel,2025-02-08,72
3551,2620,2023-07-24,Tarif,Vertrag,Ökostrom Umstellung,Neutral,Chat,Mittel,2023-07-24,175
3552,3730,2023-08-29,Allgemein,Service,Informationsanfrage,Neutral,App,Niedrig,2023-09-04,114
3553,751,2024-09-05,Tarif,Vertrag,Ökostrom Umstellung,Negativ,App,Niedrig,2024-09-11,102
3554,19055,2024-03-10,Tarif,Vertrag,Preisgarantie Frage,Neutral,Email,Mittel,2024-03-18,111
3555,8927,2024-09-18,Tarif,Vertrag,Tarifwechsel angefragt,Negativ,Chat,Niedrig,2024-09-20,7
3556,8525,2023-04-06,Tarif,Vertrag,Preisgarantie Frage,Neutral,Email,Niedrig,2023-04-10,189
3557,16706,2024-10-11,Speicher,Technisch,Kapazität gesunken,Neutral,App,Mittel,2024-10-21,87
3558,16873,2024-01-28,Tarif,Vertrag,Kündigung,Negativ,Chat,Mittel,2024-02-01,137
3559,12624,2023-05-15,Wallbox,E-Mobility,Wallbox lädt nicht,Negativ,Email,Hoch,2023-05-19,95
3560,14744,2023-07-27,Tarif,Vertrag,Umzug melden,Neutral,Chat,Mittel,2023-08-03,130
3561,3123,2023-02-15,Solar,Technisch,Monitoring nicht verfügbar,Negativ,Chat,Niedrig,2023-02-17,137
3562,962,2024-03-21,Smart Meter,Installation,Smart Meter Ablesung fehlerhaft,Neutral,Email,Mittel,2024-03-28,200
3563,5052,2024-03-11,Wärmepumpe,Technisch,Effizienz zu niedrig,Neutral,Chat,Hoch,2024-03-13,59
3564,5842,2025-04-26,Speicher,Technisch,Kapazität gesunken,Positiv,Email,Mittel,2025-04-28,42
3565,3731,2023-01-07,Allgemein,Service,Lob,Positiv,Telefon,Niedrig,2023-01-21,168
3566,8548,2024-03-04,Rechnung,Abrechnung,Unstimmigkeit in Rechnung,Neutral,Chat,Hoch,2024-03-06,188
3567,2982,2023-05-17,Tarif,Vertrag,Vertragsverlängerung,Negativ,Email,Mittel,2023-05-17,159
3568,2130,2024-01-25,Allgemein,Service,Lob,Positiv,Email,Niedrig,2024-01-30,45
3569,7441,2024-05-04,Rechnung,Abrechnung,Abschlag zu hoch,Neutral,Telefon,Mittel,2024-05-05,24
3570,11619,2023-01-03,Wärmepumpe,Technisch,Effizienz zu niedrig,Positiv,Chat,Mittel,2023-01-15,91
3571,594,2024-10-23,Wärmepumpe,Technisch,Wärmepumpe läuft nicht,Negativ,Email,Kritisch,2024-10-25,11
3572,3853,2024-10-17,Speicher,Technisch,Kapazität gesunken,Neutral,Chat,Niedrig,2024-10-25,154
3573,10877,2024-06-08,Speicher,Technisch,Speicher lädt nicht,Negativ,Telefon,Hoch,2024-06-15,71
3574,12704,2025-04-04,Allgemein,Service,Kontaktdaten ändern,Neutral,Chat,Hoch,2025-04-09,2
3575,10640,2025-01-21,Speicher,Technisch,Speicher lädt nicht,Negativ,Email,Hoch,2025-01-25,132
3576,13158,2023-03-16,Wallbox,E-Mobility,Wallbox lädt nicht,Negativ,App,Mittel,2023-03-30,117
3577,13633,2024-09-05,Tarif,Vertrag,Preisgarantie Frage,Neutral,Chat,Mittel,2024-09-18,73
3578,10068,2023-11-01,Tarif,Vertrag,Preisgarantie Frage,Neutral,Telefon,Niedrig,2023-11-13,152
3579,14609,2024-09-07,Rechnung,Abrechnung,Zahlungsplan angefragt,Neutral,Email,Mittel,2024-09-14,97
3580,9468,2024-09-10,Speicher,Technisch,Kapazität gesunken,Neutral,App,Kritisch,2024-09-10,6
3581,11283,2024-12-30,Tarif,Vertrag,Tarifwechsel angefragt,Neutral,Telefon,Niedrig,2024-12-31,141
3582,1456,2023-09-26,Solar,Technisch,Solaranlage Ertrag niedrig,Neutral,Telefon,Mittel,2023-10-06,191
3583,14666,2023-08-06,Wärmepumpe,Technisch,Wärmepumpe Störung,Negativ,Chat,Mittel,2023-08-18,72
3584,16624,2024-07-12,Rechnung,Abrechnung,Zahlungsplan angefragt,Neutral,App,Mittel,2024-07-23,85
3585,8213,2024-05-16,Wallbox,E-Mobility,Wallbox lädt nicht,Negativ,Chat,Kritisch,2024-05-23,74
3586,4073,2023-11-25,Tarif,Vertrag,Umzug melden,Neutral,Email,Niedrig,2023-11-28,167
3587,9716,2023-06-07,Smart Meter,Installation,Smart Meter Installation angefragt,Neutral,Chat,Niedrig,2023-06-18,127
3588,6926,2025-03-25,Speicher,Technisch,Speicher lädt nicht,Negativ,Email,Mittel,2025-04-06,59
3589,6359,2025-01-20,Smart Meter,Installation,Smart Meter App funktioniert nicht,Negativ,Telefon,Kritisch,2025-01-23,100
3590,9804,2024-01-12,Allgemein,Service,Beschwerde,Negativ,Email,Mittel,2024-01-12,67
3591,9921,2025-05-02,Allgemein,Service,Lob,Positiv,App,Niedrig,2025-05-04,156
3592,12738,2025-04-03,Wallbox,E-Mobility,Wallbox defekt,Negativ,Email,Mittel,2025-04-16,176
3593,16494,2023-07-17,Speicher,Technisch,Kapazität gesunken,Neutral,Telefon,Niedrig,2023-07-21,55
3594,14139,2024-05-24,Smart Meter,Installation,Smart Meter Ablesung fehlerhaft,Neutral,Telefon,Mittel,2024-05-31,172
3595,9658,2024-10-28,Rechnung,Abrechnung,Unstimmigkeit in Rechnung,Negativ,Email,Niedrig,2024-11-11,160
3596,17422,2023-05-24,Allgemein,Service,Allgemeine Anfrage,Neutral,Email,Mittel,2023-05-24,164
3597,17920,2024-06-19,Rechnung,Abrechnung,Abschlag zu hoch,Neutral,Chat,Niedrig,2024-07-01,194
3598,7954,2023-08-21,Wärmepumpe,Technisch,Wartung angefragt,Negativ,Telefon,Mittel,2023-08-31,167
3599,11388,2025-06-11,Speicher,Technisch,Speicher lädt nicht,Negativ,Email,Mittel,2025-06-23,83
3600,1886,2023-10-29,Allgemein,Service,Allgemeine Anfrage,Neutral,Chat,Niedrig,2023-11-10,98
3601,19114,2023-03-06,Rechnung,Abrechnung,Gutschrift angefragt,Neutral,Chat,Hoch,2023-03-08,3
3602,4217,2023-12-13,Smart Meter,Installation,Smart Meter zeigt keine Daten,Neutral,App,Hoch,2023-12-15,110
3603,793,2025-05-23,Speicher,Technisch,Speicher lädt nicht,Negativ,Telefon,Mittel,2025-05-30,54
3604,8216,2023-06-25,Rechnung,Abrechnung,Abschlag anpassen,Neutral,Telefon,Niedrig,2023-06-28,170
3605,15817,2024-05-26,Rechnung,Abrechnung,Zahlungsplan angefragt,Neutral,Telefon,Mittel,2024-05-28,28
3606,8310,2023-01-11,Rechnung,Abrechnung,Unstimmigkeit in Rechnung,Neutral,App,Mittel,2023-01-22,150
3607,10306,2025-06-15,Tarif,Vertrag,Vertragsverlängerung,Neutral,Telefon,Niedrig,2025-06-20,90
3608,17109,2024-04-06,Solar,Technisch,Einspeisevergütung Frage,Positiv,Telefon,Hoch,2024-04-11,61
3609,3066,2024-03-14,Wärmepumpe,Technisch,Wärmepumpe läuft nicht,Negativ,App,Mittel,2024-03-14,3
3610,13748,2023-03-26,Allgemein,Service,Kontaktdaten ändern,Neutral,App,Mittel,2023-03-26,42
3611,16758,2024-08-22,Smart Meter,Installation,Smart Meter Installation angefragt,Neutral,Telefon,Mittel,2024-09-05,31
3612,11261,2023-04-03,Wärmepumpe,Technisch,Fehlercode E01 angezeigt,Neutral,Telefon,Mittel,2023-04-11,61
3613,637,2025-05-21,Solar,Technisch,Monitoring nicht verfügbar,Negativ,Chat,Mittel,2025-05-29,99
3614,1375,2025-05-29,Speicher,Technisch,Batteriespeicher Störung,Negativ,Telefon,Hoch,2025-06-03,101
3615,16846,2024-09-10,Allgemein,Service,Beschwerde,Negativ,Email,Mittel,2024-09-10,182
3616,8014,2023-06-25,Rechnung,Abrechnung,Rechnungsfrage,Neutral,Chat,Mittel,2023-07-05,14
3617,351,2023-07-01,Tarif,Vertrag,Tarifwechsel angefragt,Neutral,Telefon,Mittel,2023-07-10,61
3618,2531,2024-07-04,Smart Meter,Installation,Smart Meter Installation angefragt,Neutral,Chat,Mittel,2024-07-11,96
3619,8315,2024-09-26,Smart Meter,Installation,Smart Meter Installation angefragt,Negativ,App,Niedrig,2024-09-28,148
3620,18056,2024-08-10,Solar,Technisch,Einspeisevergütung Frage,Neutral,App,Mittel,2024-08-16,192
3621,7641,2023-02-07,Speicher,Technisch,Batteriespeicher Störung,Negativ,Email,Hoch,2023-02-09,13
3622,18254,2024-05-22,Rechnung,Abrechnung,Rechnungsfrage,Negativ,App,Niedrig,2024-06-03,186
3623,10915,2023-11-18,Speicher,Technisch,Speicher lädt nicht,Negativ,Email,Kritisch,2023-11-19,195
3624,11473,2023-07-29,Smart Meter,Installation,Smart Meter App funktioniert nicht,Negativ,Chat,Mittel,2023-08-04,182
3625,3060,2025-01-11,Solar,Technisch,Solaranlage produziert nicht,Negativ,Chat,Hoch,2025-01-17,25
3626,7434,2024-06-18,Speicher,Technisch,Batteriespeicher Störung,Negativ,App,Hoch,2024-06-25,105
3627,18878,2024-03-29,Tarif,Vertrag,Kündigung,Neutral,Telefon,Mittel,2024-04-09,147
3628,125,2024-05-29,Wärmepumpe,Technisch,Wärmepumpe Störung,Negativ,Chat,Hoch,2024-06-01,33
3629,6425,2025-02-02,Rechnung,Abrechnung,Unstimmigkeit in Rechnung,Neutral,Chat,Mittel,2025-02-13,98
3630,18638,2023-07-12,Tarif,Vertrag,Tarifwechsel angefragt,Positiv,App,Hoch,2023-07-18,172
3631,12250,2023-09-05,Solar,Technisch,Solaranlage Ertrag niedrig,Negativ,Chat,Kritisch,2023-09-05,183
3632,16466,2024-08-29,Rechnung,Abrechnung,Abschlag anpassen,Negativ,Chat,Mittel,2024-09-01,198
3633,15184,2024-06-30,Wallbox,E-Mobility,App-Verbindung unterbrochen,Neutral,Telefon,Mittel,2024-07-07,171
3634,3047,2024-01-06,Allgemein,Service,Kontaktdaten ändern,Neutral,Telefon,Niedrig,2024-01-20,180
3635,2287,2024-07-24,Tarif,Vertrag,Ökostrom Umstellung,Neutral,Telefon,Mittel,2024-07-25,172
3636,19475,2024-11-20,Wallbox,E-Mobility,Ladekarte Probleme,Neutral,Email,Niedrig,2024-11-20,196
3637,4266,2024-06-04,Wärmepumpe,Technisch,Effizienz zu niedrig,Negativ,App,Mittel,2024-06-09,126
3638,14848,2025-03-08,Wallbox,E-Mobility,Wallbox Installation angefragt,Neutral,App,Niedrig,2025-03-14,186
3639,11633,2023-09-10,Wallbox,E-Mobility,Ladekarte Probleme,Positiv,Chat,Mittel,2023-09-22,84
3640,5768,2024-10-23,Allgemein,Service,Allgemeine Anfrage,Positiv,Telefon,Mittel,2024-10-26,93
3641,2350,2024-01-07,Smart Meter,Installation,Smart Meter zeigt keine Daten,Neutral,App,Mittel,2024-01-13,84
3642,8932,2024-11-04,Speicher,Technisch,Speicher lädt nicht,Negativ,Email,Mittel,2024-11-18,15
3643,5145,2024-09-23,Tarif,Vertrag,Vertragsverlängerung,Neutral,Chat,Mittel,2024-09-25,111
3644,14135,2024-06-08,Rechnung,Abrechnung,Gutschrift angefragt,Neutral,Email,Hoch,2024-06-11,155
3645,18985,2024-01-02,Rechnung,Abrechnung,Rechnungsfrage,Positiv,App,Mittel,2024-01-08,195
3646,8111,2025-06-02,Allgemein,Service,Lob,Positiv,Telefon,Niedrig,2025-06-07,103
3647,19707,2024-02-07,Wärmepumpe,Technisch,Effizienz zu niedrig,Negativ,App,Niedrig,2024-02-19,102
3648,17974,2025-03-15,Smart Meter,Installation,Smart Meter Ablesung fehlerhaft,Neutral,Chat,Niedrig,2025-03-17,117
3649,5769,2024-08-08,Smart Meter,Installation,Smart Meter Installation angefragt,Neutral,Chat,Mittel,2024-08-17,3
3650,3069,2024-03-25,Wallbox,E-Mobility,App-Verbindung unterbrochen,Negativ,Email,Mittel,2024-04-05,96
3651,9341,2023-05-20,Smart Meter,Installation,Smart Meter defekt,Negativ,Telefon,Kritisch,2023-05-22,63
3652,19331,2025-01-08,Solar,Technisch,Einspeisevergütung Frage,Neutral,App,Niedrig,2025-01-22,142
3653,2555,2025-05-07,Solar,Technisch,Solaranlage produziert nicht,Negativ,Telefon,Niedrig,2025-05-19,129
3654,19979,2023-11-18,Solar,Technisch,Solaranlage produziert nicht,Negativ,Chat,Hoch,2023-11-22,146
3655,17925,2023-12-30,Speicher,Technisch,Speicher lädt nicht,Negativ,App,Kritisch,2024-01-03,32
3656,18936,2025-03-19,Tarif,Vertrag,Tarifwechsel angefragt,Neutral,Chat,Mittel,2025-03-26,100
3657,8907,2023-01-25,Tarif,Vertrag,Umzug melden,Neutral,App,Mittel,2023-02-07,110
3658,1418,2025-01-23,Tarif,Vertrag,Tarifwechsel angefragt,Neutral,Email,Mittel,2025-01-25,127
3659,7569,2023-01-27,Wallbox,E-Mobility,Wallbox lädt nicht,Negativ,App,Mittel,2023-02-02,3
3660,10625,2024-06-15,Speicher,Technisch,Batteriespeicher Störung,Negativ,Chat,Hoch,2024-06-20,109
3661,4247,2024-09-05,Allgemein,Service,Informationsanfrage,Neutral,Telefon,Mittel,2024-09-11,2
3662,10584,2024-01-29,Allgemein,Service,Informationsanfrage,Neutral,App,Hoch,2024-02-04,199
3663,10550,2025-06-27,Wärmepumpe,Technisch,Geräuschentwicklung zu hoch,Neutral,Telefon,Hoch,2025-06-28,99
3664,10157,2024-04-25,Wallbox,E-Mobility,App-Verbindung unterbrochen,Negativ,Email,Mittel,2024-05-02,19
3665,11175,2024-08-17,Speicher,Technisch,Batteriespeicher Störung,Negativ,Chat,Hoch,2024-08-20,27
3666,2566,2024-02-06,Tarif,Vertrag,Tarifwechsel angefragt,Neutral,Email,Mittel,2024-02-16,114
3667,1888,2023-03-27,Allgemein,Service,Lob,Positiv,App,Niedrig,2023-03-29,195
3668,15577,2025-02-08,Wallbox,E-Mobility,Wallbox Installation angefragt,Neutral,Chat,Mittel,2025-02-11,71
3669,19920,2024-06-26,Tarif,Vertrag,Umzug melden,Neutral,Email,Mittel,2024-07-04,19
3670,3307,2023-05-10,Solar,Technisch,Solaranlage produziert nicht,Negativ,App,Kritisch,2023-05-12,164
3671,15629,2024-01-04,Rechnung,Abrechnung,Gutschrift angefragt,Neutral,Chat,Mittel,2024-01-14,107
3672,16490,2024-01-29,Allgemein,Service,Informationsanfrage,Positiv,Chat,Niedrig,2024-02-09,172
3673,17912,2024-08-22,Wärmepumpe,Technisch,Wärmepumpe läuft nicht,Negativ,Telefon,Kritisch,2024-08-22,45
3674,10273,2025-05-27,Smart Meter,Installation,Smart Meter Installation angefragt,Positiv,App,Mittel,2025-05-28,121
3675,13081,2025-05-10,Smart Meter,Installation,Smart Meter defekt,Negativ,Chat,Hoch,2025-05-12,52
3676,7637,2025-05-31,Wallbox,E-Mobility,Wallbox lädt nicht,Negativ,Telefon,Mittel,2025-06-14,191
3677,19924,2023-11-29,Solar,Technisch,Einspeisevergütung Frage,Neutral,Chat,Mittel,2023-12-11,60
3678,5958,2023-07-06,Allgemein,Service,Informationsanfrage,Neutral,Chat,Mittel,2023-07-14,162
3679,7666,2023-07-21,Rechnung,Abrechnung,Abschlag zu hoch,Neutral,App,Niedrig,2023-07-31,101
3680,4970,2025-03-27,Rechnung,Abrechnung,Unstimmigkeit in Rechnung,Neutral,App,Hoch,2025-04-02,116
3681,496,2024-03-17,Speicher,Technisch,Kapazität gesunken,Neutral,Chat,Niedrig,2024-03-21,182
3682,14568,2023-05-28,Smart Meter,Installation,Smart Meter zeigt keine Daten,Neutral,Email,Mittel,2023-06-07,200
3683,16264,2023-07-20,Allgemein,Service,Lob,Positiv,Telefon,Niedrig,2023-07-31,42
3684,19265,2023-06-27,Rechnung,Abrechnung,Abschlag anpassen,Positiv,Telefon,Mittel,2023-06-27,198
3685,10808,2025-02-15,Smart Meter,Installation,Smart Meter App funktioniert nicht,Negativ,Email,Kritisch,2025-02-17,141
3686,518,2023-08-22,Speicher,Technisch,Speicher lädt nicht,Negativ,Chat,Mittel,2023-08-29,132
3687,15526,2025-03-16,Wallbox,E-Mobility,Wallbox defekt,Negativ,Chat,Hoch,2025-03-16,123
3688,961,2024-03-01,Allgemein,Service,Beschwerde,Negativ,Telefon,Kritisch,2024-03-08,28
3689,14630,2024-03-18,Allgemein,Service,Kontaktdaten ändern,Negativ,App,Niedrig,2024-03-27,62
3690,16846,2024-09-05,Wärmepumpe,Technisch,Geräuschentwicklung zu hoch,Neutral,App,Niedrig,2024-09-05,152
3691,12320,2024-04-08,Tarif,Vertrag,Tarifwechsel angefragt,Positiv,Email,Niedrig,2024-04-12,175
3692,6598,2025-02-27,Smart Meter,Installation,Smart Meter defekt,Negativ,Telefon,Mittel,2025-03-10,44
3693,17744,2023-07-29,Allgemein,Service,Allgemeine Anfrage,Neutral,Chat,Niedrig,2023-08-11,155
3694,2845,2025-05-29,Wallbox,E-Mobility,Wallbox lädt nicht,Negativ,App,Hoch,2025-06-02,48
3695,6746,2025-02-07,Tarif,Vertrag,Preisgarantie Frage,Positiv,App,Niedrig,2025-02-18,168
3696,17856,2024-07-26,Allgemein,Service,Lob,Positiv,Chat,Niedrig,2024-07-28,39
3697,9561,2025-05-24,Smart Meter,Installation,Smart Meter Installation angefragt,Neutral,Email,Hoch,2025-05-30,71
3698,19204,2025-06-02,Wallbox,E-Mobility,App-Verbindung unterbrochen,Neutral,Telefon,Niedrig,2025-06-15,99
3699,12687,2024-10-15,Solar,Technisch,Wechselrichter Fehler,Neutral,Chat,Mittel,2024-10-27,50
3700,10792,2023-09-02,Wallbox,E-Mobility,Wallbox Installation angefragt,Neutral,Email,Niedrig,2023-09-14,163
3701,2198,2024-01-21,Rechnung,Abrechnung,Unstimmigkeit in Rechnung,Neutral,Chat,Mittel,2024-02-01,103
3702,16779,2023-05-21,Solar,Technisch,Einspeisevergütung Frage,Neutral,Email,Niedrig,2023-05-28,66
3703,1517,2023-10-18,Allgemein,Service,Lob,Positiv,Telefon,Niedrig,2023-10-31,85
3704,14909,2023-04-12,Allgemein,Service,Beschwerde,Negativ,App,Hoch,2023-04-14,200
3705,1482,2024-05-16,Wärmepumpe,Technisch,Wärmepumpe läuft nicht,Negativ,App,Kritisch,2024-05-20,153
3706,14956,2024-11-30,Smart Meter,Installation,Smart Meter zeigt keine Daten,Positiv,Chat,Hoch,2024-12-01,80
3707,13587,2024-01-23,Wärmepumpe,Technisch,Effizienz zu niedrig,Neutral,App,Niedrig,2024-01-27,12
3708,984,2023-05-16,Smart Meter,Installation,Smart Meter zeigt keine Daten,Neutral,App,Mittel,2023-05-16,33
3709,17737,2024-08-22,Tarif,Vertrag,Preisgarantie Frage,Neutral,Chat,Niedrig,2024-08-23,151
3710,5863,2025-04-05,Speicher,Technisch,Kapazität gesunken,Neutral,Email,Mittel,2025-04-16,169
3711,7051,2024-10-01,Solar,Technisch,Wechselrichter Fehler,Neutral,Telefon,Niedrig,2024-10-11,37
3712,1476,2023-09-20,Allgemein,Service,Allgemeine Anfrage,Neutral,App,Niedrig,2023-10-01,195
3713,12829,2024-04-04,Solar,Technisch,Solaranlage produziert nicht,Negativ,Email,Mittel,2024-04-15,94
3714,11822,2023-04-24,Wärmepumpe,Technisch,Geräuschentwicklung zu hoch,Negativ,Telefon,Hoch,2023-04-26,54
3715,14706,2024-11-11,Smart Meter,Installation,Smart Meter App funktioniert nicht,Negativ,Telefon,Mittel,2024-11-17,4
3716,13564,2023-08-09,Wallbox,E-Mobility,Ladekarte Probleme,Negativ,App,Mittel,2023-08-13,131
3717,13068,2023-12-07,Solar,Technisch,Solaranlage Ertrag niedrig,Neutral,Email,Mittel,2023-12-08,163
3718,5119,2023-07-20,Solar,Technisch,Monitoring nicht verfügbar,Negativ,Telefon,Hoch,2023-07-27,147
3719,13243,2024-07-12,Smart Meter,Installation,Smart Meter Ablesung fehlerhaft,Neutral,Telefon,Mittel,2024-07-18,84
3720,16753,2024-04-18,Smart Meter,Installation,Smart Meter Installation angefragt,Positiv,Email,Mittel,2024-04-28,88
3721,5882,2023-11-18,Speicher,Technisch,Speicher lädt nicht,Negativ,Email,Mittel,2023-11-19,52
3722,12888,2023-06-30,Rechnung,Abrechnung,Unstimmigkeit in Rechnung,Positiv,Email,Mittel,2023-07-13,11
3723,16876,2023-10-22,Rechnung,Abrechnung,Abschlag zu hoch,Neutral,Chat,Mittel,2023-11-05,4
3724,2154,2023-03-27,Allgemein,Service,Allgemeine Anfrage,Positiv,App,Mittel,2023-04-09,98
3725,1528,2023-09-26,Smart Meter,Installation,Smart Meter defekt,Negativ,Chat,Hoch,2023-10-02,111
3726,933,2023-02-03,Wallbox,E-Mobility,App-Verbindung unterbrochen,Negativ,Chat,Niedrig,2023-02-06,118
3727,1230,2023-12-13,Solar,Technisch,Solaranlage produziert nicht,Negativ,Telefon,Mittel,2023-12-26,26
3728,16984,2025-04-01,Smart Meter,Installation,Smart Meter App funktioniert nicht,Negativ,App,Hoch,2025-04-05,142
3729,12358,2025-05-31,Wallbox,E-Mobility,App-Verbindung unterbrochen,Negativ,Email,Hoch,2025-06-04,105
3730,12524,2023-07-30,Tarif,Vertrag,Tarifwechsel angefragt,Negativ,Telefon,Hoch,2023-08-03,195
3731,8289,2023-09-03,Wallbox,E-Mobility,Wallbox lädt nicht,Negativ,Chat,Kritisch,2023-09-06,185
3732,11273,2024-02-14,Wärmepumpe,Technisch,Fehlercode E01 angezeigt,Neutral,App,Mittel,2024-02-14,191
3733,19136,2023-07-17,Smart Meter,Installation,Smart Meter Installation angefragt,Neutral,Chat,Mittel,2023-07-20,165
3734,11784,2024-02-19,Rechnung,Abrechnung,Rechnungsfrage,Positiv,Chat,Hoch,2024-02-26,55
3735,11013,2023-07-03,Solar,Technisch,Solaranlage Ertrag niedrig,Negativ,Email,Niedrig,2023-07-04,29
3736,3839,2024-11-22,Wärmepumpe,Technisch,Geräuschentwicklung zu hoch,Negativ,Email,Niedrig,2024-12-06,11
3737,10382,2023-03-28,Rechnung,Abrechnung,Gutschrift angefragt,Neutral,App,Niedrig,2023-04-10,20
3738,5143,2025-03-04,Wärmepumpe,Technisch,Wartung angefragt,Positiv,Email,Mittel,2025-03-10,15
3739,373,2025-02-12,Allgemein,Service,Informationsanfrage,Neutral,Telefon,Mittel,2025-02-22,157
3740,265,2023-11-04,Allgemein,Service,Beschwerde,Negativ,Chat,Kritisch,2023-11-04,198
3741,3904,2025-03-07,Solar,Technisch,Monitoring nicht verfügbar,Negativ,Email,Hoch,2025-03-11,170
3742,5347,2025-01-05,Allgemein,Service,Informationsanfrage,Neutral,Telefon,Mittel,2025-01-08,109
3743,15780,2025-01-06,Rechnung,Abrechnung,Abschlag zu hoch,Neutral,Email,Mittel,2025-01-14,132
3744,1031,2024-11-13,Tarif,Vertrag,Preisgarantie Frage,Negativ,Telefon,Mittel,2024-11-18,22
3745,7292,2024-01-05,Tarif,Vertrag,Preisgarantie Frage,Neutral,Chat,Mittel,2024-01-19,152
3746,14303,2023-11-26,Solar,Technisch,Solaranlage produziert nicht,Negativ,Telefon,Kritisch,2023-11-29,118
3747,9943,2025-04-14,Speicher,Technisch,Batteriespeicher Störung,Negativ,Chat,Mittel,2025-04-24,2
3748,17719,2024-03-08,Allgemein,Service,Beschwerde,Negativ,Email,Hoch,2024-03-14,60
3749,4903,2024-07-25,Speicher,Technisch,Speicher lädt nicht,Negativ,Email,Kritisch,2024-08-01,52
3750,14353,2024-06-01,Rechnung,Abrechnung,Rechnungsfrage,Neutral,App,Niedrig,2024-06-15,127
3751,11567,2024-08-07,Tarif,Vertrag,Preisgarantie Frage,Positiv,Chat,Kritisch,2024-08-09,99
3752,7767,2024-02-12,Solar,Technisch,Wechselrichter Fehler,Neutral,App,Mittel,2024-02-14,51
3753,987,2023-06-11,Smart Meter,Installation,Smart Meter defekt,Negativ,Chat,Kritisch,2023-06-12,21
3754,6059,2025-06-04,Tarif,Vertrag,Umzug melden,Neutral,Email,Kritisch,2025-06-06,12
3755,3602,2023-02-06,Allgemein,Service,Lob,Positiv,Chat,Niedrig,2023-02-20,4
3756,15273,2023-02-02,Wärmepumpe,Technisch,Fehlercode E01 angezeigt,Neutral,App,Hoch,2023-02-03,179
3757,5572,2023-03-10,Speicher,Technisch,Batteriespeicher Störung,Negativ,Telefon,Hoch,2023-03-17,175
3758,11616,2023-07-24,Wärmepumpe,Technisch,Wartung angefragt,Neutral,Telefon,Mittel,2023-08-04,155
3759,11791,2024-08-25,Tarif,Vertrag,Vertragsverlängerung,Neutral,Chat,Mittel,2024-08-29,11
3760,6256,2024-05-13,Speicher,Technisch,Kapazität gesunken,Positiv,App,Hoch,2024-05-14,82
3761,110,2023-10-09,Wallbox,E-Mobility,Wallbox defekt,Negativ,Telefon,Hoch,2023-10-09,128
3762,13218,2025-05-15,Wärmepumpe,Technisch,Wärmepumpe läuft nicht,Negativ,Email,Hoch,2025-05-22,172
3763,10544,2024-02-20,Allgemein,Service,Allgemeine Anfrage,Neutral,App,Hoch,2024-02-24,164
3764,451,2023-06-18,Allgemein,Service,Allgemeine Anfrage,Negativ,Chat,Mittel,2023-07-01,193
3765,1450,2023-01-01,Wallbox,E-Mobility,Wallbox defekt,Negativ,Email,Hoch,2023-01-01,43
3766,447,2024-08-13,Rechnung,Abrechnung,Gutschrift angefragt,Neutral,App,Mittel,2024-08-14,39
3767,19535,2024-04-04,Wärmepumpe,Technisch,Wartung angefragt,Neutral,Email,Mittel,2024-04-17,45
3768,13576,2023-07-06,Rechnung,Abrechnung,Gutschrift angefragt,Neutral,App,Mittel,2023-07-08,133
3769,14924,2023-05-20,Smart Meter,Installation,Smart Meter defekt,Negativ,Telefon,Kritisch,2023-05-20,109
3770,14576,2023-12-06,Rechnung,Abrechnung,Zahlungsplan angefragt,Neutral,Telefon,Mittel,2023-12-20,24
3771,11125,2024-06-11,Rechnung,Abrechnung,Rechnungsfrage,Neutral,Chat,Mittel,2024-06-24,177
3772,818,2024-12-22,Wärmepumpe,Technisch,Effizienz zu niedrig,Neutral,Chat,Niedrig,2024-12-26,104
3773,1215,2024-11-08,Smart Meter,Installation,Smart Meter zeigt keine Daten,Negativ,App,Mittel,2024-11-16,132
3774,19922,2023-11-11,Rechnung,Abrechnung,Unstimmigkeit in Rechnung,Positiv,Telefon,Niedrig,2023-11-23,39
3775,13919,2023-09-18,Rechnung,Abrechnung,Abschlag anpassen,Neutral,Telefon,Niedrig,2023-10-02,122
3776,13836,2024-01-03,Smart Meter,Installation,Smart Meter defekt,Negativ,Email,Mittel,2024-01-10,50
3777,14840,2024-05-31,Smart Meter,Installation,Smart Meter Ablesung fehlerhaft,Negativ,Email,Niedrig,2024-06-11,189
3778,14530,2024-09-04,Wallbox,E-Mobility,Ladekarte Probleme,Neutral,Chat,Niedrig,2024-09-18,154
3779,16014,2024-05-30,Wärmepumpe,Technisch,Wärmepumpe läuft nicht,Negativ,Telefon,Hoch,2024-05-31,114
3780,12355,2023-01-31,Speicher,Technisch,Batteriespeicher Störung,Negativ,Chat,Kritisch,2023-02-02,38
3781,19925,2025-05-25,Rechnung,Abrechnung,Abschlag zu hoch,Negativ,Email,Niedrig,2025-05-27,174
3782,6843,2025-04-15,Smart Meter,Installation,Smart Meter Installation angefragt,Neutral,App,Mittel,2025-04-28,70
3783,721,2024-07-22,Smart Meter,Installation,Smart Meter App funktioniert nicht,Negativ,App,Mittel,2024-07-25,40
3784,19361,2024-08-11,Allgemein,Service,Beschwerde,Negativ,Telefon,Hoch,2024-08-13,53
3785,17971,2023-01-04,Wallbox,E-Mobility,Ladekarte Probleme,Neutral,Chat,Mittel,2023-01-14,127
3786,2647,2023-01-13,Allgemein,Service,Beschwerde,Negativ,Email,Kritisch,2023-01-15,2
3787,18915,2023-04-29,Solar,Technisch,Monitoring nicht verfügbar,Negativ,Telefon,Mittel,2023-05-04,198
3788,15951,2023-01-02,Wärmepumpe,Technisch,Geräuschentwicklung zu hoch,Neutral,App,Niedrig,2023-01-16,167
3789,18443,2025-01-13,Wallbox,E-Mobility,Wallbox lädt nicht,Negativ,Email,Hoch,2025-01-20,33
3790,3487,2023-11-03,Speicher,Technisch,Speicher lädt nicht,Negativ,Email,Kritisch,2023-11-03,127
3791,1093,2023-08-01,Rechnung,Abrechnung,Gutschrift angefragt,Neutral,Chat,Mittel,2023-08-02,129
3792,4947,2025-05-04,Wallbox,E-Mobility,Wallbox Installation angefragt,Neutral,Email,Niedrig,2025-05-16,83
3793,13581,2023-10-08,Wärmepumpe,Technisch,Geräuschentwicklung zu hoch,Positiv,Telefon,Mittel,2023-10-09,10
3794,10501,2024-07-11,Allgemein,Service,Lob,Positiv,Telefon,Niedrig,2024-07-13,93
3795,12813,2023-02-13,Smart Meter,Installation,Smart Meter App funktioniert nicht,Negativ,App,Mittel,2023-02-22,200
3796,6351,2024-01-14,Wärmepumpe,Technisch,Geräuschentwicklung zu hoch,Neutral,Chat,Niedrig,2024-01-23,143
3797,1241,2023-02-12,Speicher,Technisch,Kapazität gesunken,Negativ,Email,Mittel,2023-02-23,59
3798,15113,2024-10-09,Rechnung,Abrechnung,Rechnungsfrage,Negativ,App,Mittel,2024-10-09,48
3799,2909,2024-07-14,Smart Meter,Installation,Smart Meter defekt,Negativ,Chat,Niedrig,2024-07-27,144
3800,14078,2025-01-02,Speicher,Technisch,Batteriespeicher Störung,Negativ,Chat,Hoch,2025-01-04,200
3801,18509,2023-06-10,Speicher,Technisch,Batteriespeicher Störung,Negativ,Chat,Hoch,2023-06-12,138
3802,1125,2023-07-25,Speicher,Technisch,Speicher lädt nicht,Negativ,Telefon,Mittel,2023-08-05,161
3803,17804,2025-01-06,Wärmepumpe,Technisch,Wärmepumpe läuft nicht,Negativ,Email,Mittel,2025-01-19,164
3804,5651,2024-01-01,Allgemein,Service,Informationsanfrage,Positiv,Chat,Hoch,2024-01-04,167
3805,14501,2024-01-24,Wallbox,E-Mobility,Ladekarte Probleme,Negativ,Telefon,Hoch,2024-01-24,186
3806,10557,2024-03-31,Wallbox,E-Mobility,Wallbox Installation angefragt,Neutral,Chat,Mittel,2024-04-02,186
3807,14582,2024-07-24,Smart Meter,Installation,Smart Meter zeigt keine Daten,Neutral,Chat,Hoch,2024-07-24,198
3808,13629,2024-01-16,Wärmepumpe,Technisch,Fehlercode E01 angezeigt,Positiv,Telefon,Mittel,2024-01-19,106
3809,14047,2025-03-14,Speicher,Technisch,Speicher lädt nicht,Negativ,Telefon,Kritisch,2025-03-17,13
3810,19967,2024-05-30,Wärmepumpe,Technisch,Geräuschentwicklung zu hoch,Negativ,Telefon,Mittel,2024-06-06,63
3811,7134,2023-03-01,Speicher,Technisch,Speicher lädt nicht,Negativ,App,Mittel,2023-03-09,196
3812,12751,2023-05-10,Wallbox,E-Mobility,Wallbox Installation angefragt,Neutral,Chat,Kritisch,2023-05-17,61
3813,2928,2025-05-09,Smart Meter,Installation,Smart Meter Installation angefragt,Positiv,App,Niedrig,2025-05-11,137
3814,15771,2024-07-12,Rechnung,Abrechnung,Zahlungsplan angefragt,Positiv,Email,Hoch,2024-07-19,97
3815,6559,2025-01-19,Smart Meter,Installation,Smart Meter App funktioniert nicht,Negativ,Chat,Kritisch,2025-01-26,116
3816,13818,2025-06-09,Smart Meter,Installation,Smart Meter zeigt keine Daten,Neutral,App,Hoch,2025-06-09,145
3817,12946,2024-09-10,Solar,Technisch,Wechselrichter Fehler,Neutral,Chat,Niedrig,2024-09-23,187
3818,19542,2025-03-09,Allgemein,Service,Beschwerde,Negativ,Chat,Hoch,2025-03-09,65
3819,1197,2024-01-18,Smart Meter,Installation,Smart Meter zeigt keine Daten,Positiv,App,Kritisch,2024-01-19,104
3820,4694,2024-10-23,Allgemein,Service,Lob,Positiv,Telefon,Niedrig,2024-10-23,92
3821,12995,2023-05-19,Solar,Technisch,Einspeisevergütung Frage,Neutral,Email,Mittel,2023-05-29,19
3822,15432,2023-04-17,Wärmepumpe,Technisch,Effizienz zu niedrig,Neutral,Chat,Niedrig,2023-04-27,195
3823,4496,2025-01-27,Speicher,Technisch,Batteriespeicher Störung,Negativ,Chat,Mittel,2025-02-09,39
3824,1640,2025-04-03,Solar,Technisch,Wechselrichter Fehler,Negativ,Telefon,Hoch,2025-04-05,119
3825,15567,2023-02-18,Tarif,Vertrag,Ökostrom Umstellung,Positiv,Telefon,Mittel,2023-02-18,127
3826,13798,2025-01-26,Solar,Technisch,Einspeisevergütung Frage,Neutral,Email,Mittel,2025-02-01,33
3827,18693,2023-02-11,Allgemein,Service,Informationsanfrage,Neutral,Chat,Niedrig,2023-02-18,101
3828,5634,2023-01-08,Allgemein,Service,Informationsanfrage,Positiv,App,Kritisch,2023-01-09,83
3829,8375,2024-04-24,Wärmepumpe,Technisch,Wärmepumpe läuft nicht,Negativ,Telefon,Kritisch,2024-04-24,172
3830,798,2024-05-21,Wallbox,E-Mobility,Wallbox defekt,Negativ,Email,Mittel,2024-05-27,81
3831,1392,2025-04-02,Wallbox,E-Mobility,Wallbox lädt nicht,Negativ,Telefon,Mittel,2025-04-05,145
3832,11276,2025-05-04,Speicher,Technisch,Speicher lädt nicht,Negativ,Chat,Mittel,2025-05-07,79
3833,2720,2023-08-27,Wallbox,E-Mobility,Ladekarte Probleme,Neutral,Email,Hoch,2023-09-03,10
3834,13109,2024-12-09,Allgemein,Service,Lob,Positiv,Email,Niedrig,2024-12-20,139
3835,1155,2023-09-07,Wärmepumpe,Technisch,Wärmepumpe Störung,Negativ,Chat,Hoch,2023-09-10,153
3836,19040,2023-03-20,Allgemein,Service,Informationsanfrage,Neutral,Telefon,Mittel,2023-03-23,156
3837,10732,2025-03-22,Smart Meter,Installation,Smart Meter defekt,Negativ,Chat,Hoch,2025-03-26,75
3838,14293,2024-07-15,Wärmepumpe,Technisch,Wärmepumpe Störung,Negativ,Email,Kritisch,2024-07-22,26
3839,2543,2024-09-29,Solar,Technisch,Solaranlage produziert nicht,Negativ,App,Niedrig,2024-10-09,144
3840,10534,2023-07-04,Solar,Technisch,Solaranlage produziert nicht,Negativ,App,Kritisch,2023-07-08,120
3841,8620,2023-10-07,Wallbox,E-Mobility,Wallbox Installation angefragt,Positiv,Telefon,Mittel,2023-10-08,93
3842,15366,2023-06-05,Wallbox,E-Mobility,Wallbox defekt,Negativ,Email,Mittel,2023-06-17,194
3843,19719,2024-05-09,Wärmepumpe,Technisch,Wärmepumpe läuft nicht,Negativ,Chat,Kritisch,2024-05-16,84
3844,807,2024-09-23,Tarif,Vertrag,Preisgarantie Frage,Neutral,Chat,Hoch,2024-09-25,160
3845,13004,2024-11-15,Wallbox,E-Mobility,Wallbox lädt nicht,Negativ,Telefon,Kritisch,2024-11-21,178
3846,4074,2023-02-09,Allgemein,Service,Allgemeine Anfrage,Neutral,Telefon,Hoch,2023-02-15,146
3847,9547,2024-10-17,Rechnung,Abrechnung,Abschlag zu hoch,Negativ,Email,Mittel,2024-10-29,34
3848,4707,2024-10-12,Allgemein,Service,Lob,Positiv,Email,Niedrig,2024-10-13,78
3849,2414,2024-04-15,Allgemein,Service,Allgemeine Anfrage,Neutral,Telefon,Niedrig,2024-04-27,49
3850,2193,2023-05-23,Tarif,Vertrag,Preisgarantie Frage,Neutral,App,Niedrig,2023-06-05,157
3851,8967,2024-10-04,Rechnung,Abrechnung,Gutschrift angefragt,Neutral,Email,Mittel,2024-10-06,119
3852,10188,2025-01-01,Wärmepumpe,Technisch,Fehlercode E01 angezeigt,Negativ,Chat,Niedrig,2025-01-01,134
3853,2204,2024-10-15,Wärmepumpe,Technisch,Wartung angefragt,Neutral,Chat,Niedrig,2024-10-18,75
3854,17291,2024-03-25,Wallbox,E-Mobility,Wallbox defekt,Negativ,Chat,Kritisch,2024-03-29,169
3855,5718,2025-06-14,Solar,Technisch,Solaranlage Ertrag niedrig,Neutral,App,Mittel,2025-06-28,138
3856,12101,2023-06-04,Tarif,Vertrag,Preisgarantie Frage,Neutral,Chat,Mittel,2023-06-08,196
3857,6112,2023-06-28,Tarif,Vertrag,Kündigung,Neutral,Chat,Hoch,2023-06-29,197
3858,13730,2024-08-14,Rechnung,Abrechnung,Rechnungsfrage,Negativ,App,Niedrig,2024-08-17,119
3859,1230,2024-10-17,Tarif,Vertrag,Kündigung,Neutral,Email,Kritisch,2024-10-23,125
3860,14922,2024-02-20,Wärmepumpe,Technisch,Geräuschentwicklung zu hoch,Neutral,Email,Mittel,2024-02-28,110
3861,10796,2024-06-05,Allgemein,Service,Lob,Positiv,App,Niedrig,2024-06-09,79
3862,6800,2023-07-20,Wärmepumpe,Technisch,Fehlercode E01 angezeigt,Neutral,Telefon,Niedrig,2023-07-30,28
3863,10113,2023-12-18,Wallbox,E-Mobility,Wallbox defekt,Negativ,App,Mittel,2023-12-31,146
3864,934,2025-05-29,Wallbox,E-Mobility,Wallbox defekt,Negativ,Email,Hoch,2025-06-05,176
3865,441,2023-10-22,Solar,Technisch,Einspeisevergütung Frage,Neutral,Telefon,Niedrig,2023-10-25,74
3866,7930,2025-03-28,Tarif,Vertrag,Tarifwechsel angefragt,Positiv,Telefon,Mittel,2025-04-04,39
3867,16880,2025-02-18,Speicher,Technisch,Speicher lädt nicht,Negativ,Chat,Hoch,2025-02-24,108
3868,17539,2023-05-21,Smart Meter,Installation,Smart Meter Ablesung fehlerhaft,Neutral,Email,Mittel,2023-05-25,33
3869,9327,2023-11-01,Tarif,Vertrag,Preisgarantie Frage,Neutral,Telefon,Mittel,2023-11-05,161
3870,6637,2023-04-27,Rechnung,Abrechnung,Zahlungsplan angefragt,Neutral,App,Mittel,2023-05-04,112
3871,3145,2024-03-08,Allgemein,Service,Allgemeine Anfrage,Negativ,App,Mittel,2024-03-20,178
3872,16490,2025-01-16,Rechnung,Abrechnung,Abschlag anpassen,Neutral,Telefon,Mittel,2025-01-28,168
3873,15280,2024-11-07,Wärmepumpe,Technisch,Geräuschentwicklung zu hoch,Neutral,Telefon,Mittel,2024-11-11,180
3874,4656,2024-04-28,Wallbox,E-Mobility,App-Verbindung unterbrochen,Positiv,Telefon,Niedrig,2024-05-06,61
3875,5421,2024-08-17,Tarif,Vertrag,Preisgarantie Frage,Positiv,Email,Hoch,2024-08-17,106
3876,19078,2023-06-19,Wärmepumpe,Technisch,Effizienz zu niedrig,Neutral,Chat,Niedrig,2023-06-21,23
3877,10574,2023-03-23,Smart Meter,Installation,Smart Meter App funktioniert nicht,Negativ,Email,Hoch,2023-03-24,78
3878,8755,2024-11-26,Tarif,Vertrag,Kündigung,Negativ,App,Niedrig,2024-12-09,146
3879,6317,2024-08-25,Solar,Technisch,Wechselrichter Fehler,Neutral,Telefon,Kritisch,2024-08-27,21
3880,6274,2025-03-16,Tarif,Vertrag,Kündigung,Neutral,App,Niedrig,2025-03-26,137
3881,13527,2023-08-29,Solar,Technisch,Solaranlage Ertrag niedrig,Negativ,Chat,Mittel,2023-08-31,1
3882,19840,2025-05-26,Rechnung,Abrechnung,Abschlag zu hoch,Positiv,App,Niedrig,2025-06-09,133
3883,16281,2025-04-12,Allgemein,Service,Allgemeine Anfrage,Positiv,Telefon,Hoch,2025-04-13,175
3884,4535,2024-03-25,Solar,Technisch,Solaranlage Ertrag niedrig,Positiv,App,Niedrig,2024-04-06,78
3885,19136,2023-03-21,Rechnung,Abrechnung,Abschlag anpassen,Neutral,Chat,Mittel,2023-03-25,70
3886,17964,2024-01-10,Wallbox,E-Mobility,Wallbox Installation angefragt,Neutral,Chat,Niedrig,2024-01-23,164
3887,14978,2024-09-20,Smart Meter,Installation,Smart Meter zeigt keine Daten,Positiv,App,Hoch,2024-09-23,17
3888,3703,2024-03-05,Tarif,Vertrag,Vertragsverlängerung,Negativ,Email,Niedrig,2024-03-11,114
3889,11362,2023-09-11,Smart Meter,Installation,Smart Meter Ablesung fehlerhaft,Neutral,Email,Hoch,2023-09-14,24
3890,9692,2023-10-25,Solar,Technisch,Wechselrichter Fehler,Positiv,App,Hoch,2023-10-29,41
3891,10037,2024-10-12,Tarif,Vertrag,Vertragsverlängerung,Neutral,Email,Niedrig,2024-10-18,38
3892,8393,2024-02-17,Rechnung,Abrechnung,Abschlag zu hoch,Positiv,Email,Mittel,2024-02-28,168
3893,1194,2024-07-03,Wallbox,E-Mobility,Wallbox Installation angefragt,Negativ,Email,Mittel,2024-07-03,64
3894,9196,2025-03-20,Rechnung,Abrechnung,Gutschrift angefragt,Neutral,Telefon,Mittel,2025-04-03,107
3895,16187,2023-10-15,Rechnung,Abrechnung,Unstimmigkeit in Rechnung,Neutral,Email,Niedrig,2023-10-29,152
3896,6954,2024-08-13,Wallbox,E-Mobility,App-Verbindung unterbrochen,Neutral,Chat,Niedrig,2024-08-23,5
3897,18003,2023-03-14,Speicher,Technisch,Speicher lädt nicht,Negativ,App,Mittel,2023-03-17,162
3898,3200,2023-02-19,Wärmepumpe,Technisch,Wärmepumpe Störung,Negativ,Email,Kritisch,2023-02-26,94
3899,3152,2024-10-20,Rechnung,Abrechnung,Rechnungsfrage,Neutral,Chat,Mittel,2024-10-22,57
3900,7577,2023-05-06,Wärmepumpe,Technisch,Geräuschentwicklung zu hoch,Neutral,App,Mittel,2023-05-08,148
3901,12304,2023-09-08,Solar,Technisch,Einspeisevergütung Frage,Neutral,Telefon,Kritisch,2023-09-09,42
3902,16260,2025-05-15,Rechnung,Abrechnung,Zahlungsplan angefragt,Neutral,App,Hoch,2025-05-15,146
3903,19862,2023-07-05,Rechnung,Abrechnung,Rechnungsfrage,Neutral,Email,Hoch,2023-07-08,61
3904,12011,2024-10-31,Tarif,Vertrag,Ökostrom Umstellung,Neutral,App,Niedrig,2024-11-12,52
3905,19470,2023-12-20,Wärmepumpe,Technisch,Effizienz zu niedrig,Neutral,Telefon,Mittel,2023-12-24,44
3906,16087,2023-11-18,Allgemein,Service,Beschwerde,Negativ,Telefon,Kritisch,2023-11-24,189
3907,633,2023-08-26,Smart Meter,Installation,Smart Meter App funktioniert nicht,Negativ,App,Mittel,2023-08-27,30
3908,14781,2024-06-27,Smart Meter,Installation,Smart Meter Ablesung fehlerhaft,Neutral,Chat,Mittel,2024-07-11,56
3909,15004,2023-11-01,Wärmepumpe,Technisch,Wartung angefragt,Positiv,Telefon,Niedrig,2023-11-05,20
3910,3211,2023-04-09,Wärmepumpe,Technisch,Wärmepumpe läuft nicht,Negativ,Email,Kritisch,2023-04-16,44
3911,1334,2024-08-21,Tarif,Vertrag,Preisgarantie Frage,Neutral,App,Niedrig,2024-08-21,134
3912,18339,2024-01-05,Rechnung,Abrechnung,Zahlungsplan angefragt,Negativ,App,Hoch,2024-01-05,168
3913,19717,2025-05-10,Smart Meter,Installation,Smart Meter Ablesung fehlerhaft,Positiv,Telefon,Hoch,2025-05-15,101
3914,14544,2024-05-08,Wärmepumpe,Technisch,Effizienz zu niedrig,Positiv,App,Niedrig,2024-05-22,125
3915,1515,2023-03-08,Rechnung,Abrechnung,Rechnungsfrage,Neutral,Email,Niedrig,2023-03-13,68
3916,14028,2024-10-04,Smart Meter,Installation,Smart Meter App funktioniert nicht,Negativ,App,Niedrig,2024-10-17,126
3917,8832,2025-06-13,Rechnung,Abrechnung,Abschlag zu hoch,Neutral,Telefon,Niedrig,2025-06-27,79
3918,1550,2025-04-24,Speicher,Technisch,Batteriespeicher Störung,Negativ,Chat,Hoch,2025-04-30,8
3919,19143,2024-03-22,Smart Meter,Installation,Smart Meter App funktioniert nicht,Negativ,Telefon,Mittel,2024-03-29,126
3920,11519,2023-01-29,Speicher,Technisch,Batteriespeicher Störung,Negativ,Telefon,Hoch,2023-01-31,170
3921,7749,2023-06-18,Allgemein,Service,Beschwerde,Negativ,Chat,Niedrig,2023-06-18,34
3922,16772,2023-12-05,Tarif,Vertrag,Preisgarantie Frage,Neutral,Email,Mittel,2023-12-11,167
3923,7618,2024-11-06,Tarif,Vertrag,Vertragsverlängerung,Negativ,Chat,Niedrig,2024-11-20,191
3924,14168,2023-05-15,Speicher,Technisch,Batteriespeicher Störung,Negativ,App,Kritisch,2023-05-18,137
3925,12774,2023-02-08,Allgemein,Service,Lob,Positiv,Telefon,Niedrig,2023-02-09,119
3926,2145,2024-05-30,Speicher,Technisch,Speicher lädt nicht,Negativ,Telefon,Hoch,2024-06-02,7
3927,11286,2024-09-03,Smart Meter,Installation,Smart Meter defekt,Negativ,App,Mittel,2024-09-15,166
3928,4435,2023-04-18,Rechnung,Abrechnung,Abschlag anpassen,Neutral,App,Mittel,2023-04-18,51
3929,2943,2025-05-18,Wallbox,E-Mobility,Wallbox defekt,Negativ,Chat,Mittel,2025-05-18,101
3930,15185,2024-02-25,Solar,Technisch,Einspeisevergütung Frage,Neutral,Email,Niedrig,2024-03-07,69
3931,7507,2024-03-15,Wallbox,E-Mobility,Wallbox Installation angefragt,Negativ,App,Niedrig,2024-03-17,181
3932,14738,2025-04-17,Wärmepumpe,Technisch,Effizienz zu niedrig,Neutral,App,Hoch,2025-04-18,129
3933,9096,2025-02-14,Wallbox,E-Mobility,App-Verbindung unterbrochen,Neutral,Telefon,Mittel,2025-02-20,65
3934,19823,2025-04-01,Allgemein,Service,Allgemeine Anfrage,Neutral,App,Mittel,2025-04-15,21
3935,15449,2024-05-09,Smart Meter,Installation,Smart Meter zeigt keine Daten,Neutral,Chat,Mittel,2024-05-22,189
3936,19734,2023-03-10,Smart Meter,Installation,Smart Meter zeigt keine Daten,Neutral,Telefon,Mittel,2023-03-16,154
3937,19204,2023-10-25,Wärmepumpe,Technisch,Wärmepumpe Störung,Negativ,Email,Niedrig,2023-11-04,80
3938,15551,2023-11-20,Wallbox,E-Mobility,Wallbox defekt,Negativ,Chat,Hoch,2023-11-25,169
3939,7920,2024-11-22,Wallbox,E-Mobility,Wallbox defekt,Negativ,Email,Mittel,2024-11-30,9
3940,14002,2025-02-02,Smart Meter,Installation,Smart Meter App funktioniert nicht,Negativ,Chat,Niedrig,2025-02-12,32
3941,9607,2025-04-17,Speicher,Technisch,Batteriespeicher Störung,Negativ,Chat,Niedrig,2025-04-21,187
3942,6636,2023-02-20,Solar,Technisch,Wechselrichter Fehler,Negativ,Email,Niedrig,2023-02-25,9
3943,8131,2024-02-20,Wärmepumpe,Technisch,Wärmepumpe läuft nicht,Negativ,App,Mittel,2024-03-02,57
3944,16211,2023-09-13,Solar,Technisch,Monitoring nicht verfügbar,Negativ,App,Hoch,2023-09-16,45
3945,278,2024-07-04,Allgemein,Service,Allgemeine Anfrage,Positiv,Telefon,Niedrig,2024-07-09,79
3946,18533,2023-12-19,Wallbox,E-Mobility,Wallbox Installation angefragt,Neutral,Telefon,Niedrig,2023-12-20,33
3947,16418,2024-02-22,Solar,Technisch,Einspeisevergütung Frage,Neutral,Email,Mittel,2024-02-23,151
3948,9079,2024-02-13,Rechnung,Abrechnung,Zahlungsplan angefragt,Neutral,Telefon,Niedrig,2024-02-13,178
3949,15651,2023-03-07,Wallbox,E-Mobility,App-Verbindung unterbrochen,Neutral,Telefon,Mittel,2023-03-19,20
3950,10614,2025-04-05,Tarif,Vertrag,Vertragsverlängerung,Positiv,App,Niedrig,2025-04-13,118
3951,15590,2025-04-18,Solar,Technisch,Einspeisevergütung Frage,Neutral,Email,Niedrig,2025-04-30,21
3952,5471,2023-12-06,Wallbox,E-Mobility,Ladekarte Probleme,Neutral,Chat,Niedrig,2023-12-15,147
3953,13567,2024-03-04,Rechnung,Abrechnung,Zahlungsplan angefragt,Negativ,App,Mittel,2024-03-06,150
3954,119,2024-06-27,Wallbox,E-Mobility,Wallbox defekt,Negativ,Chat,Hoch,2024-06-28,24
3955,4493,2023-03-18,Allgemein,Service,Kontaktdaten ändern,Negativ,Telefon,Mittel,2023-03-18,30
3956,3182,2024-09-11,Smart Meter,Installation,Smart Meter defekt,Negativ,Email,Kritisch,2024-09-12,105
3957,3706,2023-01-11,Tarif,Vertrag,Ökostrom Umstellung,Positiv,Email,Mittel,2023-01-11,102
3958,8233,2024-01-24,Solar,Technisch,Solaranlage Ertrag niedrig,Neutral,Email,Mittel,2024-02-01,161
3959,7391,2023-12-28,Smart Meter,Installation,Smart Meter App funktioniert nicht,Negativ,Telefon,Mittel,2024-01-03,61
3960,12370,2025-05-22,Solar,Technisch,Solaranlage produziert nicht,Negativ,Chat,Kritisch,2025-05-25,63
3961,9782,2025-04-24,Solar,Technisch,Einspeisevergütung Frage,Negativ,Chat,Kritisch,2025-04-24,96
3962,9785,2023-06-22,Smart Meter,Installation,Smart Meter Ablesung fehlerhaft,Neutral,Email,Hoch,2023-06-29,40
3963,17288,2024-09-09,Wallbox,E-Mobility,Wallbox lädt nicht,Negativ,Chat,Kritisch,2024-09-13,134
3964,19121,2023-02-18,Wärmepumpe,Technisch,Effizienz zu niedrig,Neutral,Email,Mittel,2023-02-21,184
3965,16978,2023-10-26,Tarif,Vertrag,Vertragsverlängerung,Neutral,App,Mittel,2023-10-27,140
3966,14590,2024-07-03,Wallbox,E-Mobility,App-Verbindung unterbrochen,Negativ,Telefon,Mittel,2024-07-16,80
3967,3378,2024-09-18,Speicher,Technisch,Batteriespeicher Störung,Negativ,Telefon,Niedrig,2024-10-01,173
3968,3846,2024-10-13,Speicher,Technisch,Speicher lädt nicht,Negativ,Chat,Hoch,2024-10-15,5
3969,13630,2024-06-11,Solar,Technisch,Wechselrichter Fehler,Neutral,App,Kritisch,2024-06-15,189
3970,6702,2024-08-19,Wallbox,E-Mobility,Wallbox defekt,Negativ,Email,Mittel,2024-08-27,92
3971,16162,2025-03-07,Allgemein,Service,Lob,Positiv,Email,Niedrig,2025-03-17,31
3972,5718,2023-11-29,Wallbox,E-Mobility,Wallbox Installation angefragt,Neutral,App,Niedrig,2023-12-05,109
3973,1291,2024-09-27,Wärmepumpe,Technisch,Wärmepumpe läuft nicht,Negativ,Email,Hoch,2024-09-28,183
3974,6739,2023-11-14,Tarif,Vertrag,Vertragsverlängerung,Neutral,Chat,Mittel,2023-11-15,45
3975,15049,2023-06-01,Solar,Technisch,Solaranlage produziert nicht,Negativ,Email,Hoch,2023-06-04,110
3976,8296,2024-04-19,Smart Meter,Installation,Smart Meter Installation angefragt,Positiv,App,Niedrig,2024-04-23,51
3977,3387,2024-03-26,Rechnung,Abrechnung,Abschlag zu hoch,Neutral,App,Niedrig,2024-04-09,142
3978,18777,2023-05-02,Speicher,Technisch,Speicher lädt nicht,Negativ,Chat,Hoch,2023-05-02,37
3979,18534,2024-10-07,Smart Meter,Installation,Smart Meter defekt,Negativ,App,Hoch,2024-10-09,50
3980,12108,2023-12-17,Smart Meter,Installation,Smart Meter defekt,Negativ,Chat,Hoch,2023-12-18,98
3981,1394,2023-06-19,Allgemein,Service,Allgemeine Anfrage,Neutral,Email,Mittel,2023-06-25,17
3982,12494,2024-06-11,Wallbox,E-Mobility,Wallbox defekt,Negativ,Email,Kritisch,2024-06-16,60
3983,404,2025-02-22,Wärmepumpe,Technisch,Wartung angefragt,Neutral,Chat,Mittel,2025-02-24,191
3984,9629,2023-05-09,Smart Meter,Installation,Smart Meter Installation angefragt,Neutral,Telefon,Mittel,2023-05-19,188
3985,896,2025-02-21,Solar,Technisch,Einspeisevergütung Frage,Neutral,App,Mittel,2025-03-02,30
3986,8547,2023-05-07,Allgemein,Service,Informationsanfrage,Positiv,Telefon,Hoch,2023-05-10,199
3987,13696,2024-01-09,Wallbox,E-Mobility,App-Verbindung unterbrochen,Neutral,App,Mittel,2024-01-17,61
3988,1758,2025-05-20,Wärmepumpe,Technisch,Effizienz zu niedrig,Neutral,App,Niedrig,2025-05-28,45
3989,14984,2024-09-18,Allgemein,Service,Allgemeine Anfrage,Negativ,Email,Mittel,2024-09-18,160
3990,8823,2023-05-09,Wärmepumpe,Technisch,Fehlercode E01 angezeigt,Negativ,Telefon,Kritisch,2023-05-12,65
3991,690,2024-08-23,Solar,Technisch,Monitoring nicht verfügbar,Negativ,App,Hoch,2024-08-30,190
3992,12651,2024-06-24,Rechnung,Abrechnung,Zahlungsplan angefragt,Neutral,Telefon,Mittel,2024-07-03,100
3993,15986,2025-02-18,Wallbox,E-Mobility,Wallbox lädt nicht,Negativ,Telefon,Mittel,2025-02-23,160
3994,11144,2023-04-18,Rechnung,Abrechnung,Abschlag anpassen,Neutral,Email,Mittel,2023-05-01,135
3995,6414,2023-10-28,Solar,Technisch,Monitoring nicht verfügbar,Negativ,Chat,Kritisch,2023-10-29,61
3996,11280,2023-03-03,Smart Meter,Installation,Smart Meter Ablesung fehlerhaft,Negativ,Email,Mittel,2023-03-05,168
3997,8892,2023-05-25,Tarif,Vertrag,Preisgarantie Frage,Positiv,Chat,Mittel,2023-06-06,77
3998,2041,2023-02-22,Smart Meter,Installation,Smart Meter defekt,Negativ,App,Niedrig,2023-02-22,112
3999,17579,2023-11-27,Tarif,Vertrag,Umzug melden,Neutral,Telefon,Mittel,2023-12-10,110
4000,11433,2023-01-08,Wärmepumpe,Technisch,Wärmepumpe läuft nicht,Negativ,App,Hoch,2023-01-09,165
4001,13042,2025-06-19,Allgemein,Service,Kontaktdaten ändern,Neutral,Chat,Niedrig,2025-06-28,47
4002,7564,2025-03-30,Wärmepumpe,Technisch,Fehlercode E01 angezeigt,Neutral,Email,Niedrig,2025-04-08,31
4003,12924,2023-12-08,Wallbox,E-Mobility,Wallbox lädt nicht,Negativ,Email,Hoch,2023-12-12,34
4004,18874,2023-05-11,Wallbox,E-Mobility,Wallbox lädt nicht,Negativ,App,Hoch,2023-05-16,85
4005,2232,2023-07-23,Wärmepumpe,Technisch,Geräuschentwicklung zu hoch,Negativ,App,Hoch,2023-07-23,90
4006,6489,2024-07-18,Speicher,Technisch,Speicher lädt nicht,Negativ,App,Hoch,2024-07-20,34
4007,1553,2023-07-09,Solar,Technisch,Solaranlage produziert nicht,Negativ,Email,Hoch,2023-07-15,57
4008,10659,2025-06-17,Allgemein,Service,Beschwerde,Negativ,Chat,Niedrig,2025-06-20,83
4009,11333,2024-04-24,Tarif,Vertrag,Umzug melden,Neutral,Telefon,Mittel,2024-05-06,171
4010,7628,2024-09-12,Wärmepumpe,Technisch,Wärmepumpe Störung,Negativ,Chat,Kritisch,2024-09-19,25
4011,8341,2024-08-08,Smart Meter,Installation,Smart Meter zeigt keine Daten,Neutral,Email,Mittel,2024-08-11,24
4012,15554,2023-10-31,Rechnung,Abrechnung,Abschlag zu hoch,Neutral,Chat,Mittel,2023-11-08,177
4013,17138,2025-04-18,Wallbox,E-Mobility,Wallbox lädt nicht,Negativ,Chat,Kritisch,2025-04-24,150
4014,3335,2023-01-18,Rechnung,Abrechnung,Unstimmigkeit in Rechnung,Negativ,Telefon,Mittel,2023-02-01,194
4015,18444,2023-03-26,Solar,Technisch,Wechselrichter Fehler,Neutral,Telefon,Mittel,2023-03-31,190
4016,11786,2023-07-01,Smart Meter,Installation,Smart Meter defekt,Negativ,Email,Niedrig,2023-07-01,52
4017,8599,2024-04-23,Smart Meter,Installation,Smart Meter Ablesung fehlerhaft,Neutral,Telefon,Mittel,2024-05-03,113
4018,7411,2024-01-24,Smart Meter,Installation,Smart Meter Ablesung fehlerhaft,Negativ,Email,Hoch,2024-01-29,78
4019,4157,2023-09-03,Speicher,Technisch,Speicher lädt nicht,Negativ,Email,Hoch,2023-09-03,94
4020,15588,2023-11-19,Wallbox,E-Mobility,Ladekarte Probleme,Neutral,Telefon,Mittel,2023-12-03,198
4021,7704,2024-11-07,Speicher,Technisch,Kapazität gesunken,Neutral,Telefon,Hoch,2024-11-08,83
4022,10898,2023-09-16,Smart Meter,Installation,Smart Meter App funktioniert nicht,Negativ,Chat,Kritisch,2023-09-17,17
4023,1947,2024-04-21,Allgemein,Service,Informationsanfrage,Neutral,Telefon,Niedrig,2024-05-01,20
4024,3724,2023-10-26,Speicher,Technisch,Kapazität gesunken,Negativ,Chat,Mittel,2023-10-30,78
4025,8548,2023-12-05,Tarif,Vertrag,Ökostrom Umstellung,Neutral,Chat,Mittel,2023-12-18,90
4026,2524,2024-06-29,Smart Meter,Installation,Smart Meter defekt,Negativ,Chat,Kritisch,2024-07-01,50
4027,15424,2023-09-11,Smart Meter,Installation,Smart Meter zeigt keine Daten,Negativ,App,Kritisch,2023-09-13,33
4028,11414,2024-09-22,Wallbox,E-Mobility,Wallbox Installation angefragt,Positiv,Telefon,Kritisch,2024-09-26,44
4029,19988,2024-05-09,Smart Meter,Installation,Smart Meter defekt,Negativ,Telefon,Kritisch,2024-05-12,35
4030,7481,2025-03-18,Smart Meter,Installation,Smart Meter Installation angefragt,Negativ,Telefon,Niedrig,2025-03-20,62
4031,1424,2023-08-05,Allgemein,Service,Beschwerde,Negativ,Chat,Hoch,2023-08-05,68
4032,5344,2024-05-28,Wallbox,E-Mobility,Wallbox lädt nicht,Negativ,Email,Mittel,2024-06-07,61
4033,185,2024-11-23,Smart Meter,Installation,Smart Meter defekt,Negativ,Telefon,Kritisch,2024-11-23,157
4034,178,2024-05-03,Wallbox,E-Mobility,Wallbox lädt nicht,Negativ,Telefon,Niedrig,2024-05-15,119
4035,18238,2023-11-22,Smart Meter,Installation,Smart Meter zeigt keine Daten,Neutral,App,Mittel,2023-11-24,175
4036,9613,2023-07-18,Tarif,Vertrag,Kündigung,Neutral,App,Mittel,2023-07-27,73
4037,11535,2025-05-09,Solar,Technisch,Solaranlage produziert nicht,Negativ,Chat,Mittel,2025-05-22,124
4038,8295,2023-01-01,Speicher,Technisch,Batteriespeicher Störung,Negativ,Telefon,Hoch,2023-01-03,125
4039,11660,2023-11-06,Allgemein,Service,Informationsanfrage,Neutral,Telefon,Mittel,2023-11-12,167
4040,14471,2025-06-29,Tarif,Vertrag,Vertragsverlängerung,Positiv,Telefon,Mittel,2025-07-11,138
4041,1782,2023-10-21,Tarif,Vertrag,Kündigung,Neutral,App,Hoch,2023-10-25,103
4042,4795,2024-04-11,Allgemein,Service,Lob,Positiv,Telefon,Niedrig,2024-04-21,9
4043,7892,2023-11-28,Smart Meter,Installation,Smart Meter zeigt keine Daten,Negativ,Chat,Niedrig,2023-12-11,116
4044,11737,2023-04-05,Tarif,Vertrag,Kündigung,Neutral,Chat,Hoch,2023-04-12,97
4045,1342,2023-01-09,Smart Meter,Installation,Smart Meter Installation angefragt,Neutral,Email,Hoch,2023-01-14,131
4046,1381,2024-08-13,Solar,Technisch,Solaranlage Ertrag niedrig,Neutral,App,Mittel,2024-08-15,7
4047,15074,2024-08-18,Rechnung,Abrechnung,Abschlag zu hoch,Neutral,Email,Hoch,2024-08-18,9
4048,12750,2024-04-21,Rechnung,Abrechnung,Rechnungsfrage,Positiv,Chat,Mittel,2024-04-28,96
4049,4030,2025-05-10,Smart Meter,Installation,Smart Meter zeigt keine Daten,Neutral,Email,Mittel,2025-05-22,39
4050,19321,2024-04-28,Allgemein,Service,Lob,Positiv,App,Niedrig,2024-05-09,152
4051,17830,2023-07-24,Rechnung,Abrechnung,Gutschrift angefragt,Negativ,App,Hoch,2023-07-28,161
4052,11486,2025-06-15,Tarif,Vertrag,Preisgarantie Frage,Negativ,Email,Niedrig,2025-06-20,101
4053,15775,2025-06-21,Solar,Technisch,Wechselrichter Fehler,Neutral,App,Niedrig,2025-06-29,147
4054,8290,2024-02-18,Allgemein,Service,Lob,Positiv,App,Niedrig,2024-02-24,2
4055,7757,2023-11-03,Speicher,Technisch,Speicher lädt nicht,Negativ,Chat,Hoch,2023-11-05,123
4056,4578,2024-03-15,Speicher,Technisch,Speicher lädt nicht,Negativ,App,Kritisch,2024-03-21,104
4057,3535,2023-06-17,Speicher,Technisch,Batteriespeicher Störung,Negativ,Telefon,Mittel,2023-06-30,118
4058,7543,2023-05-29,Allgemein,Service,Allgemeine Anfrage,Neutral,Telefon,Mittel,2023-05-29,64
4059,12966,2025-01-13,Tarif,Vertrag,Vertragsverlängerung,Negativ,Chat,Hoch,2025-01-13,76
4060,16024,2023-06-08,Wärmepumpe,Technisch,Wärmepumpe Störung,Negativ,Email,Mittel,2023-06-10,67
4061,8691,2024-07-27,Wärmepumpe,Technisch,Effizienz zu niedrig,Neutral,App,Mittel,2024-08-08,164
4062,15621,2024-02-11,Wärmepumpe,Technisch,Wärmepumpe läuft nicht,Negativ,Chat,Hoch,2024-02-15,57
4063,7357,2025-06-13,Smart Meter,Installation,Smart Meter defekt,Negativ,App,Mittel,2025-06-16,152
4064,19986,2024-08-15,Solar,Technisch,Monitoring nicht verfügbar,Negativ,Chat,Hoch,2024-08-22,29
4065,16380,2023-04-18,Tarif,Vertrag,Umzug melden,Neutral,Chat,Hoch,2023-04-24,55
4066,15179,2024-03-13,Speicher,Technisch,Speicher lädt nicht,Negativ,Chat,Hoch,2024-03-18,117
4067,9766,2023-10-23,Wallbox,E-Mobility,Wallbox Installation angefragt,Negativ,Email,Hoch,2023-10-29,151
4068,4615,2025-02-05,Allgemein,Service,Allgemeine Anfrage,Neutral,App,Mittel,2025-02-15,120
4069,9433,2023-08-21,Smart Meter,Installation,Smart Meter App funktioniert nicht,Negativ,Email,Hoch,2023-08-25,131
4070,11793,2024-01-31,Allgemein,Service,Kontaktdaten ändern,Neutral,Email,Hoch,2024-02-05,38
4071,7656,2024-10-02,Wärmepumpe,Technisch,Effizienz zu niedrig,Negativ,Chat,Mittel,2024-10-10,25
4072,15870,2023-04-07,Allgemein,Service,Kontaktdaten ändern,Positiv,Telefon,Niedrig,2023-04-09,13
4073,9764,2025-06-02,Wärmepumpe,Technisch,Wartung angefragt,Neutral,Chat,Mittel,2025-06-03,95
4074,16318,2023-03-30,Solar,Technisch,Einspeisevergütung Frage,Neutral,Email,Mittel,2023-04-04,55
4075,1160,2023-08-06,Speicher,Technisch,Kapazität gesunken,Negativ,Email,Mittel,2023-08-14,137
4076,6477,2024-09-29,Rechnung,Abrechnung,Gutschrift angefragt,Neutral,Email,Kritisch,2024-10-06,126
4077,12617,2024-06-06,Wallbox,E-Mobility,Wallbox Installation angefragt,Positiv,Chat,Mittel,2024-06-20,126
4078,13007,2024-09-08,Wärmepumpe,Technisch,Geräuschentwicklung zu hoch,Positiv,Chat,Mittel,2024-09-14,198
4079,2531,2023-02-12,Rechnung,Abrechnung,Abschlag zu hoch,Negativ,Telefon,Mittel,2023-02-23,132
4080,8944,2024-01-09,Allgemein,Service,Lob,Positiv,Email,Niedrig,2024-01-10,94
4081,16436,2024-05-18,Rechnung,Abrechnung,Rechnungsfrage,Neutral,Telefon,Mittel,2024-05-28,121
4082,7504,2023-07-05,Wärmepumpe,Technisch,Geräuschentwicklung zu hoch,Negativ,App,Mittel,2023-07-09,142
4083,15291,2024-08-02,Smart Meter,Installation,Smart Meter Ablesung fehlerhaft,Negativ,App,Mittel,2024-08-08,67
4084,5580,2023-02-14,Rechnung,Abrechnung,Abschlag zu hoch,Positiv,Email,Niedrig,2023-02-22,180
4085,5940,2025-01-19,Wallbox,E-Mobility,Wallbox lädt nicht,Negativ,Telefon,Hoch,2025-01-19,76
4086,12636,2023-11-02,Wallbox,E-Mobility,Ladekarte Probleme,Neutral,Chat,Niedrig,2023-11-15,17
4087,1226,2024-08-15,Allgemein,Service,Kontaktdaten ändern,Neutral,App,Mittel,2024-08-15,67
4088,5274,2024-10-10,Speicher,Technisch,Batteriespeicher Störung,Negativ,Email,Hoch,2024-10-13,149
4089,5731,2023-04-17,Smart Meter,Installation,Smart Meter defekt,Negativ,App,Kritisch,2023-04-18,85
4090,1149,2023-01-16,Tarif,Vertrag,Tarifwechsel angefragt,Positiv,Telefon,Hoch,2023-01-19,101
4091,15849,2023-10-01,Smart Meter,Installation,Smart Meter Installation angefragt,Neutral,Telefon,Mittel,2023-10-15,117
4092,16207,2025-01-18,Wärmepumpe,Technisch,Wärmepumpe läuft nicht,Negativ,Telefon,Hoch,2025-01-22,105
4093,7108,2023-10-14,Solar,Technisch,Wechselrichter Fehler,Neutral,Email,Niedrig,2023-10-16,176
4094,11170,2024-05-05,Wärmepumpe,Technisch,Effizienz zu niedrig,Neutral,Chat,Niedrig,2024-05-12,13
4095,16115,2025-01-05,Solar,Technisch,Einspeisevergütung Frage,Neutral,App,Mittel,2025-01-19,195
4096,13794,2023-04-02,Allgemein,Service,Lob,Positiv,Telefon,Niedrig,2023-04-10,171
4097,19017,2023-09-25,Speicher,Technisch,Batteriespeicher Störung,Negativ,Chat,Hoch,2023-10-02,6
4098,18138,2023-08-26,Tarif,Vertrag,Kündigung,Neutral,Telefon,Mittel,2023-09-08,193
4099,7715,2025-03-13,Tarif,Vertrag,Kündigung,Neutral,Telefon,Niedrig,2025-03-13,50
4100,2507,2023-06-27,Rechnung,Abrechnung,Unstimmigkeit in Rechnung,Negativ,Email,Niedrig,2023-06-29,43
4101,3002,2023-07-25,Rechnung,Abrechnung,Unstimmigkeit in Rechnung,Negativ,App,Niedrig,2023-08-06,147
4102,9051,2023-01-01,Solar,Technisch,Wechselrichter Fehler,Neutral,Telefon,Mittel,2023-01-01,58
4103,1492,2024-06-16,Speicher,Technisch,Speicher lädt nicht,Negativ,Telefon,Hoch,2024-06-20,147
4104,6813,2025-01-15,Allgemein,Service,Lob,Positiv,Chat,Niedrig,2025-01-24,130
4105,12689,2023-10-18,Wärmepumpe,Technisch,Geräuschentwicklung zu hoch,Neutral,Telefon,Mittel,2023-10-31,36
4106,11043,2023-04-30,Allgemein,Service,Allgemeine Anfrage,Negativ,Chat,Mittel,2023-05-10,137
4107,18343,2024-12-03,Speicher,Technisch,Kapazität gesunken,Neutral,Chat,Mittel,2024-12-13,70
4108,18189,2024-03-31,Solar,Technisch,Solaranlage produziert nicht,Negativ,Email,Mittel,2024-04-08,161
4109,10285,2025-04-02,Wallbox,E-Mobility,App-Verbindung unterbrochen,Neutral,Telefon,Mittel,2025-04-09,154
4110,1001,2024-01-14,Rechnung,Abrechnung,Zahlungsplan angefragt,Neutral,Chat,Mittel,2024-01-20,90
4111,14390,2024-07-31,Wallbox,E-Mobility,Wallbox Installation angefragt,Positiv,Chat,Niedrig,2024-08-13,133
4112,15591,2023-11-10,Solar,Technisch,Wechselrichter Fehler,Neutral,App,Mittel,2023-11-22,67
4113,6317,2024-02-22,Allgemein,Service,Allgemeine Anfrage,Neutral,App,Niedrig,2024-03-04,148
4114,2953,2023-07-14,Rechnung,Abrechnung,Zahlungsplan angefragt,Neutral,App,Niedrig,2023-07-14,98
4115,18600,2023-12-13,Speicher,Technisch,Speicher lädt nicht,Negativ,Telefon,Hoch,2023-12-13,73
4116,12193,2023-10-21,Wallbox,E-Mobility,App-Verbindung unterbrochen,Neutral,Email,Mittel,2023-11-03,52
4117,18196,2024-05-06,Tarif,Vertrag,Vertragsverlängerung,Neutral,App,Mittel,2024-05-15,200
4118,11890,2025-01-05,Speicher,Technisch,Speicher lädt nicht,Negativ,App,Hoch,2025-01-07,19
4119,10548,2025-01-14,Wärmepumpe,Technisch,Fehlercode E01 angezeigt,Neutral,Telefon,Mittel,2025-01-17,118
4120,13504,2023-04-21,Tarif,Vertrag,Kündigung,Neutral,Chat,Mittel,2023-05-04,79
4121,3281,2024-03-08,Rechnung,Abrechnung,Zahlungsplan angefragt,Neutral,Chat,Niedrig,2024-03-13,54
4122,19682,2023-12-20,Allgemein,Service,Allgemeine Anfrage,Neutral,App,Mittel,2023-12-27,39
4123,12452,2024-09-18,Wärmepumpe,Technisch,Geräuschentwicklung zu hoch,Positiv,Chat,Niedrig,2024-09-26,59
4124,7685,2024-02-28,Tarif,Vertrag,Preisgarantie Frage,Neutral,Email,Mittel,2024-03-13,78
4125,13624,2023-06-30,Wallbox,E-Mobility,Wallbox defekt,Negativ,App,Kritisch,2023-06-30,175
4126,6041,2025-03-18,Wallbox,E-Mobility,Wallbox lädt nicht,Negativ,App,Niedrig,2025-03-27,25
4127,16067,2023-09-19,Allgemein,Service,Beschwerde,Negativ,Email,Hoch,2023-09-23,67
4128,1331,2023-01-11,Rechnung,Abrechnung,Rechnungsfrage,Neutral,Chat,Mittel,2023-01-18,112
4129,12494,2024-06-15,Wärmepumpe,Technisch,Wärmepumpe Störung,Negativ,Telefon,Niedrig,2024-06-25,45
4130,1860,2023-07-28,Speicher,Technisch,Batteriespeicher Störung,Negativ,Telefon,Hoch,2023-07-30,156
4131,12835,2023-07-12,Wärmepumpe,Technisch,Wartung angefragt,Negativ,Telefon,Mittel,2023-07-18,67
4132,4949,2023-05-02,Wallbox,E-Mobility,App-Verbindung unterbrochen,Neutral,Chat,Kritisch,2023-05-03,148
4133,6952,2023-07-06,Rechnung,Abrechnung,Gutschrift angefragt,Negativ,Email,Mittel,2023-07-18,119
4134,16051,2023-01-14,Rechnung,Abrechnung,Abschlag zu hoch,Positiv,Chat,Niedrig,2023-01-23,139
4135,11501,2024-03-30,Solar,Technisch,Monitoring nicht verfügbar,Negativ,App,Mittel,2024-04-06,31
4136,14857,2025-01-03,Speicher,Technisch,Batteriespeicher Störung,Negativ,Chat,Mittel,2025-01-14,155
4137,8761,2025-03-12,Smart Meter,Installation,Smart Meter Ablesung fehlerhaft,Positiv,Chat,Niedrig,2025-03-14,154
4138,8325,2025-03-14,Wärmepumpe,Technisch,Geräuschentwicklung zu hoch,Neutral,Email,Mittel,2025-03-14,7
4139,6477,2024-10-31,Speicher,Technisch,Batteriespeicher Störung,Negativ,Telefon,Hoch,2024-11-06,39
4140,9193,2024-08-22,Wärmepumpe,Technisch,Geräuschentwicklung zu hoch,Neutral,App,Mittel,2024-09-01,195
4141,18510,2025-04-27,Solar,Technisch,Solaranlage produziert nicht,Negativ,App,Mittel,2025-05-05,28
4142,16085,2024-05-19,Rechnung,Abrechnung,Gutschrift angefragt,Neutral,Chat,Hoch,2024-05-26,121
4143,1385,2024-08-10,Speicher,Technisch,Speicher lädt nicht,Negativ,Email,Kritisch,2024-08-13,80
4144,2821,2025-01-20,Wärmepumpe,Technisch,Wärmepumpe Störung,Negativ,Chat,Kritisch,2025-01-21,70
4145,7916,2024-06-03,Speicher,Technisch,Speicher lädt nicht,Negativ,Telefon,Hoch,2024-06-07,78
4146,13400,2024-12-02,Rechnung,Abrechnung,Abschlag anpassen,Neutral,Email,Niedrig,2024-12-14,166
4147,12970,2025-04-23,Allgemein,Service,Lob,Positiv,App,Niedrig,2025-04-25,135
4148,2197,2025-05-16,Allgemein,Service,Kontaktdaten ändern,Neutral,App,Mittel,2025-05-26,150
4149,9521,2024-05-04,Solar,Technisch,Wechselrichter Fehler,Neutral,App,Mittel,2024-05-06,101
4150,3613,2023-11-09,Smart Meter,Installation,Smart Meter Ablesung fehlerhaft,Negativ,Email,Mittel,2023-11-10,42
4151,3902,2025-03-31,Rechnung,Abrechnung,Abschlag anpassen,Negativ,Email,Mittel,2025-04-04,141
4152,6744,2023-12-05,Smart Meter,Installation,Smart Meter Installation angefragt,Neutral,Telefon,Niedrig,2023-12-18,193
4153,210,2024-07-08,Wärmepumpe,Technisch,Wärmepumpe Störung,Negativ,Chat,Hoch,2024-07-11,154
4154,3787,2024-10-08,Allgemein,Service,Kontaktdaten ändern,Neutral,Telefon,Niedrig,2024-10-11,101
4155,14922,2023-01-19,Solar,Technisch,Monitoring nicht verfügbar,Negativ,App,Kritisch,2023-01-23,88
4156,15232,2024-10-13,Wärmepumpe,Technisch,Effizienz zu niedrig,Neutral,Email,Niedrig,2024-10-20,128
4157,15149,2024-06-07,Speicher,Technisch,Batteriespeicher Störung,Negativ,Telefon,Kritisch,2024-06-07,124
4158,10946,2024-12-24,Wallbox,E-Mobility,Wallbox Installation angefragt,Neutral,Telefon,Niedrig,2024-12-27,130
4159,2673,2024-09-27,Allgemein,Service,Beschwerde,Negativ,App,Niedrig,2024-10-07,19
4160,1088,2024-04-12,Wallbox,E-Mobility,Wallbox defekt,Negativ,App,Kritisch,2024-04-17,30
4161,3004,2024-08-20,Wallbox,E-Mobility,App-Verbindung unterbrochen,Neutral,Telefon,Niedrig,2024-08-30,21
4162,657,2023-10-16,Rechnung,Abrechnung,Zahlungsplan angefragt,Neutral,App,Mittel,2023-10-25,57
4163,10487,2023-01-03,Allgemein,Service,Informationsanfrage,Neutral,Chat,Hoch,2023-01-03,33
4164,13163,2023-01-27,Solar,Technisch,Monitoring nicht verfügbar,Negativ,App,Niedrig,2023-02-05,64
4165,18847,2024-11-18,Wärmepumpe,Technisch,Effizienz zu niedrig,Positiv,Email,Mittel,2024-11-20,121
4166,1948,2023-03-31,Smart Meter,Installation,Smart Meter App funktioniert nicht,Negativ,App,Hoch,2023-04-02,12
4167,15341,2023-02-01,Wärmepumpe,Technisch,Wärmepumpe läuft nicht,Negativ,App,Hoch,2023-02-07,95
4168,8883,2024-10-23,Speicher,Technisch,Speicher lädt nicht,Negativ,App,Hoch,2024-10-27,162
4169,887,2025-04-22,Allgemein,Service,Lob,Positiv,Chat,Niedrig,2025-05-01,196
4170,18314,2023-11-19,Speicher,Technisch,Speicher lädt nicht,Negativ,App,Niedrig,2023-11-28,145
4171,16694,2023-10-06,Wärmepumpe,Technisch,Wärmepumpe Störung,Negativ,Chat,Kritisch,2023-10-12,136
4172,13348,2023-10-16,Solar,Technisch,Monitoring nicht verfügbar,Negativ,Chat,Hoch,2023-10-21,114
4173,8867,2025-04-05,Allgemein,Service,Informationsanfrage,Neutral,Email,Niedrig,2025-04-13,59
4174,13627,2024-12-02,Smart Meter,Installation,Smart Meter defekt,Negativ,Email,Niedrig,2024-12-03,194
4175,13245,2024-05-13,Wärmepumpe,Technisch,Wärmepumpe läuft nicht,Negativ,App,Hoch,2024-05-18,155
4176,4438,2024-09-13,Solar,Technisch,Solaranlage produziert nicht,Negativ,App,Hoch,2024-09-16,148
4177,1551,2024-12-01,Solar,Technisch,Solaranlage Ertrag niedrig,Neutral,Telefon,Mittel,2024-12-11,34
4178,8470,2024-10-24,Allgemein,Service,Lob,Positiv,Chat,Niedrig,2024-10-26,153
4179,8764,2024-10-30,Speicher,Technisch,Speicher lädt nicht,Negativ,Email,Mittel,2024-11-01,184
4180,9050,2024-03-08,Solar,Technisch,Wechselrichter Fehler,Negativ,Chat,Niedrig,2024-03-21,87
4181,13387,2024-01-31,Speicher,Technisch,Speicher lädt nicht,Negativ,Telefon,Mittel,2024-02-02,82
4182,12980,2024-05-29,Speicher,Technisch,Speicher lädt nicht,Negativ,Email,Hoch,2024-05-29,108
4183,1567,2023-04-22,Rechnung,Abrechnung,Zahlungsplan angefragt,Neutral,Chat,Mittel,2023-04-30,83
4184,729,2025-02-05,Allgemein,Service,Kontaktdaten ändern,Neutral,Telefon,Hoch,2025-02-11,148
4185,4762,2023-04-21,Allgemein,Service,Lob,Positiv,Email,Niedrig,2023-04-28,43
4186,1158,2023-01-15,Rechnung,Abrechnung,Zahlungsplan angefragt,Positiv,Email,Niedrig,2023-01-25,22
4187,19336,2023-01-19,Rechnung,Abrechnung,Abschlag anpassen,Positiv,Email,Mittel,2023-01-31,133
4188,17921,2024-01-04,Rechnung,Abrechnung,Rechnungsfrage,Negativ,Email,Niedrig,2024-01-17,170
4189,9354,2023-03-25,Wallbox,E-Mobility,Wallbox Installation angefragt,Negativ,Telefon,Mittel,2023-03-29,122
4190,10861,2024-12-03,Allgemein,Service,Lob,Positiv,Telefon,Niedrig,2024-12-03,72
4191,5736,2024-06-29,Rechnung,Abrechnung,Abschlag zu hoch,Neutral,Telefon,Mittel,2024-07-08,81
4192,17095,2023-09-12,Rechnung,Abrechnung,Zahlungsplan angefragt,Positiv,Chat,Mittel,2023-09-16,161
4193,8944,2025-04-12,Speicher,Technisch,Batteriespeicher Störung,Negativ,Email,Hoch,2025-04-18,62
4194,1358,2023-08-22,Smart Meter,Installation,Smart Meter Installation angefragt,Neutral,Telefon,Mittel,2023-09-02,61
4195,17393,2024-11-30,Wärmepumpe,Technisch,Wärmepumpe Störung,Negativ,Email,Mittel,2024-12-01,33
4196,2767,2024-05-27,Rechnung,Abrechnung,Gutschrift angefragt,Neutral,Email,Hoch,2024-06-03,35
4197,16750,2025-03-01,Tarif,Vertrag,Vertragsverlängerung,Neutral,Email,Mittel,2025-03-09,184
4198,10747,2024-07-02,Allgemein,Service,Lob,Positiv,Email,Niedrig,2024-07-07,118
4199,4738,2023-12-22,Tarif,Vertrag,Vertragsverlängerung,Negativ,Email,Niedrig,2023-12-31,47
4200,15681,2023-03-14,Tarif,Vertrag,Umzug melden,Negativ,Telefon,Mittel,2023-03-27,20
4201,13880,2023-08-27,Allgemein,Service,Kontaktdaten ändern,Neutral,Email,Mittel,2023-09-03,38
4202,258,2023-06-26,Wallbox,E-Mobility,Wallbox defekt,Negativ,Telefon,Mittel,2023-07-06,143
4203,11817,2023-01-27,Tarif,Vertrag,Vertragsverlängerung,Neutral,App,Niedrig,2023-02-03,165
4204,18863,2024-03-24,Rechnung,Abrechnung,Zahlungsplan angefragt,Neutral,App,Mittel,2024-04-03,64
4205,7748,2024-02-11,Smart Meter,Installation,Smart Meter Ablesung fehlerhaft,Positiv,Email,Niedrig,2024-02-12,45
4206,6923,2023-04-26,Smart Meter,Installation,Smart Meter Installation angefragt,Neutral,Email,Niedrig,2023-05-06,191
4207,5897,2024-11-12,Wallbox,E-Mobility,App-Verbindung unterbrochen,Neutral,Email,Hoch,2024-11-18,165
4208,3024,2024-05-30,Wallbox,E-Mobility,Ladekarte Probleme,Negativ,Chat,Niedrig,2024-06-13,14
4209,15519,2023-07-24,Rechnung,Abrechnung,Rechnungsfrage,Negativ,Email,Hoch,2023-07-27,26
4210,7425,2023-05-19,Wallbox,E-Mobility,Ladekarte Probleme,Neutral,App,Mittel,2023-05-27,42
4211,19513,2024-05-27,Rechnung,Abrechnung,Rechnungsfrage,Neutral,Chat,Niedrig,2024-06-05,85
4212,19796,2025-05-15,Wallbox,E-Mobility,Ladekarte Probleme,Negativ,Email,Mittel,2025-05-26,173
4213,1335,2024-07-03,Wallbox,E-Mobility,Wallbox lädt nicht,Negativ,Email,Mittel,2024-07-04,196
4214,4491,2024-07-19,Wallbox,E-Mobility,Wallbox lädt nicht,Negativ,Chat,Kritisch,2024-07-25,147
4215,7952,2025-03-02,Rechnung,Abrechnung,Abschlag zu hoch,Negativ,Telefon,Mittel,2025-03-12,69
4216,17271,2023-03-02,Speicher,Technisch,Kapazität gesunken,Neutral,Email,Niedrig,2023-03-02,112
4217,57,2025-02-13,Wärmepumpe,Technisch,Geräuschentwicklung zu hoch,Neutral,App,Mittel,2025-02-27,181
4218,10026,2024-10-14,Speicher,Technisch,Batteriespeicher Störung,Negativ,Email,Mittel,2024-10-18,88
4219,3165,2025-04-09,Solar,Technisch,Solaranlage produziert nicht,Negativ,App,Mittel,2025-04-15,103
4220,14930,2024-06-20,Wallbox,E-Mobility,App-Verbindung unterbrochen,Neutral,App,Mittel,2024-07-03,51
4221,7093,2025-01-28,Rechnung,Abrechnung,Unstimmigkeit in Rechnung,Neutral,App,Mittel,2025-02-07,137
4222,10630,2023-02-15,Smart Meter,Installation,Smart Meter Ablesung fehlerhaft,Positiv,Telefon,Mittel,2023-02-23,82
4223,17847,2025-06-15,Tarif,Vertrag,Vertragsverlängerung,Neutral,Chat,Hoch,2025-06-18,78
4224,2482,2023-05-19,Speicher,Technisch,Batteriespeicher Störung,Negativ,Email,Mittel,2023-05-19,51
4225,2303,2024-02-09,Speicher,Technisch,Kapazität gesunken,Neutral,Telefon,Hoch,2024-02-09,131
4226,13388,2024-08-19,Smart Meter,Installation,Smart Meter Installation angefragt,Neutral,Telefon,Mittel,2024-08-31,99
4227,478,2023-11-03,Speicher,Technisch,Kapazität gesunken,Positiv,App,Niedrig,2023-11-03,21
4228,6251,2025-04-30,Allgemein,Service,Kontaktdaten ändern,Neutral,Email,Hoch,2025-04-30,14
4229,15747,2024-12-03,Allgemein,Service,Informationsanfrage,Neutral,App,Mittel,2024-12-10,139
4230,10566,2023-08-12,Wallbox,E-Mobility,Ladekarte Probleme,Neutral,Chat,Niedrig,2023-08-16,177
4231,16475,2024-08-30,Solar,Technisch,Solaranlage Ertrag niedrig,Neutral,Telefon,Kritisch,2024-09-03,15
4232,249,2025-02-27,Smart Meter,Installation,Smart Meter App funktioniert nicht,Negativ,Chat,Hoch,2025-03-06,42
4233,8250,2024-12-05,Solar,Technisch,Monitoring nicht verfügbar,Negativ,Chat,Mittel,2024-12-14,103
4234,2226,2025-01-16,Solar,Technisch,Wechselrichter Fehler,Negativ,Chat,Mittel,2025-01-22,131
4235,7840,2024-11-10,Solar,Technisch,Wechselrichter Fehler,Neutral,Chat,Niedrig,2024-11-13,136
4236,462,2024-02-02,Wärmepumpe,Technisch,Wartung angefragt,Neutral,Email,Mittel,2024-02-06,49
4237,12284,2023-03-27,Solar,Technisch,Solaranlage produziert nicht,Negativ,Chat,Hoch,2023-03-31,102
4238,18295,2025-06-23,Allgemein,Service,Informationsanfrage,Neutral,Telefon,Mittel,2025-06-27,61
4239,5666,2023-08-13,Allgemein,Service,Beschwerde,Negativ,Chat,Hoch,2023-08-17,84
4240,12174,2023-09-03,Speicher,Technisch,Speicher lädt nicht,Negativ,App,Mittel,2023-09-06,35
4241,17854,2025-05-29,Wärmepumpe,Technisch,Wartung angefragt,Positiv,App,Hoch,2025-05-30,107
4242,13775,2024-10-18,Rechnung,Abrechnung,Gutschrift angefragt,Negativ,Telefon,Mittel,2024-10-21,171
4243,18940,2023-02-06,Speicher,Technisch,Kapazität gesunken,Positiv,Email,Niedrig,2023-02-06,100
4244,4036,2024-04-12,Tarif,Vertrag,Ökostrom Umstellung,Neutral,App,Mittel,2024-04-16,173
4245,53,2023-01-08,Wärmepumpe,Technisch,Fehlercode E01 angezeigt,Neutral,App,Hoch,2023-01-15,103
4246,17582,2024-07-02,Smart Meter,Installation,Smart Meter Ablesung fehlerhaft,Neutral,Email,Mittel,2024-07-14,82
4247,16004,2024-12-30,Tarif,Vertrag,Ökostrom Umstellung,Neutral,Telefon,Hoch,2025-01-01,94
4248,14853,2024-08-05,Wallbox,E-Mobility,Wallbox defekt,Negativ,Chat,Mittel,2024-08-12,93
4249,1041,2024-09-15,Solar,Technisch,Solaranlage Ertrag niedrig,Neutral,Email,Niedrig,2024-09-28,110
4250,10122,2024-03-07,Tarif,Vertrag,Vertragsverlängerung,Neutral,Telefon,Mittel,2024-03-21,26
4251,2827,2023-09-17,Smart Meter,Installation,Smart Meter zeigt keine Daten,Negativ,Telefon,Mittel,2023-09-25,161
4252,9683,2024-11-05,Allgemein,Service,Informationsanfrage,Neutral,App,Hoch,2024-11-07,75
4253,17781,2024-09-25,Wärmepumpe,Technisch,Wärmepumpe Störung,Negativ,Telefon,Kritisch,2024-09-29,94
4254,17442,2025-03-24,Smart Meter,Installation,Smart Meter Installation angefragt,Positiv,Telefon,Niedrig,2025-03-28,181
4255,8122,2024-09-11,Wallbox,E-Mobility,Wallbox defekt,Negativ,Email,Hoch,2024-09-12,96
4256,13015,2025-02-18,Tarif,Vertrag,Umzug melden,Positiv,App,Niedrig,2025-02-21,176
4257,10988,2024-04-27,Smart Meter,Installation,Smart Meter Installation angefragt,Neutral,App,Hoch,2024-05-01,109
4258,993,2024-06-19,Smart Meter,Installation,Smart Meter Ablesung fehlerhaft,Neutral,Email,Mittel,2024-06-25,175
4259,7325,2023-04-17,Solar,Technisch,Einspeisevergütung Frage,Neutral,Telefon,Hoch,2023-04-22,89
4260,6260,2023-03-20,Speicher,Technisch,Batteriespeicher Störung,Negativ,App,Mittel,2023-03-25,184
4261,17054,2024-01-06,Solar,Technisch,Solaranlage produziert nicht,Negativ,Chat,Mittel,2024-01-16,189
4262,14554,2024-11-06,Rechnung,Abrechnung,Zahlungsplan angefragt,Negativ,Chat,Kritisch,2024-11-07,163
4263,8508,2023-07-24,Rechnung,Abrechnung,Abschlag anpassen,Neutral,App,Mittel,2023-07-30,141
4264,5600,2024-04-02,Allgemein,Service,Kontaktdaten ändern,Neutral,App,Kritisch,2024-04-03,129
4265,3035,2025-03-20,Solar,Technisch,Solaranlage Ertrag niedrig,Negativ,Chat,Mittel,2025-03-28,199
4266,1864,2023-10-22,Smart Meter,Installation,Smart Meter Ablesung fehlerhaft,Negativ,App,Niedrig,2023-11-02,173
4267,9382,2023-03-29,Tarif,Vertrag,Kündigung,Negativ,Chat,Mittel,2023-04-11,33
4268,19269,2023-04-23,Allgemein,Service,Informationsanfrage,Neutral,Chat,Hoch,2023-04-23,114
4269,2246,2025-01-11,Tarif,Vertrag,Vertragsverlängerung,Neutral,Email,Mittel,2025-01-25,173
4270,10729,2024-08-26,Rechnung,Abrechnung,Gutschrift angefragt,Neutral,Email,Niedrig,2024-09-02,192
4271,4015,2025-01-16,Rechnung,Abrechnung,Zahlungsplan angefragt,Neutral,App,Niedrig,2025-01-26,100
4272,9291,2024-05-23,Solar,Technisch,Solaranlage produziert nicht,Negativ,App,Hoch,2024-05-23,74
4273,11010,2023-02-22,Wallbox,E-Mobility,Wallbox Installation angefragt,Neutral,App,Mittel,2023-02-25,135
4274,10421,2024-12-05,Rechnung,Abrechnung,Abschlag anpassen,Neutral,Email,Mittel,2024-12-19,173
4275,15238,2024-08-30,Wallbox,E-Mobility,App-Verbindung unterbrochen,Positiv,Chat,Mittel,2024-09-01,178
4276,15560,2025-05-30,Wärmepumpe,Technisch,Effizienz zu niedrig,Neutral,Email,Mittel,2025-06-06,29
4277,2920,2024-12-19,Wallbox,E-Mobility,Wallbox lädt nicht,Negativ,Telefon,Mittel,2024-12-31,137
4278,16237,2023-09-05,Smart Meter,Installation,Smart Meter zeigt keine Daten,Negativ,Telefon,Hoch,2023-09-10,49
4279,15673,2023-06-30,Speicher,Technisch,Batteriespeicher Störung,Negativ,Chat,Hoch,2023-07-03,164
4280,1165,2023-04-02,Speicher,Technisch,Speicher lädt nicht,Negativ,Chat,Hoch,2023-04-04,193
4281,13347,2023-12-16,Wärmepumpe,Technisch,Fehlercode E01 angezeigt,Negativ,Chat,Niedrig,2023-12-25,192
4282,18612,2023-09-21,Speicher,Technisch,Kapazität gesunken,Neutral,Telefon,Mittel,2023-09-25,78
4283,9043,2024-12-27,Speicher,Technisch,Kapazität gesunken,Neutral,Email,Mittel,2025-01-05,53
4284,5193,2024-12-27,Rechnung,Abrechnung,Abschlag anpassen,Neutral,App,Mittel,2025-01-04,18
4285,8348,2023-04-21,Wärmepumpe,Technisch,Fehlercode E01 angezeigt,Neutral,App,Niedrig,2023-04-21,45
4286,1214,2024-10-29,Smart Meter,Installation,Smart Meter zeigt keine Daten,Neutral,Email,Mittel,2024-11-04,134
4287,1907,2023-09-27,Smart Meter,Installation,Smart Meter zeigt keine Daten,Neutral,App,Mittel,2023-10-03,63
4288,12699,2025-02-03,Wärmepumpe,Technisch,Wartung angefragt,Neutral,Chat,Mittel,2025-02-14,57
4289,521,2024-04-15,Rechnung,Abrechnung,Gutschrift angefragt,Neutral,Chat,Niedrig,2024-04-20,44
4290,3712,2023-04-22,Tarif,Vertrag,Ökostrom Umstellung,Neutral,Chat,Mittel,2023-05-05,147
4291,8261,2024-02-04,Speicher,Technisch,Speicher lädt nicht,Negativ,Chat,Kritisch,2024-02-11,27
4292,14990,2024-04-20,Solar,Technisch,Solaranlage produziert nicht,Negativ,App,Hoch,2024-04-20,13
4293,8960,2025-04-03,Smart Meter,Installation,Smart Meter zeigt keine Daten,Neutral,Chat,Mittel,2025-04-05,188
4294,13469,2024-12-17,Wärmepumpe,Technisch,Fehlercode E01 angezeigt,Negativ,App,Mittel,2024-12-18,142
4295,14829,2023-04-02,Allgemein,Service,Informationsanfrage,Neutral,Telefon,Niedrig,2023-04-13,84
4296,3040,2025-03-27,Wärmepumpe,Technisch,Wartung angefragt,Neutral,Email,Mittel,2025-04-02,187
4297,4084,2025-01-18,Wärmepumpe,Technisch,Wärmepumpe Störung,Negativ,Telefon,Hoch,2025-01-21,159
4298,12202,2024-11-16,Wärmepumpe,Technisch,Geräuschentwicklung zu hoch,Neutral,App,Mittel,2024-11-21,56
4299,3789,2024-08-27,Wallbox,E-Mobility,App-Verbindung unterbrochen,Negativ,Email,Hoch,2024-08-28,197
4300,6997,2023-09-18,Solar,Technisch,Solaranlage Ertrag niedrig,Neutral,App,Mittel,2023-09-26,8
4301,35,2024-09-21,Wallbox,E-Mobility,App-Verbindung unterbrochen,Negativ,Email,Niedrig,2024-09-22,36
4302,14244,2023-07-12,Wärmepumpe,Technisch,Effizienz zu niedrig,Neutral,Email,Niedrig,2023-07-13,54
4303,4223,2024-02-18,Tarif,Vertrag,Preisgarantie Frage,Neutral,Telefon,Mittel,2024-03-02,53
4304,4882,2023-01-02,Wärmepumpe,Technisch,Wartung angefragt,Positiv,App,Niedrig,2023-01-14,100
4305,2680,2025-03-10,Wärmepumpe,Technisch,Wärmepumpe läuft nicht,Negativ,Email,Mittel,2025-03-23,67
4306,12251,2023-07-11,Speicher,Technisch,Speicher lädt nicht,Negativ,Email,Mittel,2023-07-13,12
4307,19314,2025-06-23,Speicher,Technisch,Kapazität gesunken,Neutral,App,Mittel,2025-07-01,57
4308,18085,2025-06-27,Wallbox,E-Mobility,App-Verbindung unterbrochen,Neutral,App,Mittel,2025-07-01,124
4309,10898,2025-02-12,Allgemein,Service,Lob,Positiv,App,Niedrig,2025-02-22,137
4310,17719,2023-05-23,Tarif,Vertrag,Umzug melden,Neutral,App,Hoch,2023-05-28,103
4311,19476,2025-02-03,Allgemein,Service,Informationsanfrage,Neutral,Email,Hoch,2025-02-07,198
4312,13763,2024-11-01,Wärmepumpe,Technisch,Fehlercode E01 angezeigt,Positiv,Chat,Niedrig,2024-11-04,42
4313,7764,2023-10-27,Solar,Technisch,Wechselrichter Fehler,Positiv,Chat,Niedrig,2023-11-08,98
4314,14011,2023-07-25,Smart Meter,Installation,Smart Meter Installation angefragt,Neutral,Chat,Mittel,2023-07-31,51
4315,2050,2025-05-31,Speicher,Technisch,Batteriespeicher Störung,Negativ,Chat,Mittel,2025-05-31,10
4316,5487,2023-10-04,Tarif,Vertrag,Umzug melden,Negativ,Email,Hoch,2023-10-05,4
4317,18109,2023-01-17,Tarif,Vertrag,Tarifwechsel angefragt,Negativ,Email,Mittel,2023-01-17,169
4318,3523,2024-08-04,Rechnung,Abrechnung,Abschlag anpassen,Neutral,Email,Mittel,2024-08-08,126
4319,15550,2024-06-10,Tarif,Vertrag,Preisgarantie Frage,Negativ,Telefon,Mittel,2024-06-14,63
4320,3321,2024-11-20,Rechnung,Abrechnung,Gutschrift angefragt,Neutral,Telefon,Niedrig,2024-11-25,197
4321,10345,2025-06-14,Solar,Technisch,Einspeisevergütung Frage,Negativ,Chat,Hoch,2025-06-20,188
4322,271,2024-09-18,Solar,Technisch,Monitoring nicht verfügbar,Negativ,App,Kritisch,2024-09-24,159
4323,6620,2023-08-16,Wallbox,E-Mobility,Wallbox defekt,Negativ,Chat,Kritisch,2023-08-21,167
4324,17465,2024-08-04,Rechnung,Abrechnung,Abschlag anpassen,Positiv,Email,Mittel,2024-08-08,139
4325,5785,2025-03-14,Wallbox,E-Mobility,App-Verbindung unterbrochen,Neutral,Email,Hoch,2025-03-17,5
4326,5299,2025-06-26,Wärmepumpe,Technisch,Wärmepumpe Störung,Negativ,Chat,Hoch,2025-07-03,93
4327,17661,2024-09-29,Speicher,Technisch,Speicher lädt nicht,Negativ,Email,Hoch,2024-10-03,64
4328,2231,2023-03-28,Solar,Technisch,Solaranlage Ertrag niedrig,Neutral,Chat,Mittel,2023-04-11,58
4329,1562,2025-05-14,Rechnung,Abrechnung,Unstimmigkeit in Rechnung,Neutral,Telefon,Mittel,2025-05-20,17
4330,15295,2024-01-09,Wallbox,E-Mobility,App-Verbindung unterbrochen,Neutral,Email,Mittel,2024-01-23,88
4331,14816,2023-08-10,Rechnung,Abrechnung,Unstimmigkeit in Rechnung,Neutral,Chat,Niedrig,2023-08-13,134
4332,12700,2025-06-04,Solar,Technisch,Einspeisevergütung Frage,Neutral,App,Niedrig,2025-06-05,18
4333,6151,2024-06-20,Speicher,Technisch,Batteriespeicher Störung,Negativ,App,Mittel,2024-06-29,104
4334,1979,2023-05-27,Speicher,Technisch,Kapazität gesunken,Negativ,Email,Mittel,2023-05-29,117
4335,8971,2023-03-29,Wärmepumpe,Technisch,Fehlercode E01 angezeigt,Neutral,Telefon,Mittel,2023-04-01,124
4336,533,2025-01-31,Rechnung,Abrechnung,Rechnungsfrage,Neutral,Chat,Mittel,2025-02-11,71
4337,18791,2023-04-01,Wallbox,E-Mobility,Ladekarte Probleme,Neutral,App,Mittel,2023-04-11,189
4338,9105,2025-01-24,Rechnung,Abrechnung,Abschlag zu hoch,Neutral,Email,Niedrig,2025-01-29,177
4339,12961,2024-08-24,Smart Meter,Installation,Smart Meter App funktioniert nicht,Negativ,App,Hoch,2024-08-31,191
4340,14402,2024-10-08,Speicher,Technisch,Kapazität gesunken,Neutral,Email,Mittel,2024-10-11,7
4341,13942,2023-01-25,Allgemein,Service,Beschwerde,Negativ,App,Niedrig,2023-02-06,157
4342,10741,2023-01-21,Allgemein,Service,Beschwerde,Negativ,App,Hoch,2023-01-25,62
4343,17792,2024-11-14,Smart Meter,Installation,Smart Meter Installation angefragt,Neutral,Email,Niedrig,2024-11-26,11
4344,9200,2024-12-28,Solar,Technisch,Einspeisevergütung Frage,Neutral,App,Mittel,2024-12-31,103
4345,9982,2023-03-01,Tarif,Vertrag,Tarifwechsel angefragt,Negativ,Telefon,Hoch,2023-03-05,5
4346,14797,2024-05-01,Tarif,Vertrag,Preisgarantie Frage,Neutral,Email,Mittel,2024-05-03,200
4347,12482,2023-11-11,Tarif,Vertrag,Umzug melden,Neutral,Email,Mittel,2023-11-24,46
4348,1592,2023-07-20,Allgemein,Service,Lob,Positiv,Chat,Niedrig,2023-07-30,178
4349,18113,2023-05-04,Wärmepumpe,Technisch,Wärmepumpe läuft nicht,Negativ,Telefon,Niedrig,2023-05-17,31
4350,17727,2023-01-30,Smart Meter,Installation,Smart Meter Installation angefragt,Neutral,Telefon,Hoch,2023-01-30,150
4351,14459,2024-06-12,Speicher,Technisch,Batteriespeicher Störung,Negativ,App,Hoch,2024-06-18,133
4352,19300,2025-06-05,Tarif,Vertrag,Vertragsverlängerung,Positiv,Telefon,Mittel,2025-06-11,109
4353,10086,2023-04-19,Speicher,Technisch,Batteriespeicher Störung,Negativ,Telefon,Hoch,2023-04-20,74
4354,9361,2023-04-26,Rechnung,Abrechnung,Rechnungsfrage,Neutral,App,Mittel,2023-05-04,123
4355,12100,2025-06-06,Tarif,Vertrag,Vertragsverlängerung,Neutral,Chat,Niedrig,2025-06-14,18
4356,2584,2024-08-14,Tarif,Vertrag,Ökostrom Umstellung,Neutral,Chat,Mittel,2024-08-18,48
4357,14328,2024-11-12,Tarif,Vertrag,Preisgarantie Frage,Neutral,App,Mittel,2024-11-16,88
4358,13208,2025-05-05,Solar,Technisch,Monitoring nicht verfügbar,Negativ,Telefon,Niedrig,2025-05-06,15
4359,4107,2023-01-21,Rechnung,Abrechnung,Abschlag zu hoch,Neutral,Email,Niedrig,2023-01-26,46
4360,16052,2023-11-16,Solar,Technisch,Solaranlage produziert nicht,Negativ,App,Mittel,2023-11-26,154
4361,7133,2024-05-07,Wärmepumpe,Technisch,Effizienz zu niedrig,Neutral,App,Niedrig,2024-05-08,187
4362,7697,2025-04-10,Allgemein,Service,Informationsanfrage,Neutral,App,Mittel,2025-04-22,167
4363,7384,2024-06-03,Speicher,Technisch,Batteriespeicher Störung,Negativ,Email,Hoch,2024-06-06,125
4364,16113,2023-01-04,Speicher,Technisch,Speicher lädt nicht,Negativ,Telefon,Hoch,2023-01-07,97
4365,1855,2023-12-18,Wärmepumpe,Technisch,Geräuschentwicklung zu hoch,Neutral,Chat,Niedrig,2023-12-31,63
4366,6357,2024-12-19,Allgemein,Service,Informationsanfrage,Negativ,App,Niedrig,2024-12-27,41
4367,1047,2023-10-05,Speicher,Technisch,Batteriespeicher Störung,Negativ,Chat,Mittel,2023-10-17,39
4368,1793,2024-03-29,Wärmepumpe,Technisch,Geräuschentwicklung zu hoch,Positiv,Chat,Mittel,2024-04-02,46
4369,6979,2023-11-30,Smart Meter,Installation,Smart Meter zeigt keine Daten,Neutral,App,Mittel,2023-12-14,142
4370,12008,2023-12-14,Tarif,Vertrag,Vertragsverlängerung,Neutral,App,Niedrig,2023-12-16,77
4371,12340,2023-02-05,Speicher,Technisch,Kapazität gesunken,Negativ,Telefon,Mittel,2023-02-16,147
4372,10729,2023-07-06,Allgemein,Service,Lob,Positiv,Telefon,Niedrig,2023-07-20,179
4373,9123,2023-10-21,Smart Meter,Installation,Smart Meter zeigt keine Daten,Neutral,Chat,Niedrig,2023-10-27,38
4374,4312,2023-07-22,Rechnung,Abrechnung,Unstimmigkeit in Rechnung,Neutral,App,Mittel,2023-07-28,149
4375,3070,2023-08-15,Rechnung,Abrechnung,Abschlag zu hoch,Negativ,Chat,Niedrig,2023-08-17,122
4376,4401,2024-02-24,Tarif,Vertrag,Tarifwechsel angefragt,Neutral,Email,Niedrig,2024-02-24,17
4377,6757,2023-05-20,Wärmepumpe,Technisch,Effizienz zu niedrig,Neutral,Telefon,Mittel,2023-05-26,47
4378,18961,2023-10-03,Wallbox,E-Mobility,Wallbox Installation angefragt,Neutral,App,Hoch,2023-10-03,156
4379,2103,2023-12-10,Wallbox,E-Mobility,Wallbox Installation angefragt,Negativ,Email,Mittel,2023-12-18,17
4380,18344,2024-11-20,Solar,Technisch,Einspeisevergütung Frage,Negativ,App,Mittel,2024-11-27,67
4381,10747,2024-09-16,Solar,Technisch,Solaranlage Ertrag niedrig,Negativ,Chat,Mittel,2024-09-22,3
4382,1735,2024-02-18,Tarif,Vertrag,Preisgarantie Frage,Positiv,App,Mittel,2024-03-03,128
4383,17427,2025-01-29,Allgemein,Service,Lob,Positiv,App,Niedrig,2025-02-11,35
4384,6484,2025-05-01,Tarif,Vertrag,Vertragsverlängerung,Neutral,Chat,Mittel,2025-05-07,173
4385,14038,2024-04-15,Speicher,Technisch,Speicher lädt nicht,Negativ,Email,Kritisch,2024-04-21,198
4386,11666,2024-08-25,Smart Meter,Installation,Smart Meter App funktioniert nicht,Negativ,Email,Hoch,2024-08-29,149
4387,4799,2023-11-23,Smart Meter,Installation,Smart Meter Installation angefragt,Positiv,Email,Mittel,2023-12-06,83
4388,31,2024-03-23,Smart Meter,Installation,Smart Meter defekt,Negativ,Chat,Hoch,2024-03-25,140
4389,8822,2024-05-23,Wärmepumpe,Technisch,Wartung angefragt,Negativ,Telefon,Niedrig,2024-06-03,187
4390,14210,2025-04-10,Wärmepumpe,Technisch,Wartung angefragt,Positiv,Email,Mittel,2025-04-18,142
4391,13955,2023-09-01,Allgemein,Service,Lob,Positiv,Email,Niedrig,2023-09-08,191
4392,19338,2023-06-12,Allgemein,Service,Lob,Positiv,Chat,Niedrig,2023-06-22,18
4393,11909,2023-12-07,Tarif,Vertrag,Ökostrom Umstellung,Positiv,Chat,Mittel,2023-12-20,49
4394,12288,2025-02-15,Rechnung,Abrechnung,Zahlungsplan angefragt,Negativ,Telefon,Mittel,2025-02-25,85
4395,14544,2024-09-27,Smart Meter,Installation,Smart Meter defekt,Negativ,Email,Kritisch,2024-10-03,182
4396,1420,2024-06-07,Smart Meter,Installation,Smart Meter zeigt keine Daten,Neutral,Chat,Mittel,2024-06-08,127
4397,889,2024-11-06,Solar,Technisch,Einspeisevergütung Frage,Neutral,Telefon,Mittel,2024-11-11,56
4398,10825,2024-01-11,Smart Meter,Installation,Smart Meter defekt,Negativ,Email,Hoch,2024-01-16,51
4399,14271,2025-01-21,Rechnung,Abrechnung,Abschlag anpassen,Neutral,Telefon,Mittel,2025-01-31,124
4400,12117,2023-04-19,Wallbox,E-Mobility,Wallbox Installation angefragt,Neutral,App,Niedrig,2023-04-20,9
4401,3286,2024-12-02,Speicher,Technisch,Batteriespeicher Störung,Negativ,App,Hoch,2024-12-03,62
4402,16290,2024-12-09,Solar,Technisch,Solaranlage produziert nicht,Negativ,Chat,Hoch,2024-12-11,53
4403,4912,2023-02-15,Allgemein,Service,Allgemeine Anfrage,Neutral,Telefon,Mittel,2023-02-23,173
4404,634,2024-09-11,Wärmepumpe,Technisch,Effizienz zu niedrig,Neutral,App,Mittel,2024-09-25,80
4405,3424,2024-06-12,Allgemein,Service,Informationsanfrage,Neutral,Chat,Mittel,2024-06-17,137
4406,17608,2024-04-19,Allgemein,Service,Kontaktdaten ändern,Neutral,Chat,Mittel,2024-04-26,16
4407,2104,2024-12-31,Tarif,Vertrag,Vertragsverlängerung,Neutral,Email,Kritisch,2025-01-06,113
4408,18081,2025-06-20,Allgemein,Service,Allgemeine Anfrage,Neutral,Telefon,Niedrig,2025-06-30,75
4409,14025,2023-01-02,Solar,Technisch,Solaranlage produziert nicht,Negativ,App,Mittel,2023-01-06,176
4410,3256,2023-09-29,Allgemein,Service,Informationsanfrage,Positiv,Telefon,Mittel,2023-10-10,192
4411,2210,2024-02-21,Solar,Technisch,Wechselrichter Fehler,Neutral,App,Mittel,2024-02-27,69
4412,974,2023-08-14,Rechnung,Abrechnung,Zahlungsplan angefragt,Negativ,Email,Mittel,2023-08-17,1
4413,9618,2024-07-07,Allgemein,Service,Allgemeine Anfrage,Neutral,Email,Hoch,2024-07-14,58
4414,17134,2023-03-10,Wallbox,E-Mobility,Wallbox lädt nicht,Negativ,Telefon,Mittel,2023-03-15,179
4415,12457,2023-06-18,Smart Meter,Installation,Smart Meter Installation angefragt,Neutral,Chat,Hoch,2023-06-23,163
4416,18422,2024-05-24,Allgemein,Service,Kontaktdaten ändern,Neutral,Telefon,Niedrig,2024-05-26,125
4417,10794,2023-04-21,Allgemein,Service,Allgemeine Anfrage,Negativ,Email,Mittel,2023-05-02,20
4418,888,2023-06-25,Speicher,Technisch,Batteriespeicher Störung,Negativ,App,Hoch,2023-06-26,40
4419,14769,2024-08-10,Wallbox,E-Mobility,Wallbox defekt,Negativ,Chat,Hoch,2024-08-16,147
4420,16354,2024-08-07,Rechnung,Abrechnung,Abschlag zu hoch,Neutral,Telefon,Mittel,2024-08-19,55
4421,8332,2024-03-28,Speicher,Technisch,Speicher lädt nicht,Negativ,Telefon,Mittel,2024-04-01,5
4422,11956,2024-07-17,Allgemein,Service,Beschwerde,Negativ,Email,Kritisch,2024-07-19,1
4423,4533,2024-12-02,Wärmepumpe,Technisch,Wärmepumpe läuft nicht,Negativ,App,Mittel,2024-12-06,9
4424,19570,2023-07-23,Allgemein,Service,Allgemeine Anfrage,Neutral,Email,Niedrig,2023-08-06,23
4425,1622,2024-08-28,Allgemein,Service,Lob,Positiv,Email,Niedrig,2024-09-06,23
4426,4256,2025-03-24,Smart Meter,Installation,Smart Meter defekt,Negativ,Telefon,Mittel,2025-03-25,52
4427,2702,2024-09-29,Speicher,Technisch,Speicher lädt nicht,Negativ,App,Hoch,2024-10-05,55
4428,8674,2024-09-24,Speicher,Technisch,Kapazität gesunken,Neutral,Chat,Hoch,2024-09-27,149
4429,3649,2023-01-16,Allgemein,Service,Allgemeine Anfrage,Positiv,Telefon,Kritisch,2023-01-20,79
4430,5753,2024-08-15,Smart Meter,Installation,Smart Meter zeigt keine Daten,Negativ,Email,Hoch,2024-08-15,187
4431,2049,2023-08-14,Wallbox,E-Mobility,Wallbox Installation angefragt,Positiv,Telefon,Mittel,2023-08-21,95
4432,16844,2025-05-25,Rechnung,Abrechnung,Abschlag anpassen,Neutral,App,Niedrig,2025-05-26,11
4433,16176,2023-03-13,Speicher,Technisch,Kapazität gesunken,Neutral,Chat,Niedrig,2023-03-15,119
4434,11969,2025-05-26,Allgemein,Service,Lob,Positiv,Email,Niedrig,2025-06-04,125
4435,11084,2024-05-26,Wärmepumpe,Technisch,Wartung angefragt,Neutral,Chat,Mittel,2024-06-05,112
4436,6115,2023-01-15,Rechnung,Abrechnung,Abschlag zu hoch,Neutral,Email,Niedrig,2023-01-22,76
4437,13785,2025-06-04,Allgemein,Service,Kontaktdaten ändern,Positiv,App,Niedrig,2025-06-14,36
4438,3156,2024-05-11,Rechnung,Abrechnung,Gutschrift angefragt,Negativ,App,Mittel,2024-05-17,176
4439,1557,2024-08-26,Smart Meter,Installation,Smart Meter Ablesung fehlerhaft,Positiv,Chat,Mittel,2024-09-05,188
4440,13707,2023-10-13,Wärmepumpe,Technisch,Wärmepumpe läuft nicht,Negativ,Chat,Hoch,2023-10-18,101
4441,19963,2025-04-06,Allgemein,Service,Beschwerde,Negativ,Email,Kritisch,2025-04-06,29
4442,3023,2024-04-05,Solar,Technisch,Einspeisevergütung Frage,Neutral,Email,Hoch,2024-04-12,169
4443,12463,2023-12-14,Allgemein,Service,Beschwerde,Negativ,Telefon,Kritisch,2023-12-15,22
4444,7085,2025-05-14,Rechnung,Abrechnung,Abschlag zu hoch,Neutral,Chat,Mittel,2025-05-17,38
4445,2221,2023-09-12,Tarif,Vertrag,Ökostrom Umstellung,Neutral,App,Mittel,2023-09-19,176
4446,2646,2024-02-22,Allgemein,Service,Informationsanfrage,Neutral,Chat,Mittel,2024-02-29,60
4447,13228,2024-08-05,Smart Meter,Installation,Smart Meter zeigt keine Daten,Neutral,Telefon,Mittel,2024-08-14,13
4448,15134,2023-07-25,Solar,Technisch,Solaranlage Ertrag niedrig,Neutral,Telefon,Mittel,2023-07-28,169
4449,19540,2024-06-18,Wallbox,E-Mobility,Wallbox defekt,Negativ,Telefon,Mittel,2024-06-26,17
4450,18101,2024-09-08,Solar,Technisch,Einspeisevergütung Frage,Neutral,App,Mittel,2024-09-15,56
4451,17295,2023-08-13,Allgemein,Service,Informationsanfrage,Neutral,App,Mittel,2023-08-14,61
4452,3047,2024-09-05,Allgemein,Service,Beschwerde,Negativ,Email,Mittel,2024-09-08,192
4453,17539,2023-12-25,Allgemein,Service,Kontaktdaten ändern,Negativ,Chat,Niedrig,2024-01-05,144
4454,19842,2023-11-23,Allgemein,Service,Informationsanfrage,Neutral,Telefon,Niedrig,2023-11-25,6
4455,10369,2024-01-26,Wärmepumpe,Technisch,Wartung angefragt,Neutral,Telefon,Mittel,2024-02-06,105
4456,332,2024-09-18,Tarif,Vertrag,Kündigung,Neutral,Telefon,Mittel,2024-09-27,49
4457,2852,2025-02-12,Solar,Technisch,Solaranlage produziert nicht,Negativ,Email,Hoch,2025-02-19,123
4458,16367,2023-07-23,Allgemein,Service,Allgemeine Anfrage,Neutral,Email,Niedrig,2023-08-05,147
4459,11371,2024-10-22,Allgemein,Service,Beschwerde,Negativ,Telefon,Mittel,2024-11-04,30
4460,9120,2024-05-07,Rechnung,Abrechnung,Unstimmigkeit in Rechnung,Neutral,Email,Hoch,2024-05-13,195
4461,15893,2025-06-29,Wärmepumpe,Technisch,Fehlercode E01 angezeigt,Positiv,App,Kritisch,2025-06-30,115
4462,12189,2025-05-04,Rechnung,Abrechnung,Unstimmigkeit in Rechnung,Neutral,Chat,Mittel,2025-05-17,2
4463,19560,2023-07-13,Wallbox,E-Mobility,App-Verbindung unterbrochen,Positiv,Email,Mittel,2023-07-24,70
4464,13799,2024-01-16,Tarif,Vertrag,Ökostrom Umstellung,Negativ,Chat,Niedrig,2024-01-20,66
4465,19355,2024-01-05,Allgemein,Service,Lob,Positiv,App,Niedrig,2024-01-14,154
4466,2536,2023-12-23,Solar,Technisch,Einspeisevergütung Frage,Positiv,Chat,Mittel,2023-12-25,133
4467,17397,2023-02-27,Solar,Technisch,Solaranlage Ertrag niedrig,Negativ,Email,Hoch,2023-03-06,157
4468,10884,2023-09-21,Wallbox,E-Mobility,Ladekarte Probleme,Negativ,Telefon,Hoch,2023-09-24,143
4469,13098,2023-06-24,Wallbox,E-Mobility,Wallbox defekt,Negativ,App,Mittel,2023-06-29,181
4470,6976,2024-09-30,Solar,Technisch,Solaranlage Ertrag niedrig,Negativ,App,Hoch,2024-10-03,133
4471,2597,2023-05-14,Rechnung,Abrechnung,Abschlag zu hoch,Neutral,App,Hoch,2023-05-15,68
4472,2234,2025-02-07,Solar,Technisch,Solaranlage Ertrag niedrig,Neutral,App,Mittel,2025-02-18,44
4473,17320,2023-02-12,Allgemein,Service,Informationsanfrage,Neutral,Email,Hoch,2023-02-12,36
4474,18319,2023-03-23,Tarif,Vertrag,Preisgarantie Frage,Neutral,App,Kritisch,2023-03-29,80
4475,12413,2024-10-12,Wärmepumpe,Technisch,Wärmepumpe läuft nicht,Negativ,Chat,Kritisch,2024-10-19,188
4476,18155,2025-05-09,Rechnung,Abrechnung,Abschlag anpassen,Neutral,App,Mittel,2025-05-21,189
4477,14555,2023-01-17,Smart Meter,Installation,Smart Meter Ablesung fehlerhaft,Neutral,Email,Mittel,2023-01-17,24
4478,15970,2025-05-21,Tarif,Vertrag,Ökostrom Umstellung,Neutral,Telefon,Mittel,2025-05-24,122
4479,16185,2025-04-23,Speicher,Technisch,Speicher lädt nicht,Negativ,Email,Mittel,2025-05-01,43
4480,11203,2023-03-20,Smart Meter,Installation,Smart Meter defekt,Negativ,Telefon,Hoch,2023-03-27,16
4481,11479,2023-05-15,Rechnung,Abrechnung,Gutschrift angefragt,Neutral,Chat,Mittel,2023-05-28,165
4482,18004,2024-11-01,Wallbox,E-Mobility,Wallbox lädt nicht,Negativ,Telefon,Niedrig,2024-11-11,156
4483,6416,2025-03-20,Solar,Technisch,Einspeisevergütung Frage,Neutral,App,Mittel,2025-03-20,2
4484,4489,2025-05-04,Smart Meter,Installation,Smart Meter App funktioniert nicht,Negativ,Chat,Kritisch,2025-05-09,73
4485,893,2023-11-02,Rechnung,Abrechnung,Unstimmigkeit in Rechnung,Positiv,App,Mittel,2023-11-02,98
4486,17002,2023-12-07,Allgemein,Service,Informationsanfrage,Negativ,App,Mittel,2023-12-18,157
4487,3327,2024-03-02,Allgemein,Service,Allgemeine Anfrage,Neutral,Chat,Mittel,2024-03-05,92
4488,1264,2024-04-05,Rechnung,Abrechnung,Gutschrift angefragt,Neutral,Email,Mittel,2024-04-09,69
4489,2232,2024-09-14,Rechnung,Abrechnung,Rechnungsfrage,Positiv,Chat,Hoch,2024-09-15,126
4490,6886,2024-07-25,Speicher,Technisch,Batteriespeicher Störung,Negativ,Telefon,Kritisch,2024-07-31,101
4491,3601,2025-05-02,Wallbox,E-Mobility,Wallbox lädt nicht,Negativ,Chat,Kritisch,2025-05-03,159
4492,16664,2025-03-06,Rechnung,Abrechnung,Abschlag zu hoch,Neutral,App,Niedrig,2025-03-20,75
4493,10147,2023-04-11,Smart Meter,Installation,Smart Meter zeigt keine Daten,Negativ,App,Mittel,2023-04-15,77
4494,18721,2024-03-13,Smart Meter,Installation,Smart Meter zeigt keine Daten,Positiv,Chat,Mittel,2024-03-20,96
4495,11933,2023-05-21,Solar,Technisch,Wechselrichter Fehler,Neutral,Chat,Niedrig,2023-05-22,190
4496,10266,2023-02-23,Allgemein,Service,Beschwerde,Negativ,App,Hoch,2023-02-26,94
4497,8627,2024-12-26,Smart Meter,Installation,Smart Meter defekt,Negativ,Telefon,Kritisch,2024-12-31,49
4498,12357,2024-07-03,Allgemein,Service,Kontaktdaten ändern,Positiv,Email,Hoch,2024-07-08,20
4499,16626,2023-12-21,Smart Meter,Installation,Smart Meter App funktioniert nicht,Negativ,Email,Niedrig,2023-12-29,86
4500,2935,2023-12-03,Wärmepumpe,Technisch,Geräuschentwicklung zu hoch,Positiv,Telefon,Niedrig,2023-12-09,57
4501,19412,2024-07-24,Tarif,Vertrag,Vertragsverlängerung,Neutral,Chat,Niedrig,2024-07-28,68
4502,709,2024-04-19,Wallbox,E-Mobility,Wallbox defekt,Negativ,Email,Mittel,2024-04-29,172
4503,13501,2024-02-18,Wärmepumpe,Technisch,Fehlercode E01 angezeigt,Positiv,Email,Mittel,2024-02-18,144
4504,16512,2025-04-29,Speicher,Technisch,Kapazität gesunken,Neutral,Email,Mittel,2025-05-04,131
4505,14052,2024-11-15,Speicher,Technisch,Kapazität gesunken,Negativ,Telefon,Mittel,2024-11-27,13
4506,1746,2024-12-01,Rechnung,Abrechnung,Gutschrift angefragt,Neutral,Chat,Mittel,2024-12-08,127
4507,17066,2023-11-20,Wallbox,E-Mobility,App-Verbindung unterbrochen,Negativ,Chat,Niedrig,2023-11-26,129
4508,15985,2023-05-01,Allgemein,Service,Kontaktdaten ändern,Neutral,Chat,Mittel,2023-05-05,61
4509,12364,2023-03-08,Solar,Technisch,Einspeisevergütung Frage,Neutral,Email,Mittel,2023-03-22,192
4510,1370,2023-12-05,Solar,Technisch,Solaranlage Ertrag niedrig,Positiv,App,Mittel,2023-12-15,146
4511,16869,2025-03-20,Tarif,Vertrag,Vertragsverlängerung,Positiv,Email,Mittel,2025-03-20,16
4512,19517,2023-05-19,Wärmepumpe,Technisch,Wartung angefragt,Positiv,Chat,Mittel,2023-05-29,113
4513,1525,2025-05-10,Smart Meter,Installation,Smart Meter Ablesung fehlerhaft,Neutral,Telefon,Niedrig,2025-05-16,5
4514,5592,2025-04-05,Smart Meter,Installation,Smart Meter zeigt keine Daten,Neutral,Telefon,Niedrig,2025-04-16,188
4515,19829,2023-12-09,Allgemein,Service,Kontaktdaten ändern,Neutral,Email,Niedrig,2023-12-20,76
4516,10084,2024-07-05,Wallbox,E-Mobility,Ladekarte Probleme,Negativ,App,Mittel,2024-07-08,118
4517,6798,2024-04-20,Wallbox,E-Mobility,Wallbox lädt nicht,Negativ,App,Hoch,2024-04-23,80
4518,4069,2023-05-13,Tarif,Vertrag,Tarifwechsel angefragt,Negativ,App,Hoch,2023-05-13,119
4519,8722,2024-05-11,Wärmepumpe,Technisch,Wärmepumpe Störung,Negativ,Telefon,Kritisch,2024-05-11,153
4520,17184,2025-04-30,Speicher,Technisch,Batteriespeicher Störung,Negativ,Chat,Hoch,2025-05-05,137
4521,10104,2024-05-08,Speicher,Technisch,Speicher lädt nicht,Negativ,Email,Mittel,2024-05-18,41
4522,19243,2024-12-22,Wallbox,E-Mobility,Wallbox Installation angefragt,Negativ,Telefon,Mittel,2025-01-04,60
4523,4946,2023-02-12,Tarif,Vertrag,Vertragsverlängerung,Neutral,Telefon,Mittel,2023-02-12,6
4524,13485,2024-01-05,Tarif,Vertrag,Vertragsverlängerung,Neutral,Telefon,Niedrig,2024-01-12,164
4525,13742,2025-04-02,Solar,Technisch,Monitoring nicht verfügbar,Negativ,Email,Hoch,2025-04-08,118
4526,15264,2025-03-07,Smart Meter,Installation,Smart Meter Installation angefragt,Neutral,App,Mittel,2025-03-09,85
4527,14521,2023-07-11,Allgemein,Service,Lob,Positiv,Email,Niedrig,2023-07-21,133
4528,3873,2024-03-09,Tarif,Vertrag,Ökostrom Umstellung,Positiv,Chat,Mittel,2024-03-22,184
4529,9682,2024-07-23,Tarif,Vertrag,Kündigung,Neutral,Chat,Mittel,2024-08-03,180
4530,9670,2024-07-03,Rechnung,Abrechnung,Abschlag zu hoch,Neutral,Chat,Hoch,2024-07-03,19
4531,11495,2025-02-10,Tarif,Vertrag,Kündigung,Positiv,Chat,Niedrig,2025-02-14,134
4532,536,2024-01-22,Smart Meter,Installation,Smart Meter zeigt keine Daten,Neutral,Email,Mittel,2024-01-24,24
4533,8030,2024-04-02,Rechnung,Abrechnung,Zahlungsplan angefragt,Negativ,Telefon,Niedrig,2024-04-09,61
4534,3532,2023-07-15,Smart Meter,Installation,Smart Meter zeigt keine Daten,Neutral,Email,Mittel,2023-07-25,9
4535,9979,2025-02-06,Speicher,Technisch,Speicher lädt nicht,Negativ,Telefon,Hoch,2025-02-13,151
4536,15463,2025-03-11,Wallbox,E-Mobility,Ladekarte Probleme,Neutral,App,Niedrig,2025-03-13,97
4537,16171,2024-04-09,Wärmepumpe,Technisch,Wartung angefragt,Neutral,Email,Mittel,2024-04-10,158
4538,5518,2025-02-07,Tarif,Vertrag,Ökostrom Umstellung,Neutral,Email,Niedrig,2025-02-09,69
4539,10950,2023-06-29,Rechnung,Abrechnung,Abschlag anpassen,Neutral,App,Niedrig,2023-07-05,55
4540,129,2023-12-06,Wärmepumpe,Technisch,Geräuschentwicklung zu hoch,Neutral,Email,Mittel,2023-12-16,16
4541,1605,2024-07-07,Smart Meter,Installation,Smart Meter Installation angefragt,Neutral,Telefon,Mittel,2024-07-11,132
4542,18225,2025-06-19,Tarif,Vertrag,Kündigung,Neutral,Email,Mittel,2025-06-22,86
4543,1780,2023-10-16,Wärmepumpe,Technisch,Fehlercode E01 angezeigt,Neutral,Email,Kritisch,2023-10-19,22
4544,14599,2023-09-18,Solar,Technisch,Solaranlage produziert nicht,Negativ,Telefon,Niedrig,2023-09-23,89
4545,19220,2024-07-26,Tarif,Vertrag,Umzug melden,Neutral,Email,Hoch,2024-07-27,120
4546,19805,2023-10-16,Solar,Technisch,Solaranlage produziert nicht,Negativ,App,Mittel,2023-10-26,98
4547,1206,2024-10-05,Tarif,Vertrag,Umzug melden,Neutral,Email,Niedrig,2024-10-08,110
4548,9938,2023-10-14,Tarif,Vertrag,Vertragsverlängerung,Negativ,Telefon,Mittel,2023-10-20,176
4549,17278,2025-03-18,Allgemein,Service,Lob,Positiv,Telefon,Niedrig,2025-03-21,95
4550,4309,2023-08-03,Rechnung,Abrechnung,Zahlungsplan angefragt,Positiv,Chat,Mittel,2023-08-11,200
4551,17448,2024-12-14,Solar,Technisch,Solaranlage produziert nicht,Negativ,Email,Hoch,2024-12-21,71
4552,14343,2023-06-09,Speicher,Technisch,Batteriespeicher Störung,Negativ,Telefon,Kritisch,2023-06-15,147
4553,17359,2023-03-12,Smart Meter,Installation,Smart Meter Ablesung fehlerhaft,Positiv,Chat,Niedrig,2023-03-23,139
4554,6379,2025-03-26,Rechnung,Abrechnung,Abschlag zu hoch,Neutral,Chat,Mittel,2025-03-28,156
4555,19514,2023-08-12,Allgemein,Service,Allgemeine Anfrage,Negativ,Email,Mittel,2023-08-25,41
4556,9576,2023-03-10,Speicher,Technisch,Kapazität gesunken,Negativ,Telefon,Mittel,2023-03-21,80
4557,15837,2023-09-09,Speicher,Technisch,Batteriespeicher Störung,Negativ,Telefon,Niedrig,2023-09-23,163
4558,18135,2023-09-29,Solar,Technisch,Wechselrichter Fehler,Positiv,Chat,Mittel,2023-10-07,156
4559,16356,2024-05-02,Solar,Technisch,Solaranlage Ertrag niedrig,Positiv,Telefon,Hoch,2024-05-03,59
4560,8517,2024-05-01,Solar,Technisch,Solaranlage Ertrag niedrig,Neutral,Email,Hoch,2024-05-03,18
4561,13204,2023-04-11,Rechnung,Abrechnung,Unstimmigkeit in Rechnung,Neutral,Email,Mittel,2023-04-22,75
4562,16489,2023-09-22,Solar,Technisch,Solaranlage Ertrag niedrig,Neutral,App,Mittel,2023-09-25,34
4563,14117,2025-01-25,Smart Meter,Installation,Smart Meter zeigt keine Daten,Neutral,App,Niedrig,2025-01-28,116
4564,16268,2024-12-22,Solar,Technisch,Solaranlage produziert nicht,Negativ,App,Hoch,2024-12-24,66
4565,17324,2024-09-02,Speicher,Technisch,Batteriespeicher Störung,Negativ,App,Hoch,2024-09-02,61
4566,10644,2025-01-09,Allgemein,Service,Allgemeine Anfrage,Negativ,Email,Mittel,2025-01-14,153
4567,4003,2025-03-11,Speicher,Technisch,Batteriespeicher Störung,Negativ,App,Niedrig,2025-03-16,149
4568,8294,2024-01-31,Rechnung,Abrechnung,Abschlag zu hoch,Neutral,Email,Niedrig,2024-02-06,148
4569,17410,2025-02-05,Solar,Technisch,Einspeisevergütung Frage,Neutral,Telefon,Hoch,2025-02-10,57
4570,4920,2025-06-28,Tarif,Vertrag,Vertragsverlängerung,Neutral,Email,Mittel,2025-07-09,166
4571,7874,2024-06-27,Speicher,Technisch,Kapazität gesunken,Negativ,Chat,Mittel,2024-07-05,86
4572,10867,2024-10-15,Tarif,Vertrag,Preisgarantie Frage,Neutral,Chat,Mittel,2024-10-20,41
4573,16165,2023-01-27,Rechnung,Abrechnung,Abschlag zu hoch,Negativ,Telefon,Hoch,2023-01-31,46
4574,6091,2023-06-10,Wärmepumpe,Technisch,Fehlercode E01 angezeigt,Neutral,App,Mittel,2023-06-14,179
4575,649,2023-10-03,Allgemein,Service,Informationsanfrage,Neutral,App,Niedrig,2023-10-09,174
4576,15063,2025-05-19,Wallbox,E-Mobility,App-Verbindung unterbrochen,Neutral,Email,Niedrig,2025-05-24,153
4577,17151,2025-05-31,Wallbox,E-Mobility,Ladekarte Probleme,Negativ,App,Mittel,2025-06-02,141
4578,4193,2024-11-21,Tarif,Vertrag,Tarifwechsel angefragt,Positiv,Chat,Niedrig,2024-11-24,78
4579,8903,2025-02-02,Rechnung,Abrechnung,Zahlungsplan angefragt,Negativ,App,Mittel,2025-02-11,66
4580,14634,2024-01-20,Wärmepumpe,Technisch,Wärmepumpe Störung,Negativ,Email,Hoch,2024-01-26,157
4581,9501,2023-12-28,Rechnung,Abrechnung,Unstimmigkeit in Rechnung,Neutral,Chat,Hoch,2024-01-04,52
4582,18532,2023-11-29,Solar,Technisch,Solaranlage Ertrag niedrig,Neutral,Telefon,Mittel,2023-12-03,25
4583,19709,2024-11-29,Smart Meter,Installation,Smart Meter Installation angefragt,Neutral,Telefon,Mittel,2024-11-30,177
4584,14326,2024-04-15,Speicher,Technisch,Kapazität gesunken,Neutral,Chat,Mittel,2024-04-17,188
4585,2739,2024-04-23,Smart Meter,Installation,Smart Meter defekt,Negativ,Chat,Mittel,2024-04-28,47
4586,5521,2024-07-26,Smart Meter,Installation,Smart Meter Installation angefragt,Neutral,Email,Mittel,2024-08-03,115
4587,773,2023-10-23,Tarif,Vertrag,Tarifwechsel angefragt,Positiv,Chat,Mittel,2023-11-06,158
4588,6233,2023-01-25,Allgemein,Service,Kontaktdaten ändern,Neutral,Chat,Mittel,2023-01-26,47
4589,2568,2024-12-22,Wärmepumpe,Technisch,Geräuschentwicklung zu hoch,Neutral,Email,Kritisch,2024-12-23,148
4590,9639,2024-10-26,Rechnung,Abrechnung,Unstimmigkeit in Rechnung,Neutral,Chat,Mittel,2024-10-27,158
4591,6206,2023-03-27,Wärmepumpe,Technisch,Wärmepumpe Störung,Negativ,Telefon,Kritisch,2023-03-31,198
4592,3291,2024-05-23,Allgemein,Service,Allgemeine Anfrage,Neutral,Email,Mittel,2024-06-04,108
4593,18236,2023-02-24,Tarif,Vertrag,Vertragsverlängerung,Neutral,Telefon,Mittel,2023-03-05,118
4594,8793,2023-06-10,Tarif,Vertrag,Tarifwechsel angefragt,Positiv,App,Mittel,2023-06-10,50
4595,3832,2023-04-05,Rechnung,Abrechnung,Rechnungsfrage,Negativ,Email,Mittel,2023-04-10,9
4596,17679,2023-02-06,Speicher,Technisch,Speicher lädt nicht,Negativ,Telefon,Hoch,2023-02-13,28
4597,17692,2023-11-03,Rechnung,Abrechnung,Rechnungsfrage,Neutral,Chat,Niedrig,2023-11-04,102
4598,13926,2024-10-24,Smart Meter,Installation,Smart Meter Ablesung fehlerhaft,Positiv,Chat,Mittel,2024-11-02,130
4599,9039,2024-06-01,Smart Meter,Installation,Smart Meter Ablesung fehlerhaft,Neutral,Email,Niedrig,2024-06-09,62
4600,7257,2024-05-03,Allgemein,Service,Lob,Positiv,Telefon,Niedrig,2024-05-03,196
4601,5028,2023-03-07,Allgemein,Service,Informationsanfrage,Neutral,Telefon,Mittel,2023-03-08,81
4602,16022,2024-02-19,Allgemein,Service,Lob,Positiv,Chat,Niedrig,2024-03-01,104
4603,10249,2023-02-27,Rechnung,Abrechnung,Rechnungsfrage,Neutral,Chat,Hoch,2023-02-28,117
4604,3657,2023-10-14,Tarif,Vertrag,Vertragsverlängerung,Positiv,Email,Hoch,2023-10-15,63
4605,1728,2025-01-25,Wallbox,E-Mobility,App-Verbindung unterbrochen,Positiv,Chat,Mittel,2025-01-25,138
4606,1272,2023-07-31,Allgemein,Service,Beschwerde,Negativ,Chat,Mittel,2023-08-11,62
4607,13989,2025-04-03,Allgemein,Service,Allgemeine Anfrage,Positiv,Telefon,Mittel,2025-04-09,118
4608,11574,2025-03-22,Solar,Technisch,Einspeisevergütung Frage,Neutral,Chat,Mittel,2025-03-26,29
4609,3697,2023-09-25,Smart Meter,Installation,Smart Meter Installation angefragt,Positiv,Email,Hoch,2023-09-25,130
4610,3437,2025-03-06,Wallbox,E-Mobility,App-Verbindung unterbrochen,Neutral,Email,Mittel,2025-03-19,38
4611,12549,2024-03-06,Solar,Technisch,Solaranlage produziert nicht,Negativ,Telefon,Mittel,2024-03-09,42
4612,19060,2024-02-16,Allgemein,Service,Beschwerde,Negativ,Chat,Hoch,2024-02-16,115
4613,9806,2024-04-22,Rechnung,Abrechnung,Unstimmigkeit in Rechnung,Neutral,Email,Hoch,2024-04-22,116
4614,16343,2023-06-27,Allgemein,Service,Kontaktdaten ändern,Neutral,Chat,Niedrig,2023-07-01,71
4615,7362,2024-10-06,Tarif,Vertrag,Vertragsverlängerung,Neutral,App,Mittel,2024-10-08,153
4616,1687,2023-09-17,Rechnung,Abrechnung,Rechnungsfrage,Positiv,App,Niedrig,2023-09-27,142
4617,7694,2025-06-20,Smart Meter,Installation,Smart Meter defekt,Negativ,Telefon,Hoch,2025-06-20,95
4618,7754,2024-07-10,Smart Meter,Installation,Smart Meter zeigt keine Daten,Neutral,Chat,Niedrig,2024-07-12,59
4619,15669,2024-12-08,Solar,Technisch,Wechselrichter Fehler,Negativ,Chat,Mittel,2024-12-11,144
4620,12322,2023-03-22,Solar,Technisch,Wechselrichter Fehler,Positiv,Telefon,Mittel,2023-03-27,21
4621,5971,2024-04-04,Speicher,Technisch,Batteriespeicher Störung,Negativ,Chat,Kritisch,2024-04-08,76
4622,6196,2023-07-30,Tarif,Vertrag,Ökostrom Umstellung,Neutral,App,Mittel,2023-08-02,179
4623,15260,2024-01-31,Wallbox,E-Mobility,Wallbox lädt nicht,Negativ,Chat,Hoch,2024-02-06,12
4624,5503,2024-08-18,Speicher,Technisch,Kapazität gesunken,Neutral,App,Hoch,2024-08-22,54
4625,3375,2023-03-27,Speicher,Technisch,Speicher lädt nicht,Negativ,Chat,Mittel,2023-04-10,176
4626,19311,2023-07-06,Wärmepumpe,Technisch,Wartung angefragt,Neutral,Chat,Mittel,2023-07-09,48
4627,3753,2023-05-12,Wärmepumpe,Technisch,Wartung angefragt,Positiv,Email,Hoch,2023-05-14,54
4628,19862,2024-01-15,Allgemein,Service,Beschwerde,Negativ,App,Mittel,2024-01-24,115
4629,6909,2024-04-30,Speicher,Technisch,Kapazität gesunken,Neutral,Chat,Niedrig,2024-05-01,92
4630,6125,2024-05-14,Wärmepumpe,Technisch,Wartung angefragt,Negativ,App,Niedrig,2024-05-19,89
4631,7941,2024-10-27,Rechnung,Abrechnung,Abschlag anpassen,Neutral,Telefon,Hoch,2024-10-30,154
4632,8973,2023-02-05,Wärmepumpe,Technisch,Wartung angefragt,Negativ,App,Hoch,2023-02-10,18
4633,11510,2023-11-15,Tarif,Vertrag,Kündigung,Neutral,Chat,Mittel,2023-11-27,135
4634,934,2023-10-27,Smart Meter,Installation,Smart Meter zeigt keine Daten,Positiv,Email,Mittel,2023-10-29,32
4635,4481,2024-08-25,Solar,Technisch,Solaranlage produziert nicht,Negativ,Chat,Mittel,2024-09-03,1
4636,7913,2023-08-30,Wärmepumpe,Technisch,Wärmepumpe Störung,Negativ,App,Hoch,2023-09-03,89
4637,572,2023-03-29,Smart Meter,Installation,Smart Meter zeigt keine Daten,Negativ,App,Niedrig,2023-04-11,23
4638,2027,2025-04-10,Allgemein,Service,Lob,Positiv,App,Niedrig,2025-04-21,77
4639,8569,2024-11-28,Allgemein,Service,Kontaktdaten ändern,Neutral,Chat,Niedrig,2024-12-08,89
4640,9147,2024-04-12,Wallbox,E-Mobility,Wallbox Installation angefragt,Positiv,Telefon,Mittel,2024-04-16,119
4641,7117,2024-04-30,Smart Meter,Installation,Smart Meter App funktioniert nicht,Negativ,Chat,Hoch,2024-04-30,155
4642,9669,2023-07-05,Wallbox,E-Mobility,Wallbox Installation angefragt,Neutral,App,Hoch,2023-07-10,21
4643,9515,2025-04-10,Smart Meter,Installation,Smart Meter defekt,Negativ,Chat,Mittel,2025-04-18,47
4644,18565,2025-06-22,Allgemein,Service,Lob,Positiv,Telefon,Niedrig,2025-07-03,51
4645,19948,2023-02-16,Tarif,Vertrag,Ökostrom Umstellung,Neutral,Telefon,Hoch,2023-02-17,39
4646,7941,2023-01-07,Solar,Technisch,Solaranlage Ertrag niedrig,Neutral,Email,Niedrig,2023-01-07,52
4647,2838,2025-06-10,Smart Meter,Installation,Smart Meter Ablesung fehlerhaft,Neutral,Telefon,Niedrig,2025-06-16,54
4648,18447,2023-11-18,Speicher,Technisch,Kapazität gesunken,Neutral,Chat,Hoch,2023-11-18,105
4649,16265,2023-06-29,Smart Meter,Installation,Smart Meter zeigt keine Daten,Neutral,Telefon,Mittel,2023-07-13,124
4650,8625,2024-03-21,Allgemein,Service,Lob,Positiv,App,Niedrig,2024-03-28,105
4651,5376,2023-11-23,Rechnung,Abrechnung,Zahlungsplan angefragt,Neutral,Chat,Mittel,2023-12-03,138
4652,1749,2025-03-16,Solar,Technisch,Monitoring nicht verfügbar,Negativ,Email,Mittel,2025-03-17,99
4653,18084,2024-02-02,Smart Meter,Installation,Smart Meter Installation angefragt,Neutral,Telefon,Niedrig,2024-02-09,48
4654,14899,2024-07-04,Wallbox,E-Mobility,Ladekarte Probleme,Neutral,Chat,Niedrig,2024-07-12,129
4655,8138,2023-02-24,Rechnung,Abrechnung,Rechnungsfrage,Negativ,Chat,Hoch,2023-03-03,63
4656,7592,2023-10-11,Wallbox,E-Mobility,Wallbox Installation angefragt,Neutral,Telefon,Niedrig,2023-10-22,182
4657,12085,2023-03-18,Tarif,Vertrag,Tarifwechsel angefragt,Neutral,App,Hoch,2023-03-24,34
4658,6021,2024-02-29,Tarif,Vertrag,Tarifwechsel angefragt,Negativ,App,Niedrig,2024-03-03,142
4659,6796,2023-03-08,Smart Meter,Installation,Smart Meter App funktioniert nicht,Negativ,Telefon,Kritisch,2023-03-13,157
4660,10146,2024-12-30,Wallbox,E-Mobility,Wallbox lädt nicht,Negativ,Chat,Hoch,2024-12-31,101
4661,2183,2023-07-13,Solar,Technisch,Wechselrichter Fehler,Neutral,Telefon,Mittel,2023-07-22,2
4662,1037,2025-06-08,Tarif,Vertrag,Vertragsverlängerung,Negativ,Chat,Mittel,2025-06-08,46
4663,1610,2023-02-04,Rechnung,Abrechnung,Gutschrift angefragt,Neutral,Chat,Mittel,2023-02-13,178
4664,391,2023-06-17,Speicher,Technisch,Kapazität gesunken,Negativ,Email,Mittel,2023-06-17,22
4665,18186,2024-06-12,Smart Meter,Installation,Smart Meter zeigt keine Daten,Positiv,Chat,Niedrig,2024-06-17,199
4666,12526,2023-06-11,Allgemein,Service,Beschwerde,Negativ,App,Hoch,2023-06-12,106
4667,5968,2024-08-11,Allgemein,Service,Informationsanfrage,Positiv,Telefon,Hoch,2024-08-16,189
4668,15670,2023-08-18,Speicher,Technisch,Speicher lädt nicht,Negativ,Chat,Hoch,2023-08-21,59
4669,4391,2024-11-01,Tarif,Vertrag,Preisgarantie Frage,Neutral,Email,Niedrig,2024-11-15,189
4670,6601,2023-02-24,Rechnung,Abrechnung,Rechnungsfrage,Neutral,Telefon,Niedrig,2023-03-09,27
4671,2249,2024-04-24,Speicher,Technisch,Batteriespeicher Störung,Negativ,Chat,Kritisch,2024-04-30,10
4672,13573,2023-02-24,Wallbox,E-Mobility,Ladekarte Probleme,Neutral,Telefon,Niedrig,2023-02-28,193
4673,11924,2023-06-09,Wärmepumpe,Technisch,Wartung angefragt,Neutral,Email,Hoch,2023-06-13,46
4674,12614,2023-10-28,Rechnung,Abrechnung,Rechnungsfrage,Neutral,Email,Mittel,2023-10-30,66
4675,12044,2023-07-02,Smart Meter,Installation,Smart Meter defekt,Negativ,Chat,Hoch,2023-07-04,186
4676,9191,2023-04-06,Allgemein,Service,Allgemeine Anfrage,Positiv,App,Mittel,2023-04-17,126
4677,1988,2024-06-17,Wallbox,E-Mobility,App-Verbindung unterbrochen,Neutral,Chat,Niedrig,2024-06-30,45
4678,7958,2023-12-09,Wärmepumpe,Technisch,Wärmepumpe Störung,Negativ,Telefon,Mittel,2023-12-10,4
4679,11155,2023-03-06,Wärmepumpe,Technisch,Fehlercode E01 angezeigt,Positiv,Telefon,Niedrig,2023-03-11,44
4680,17645,2025-04-09,Speicher,Technisch,Batteriespeicher Störung,Negativ,Chat,Hoch,2025-04-15,45
4681,14307,2023-09-17,Wallbox,E-Mobility,App-Verbindung unterbrochen,Neutral,Chat,Niedrig,2023-09-24,168
4682,1212,2023-07-09,Smart Meter,Installation,Smart Meter defekt,Negativ,Telefon,Kritisch,2023-07-11,165
4683,5582,2025-02-04,Tarif,Vertrag,Tarifwechsel angefragt,Neutral,Email,Mittel,2025-02-08,34
4684,11280,2024-08-15,Smart Meter,Installation,Smart Meter Ablesung fehlerhaft,Neutral,Telefon,Niedrig,2024-08-27,160
4685,16370,2025-06-13,Smart Meter,Installation,Smart Meter Installation angefragt,Negativ,App,Mittel,2025-06-17,147
4686,16145,2023-03-01,Allgemein,Service,Informationsanfrage,Neutral,Email,Hoch,2023-03-07,44
4687,9843,2023-07-13,Speicher,Technisch,Speicher lädt nicht,Negativ,App,Niedrig,2023-07-14,48
4688,18930,2025-03-10,Smart Meter,Installation,Smart Meter Ablesung fehlerhaft,Neutral,App,Mittel,2025-03-22,196
4689,17571,2023-06-17,Solar,Technisch,Monitoring nicht verfügbar,Negativ,App,Hoch,2023-06-24,146
4690,18815,2025-06-16,Allgemein,Service,Kontaktdaten ändern,Positiv,App,Mittel,2025-06-29,170
4691,7479,2025-02-06,Rechnung,Abrechnung,Gutschrift angefragt,Positiv,Email,Niedrig,2025-02-17,190
4692,4252,2024-08-25,Allgemein,Service,Beschwerde,Negativ,Chat,Niedrig,2024-09-03,2
4693,10970,2024-09-08,Allgemein,Service,Kontaktdaten ändern,Negativ,App,Niedrig,2024-09-11,155
4694,14492,2023-08-02,Smart Meter,Installation,Smart Meter App funktioniert nicht,Negativ,Email,Hoch,2023-08-07,65
4695,17872,2023-09-18,Tarif,Vertrag,Preisgarantie Frage,Positiv,App,Mittel,2023-09-23,122
4696,11420,2025-01-12,Tarif,Vertrag,Ökostrom Umstellung,Neutral,App,Mittel,2025-01-14,139
4697,18431,2023-01-14,Tarif,Vertrag,Umzug melden,Neutral,Email,Niedrig,2023-01-20,166
4698,11408,2024-01-30,Tarif,Vertrag,Tarifwechsel angefragt,Positiv,Email,Mittel,2024-02-05,78
4699,2174,2023-04-02,Allgemein,Service,Informationsanfrage,Neutral,Telefon,Hoch,2023-04-06,21
4700,16939,2023-06-17,Allgemein,Service,Beschwerde,Negativ,Email,Hoch,2023-06-17,23
4701,13895,2023-01-21,Tarif,Vertrag,Tarifwechsel angefragt,Neutral,Email,Mittel,2023-01-24,87
4702,12373,2024-06-22,Wallbox,E-Mobility,Wallbox lädt nicht,Negativ,Telefon,Hoch,2024-06-28,78
4703,4978,2023-05-01,Tarif,Vertrag,Tarifwechsel angefragt,Positiv,Email,Mittel,2023-05-03,50
4704,15381,2023-10-22,Wallbox,E-Mobility,Wallbox lädt nicht,Negativ,Email,Niedrig,2023-11-01,192
4705,10829,2025-04-05,Wärmepumpe,Technisch,Wärmepumpe Störung,Negativ,Telefon,Mittel,2025-04-09,96
4706,4568,2024-08-11,Tarif,Vertrag,Kündigung,Neutral,Email,Mittel,2024-08-11,22
4707,17313,2025-02-14,Wallbox,E-Mobility,Wallbox defekt,Negativ,Chat,Hoch,2025-02-15,100
4708,16070,2025-05-01,Rechnung,Abrechnung,Rechnungsfrage,Positiv,Chat,Niedrig,2025-05-13,180
4709,11600,2023-07-19,Wärmepumpe,Technisch,Fehlercode E01 angezeigt,Positiv,Email,Hoch,2023-07-19,86
4710,18408,2024-07-23,Solar,Technisch,Solaranlage Ertrag niedrig,Neutral,Email,Niedrig,2024-08-02,84
4711,17741,2023-05-19,Rechnung,Abrechnung,Abschlag anpassen,Negativ,App,Mittel,2023-05-26,59
4712,17161,2024-05-16,Rechnung,Abrechnung,Rechnungsfrage,Neutral,Chat,Hoch,2024-05-23,86
4713,14638,2023-04-05,Allgemein,Service,Beschwerde,Negativ,Chat,Mittel,2023-04-10,46
4714,5143,2024-01-06,Allgemein,Service,Lob,Positiv,Telefon,Niedrig,2024-01-14,112
4715,17247,2025-06-23,Allgemein,Service,Allgemeine Anfrage,Neutral,Email,Mittel,2025-06-27,135
4716,12225,2023-09-16,Smart Meter,Installation,Smart Meter zeigt keine Daten,Negativ,Telefon,Mittel,2023-09-24,135
4717,3010,2023-06-01,Solar,Technisch,Solaranlage Ertrag niedrig,Neutral,App,Kritisch,2023-06-04,197
4718,15689,2023-06-16,Solar,Technisch,Solaranlage Ertrag niedrig,Neutral,Email,Mittel,2023-06-20,88
4719,12542,2023-03-16,Allgemein,Service,Beschwerde,Negativ,Email,Kritisch,2023-03-17,73
4720,13476,2023-12-30,Wärmepumpe,Technisch,Wartung angefragt,Positiv,Chat,Niedrig,2023-12-30,59
4721,8640,2023-04-15,Wallbox,E-Mobility,Wallbox lädt nicht,Negativ,Chat,Hoch,2023-04-19,83
4722,6816,2025-05-05,Wallbox,E-Mobility,Wallbox Installation angefragt,Neutral,App,Mittel,2025-05-08,183
4723,4646,2024-11-18,Allgemein,Service,Beschwerde,Negativ,Email,Kritisch,2024-11-25,186
4724,9028,2023-08-12,Rechnung,Abrechnung,Gutschrift angefragt,Positiv,Email,Niedrig,2023-08-25,57
4725,2745,2024-03-15,Allgemein,Service,Allgemeine Anfrage,Neutral,App,Mittel,2024-03-22,143
4726,689,2023-09-13,Wallbox,E-Mobility,App-Verbindung unterbrochen,Negativ,Telefon,Hoch,2023-09-14,41
4727,14156,2023-11-02,Wallbox,E-Mobility,App-Verbindung unterbrochen,Neutral,Telefon,Niedrig,2023-11-13,78
4728,6115,2025-04-03,Wärmepumpe,Technisch,Wärmepumpe läuft nicht,Negativ,Email,Hoch,2025-04-09,23
4729,9367,2023-08-10,Tarif,Vertrag,Umzug melden,Neutral,Telefon,Niedrig,2023-08-20,49
4730,18679,2023-04-16,Speicher,Technisch,Batteriespeicher Störung,Negativ,App,Mittel,2023-04-29,188
4731,12626,2023-02-14,Tarif,Vertrag,Kündigung,Negativ,Telefon,Mittel,2023-02-22,30
4732,9597,2023-09-21,Solar,Technisch,Solaranlage Ertrag niedrig,Neutral,Email,Hoch,2023-09-28,8
4733,10867,2023-03-30,Tarif,Vertrag,Kündigung,Positiv,Chat,Mittel,2023-04-04,43
4734,6582,2023-10-18,Wallbox,E-Mobility,Wallbox defekt,Negativ,Telefon,Hoch,2023-10-23,84
4735,5508,2024-06-18,Speicher,Technisch,Batteriespeicher Störung,Negativ,Chat,Hoch,2024-06-23,101
4736,18773,2024-06-01,Wärmepumpe,Technisch,Wärmepumpe Störung,Negativ,App,Niedrig,2024-06-05,30
4737,1369,2024-10-29,Speicher,Technisch,Batteriespeicher Störung,Negativ,Chat,Kritisch,2024-11-01,37
4738,13322,2023-03-05,Wallbox,E-Mobility,App-Verbindung unterbrochen,Neutral,Email,Mittel,2023-03-05,44
4739,176,2023-08-25,Wärmepumpe,Technisch,Effizienz zu niedrig,Negativ,App,Mittel,2023-09-04,141
4740,2586,2024-08-09,Solar,Technisch,Solaranlage produziert nicht,Negativ,Chat,Hoch,2024-08-16,58
4741,11874,2024-01-10,Tarif,Vertrag,Kündigung,Neutral,Chat,Niedrig,2024-01-19,109
4742,7950,2023-07-03,Rechnung,Abrechnung,Abschlag anpassen,Neutral,Chat,Niedrig,2023-07-08,114
4743,13772,2023-12-01,Wärmepumpe,Technisch,Fehlercode E01 angezeigt,Neutral,Email,Mittel,2023-12-11,130
4744,2613,2023-07-10,Wärmepumpe,Technisch,Wartung angefragt,Neutral,Email,Niedrig,2023-07-20,96
4745,17032,2025-04-14,Solar,Technisch,Solaranlage produziert nicht,Negativ,Email,Hoch,2025-04-17,130
4746,1749,2023-01-12,Speicher,Technisch,Speicher lädt nicht,Negativ,Telefon,Kritisch,2023-01-14,36
4747,5170,2024-11-22,Speicher,Technisch,Batteriespeicher Störung,Negativ,App,Hoch,2024-11-22,55
4748,5695,2025-02-05,Allgemein,Service,Informationsanfrage,Negativ,Telefon,Niedrig,2025-02-19,98
4749,9243,2025-02-12,Tarif,Vertrag,Umzug melden,Neutral,Telefon,Niedrig,2025-02-13,38
4750,1916,2023-05-10,Rechnung,Abrechnung,Unstimmigkeit in Rechnung,Negativ,Telefon,Niedrig,2023-05-13,100
4751,14202,2024-01-19,Tarif,Vertrag,Vertragsverlängerung,Neutral,Chat,Niedrig,2024-01-25,145
4752,17184,2024-10-06,Wärmepumpe,Technisch,Effizienz zu niedrig,Neutral,App,Mittel,2024-10-12,40
4753,19990,2023-06-03,Solar,Technisch,Monitoring nicht verfügbar,Negativ,App,Mittel,2023-06-09,25
4754,14631,2023-10-17,Rechnung,Abrechnung,Rechnungsfrage,Neutral,Telefon,Mittel,2023-10-20,150
4755,15392,2025-01-11,Smart Meter,Installation,Smart Meter Installation angefragt,Neutral,Chat,Mittel,2025-01-22,11
4756,15739,2023-01-13,Speicher,Technisch,Batteriespeicher Störung,Negativ,App,Niedrig,2023-01-25,190
4757,15837,2023-04-13,Allgemein,Service,Beschwerde,Negativ,App,Kritisch,2023-04-14,53
4758,19273,2023-05-01,Tarif,Vertrag,Vertragsverlängerung,Neutral,Email,Mittel,2023-05-03,44
4759,8021,2024-04-12,Allgemein,Service,Informationsanfrage,Neutral,Telefon,Kritisch,2024-04-19,121
4760,15606,2024-10-30,Rechnung,Abrechnung,Rechnungsfrage,Negativ,Email,Niedrig,2024-11-05,62
4761,5978,2023-11-09,Wärmepumpe,Technisch,Fehlercode E01 angezeigt,Neutral,Email,Kritisch,2023-11-11,95
4762,2268,2024-11-05,Wallbox,E-Mobility,App-Verbindung unterbrochen,Neutral,App,Mittel,2024-11-13,3
4763,16323,2023-12-05,Allgemein,Service,Beschwerde,Negativ,Email,Mittel,2023-12-13,58
4764,19572,2025-05-15,Wallbox,E-Mobility,Wallbox Installation angefragt,Neutral,Email,Hoch,2025-05-17,2
4765,17957,2024-10-09,Wallbox,E-Mobility,Wallbox lädt nicht,Negativ,Chat,Hoch,2024-10-09,140
4766,13263,2024-06-10,Allgemein,Service,Allgemeine Anfrage,Neutral,Telefon,Mittel,2024-06-21,196
4767,17257,2024-10-23,Smart Meter,Installation,Smart Meter App funktioniert nicht,Negativ,Email,Mittel,2024-11-04,20
4768,3634,2025-05-05,Wärmepumpe,Technisch,Geräuschentwicklung zu hoch,Negativ,Chat,Niedrig,2025-05-08,122
4769,14229,2023-09-03,Wärmepumpe,Technisch,Wartung angefragt,Neutral,App,Mittel,2023-09-03,190
4770,14681,2023-01-29,Speicher,Technisch,Speicher lädt nicht,Negativ,Telefon,Hoch,2023-02-03,132
4771,7350,2023-09-05,Wallbox,E-Mobility,App-Verbindung unterbrochen,Neutral,Email,Mittel,2023-09-18,138
4772,6285,2023-09-07,Smart Meter,Installation,Smart Meter Installation angefragt,Neutral,Chat,Mittel,2023-09-16,46
4773,16900,2023-11-21,Wärmepumpe,Technisch,Fehlercode E01 angezeigt,Neutral,App,Mittel,2023-11-29,145
4774,12717,2024-08-01,Smart Meter,Installation,Smart Meter defekt,Negativ,App,Mittel,2024-08-12,119
4775,5035,2025-03-13,Wärmepumpe,Technisch,Effizienz zu niedrig,Positiv,App,Kritisch,2025-03-17,197
4776,18762,2024-10-30,Tarif,Vertrag,Umzug melden,Neutral,Email,Mittel,2024-11-04,100
4777,9932,2023-01-14,Smart Meter,Installation,Smart Meter Ablesung fehlerhaft,Neutral,Telefon,Mittel,2023-01-28,57
4778,11447,2023-08-11,Wallbox,E-Mobility,Wallbox lädt nicht,Negativ,App,Hoch,2023-08-13,162
4779,19919,2024-01-15,Solar,Technisch,Solaranlage produziert nicht,Negativ,Email,Mittel,2024-01-15,69
4780,14572,2024-12-15,Speicher,Technisch,Speicher lädt nicht,Negativ,Email,Hoch,2024-12-16,138
4781,1147,2024-12-21,Wärmepumpe,Technisch,Fehlercode E01 angezeigt,Neutral,App,Mittel,2024-12-23,58
4782,6928,2023-09-06,Allgemein,Service,Informationsanfrage,Neutral,Email,Mittel,2023-09-12,190
4783,469,2024-11-18,Wärmepumpe,Technisch,Wärmepumpe Störung,Negativ,Chat,Hoch,2024-11-25,82
4784,9430,2024-06-18,Allgemein,Service,Informationsanfrage,Neutral,Chat,Mittel,2024-06-27,116
4785,13534,2025-02-01,Rechnung,Abrechnung,Zahlungsplan angefragt,Neutral,Telefon,Mittel,2025-02-12,35
4786,16383,2024-01-01,Rechnung,Abrechnung,Unstimmigkeit in Rechnung,Neutral,Telefon,Hoch,2024-01-02,57
4787,70,2024-06-06,Allgemein,Service,Allgemeine Anfrage,Neutral,Chat,Mittel,2024-06-06,154
4788,9330,2025-06-06,Speicher,Technisch,Speicher lädt nicht,Negativ,Chat,Hoch,2025-06-13,21
4789,18325,2024-04-12,Rechnung,Abrechnung,Abschlag anpassen,Neutral,Chat,Kritisch,2024-04-12,91
4790,3099,2025-01-22,Speicher,Technisch,Kapazität gesunken,Neutral,Telefon,Niedrig,2025-01-27,148
4791,5209,2024-03-28,Wärmepumpe,Technisch,Wartung angefragt,Neutral,App,Niedrig,2024-04-04,179
4792,9445,2024-05-28,Smart Meter,Installation,Smart Meter App funktioniert nicht,Negativ,App,Mittel,2024-06-04,27
4793,18994,2024-03-04,Wallbox,E-Mobility,Wallbox lädt nicht,Negativ,Telefon,Kritisch,2024-03-04,63
4794,4140,2023-06-20,Smart Meter,Installation,Smart Meter zeigt keine Daten,Negativ,Chat,Mittel,2023-06-29,135
4795,4848,2023-05-15,Wärmepumpe,Technisch,Fehlercode E01 angezeigt,Neutral,Chat,Mittel,2023-05-16,200
4796,6114,2024-06-14,Smart Meter,Installation,Smart Meter Installation angefragt,Negativ,Telefon,Niedrig,2024-06-22,146
4797,13896,2024-07-12,Tarif,Vertrag,Umzug melden,Neutral,App,Mittel,2024-07-16,157
4798,15725,2024-09-23,Rechnung,Abrechnung,Abschlag anpassen,Neutral,App,Mittel,2024-10-02,141
4799,16361,2024-02-21,Smart Meter,Installation,Smart Meter defekt,Negativ,App,Kritisch,2024-02-26,63
4800,1470,2024-04-19,Wallbox,E-Mobility,Wallbox lädt nicht,Negativ,Email,Hoch,2024-04-24,13
4801,16349,2023-06-06,Wallbox,E-Mobility,App-Verbindung unterbrochen,Neutral,Email,Niedrig,2023-06-13,179
4802,7767,2023-02-10,Allgemein,Service,Informationsanfrage,Positiv,App,Hoch,2023-02-15,152
4803,4307,2025-01-15,Solar,Technisch,Solaranlage produziert nicht,Negativ,Telefon,Kritisch,2025-01-21,34
4804,10354,2024-12-12,Wallbox,E-Mobility,Ladekarte Probleme,Neutral,Email,Mittel,2024-12-15,85
4805,17143,2025-02-09,Smart Meter,Installation,Smart Meter Ablesung fehlerhaft,Positiv,App,Mittel,2025-02-15,36
4806,18147,2024-05-30,Speicher,Technisch,Speicher lädt nicht,Negativ,Chat,Kritisch,2024-06-01,168
4807,12297,2023-11-19,Wallbox,E-Mobility,App-Verbindung unterbrochen,Neutral,Chat,Niedrig,2023-11-22,16
4808,1438,2023-08-17,Allgemein,Service,Beschwerde,Negativ,App,Hoch,2023-08-23,71
4809,16118,2024-03-30,Allgemein,Service,Beschwerde,Negativ,Email,Kritisch,2024-04-01,60
4810,2780,2024-05-01,Wallbox,E-Mobility,Wallbox lädt nicht,Negativ,App,Hoch,2024-05-07,29
4811,1386,2025-05-24,Allgemein,Service,Allgemeine Anfrage,Positiv,Chat,Mittel,2025-05-31,36
4812,12926,2023-12-25,Wärmepumpe,Technisch,Wartung angefragt,Negativ,App,Mittel,2023-12-29,15
4813,1957,2024-10-29,Smart Meter,Installation,Smart Meter App funktioniert nicht,Negativ,Chat,Hoch,2024-11-05,158
4814,5423,2024-12-21,Smart Meter,Installation,Smart Meter Ablesung fehlerhaft,Positiv,Telefon,Hoch,2024-12-25,46
4815,12036,2024-10-25,Smart Meter,Installation,Smart Meter Ablesung fehlerhaft,Neutral,Telefon,Niedrig,2024-10-26,76
4816,558,2025-05-24,Tarif,Vertrag,Ökostrom Umstellung,Neutral,Chat,Hoch,2025-05-26,14
4817,13680,2025-05-07,Wärmepumpe,Technisch,Wartung angefragt,Negativ,Chat,Mittel,2025-05-18,48
4818,16210,2024-04-20,Smart Meter,Installation,Smart Meter Installation angefragt,Neutral,Chat,Niedrig,2024-04-29,128
4819,18540,2024-04-17,Wallbox,E-Mobility,Ladekarte Probleme,Neutral,Telefon,Mittel,2024-04-24,154
4820,10563,2024-01-18,Allgemein,Service,Informationsanfrage,Neutral,Telefon,Mittel,2024-02-01,100
4821,17415,2024-07-28,Smart Meter,Installation,Smart Meter zeigt keine Daten,Neutral,Telefon,Mittel,2024-08-01,79
4822,352,2025-03-18,Allgemein,Service,Informationsanfrage,Neutral,Telefon,Mittel,2025-04-01,187
4823,17635,2023-05-03,Wallbox,E-Mobility,Ladekarte Probleme,Neutral,Telefon,Niedrig,2023-05-10,41
4824,18994,2024-06-15,Speicher,Technisch,Kapazität gesunken,Negativ,Chat,Mittel,2024-06-16,179
4825,37,2023-01-22,Rechnung,Abrechnung,Rechnungsfrage,Positiv,Email,Mittel,2023-01-22,57
4826,3257,2023-08-17,Rechnung,Abrechnung,Gutschrift angefragt,Positiv,App,Niedrig,2023-08-21,121
4827,6329,2023-06-18,Wallbox,E-Mobility,Ladekarte Probleme,Neutral,Telefon,Mittel,2023-07-01,86
4828,16735,2024-09-05,Tarif,Vertrag,Tarifwechsel angefragt,Negativ,Email,Mittel,2024-09-10,91
4829,15804,2025-06-24,Wallbox,E-Mobility,Wallbox defekt,Negativ,Telefon,Kritisch,2025-06-26,146
4830,16034,2023-05-08,Tarif,Vertrag,Vertragsverlängerung,Neutral,App,Niedrig,2023-05-10,124
4831,19238,2025-05-02,Wallbox,E-Mobility,Wallbox Installation angefragt,Neutral,App,Mittel,2025-05-08,96
4832,8910,2024-04-03,Wärmepumpe,Technisch,Fehlercode E01 angezeigt,Positiv,Telefon,Hoch,2024-04-10,154
4833,6896,2024-11-11,Rechnung,Abrechnung,Gutschrift angefragt,Positiv,App,Hoch,2024-11-11,140
4834,5487,2024-02-20,Solar,Technisch,Solaranlage produziert nicht,Negativ,Chat,Kritisch,2024-02-27,17
4835,9409,2023-08-06,Wärmepumpe,Technisch,Wärmepumpe Störung,Negativ,Telefon,Hoch,2023-08-06,23
4836,2757,2025-06-20,Solar,Technisch,Einspeisevergütung Frage,Negativ,Email,Hoch,2025-06-27,142
4837,8680,2023-04-22,Wärmepumpe,Technisch,Geräuschentwicklung zu hoch,Neutral,Chat,Mittel,2023-04-28,148
4838,3956,2024-04-04,Allgemein,Service,Kontaktdaten ändern,Positiv,App,Hoch,2024-04-09,75
4839,15652,2023-11-30,Rechnung,Abrechnung,Abschlag zu hoch,Negativ,Telefon,Mittel,2023-12-12,76
4840,4403,2023-05-15,Speicher,Technisch,Speicher lädt nicht,Negativ,App,Mittel,2023-05-28,29
4841,2903,2025-01-22,Solar,Technisch,Wechselrichter Fehler,Neutral,App,Hoch,2025-01-25,119
4842,10113,2023-10-29,Rechnung,Abrechnung,Rechnungsfrage,Neutral,Chat,Hoch,2023-11-01,45
4843,3093,2024-01-26,Speicher,Technisch,Kapazität gesunken,Neutral,Email,Niedrig,2024-01-26,72
4844,12679,2023-02-06,Speicher,Technisch,Kapazität gesunken,Negativ,Email,Hoch,2023-02-09,178
4845,11375,2025-01-17,Rechnung,Abrechnung,Abschlag zu hoch,Neutral,Email,Mittel,2025-01-29,135
4846,2200,2024-10-20,Solar,Technisch,Monitoring nicht verfügbar,Negativ,Telefon,Hoch,2024-10-22,187
4847,16274,2024-04-22,Speicher,Technisch,Kapazität gesunken,Neutral,Email,Mittel,2024-04-29,52
4848,1002,2025-02-24,Smart Meter,Installation,Smart Meter App funktioniert nicht,Negativ,App,Mittel,2025-02-28,144
4849,10357,2023-07-03,Allgemein,Service,Informationsanfrage,Neutral,Telefon,Mittel,2023-07-07,59
4850,12189,2025-06-26,Rechnung,Abrechnung,Zahlungsplan angefragt,Neutral,App,Niedrig,2025-07-03,27
4851,16714,2023-09-07,Smart Meter,Installation,Smart Meter Ablesung fehlerhaft,Neutral,Chat,Niedrig,2023-09-12,159
4852,14127,2024-10-12,Tarif,Vertrag,Vertragsverlängerung,Neutral,Chat,Mittel,2024-10-18,118
4853,16534,2023-03-16,Smart Meter,Installation,Smart Meter Installation angefragt,Neutral,Email,Mittel,2023-03-23,82
4854,5302,2025-02-12,Smart Meter,Installation,Smart Meter defekt,Negativ,Chat,Hoch,2025-02-12,37
4855,16257,2024-10-06,Rechnung,Abrechnung,Rechnungsfrage,Positiv,Telefon,Mittel,2024-10-10,190
4856,16191,2023-09-27,Allgemein,Service,Lob,Positiv,App,Niedrig,2023-10-03,99
4857,18644,2024-04-09,Allgemein,Service,Beschwerde,Negativ,App,Hoch,2024-04-09,142
4858,10240,2024-09-16,Wallbox,E-Mobility,App-Verbindung unterbrochen,Neutral,Chat,Mittel,2024-09-26,84
4859,3730,2023-06-19,Tarif,Vertrag,Preisgarantie Frage,Positiv,Chat,Mittel,2023-06-23,137
4860,8448,2024-09-05,Rechnung,Abrechnung,Rechnungsfrage,Neutral,Chat,Mittel,2024-09-06,177
4861,14732,2024-12-03,Speicher,Technisch,Speicher lädt nicht,Negativ,Email,Mittel,2024-12-17,119
4862,9685,2024-06-22,Wärmepumpe,Technisch,Geräuschentwicklung zu hoch,Neutral,Telefon,Mittel,2024-06-28,161
4863,15159,2025-01-14,Solar,Technisch,Einspeisevergütung Frage,Neutral,App,Mittel,2025-01-17,186
4864,1181,2023-04-20,Smart Meter,Installation,Smart Meter defekt,Negativ,App,Kritisch,2023-04-26,149
4865,8061,2024-12-12,Speicher,Technisch,Batteriespeicher Störung,Negativ,Telefon,Mittel,2024-12-18,86
4866,6381,2023-04-20,Speicher,Technisch,Kapazität gesunken,Positiv,App,Hoch,2023-04-26,151
4867,3989,2024-12-02,Rechnung,Abrechnung,Rechnungsfrage,Positiv,Telefon,Mittel,2024-12-15,111
4868,18083,2025-02-23,Rechnung,Abrechnung,Abschlag anpassen,Negativ,Chat,Niedrig,2025-03-01,103
4869,901,2023-04-29,Speicher,Technisch,Kapazität gesunken,Negativ,Telefon,Mittel,2023-05-11,192
4870,17485,2024-03-28,Tarif,Vertrag,Ökostrom Umstellung,Neutral,Telefon,Kritisch,2024-04-04,4
4871,6170,2023-04-10,Wärmepumpe,Technisch,Wartung angefragt,Neutral,Telefon,Niedrig,2023-04-23,112
4872,8223,2024-04-02,Allgemein,Service,Lob,Positiv,Chat,Niedrig,2024-04-05,105
4873,16576,2023-12-04,Wallbox,E-Mobility,Ladekarte Probleme,Neutral,Email,Niedrig,2023-12-10,167
4874,5056,2025-06-23,Rechnung,Abrechnung,Abschlag zu hoch,Neutral,Chat,Mittel,2025-07-04,192
4875,7957,2024-09-15,Solar,Technisch,Wechselrichter Fehler,Negativ,App,Mittel,2024-09-26,192
4876,6830,2025-03-15,Tarif,Vertrag,Tarifwechsel angefragt,Neutral,Telefon,Kritisch,2025-03-20,197
4877,323,2025-01-03,Tarif,Vertrag,Vertragsverlängerung,Neutral,Chat,Hoch,2025-01-05,96
4878,18251,2023-09-21,Tarif,Vertrag,Tarifwechsel angefragt,Neutral,Email,Hoch,2023-09-24,65
4879,9753,2023-01-02,Wärmepumpe,Technisch,Wartung angefragt,Negativ,App,Mittel,2023-01-10,91
4880,9576,2024-11-27,Wallbox,E-Mobility,Ladekarte Probleme,Positiv,Telefon,Mittel,2024-12-04,188
4881,471,2023-07-11,Rechnung,Abrechnung,Abschlag zu hoch,Positiv,Chat,Niedrig,2023-07-11,73
4882,7316,2023-03-13,Rechnung,Abrechnung,Unstimmigkeit in Rechnung,Neutral,Telefon,Niedrig,2023-03-16,46
4883,3752,2024-02-27,Speicher,Technisch,Speicher lädt nicht,Negativ,Telefon,Mittel,2024-03-07,136
4884,17856,2023-06-30,Solar,Technisch,Monitoring nicht verfügbar,Negativ,Email,Mittel,2023-06-30,82
4885,17460,2023-01-24,Rechnung,Abrechnung,Rechnungsfrage,Neutral,Chat,Hoch,2023-01-29,152
4886,7685,2023-04-11,Wallbox,E-Mobility,App-Verbindung unterbrochen,Neutral,Telefon,Mittel,2023-04-25,198
4887,17408,2024-07-02,Allgemein,Service,Kontaktdaten ändern,Neutral,Telefon,Hoch,2024-07-03,141
4888,537,2024-12-16,Smart Meter,Installation,Smart Meter App funktioniert nicht,Negativ,Chat,Niedrig,2024-12-16,23
4889,17814,2024-07-22,Solar,Technisch,Wechselrichter Fehler,Negativ,App,Mittel,2024-07-23,129
4890,16751,2024-06-17,Wärmepumpe,Technisch,Effizienz zu niedrig,Neutral,Email,Mittel,2024-06-25,187
4891,2448,2024-08-18,Smart Meter,Installation,Smart Meter App funktioniert nicht,Negativ,Chat,Niedrig,2024-08-30,34
4892,9553,2025-02-04,Solar,Technisch,Wechselrichter Fehler,Positiv,App,Hoch,2025-02-06,147
4893,1495,2025-05-22,Wallbox,E-Mobility,Wallbox lädt nicht,Negativ,Telefon,Hoch,2025-05-25,104
4894,11978,2024-05-09,Rechnung,Abrechnung,Gutschrift angefragt,Neutral,Email,Kritisch,2024-05-09,24
4895,18111,2023-02-03,Solar,Technisch,Solaranlage produziert nicht,Negativ,Telefon,Mittel,2023-02-11,160
4896,1928,2025-06-08,Speicher,Technisch,Speicher lädt nicht,Negativ,Email,Kritisch,2025-06-12,114
4897,18290,2024-02-29,Smart Meter,Installation,Smart Meter zeigt keine Daten,Neutral,Telefon,Niedrig,2024-03-09,84
4898,8728,2023-07-16,Rechnung,Abrechnung,Abschlag zu hoch,Neutral,Email,Mittel,2023-07-29,197
4899,18543,2024-05-29,Wallbox,E-Mobility,Wallbox defekt,Negativ,App,Mittel,2024-06-05,140
4900,15497,2024-04-12,Solar,Technisch,Solaranlage produziert nicht,Negativ,Telefon,Hoch,2024-04-18,190
4901,13427,2025-06-04,Wärmepumpe,Technisch,Effizienz zu niedrig,Neutral,Email,Mittel,2025-06-14,151
4902,19097,2024-02-24,Rechnung,Abrechnung,Abschlag anpassen,Positiv,Chat,Mittel,2024-02-27,132
4903,14794,2023-07-10,Wärmepumpe,Technisch,Wärmepumpe läuft nicht,Negativ,App,Hoch,2023-07-12,101
4904,14378,2025-02-05,Allgemein,Service,Kontaktdaten ändern,Positiv,Email,Mittel,2025-02-12,14
4905,9829,2024-03-10,Smart Meter,Installation,Smart Meter zeigt keine Daten,Neutral,Chat,Niedrig,2024-03-12,4
4906,17549,2023-12-18,Tarif,Vertrag,Kündigung,Neutral,Email,Mittel,2023-12-28,159
4907,11492,2025-06-16,Wallbox,E-Mobility,Wallbox defekt,Negativ,Chat,Hoch,2025-06-17,153
4908,6253,2023-10-26,Allgemein,Service,Lob,Positiv,Chat,Niedrig,2023-11-06,165
4909,15271,2023-05-17,Rechnung,Abrechnung,Zahlungsplan angefragt,Positiv,Telefon,Niedrig,2023-05-25,168
4910,15756,2025-02-28,Allgemein,Service,Informationsanfrage,Negativ,Email,Mittel,2025-03-13,40
4911,8518,2023-08-17,Wallbox,E-Mobility,Wallbox defekt,Negativ,App,Kritisch,2023-08-22,100
4912,7077,2024-07-12,Wärmepumpe,Technisch,Wartung angefragt,Positiv,App,Niedrig,2024-07-13,198
4913,17526,2023-06-01,Solar,Technisch,Wechselrichter Fehler,Neutral,Telefon,Mittel,2023-06-13,105
4914,14285,2024-12-07,Allgemein,Service,Informationsanfrage,Neutral,Chat,Hoch,2024-12-07,184
4915,13891,2024-06-05,Wallbox,E-Mobility,Wallbox defekt,Negativ,App,Hoch,2024-06-09,119
4916,15756,2023-02-14,Wärmepumpe,Technisch,Geräuschentwicklung zu hoch,Neutral,Email,Mittel,2023-02-27,77
4917,8575,2024-06-17,Rechnung,Abrechnung,Unstimmigkeit in Rechnung,Negativ,Email,Mittel,2024-06-26,121
4918,6619,2025-06-16,Tarif,Vertrag,Ökostrom Umstellung,Neutral,Email,Niedrig,2025-06-29,150
4919,9012,2025-01-17,Speicher,Technisch,Batteriespeicher Störung,Negativ,Telefon,Mittel,2025-01-22,137
4920,1306,2023-11-08,Smart Meter,Installation,Smart Meter zeigt keine Daten,Negativ,Telefon,Kritisch,2023-11-13,33
4921,9365,2024-01-10,Tarif,Vertrag,Vertragsverlängerung,Neutral,App,Mittel,2024-01-12,130
4922,6349,2024-02-10,Tarif,Vertrag,Vertragsverlängerung,Negativ,Chat,Mittel,2024-02-12,187
4923,6025,2025-05-25,Rechnung,Abrechnung,Abschlag anpassen,Positiv,Email,Mittel,2025-05-26,118
4924,12452,2023-07-08,Wallbox,E-Mobility,Wallbox Installation angefragt,Neutral,Chat,Hoch,2023-07-15,164
4925,18799,2023-05-14,Rechnung,Abrechnung,Rechnungsfrage,Negativ,Chat,Mittel,2023-05-14,52
4926,2244,2024-10-07,Solar,Technisch,Solaranlage produziert nicht,Negativ,Telefon,Mittel,2024-10-16,29
4927,2408,2024-06-15,Speicher,Technisch,Kapazität gesunken,Negativ,Telefon,Hoch,2024-06-15,108
4928,9158,2023-06-04,Rechnung,Abrechnung,Abschlag zu hoch,Neutral,App,Mittel,2023-06-07,152
4929,8073,2023-12-14,Tarif,Vertrag,Ökostrom Umstellung,Negativ,Email,Mittel,2023-12-14,159
4930,12778,2024-12-19,Allgemein,Service,Kontaktdaten ändern,Neutral,Chat,Hoch,2024-12-23,122
4931,16068,2023-09-11,Allgemein,Service,Informationsanfrage,Positiv,Telefon,Mittel,2023-09-18,110
4932,17182,2025-04-06,Allgemein,Service,Lob,Positiv,Email,Niedrig,2025-04-13,64
4933,7349,2024-06-27,Wärmepumpe,Technisch,Wärmepumpe läuft nicht,Negativ,Email,Hoch,2024-07-03,175
4934,14747,2024-11-02,Speicher,Technisch,Batteriespeicher Störung,Negativ,Email,Kritisch,2024-11-08,198
4935,4423,2024-11-27,Solar,Technisch,Solaranlage Ertrag niedrig,Positiv,Telefon,Niedrig,2024-11-29,184
4936,14709,2023-04-20,Solar,Technisch,Monitoring nicht verfügbar,Negativ,Telefon,Kritisch,2023-04-26,44
4937,7041,2023-02-19,Smart Meter,Installation,Smart Meter Ablesung fehlerhaft,Neutral,Telefon,Niedrig,2023-03-05,69
4938,10924,2024-04-01,Allgemein,Service,Beschwerde,Negativ,App,Mittel,2024-04-11,123
4939,12695,2024-10-23,Wallbox,E-Mobility,Wallbox lädt nicht,Negativ,App,Mittel,2024-10-28,151
4940,16848,2024-10-14,Rechnung,Abrechnung,Abschlag zu hoch,Neutral,Telefon,Mittel,2024-10-28,130
4941,6916,2024-02-09,Wärmepumpe,Technisch,Effizienz zu niedrig,Negativ,App,Mittel,2024-02-20,150
4942,16398,2025-02-27,Rechnung,Abrechnung,Gutschrift angefragt,Positiv,Telefon,Niedrig,2025-02-27,171
4943,10834,2025-05-08,Wärmepumpe,Technisch,Wärmepumpe Störung,Negativ,Chat,Mittel,2025-05-10,136
4944,4566,2023-07-05,Tarif,Vertrag,Preisgarantie Frage,Positiv,Chat,Niedrig,2023-07-08,58
4945,57,2024-05-06,Wallbox,E-Mobility,Wallbox defekt,Negativ,App,Kritisch,2024-05-13,40
4946,18338,2023-09-15,Rechnung,Abrechnung,Gutschrift angefragt,Positiv,Telefon,Niedrig,2023-09-25,185
4947,322,2024-07-12,Wallbox,E-Mobility,Ladekarte Probleme,Neutral,Telefon,Mittel,2024-07-13,44
4948,3369,2025-05-03,Speicher,Technisch,Kapazität gesunken,Neutral,Chat,Mittel,2025-05-03,105
4949,16304,2024-05-19,Smart Meter,Installation,Smart Meter defekt,Negativ,Chat,Hoch,2024-05-23,23
4950,6496,2023-08-27,Wärmepumpe,Technisch,Geräuschentwicklung zu hoch,Negativ,Email,Hoch,2023-08-28,104
4951,11461,2024-08-06,Tarif,Vertrag,Preisgarantie Frage,Neutral,Telefon,Mittel,2024-08-09,50
4952,1023,2023-05-07,Allgemein,Service,Beschwerde,Negativ,App,Mittel,2023-05-08,96
4953,12417,2023-08-28,Smart Meter,Installation,Smart Meter zeigt keine Daten,Positiv,Chat,Hoch,2023-09-02,167
4954,10895,2023-02-07,Solar,Technisch,Solaranlage produziert nicht,Negativ,Email,Kritisch,2023-02-08,128
4955,5374,2025-03-02,Solar,Technisch,Solaranlage produziert nicht,Negativ,App,Hoch,2025-03-06,7
4956,6421,2023-12-25,Allgemein,Service,Allgemeine Anfrage,Neutral,App,Mittel,2024-01-02,34
4957,3098,2024-06-18,Tarif,Vertrag,Preisgarantie Frage,Neutral,App,Mittel,2024-06-23,134
4958,5090,2024-09-17,Allgemein,Service,Allgemeine Anfrage,Neutral,App,Niedrig,2024-09-26,33
4959,7318,2023-10-22,Rechnung,Abrechnung,Abschlag zu hoch,Positiv,Telefon,Niedrig,2023-11-04,174
4960,5556,2025-05-23,Wallbox,E-Mobility,Ladekarte Probleme,Neutral,Email,Mittel,2025-06-06,72
4961,17184,2023-02-23,Tarif,Vertrag,Preisgarantie Frage,Positiv,App,Mittel,2023-02-24,69
4962,18449,2024-08-24,Wärmepumpe,Technisch,Wärmepumpe läuft nicht,Negativ,Email,Kritisch,2024-08-25,30
4963,17562,2024-12-25,Speicher,Technisch,Speicher lädt nicht,Negativ,Telefon,Mittel,2025-01-08,163
4964,18952,2023-01-02,Speicher,Technisch,Kapazität gesunken,Negativ,App,Mittel,2023-01-11,198
4965,4438,2025-01-29,Wallbox,E-Mobility,Wallbox defekt,Negativ,Telefon,Mittel,2025-02-05,194
4966,16601,2023-11-01,Tarif,Vertrag,Ökostrom Umstellung,Neutral,Email,Niedrig,2023-11-12,140
4967,2554,2024-04-19,Solar,Technisch,Einspeisevergütung Frage,Neutral,Email,Hoch,2024-04-25,92
4968,19176,2023-04-21,Allgemein,Service,Kontaktdaten ändern,Negativ,Telefon,Mittel,2023-04-29,158
4969,1035,2025-04-24,Smart Meter,Installation,Smart Meter defekt,Negativ,App,Niedrig,2025-05-01,177
4970,1398,2023-05-12,Smart Meter,Installation,Smart Meter Installation angefragt,Negativ,App,Hoch,2023-05-15,12
4971,5219,2024-05-30,Tarif,Vertrag,Tarifwechsel angefragt,Neutral,Email,Niedrig,2024-06-07,138
4972,990,2025-04-27,Allgemein,Service,Informationsanfrage,Neutral,Email,Niedrig,2025-04-27,102
4973,11675,2023-04-19,Solar,Technisch,Wechselrichter Fehler,Neutral,Email,Mittel,2023-04-20,189
4974,9785,2024-10-07,Speicher,Technisch,Kapazität gesunken,Neutral,Chat,Niedrig,2024-10-12,126
4975,4125,2024-06-11,Rechnung,Abrechnung,Rechnungsfrage,Positiv,Chat,Hoch,2024-06-17,127
4976,4050,2024-11-01,Solar,Technisch,Einspeisevergütung Frage,Neutral,Email,Niedrig,2024-11-07,85
4977,746,2024-05-23,Wärmepumpe,Technisch,Fehlercode E01 angezeigt,Neutral,Telefon,Mittel,2024-05-24,91
4978,2161,2023-10-05,Wärmepumpe,Technisch,Wartung angefragt,Negativ,Telefon,Niedrig,2023-10-08,179
4979,5895,2025-04-03,Solar,Technisch,Solaranlage Ertrag niedrig,Positiv,Chat,Hoch,2025-04-08,87
4980,3261,2024-05-04,Wallbox,E-Mobility,App-Verbindung unterbrochen,Neutral,App,Hoch,2024-05-05,7
4981,12953,2023-10-25,Tarif,Vertrag,Vertragsverlängerung,Neutral,Chat,Niedrig,2023-11-03,177
4982,4082,2024-12-31,Solar,Technisch,Wechselrichter Fehler,Neutral,Chat,Niedrig,2025-01-07,148
4983,7986,2023-10-18,Wärmepumpe,Technisch,Fehlercode E01 angezeigt,Positiv,App,Mittel,2023-10-28,116
4984,4830,2023-12-26,Tarif,Vertrag,Preisgarantie Frage,Neutral,Telefon,Mittel,2024-01-06,108
4985,4459,2024-10-25,Speicher,Technisch,Batteriespeicher Störung,Negativ,Telefon,Mittel,2024-10-25,35
4986,17595,2024-02-10,Tarif,Vertrag,Preisgarantie Frage,Neutral,App,Mittel,2024-02-11,177
4987,1466,2024-11-16,Allgemein,Service,Beschwerde,Negativ,Email,Mittel,2024-11-19,180
4988,1915,2025-05-23,Tarif,Vertrag,Kündigung,Neutral,Email,Mittel,2025-05-27,141
4989,1678,2024-01-08,Wallbox,E-Mobility,Ladekarte Probleme,Neutral,Telefon,Niedrig,2024-01-08,126
4990,16712,2024-01-04,Wallbox,E-Mobility,App-Verbindung unterbrochen,Positiv,App,Mittel,2024-01-16,42
4991,684,2023-12-19,Tarif,Vertrag,Tarifwechsel angefragt,Neutral,App,Mittel,2023-12-26,164
4992,5208,2023-03-10,Wärmepumpe,Technisch,Wärmepumpe Störung,Negativ,App,Hoch,2023-03-13,27
4993,9236,2024-01-29,Rechnung,Abrechnung,Abschlag anpassen,Neutral,Email,Niedrig,2024-02-08,171
4994,1867,2023-11-03,Solar,Technisch,Wechselrichter Fehler,Neutral,Email,Niedrig,2023-11-03,109
4995,10790,2023-04-05,Speicher,Technisch,Speicher lädt nicht,Negativ,Chat,Hoch,2023-04-07,61
4996,1898,2023-06-21,Solar,Technisch,Solaranlage produziert nicht,Negativ,App,Kritisch,2023-06-22,194
4997,11701,2023-10-24,Solar,Technisch,Monitoring nicht verfügbar,Negativ,App,Hoch,2023-10-29,158
4998,8802,2024-12-18,Wärmepumpe,Technisch,Wärmepumpe läuft nicht,Negativ,Email,Mittel,2024-12-30,98
4999,4954,2025-02-19,Solar,Technisch,Wechselrichter Fehler,Neutral,Email,Niedrig,2025-02-23,56
5000,83,2024-03-04,Smart Meter,Installation,Smart Meter zeigt keine Daten,Neutral,Email,Mittel,2024-03-05,45
5001,15234,2024-02-29,Wallbox,E-Mobility,Wallbox lädt nicht,Negativ,Email,Hoch,2024-03-03,139
5002,2284,2023-01-22,Tarif,Vertrag,Tarifwechsel angefragt,Negativ,Email,Mittel,2023-02-04,119
5003,16898,2024-07-31,Smart Meter,Installation,Smart Meter App funktioniert nicht,Negativ,Chat,Mittel,2024-08-13,15
5004,4702,2025-04-29,Tarif,Vertrag,Vertragsverlängerung,Positiv,Telefon,Niedrig,2025-05-03,198
5005,10542,2023-06-25,Speicher,Technisch,Batteriespeicher Störung,Negativ,Chat,Mittel,2023-06-28,65
5006,3978,2024-07-06,Solar,Technisch,Wechselrichter Fehler,Negativ,Telefon,Mittel,2024-07-06,103
5007,4283,2023-03-02,Smart Meter,Installation,Smart Meter Ablesung fehlerhaft,Neutral,Email,Mittel,2023-03-04,164
5008,3390,2024-05-25,Wärmepumpe,Technisch,Wärmepumpe läuft nicht,Negativ,Chat,Hoch,2024-05-27,68
5009,15996,2024-08-21,Solar,Technisch,Monitoring nicht verfügbar,Negativ,Email,Mittel,2024-08-25,136
5010,17998,2024-03-01,Rechnung,Abrechnung,Abschlag anpassen,Negativ,Telefon,Hoch,2024-03-07,122
5011,8817,2024-01-08,Wärmepumpe,Technisch,Wärmepumpe Störung,Negativ,Chat,Hoch,2024-01-10,45
5012,11450,2023-11-27,Solar,Technisch,Monitoring nicht verfügbar,Negativ,App,Kritisch,2023-11-30,192
5013,16660,2024-07-23,Speicher,Technisch,Kapazität gesunken,Neutral,Email,Mittel,2024-07-28,132
5014,4077,2023-04-22,Tarif,Vertrag,Vertragsverlängerung,Neutral,App,Niedrig,2023-04-30,152
5015,4244,2023-05-19,Solar,Technisch,Einspeisevergütung Frage,Neutral,Telefon,Mittel,2023-05-27,22
5016,17546,2024-10-12,Allgemein,Service,Kontaktdaten ändern,Positiv,Email,Hoch,2024-10-19,174
5017,424,2024-04-21,Wärmepumpe,Technisch,Wärmepumpe Störung,Negativ,Email,Kritisch,2024-04-24,112
5018,5994,2023-07-09,Wärmepumpe,Technisch,Geräuschentwicklung zu hoch,Neutral,App,Mittel,2023-07-20,116
5019,4110,2024-05-01,Wärmepumpe,Technisch,Wartung angefragt,Neutral,App,Mittel,2024-05-15,140
5020,16450,2023-12-09,Wärmepumpe,Technisch,Fehlercode E01 angezeigt,Negativ,Email,Niedrig,2023-12-13,52
5021,19876,2024-11-01,Speicher,Technisch,Kapazität gesunken,Neutral,Telefon,Mittel,2024-11-13,53
5022,19084,2023-02-02,Wärmepumpe,Technisch,Effizienz zu niedrig,Positiv,App,Niedrig,2023-02-07,78
5023,1367,2024-10-10,Allgemein,Service,Beschwerde,Negativ,Chat,Kritisch,2024-10-10,147
5024,17683,2023-04-07,Wallbox,E-Mobility,App-Verbindung unterbrochen,Neutral,Telefon,Mittel,2023-04-11,89
5025,16549,2024-03-29,Speicher,Technisch,Batteriespeicher Störung,Negativ,Email,Kritisch,2024-04-05,142
5026,12803,2024-12-11,Wallbox,E-Mobility,App-Verbindung unterbrochen,Neutral,App,Hoch,2024-12-17,156
5027,4013,2023-05-11,Solar,Technisch,Wechselrichter Fehler,Positiv,Email,Mittel,2023-05-14,31
5028,7373,2023-09-06,Rechnung,Abrechnung,Abschlag zu hoch,Neutral,Telefon,Niedrig,2023-09-07,148
5029,12727,2023-07-26,Wärmepumpe,Technisch,Wärmepumpe läuft nicht,Negativ,Email,Mittel,2023-08-09,190
5030,19807,2023-12-08,Smart Meter,Installation,Smart Meter Ablesung fehlerhaft,Negativ,Chat,Mittel,2023-12-18,64
5031,13610,2024-10-21,Wallbox,E-Mobility,App-Verbindung unterbrochen,Positiv,Email,Mittel,2024-10-29,128
5032,13689,2024-09-29,Wallbox,E-Mobility,Wallbox lädt nicht,Negativ,Email,Kritisch,2024-09-29,94
5033,10659,2024-07-03,Tarif,Vertrag,Tarifwechsel angefragt,Neutral,Chat,Mittel,2024-07-11,68
5034,13509,2024-07-08,Rechnung,Abrechnung,Gutschrift angefragt,Neutral,App,Mittel,2024-07-21,86
5035,7820,2025-03-07,Allgemein,Service,Lob,Positiv,App,Niedrig,2025-03-20,154
5036,6168,2023-01-28,Wärmepumpe,Technisch,Effizienz zu niedrig,Negativ,Email,Mittel,2023-02-09,79
5037,6476,2024-01-18,Wärmepumpe,Technisch,Wärmepumpe Störung,Negativ,Telefon,Mittel,2024-01-31,1
5038,15262,2024-12-07,Tarif,Vertrag,Vertragsverlängerung,Neutral,App,Mittel,2024-12-09,147
5039,12252,2024-10-31,Smart Meter,Installation,Smart Meter Ablesung fehlerhaft,Neutral,App,Niedrig,2024-11-14,43
5040,4207,2024-05-08,Smart Meter,Installation,Smart Meter zeigt keine Daten,Positiv,Telefon,Hoch,2024-05-11,75
5041,18309,2024-08-01,Tarif,Vertrag,Vertragsverlängerung,Negativ,Telefon,Mittel,2024-08-05,181
5042,12274,2024-09-27,Smart Meter,Installation,Smart Meter defekt,Negativ,App,Mittel,2024-09-28,39
5043,15563,2024-09-01,Rechnung,Abrechnung,Unstimmigkeit in Rechnung,Negativ,Chat,Mittel,2024-09-05,168
5044,2121,2023-01-15,Tarif,Vertrag,Kündigung,Neutral,Telefon,Hoch,2023-01-18,87
5045,18656,2024-05-10,Wärmepumpe,Technisch,Wärmepumpe läuft nicht,Negativ,App,Kritisch,2024-05-11,130
5046,12400,2024-11-09,Smart Meter,Installation,Smart Meter Installation angefragt,Neutral,Telefon,Kritisch,2024-11-09,74
5047,17078,2024-06-22,Speicher,Technisch,Kapazität gesunken,Neutral,Email,Hoch,2024-06-25,111
5048,16807,2025-04-18,Smart Meter,Installation,Smart Meter App funktioniert nicht,Negativ,App,Kritisch,2025-04-19,130
5049,9455,2024-05-27,Wärmepumpe,Technisch,Effizienz zu niedrig,Neutral,App,Mittel,2024-06-10,200
5050,4945,2024-02-09,Rechnung,Abrechnung,Abschlag zu hoch,Neutral,Telefon,Hoch,2024-02-13,49
5051,13545,2024-07-04,Wallbox,E-Mobility,Ladekarte Probleme,Neutral,App,Mittel,2024-07-06,152
5052,15082,2025-03-17,Rechnung,Abrechnung,Abschlag zu hoch,Neutral,Telefon,Niedrig,2025-03-31,133
5053,19651,2024-11-05,Smart Meter,Installation,Smart Meter App funktioniert nicht,Negativ,App,Hoch,2024-11-06,181
5054,15043,2024-01-05,Solar,Technisch,Solaranlage produziert nicht,Negativ,Chat,Kritisch,2024-01-09,158
5055,1850,2024-02-20,Wärmepumpe,Technisch,Wartung angefragt,Neutral,App,Mittel,2024-03-05,192
5056,711,2024-06-04,Tarif,Vertrag,Preisgarantie Frage,Neutral,Email,Mittel,2024-06-13,162
5057,17138,2024-08-30,Speicher,Technisch,Batteriespeicher Störung,Negativ,Email,Kritisch,2024-09-02,163
5058,1592,2024-11-12,Smart Meter,Installation,Smart Meter defekt,Negativ,App,Mittel,2024-11-24,39
5059,4792,2023-02-15,Rechnung,Abrechnung,Gutschrift angefragt,Negativ,Telefon,Niedrig,2023-02-26,110
5060,19816,2024-07-19,Tarif,Vertrag,Kündigung,Neutral,Telefon,Niedrig,2024-07-20,189
5061,6068,2023-02-02,Speicher,Technisch,Batteriespeicher Störung,Negativ,Telefon,Mittel,2023-02-16,172
5062,17744,2024-05-11,Allgemein,Service,Informationsanfrage,Neutral,Telefon,Hoch,2024-05-15,73
5063,4370,2024-06-15,Solar,Technisch,Solaranlage Ertrag niedrig,Negativ,Chat,Niedrig,2024-06-19,36
5064,8458,2023-03-15,Tarif,Vertrag,Umzug melden,Neutral,App,Kritisch,2023-03-21,56
5065,16434,2024-05-07,Wärmepumpe,Technisch,Wartung angefragt,Neutral,App,Mittel,2024-05-20,92
5066,3177,2023-01-26,Speicher,Technisch,Speicher lädt nicht,Negativ,App,Hoch,2023-01-28,173
5067,1337,2025-04-04,Smart Meter,Installation,Smart Meter Installation angefragt,Negativ,Telefon,Mittel,2025-04-10,127
5068,990,2023-06-26,Tarif,Vertrag,Umzug melden,Neutral,App,Niedrig,2023-07-03,165
5069,171,2024-04-18,Solar,Technisch,Monitoring nicht verfügbar,Negativ,Telefon,Mittel,2024-04-29,85
5070,1363,2024-03-19,Solar,Technisch,Wechselrichter Fehler,Neutral,Telefon,Mittel,2024-03-25,1
5071,4531,2023-01-02,Wallbox,E-Mobility,App-Verbindung unterbrochen,Neutral,Telefon,Mittel,2023-01-16,154
5072,8121,2024-05-31,Wärmepumpe,Technisch,Wärmepumpe läuft nicht,Negativ,Email,Kritisch,2024-06-04,80
5073,11903,2024-12-26,Allgemein,Service,Allgemeine Anfrage,Neutral,Email,Niedrig,2025-01-01,13
5074,19432,2023-07-05,Tarif,Vertrag,Preisgarantie Frage,Neutral,App,Mittel,2023-07-06,37
5075,5457,2023-09-21,Rechnung,Abrechnung,Gutschrift angefragt,Neutral,Telefon,Mittel,2023-09-22,160
5076,19996,2024-03-27,Smart Meter,Installation,Smart Meter App funktioniert nicht,Negativ,Email,Hoch,2024-04-02,156
5077,5617,2023-03-21,Wallbox,E-Mobility,App-Verbindung unterbrochen,Positiv,Email,Niedrig,2023-04-01,107
5078,2370,2024-07-01,Smart Meter,Installation,Smart Meter Installation angefragt,Neutral,App,Mittel,2024-07-03,25
5079,3363,2025-04-06,Allgemein,Service,Kontaktdaten ändern,Neutral,Email,Mittel,2025-04-15,28
5080,16427,2023-06-09,Allgemein,Service,Allgemeine Anfrage,Neutral,Chat,Mittel,2023-06-19,46
5081,1520,2025-03-28,Allgemein,Service,Lob,Positiv,Email,Niedrig,2025-03-28,10
5082,10076,2024-05-08,Solar,Technisch,Einspeisevergütung Frage,Negativ,Chat,Mittel,2024-05-22,118
5083,11809,2024-08-22,Wärmepumpe,Technisch,Geräuschentwicklung zu hoch,Positiv,Chat,Mittel,2024-08-28,181
5084,14876,2023-11-30,Tarif,Vertrag,Ökostrom Umstellung,Neutral,App,Mittel,2023-12-07,83
5085,2224,2023-10-16,Smart Meter,Installation,Smart Meter defekt,Negativ,Telefon,Kritisch,2023-10-20,57
5086,9763,2023-09-02,Speicher,Technisch,Speicher lädt nicht,Negativ,App,Kritisch,2023-09-08,138
5087,3644,2023-12-21,Tarif,Vertrag,Vertragsverlängerung,Neutral,Chat,Mittel,2023-12-25,190
5088,12645,2024-03-22,Speicher,Technisch,Speicher lädt nicht,Negativ,App,Hoch,2024-03-29,128
5089,14033,2023-01-09,Rechnung,Abrechnung,Unstimmigkeit in Rechnung,Neutral,Telefon,Niedrig,2023-01-21,72
5090,8674,2023-11-01,Wallbox,E-Mobility,Ladekarte Probleme,Neutral,App,Mittel,2023-11-08,137
5091,10677,2024-05-11,Wallbox,E-Mobility,Wallbox lädt nicht,Negativ,Email,Hoch,2024-05-15,195
5092,12443,2024-11-16,Wallbox,E-Mobility,Ladekarte Probleme,Positiv,Email,Mittel,2024-11-22,12
5093,17488,2023-01-28,Wallbox,E-Mobility,Wallbox lädt nicht,Negativ,Chat,Kritisch,2023-01-31,8
5094,12387,2023-11-22,Allgemein,Service,Kontaktdaten ändern,Negativ,Telefon,Niedrig,2023-11-29,108
5095,8451,2025-02-27,Speicher,Technisch,Kapazität gesunken,Neutral,App,Mittel,2025-03-09,117
5096,9993,2023-02-18,Allgemein,Service,Lob,Positiv,Telefon,Niedrig,2023-02-26,163
5097,10900,2023-04-13,Tarif,Vertrag,Kündigung,Neutral,Email,Mittel,2023-04-23,121
5098,1011,2023-06-30,Smart Meter,Installation,Smart Meter defekt,Negativ,App,Niedrig,2023-07-01,70
5099,1716,2023-10-18,Wallbox,E-Mobility,App-Verbindung unterbrochen,Negativ,Chat,Niedrig,2023-10-29,103
5100,15960,2024-03-09,Speicher,Technisch,Batteriespeicher Störung,Negativ,Telefon,Niedrig,2024-03-15,191
5101,2235,2025-03-05,Solar,Technisch,Solaranlage produziert nicht,Negativ,Chat,Hoch,2025-03-11,7
5102,12492,2025-03-19,Wärmepumpe,Technisch,Geräuschentwicklung zu hoch,Negativ,App,Hoch,2025-03-19,48
5103,4967,2023-08-06,Rechnung,Abrechnung,Rechnungsfrage,Positiv,Email,Mittel,2023-08-16,139
5104,19719,2025-06-03,Wallbox,E-Mobility,Wallbox Installation angefragt,Neutral,Email,Mittel,2025-06-14,180
5105,11485,2023-11-30,Tarif,Vertrag,Vertragsverlängerung,Negativ,Email,Niedrig,2023-12-12,78
5106,8581,2024-11-05,Allgemein,Service,Beschwerde,Negativ,Chat,Kritisch,2024-11-08,88
5107,2732,2023-04-20,Wärmepumpe,Technisch,Wartung angefragt,Neutral,Chat,Mittel,2023-04-22,126
5108,1003,2025-02-16,Allgemein,Service,Kontaktdaten ändern,Neutral,App,Mittel,2025-02-26,51
5109,6440,2023-01-29,Wallbox,E-Mobility,Wallbox lädt nicht,Negativ,Email,Hoch,2023-01-29,192
5110,2348,2025-05-03,Speicher,Technisch,Kapazität gesunken,Negativ,Chat,Hoch,2025-05-07,125
5111,14068,2025-05-09,Allgemein,Service,Beschwerde,Negativ,App,Mittel,2025-05-22,126
5112,14882,2023-10-30,Speicher,Technisch,Batteriespeicher Störung,Negativ,Telefon,Kritisch,2023-11-01,154
5113,6387,2025-03-20,Speicher,Technisch,Batteriespeicher Störung,Negativ,App,Hoch,2025-03-26,42
5114,4805,2025-04-27,Wärmepumpe,Technisch,Wärmepumpe Störung,Negativ,App,Kritisch,2025-04-30,8
5115,15099,2025-04-21,Allgemein,Service,Beschwerde,Negativ,Email,Niedrig,2025-04-24,165
5116,13278,2023-11-22,Smart Meter,Installation,Smart Meter zeigt keine Daten,Negativ,App,Niedrig,2023-12-06,13
5117,8938,2023-02-09,Speicher,Technisch,Kapazität gesunken,Neutral,Email,Mittel,2023-02-16,186
5118,19186,2024-04-13,Allgemein,Service,Informationsanfrage,Neutral,Email,Mittel,2024-04-17,190
5119,17046,2023-11-16,Speicher,Technisch,Kapazität gesunken,Negativ,Email,Hoch,2023-11-21,150
5120,16275,2023-04-15,Allgemein,Service,Kontaktdaten ändern,Negativ,App,Niedrig,2023-04-20,84
5121,6822,2024-08-09,Wallbox,E-Mobility,Ladekarte Probleme,Neutral,App,Mittel,2024-08-09,129
5122,11491,2024-03-17,Tarif,Vertrag,Tarifwechsel angefragt,Neutral,Telefon,Niedrig,2024-03-27,174
5123,2208,2024-01-24,Smart Meter,Installation,Smart Meter Installation angefragt,Negativ,Chat,Mittel,2024-02-01,3
5124,12839,2023-12-27,Tarif,Vertrag,Umzug melden,Neutral,Telefon,Mittel,2024-01-09,8
5125,5677,2024-12-15,Wärmepumpe,Technisch,Wärmepumpe Störung,Negativ,Telefon,Kritisch,2024-12-15,24
5126,8330,2025-05-04,Rechnung,Abrechnung,Abschlag zu hoch,Negativ,Email,Mittel,2025-05-13,173
5127,14281,2023-05-21,Tarif,Vertrag,Umzug melden,Neutral,App,Mittel,2023-06-02,19
5128,2088,2025-06-17,Speicher,Technisch,Speicher lädt nicht,Negativ,Chat,Hoch,2025-06-23,184
5129,18508,2024-05-25,Tarif,Vertrag,Kündigung,Positiv,Email,Mittel,2024-06-07,62
5130,5907,2023-08-06,Solar,Technisch,Monitoring nicht verfügbar,Negativ,App,Kritisch,2023-08-11,27
5131,1464,2023-02-20,Speicher,Technisch,Kapazität gesunken,Negativ,Telefon,Hoch,2023-02-22,152
5132,15071,2024-02-10,Smart Meter,Installation,Smart Meter Installation angefragt,Neutral,Chat,Niedrig,2024-02-24,147
5133,17777,2023-01-12,Wärmepumpe,Technisch,Wärmepumpe läuft nicht,Negativ,Chat,Kritisch,2023-01-15,194
5134,683,2023-02-27,Solar,Technisch,Monitoring nicht verfügbar,Negativ,Email,Mittel,2023-03-09,98
5135,4557,2025-04-26,Wärmepumpe,Technisch,Geräuschentwicklung zu hoch,Negativ,App,Mittel,2025-05-04,92
5136,2938,2025-05-19,Tarif,Vertrag,Tarifwechsel angefragt,Neutral,Chat,Mittel,2025-05-23,55
5137,5929,2023-06-30,Tarif,Vertrag,Kündigung,Neutral,Telefon,Mittel,2023-06-30,147
5138,18845,2023-02-28,Wärmepumpe,Technisch,Fehlercode E01 angezeigt,Negativ,Telefon,Mittel,2023-03-02,81
5139,1744,2023-09-26,Tarif,Vertrag,Ökostrom Umstellung,Neutral,Telefon,Niedrig,2023-10-08,149
5140,326,2023-06-13,Solar,Technisch,Monitoring nicht verfügbar,Negativ,Email,Mittel,2023-06-25,112
5141,18856,2024-01-14,Allgemein,Service,Kontaktdaten ändern,Neutral,App,Mittel,2024-01-27,6
5142,1266,2023-11-13,Rechnung,Abrechnung,Abschlag anpassen,Positiv,Telefon,Mittel,2023-11-24,7
5143,10769,2025-02-05,Rechnung,Abrechnung,Abschlag anpassen,Positiv,Email,Niedrig,2025-02-14,162
5144,1313,2023-06-03,Wärmepumpe,Technisch,Effizienz zu niedrig,Neutral,Telefon,Hoch,2023-06-07,83
5145,16870,2024-04-25,Tarif,Vertrag,Kündigung,Neutral,Chat,Hoch,2024-04-28,154
5146,948,2025-01-05,Solar,Technisch,Monitoring nicht verfügbar,Negativ,Chat,Kritisch,2025-01-10,92
5147,12078,2023-09-03,Wallbox,E-Mobility,Wallbox lädt nicht,Negativ,Chat,Mittel,2023-09-14,14
5148,1227,2025-04-30,Tarif,Vertrag,Umzug melden,Neutral,App,Mittel,2025-05-10,118
5149,10813,2024-04-05,Speicher,Technisch,Speicher lädt nicht,Negativ,Telefon,Hoch,2024-04-07,148
5150,3313,2024-05-30,Tarif,Vertrag,Tarifwechsel angefragt,Neutral,Email,Niedrig,2024-05-30,192
5151,4657,2023-08-19,Allgemein,Service,Lob,Positiv,Email,Niedrig,2023-08-23,25
5152,1237,2025-04-13,Smart Meter,Installation,Smart Meter zeigt keine Daten,Neutral,App,Hoch,2025-04-13,167
5153,19396,2024-09-13,Wallbox,E-Mobility,Wallbox lädt nicht,Negativ,Chat,Mittel,2024-09-21,186
5154,1776,2024-04-03,Wärmepumpe,Technisch,Wartung angefragt,Neutral,Email,Hoch,2024-04-04,57
5155,4090,2025-01-26,Solar,Technisch,Monitoring nicht verfügbar,Negativ,App,Kritisch,2025-01-31,156
5156,18880,2024-04-16,Smart Meter,Installation,Smart Meter defekt,Negativ,Email,Kritisch,2024-04-20,171
5157,1147,2023-04-26,Speicher,Technisch,Batteriespeicher Störung,Negativ,App,Mittel,2023-05-08,165
5158,3694,2023-10-24,Wallbox,E-Mobility,Wallbox Installation angefragt,Neutral,Telefon,Mittel,2023-10-29,92
5159,1253,2023-08-20,Wärmepumpe,Technisch,Geräuschentwicklung zu hoch,Neutral,Chat,Mittel,2023-08-27,162
5160,14699,2024-02-12,Speicher,Technisch,Speicher lädt nicht,Negativ,Telefon,Kritisch,2024-02-13,158
5161,2607,2023-10-13,Solar,Technisch,Solaranlage Ertrag niedrig,Negativ,App,Mittel,2023-10-24,71
5162,18280,2024-08-24,Wallbox,E-Mobility,App-Verbindung unterbrochen,Negativ,Telefon,Mittel,2024-08-28,147
5163,3160,2024-11-22,Wärmepumpe,Technisch,Fehlercode E01 angezeigt,Negativ,Telefon,Mittel,2024-12-06,24
5164,2991,2024-01-12,Wärmepumpe,Technisch,Wartung angefragt,Neutral,App,Mittel,2024-01-21,157
5165,2228,2023-06-26,Solar,Technisch,Solaranlage Ertrag niedrig,Positiv,Chat,Kritisch,2023-07-01,200
5166,19489,2023-03-07,Wärmepumpe,Technisch,Geräuschentwicklung zu hoch,Neutral,Email,Niedrig,2023-03-21,124
5167,6521,2025-01-15,Rechnung,Abrechnung,Abschlag anpassen,Neutral,Email,Mittel,2025-01-28,22
5168,8209,2023-09-29,Rechnung,Abrechnung,Abschlag anpassen,Negativ,App,Niedrig,2023-09-30,6
5169,3021,2024-12-09,Wärmepumpe,Technisch,Wärmepumpe läuft nicht,Negativ,Telefon,Hoch,2024-12-13,66
5170,916,2023-10-18,Speicher,Technisch,Batteriespeicher Störung,Negativ,App,Mittel,2023-10-28,145
5171,17048,2023-03-23,Solar,Technisch,Solaranlage Ertrag niedrig,Neutral,Email,Mittel,2023-03-30,116
5172,3461,2025-02-21,Speicher,Technisch,Speicher lädt nicht,Negativ,Chat,Hoch,2025-02-24,122
5173,19457,2024-02-09,Smart Meter,Installation,Smart Meter zeigt keine Daten,Positiv,Chat,Mittel,2024-02-10,103
5174,386,2024-12-19,Solar,Technisch,Wechselrichter Fehler,Neutral,Telefon,Mittel,2024-12-31,52
5175,13665,2023-06-12,Solar,Technisch,Solaranlage produziert nicht,Negativ,Chat,Kritisch,2023-06-17,74
5176,2231,2025-06-08,Allgemein,Service,Informationsanfrage,Neutral,Chat,Mittel,2025-06-11,160
5177,18976,2024-02-20,Speicher,Technisch,Batteriespeicher Störung,Negativ,Email,Kritisch,2024-02-27,61
5178,11684,2023-03-15,Speicher,Technisch,Speicher lädt nicht,Negativ,Email,Hoch,2023-03-17,129
5179,11642,2023-11-16,Speicher,Technisch,Kapazität gesunken,Neutral,Telefon,Mittel,2023-11-17,94
5180,680,2025-01-01,Rechnung,Abrechnung,Abschlag anpassen,Neutral,Telefon,Niedrig,2025-01-12,69
5181,3881,2025-05-31,Tarif,Vertrag,Umzug melden,Neutral,Telefon,Mittel,2025-06-12,182
5182,3083,2024-02-15,Allgemein,Service,Allgemeine Anfrage,Neutral,Chat,Mittel,2024-02-21,17
5183,14968,2024-10-12,Wallbox,E-Mobility,Ladekarte Probleme,Neutral,Telefon,Hoch,2024-10-13,140
5184,15836,2024-06-10,Tarif,Vertrag,Kündigung,Positiv,Email,Niedrig,2024-06-13,7
5185,7628,2023-10-05,Tarif,Vertrag,Tarifwechsel angefragt,Neutral,Chat,Niedrig,2023-10-06,182
5186,9109,2023-12-27,Tarif,Vertrag,Preisgarantie Frage,Negativ,Telefon,Mittel,2024-01-09,180
5187,11396,2024-09-20,Wallbox,E-Mobility,Wallbox Installation angefragt,Neutral,App,Niedrig,2024-09-23,176
5188,12747,2024-07-26,Rechnung,Abrechnung,Abschlag anpassen,Neutral,App,Mittel,2024-07-27,69
5189,11459,2023-05-12,Rechnung,Abrechnung,Abschlag anpassen,Neutral,Email,Mittel,2023-05-24,121
5190,17572,2023-02-09,Wärmepumpe,Technisch,Fehlercode E01 angezeigt,Neutral,Email,Niedrig,2023-02-12,102
5191,11092,2024-04-11,Rechnung,Abrechnung,Abschlag anpassen,Positiv,Telefon,Mittel,2024-04-24,71
5192,8341,2024-08-27,Wallbox,E-Mobility,Wallbox Installation angefragt,Neutral,Telefon,Niedrig,2024-09-03,127
5193,3509,2024-12-10,Smart Meter,Installation,Smart Meter Ablesung fehlerhaft,Neutral,App,Hoch,2024-12-14,61
5194,4313,2025-03-05,Allgemein,Service,Allgemeine Anfrage,Neutral,Telefon,Mittel,2025-03-07,187
5195,16109,2025-06-13,Rechnung,Abrechnung,Abschlag zu hoch,Neutral,Telefon,Mittel,2025-06-17,179
5196,1473,2023-12-30,Rechnung,Abrechnung,Gutschrift angefragt,Neutral,App,Mittel,2024-01-08,65
5197,19148,2023-07-10,Rechnung,Abrechnung,Zahlungsplan angefragt,Neutral,Telefon,Mittel,2023-07-10,177
5198,8069,2025-06-06,Allgemein,Service,Lob,Positiv,Telefon,Niedrig,2025-06-13,75
5199,18520,2024-09-20,Rechnung,Abrechnung,Abschlag zu hoch,Neutral,Chat,Mittel,2024-09-21,197
5200,18170,2025-05-28,Speicher,Technisch,Kapazität gesunken,Neutral,Email,Mittel,2025-06-11,130
5201,1081,2024-04-04,Tarif,Vertrag,Tarifwechsel angefragt,Neutral,App,Hoch,2024-04-06,59
5202,18924,2025-01-28,Smart Meter,Installation,Smart Meter zeigt keine Daten,Positiv,Email,Mittel,2025-02-05,133
5203,19122,2023-04-12,Smart Meter,Installation,Smart Meter Ablesung fehlerhaft,Neutral,Chat,Mittel,2023-04-25,33
5204,16468,2024-08-12,Tarif,Vertrag,Kündigung,Neutral,Telefon,Mittel,2024-08-15,42
5205,7111,2024-09-04,Smart Meter,Installation,Smart Meter Installation angefragt,Neutral,Telefon,Niedrig,2024-09-10,61
5206,9019,2023-03-30,Speicher,Technisch,Speicher lädt nicht,Negativ,Email,Mittel,2023-04-05,28
5207,19590,2024-07-28,Smart Meter,Installation,Smart Meter defekt,Negativ,Telefon,Hoch,2024-07-29,127
5208,7237,2024-12-16,Wärmepumpe,Technisch,Geräuschentwicklung zu hoch,Negativ,App,Mittel,2024-12-21,30
5209,1240,2023-05-21,Allgemein,Service,Informationsanfrage,Neutral,App,Hoch,2023-05-25,187
5210,1231,2024-08-14,Speicher,Technisch,Batteriespeicher Störung,Negativ,Chat,Kritisch,2024-08-21,195
5211,4431,2025-04-24,Rechnung,Abrechnung,Unstimmigkeit in Rechnung,Positiv,Email,Niedrig,2025-04-26,14
5212,8228,2023-05-06,Allgemein,Service,Allgemeine Anfrage,Neutral,Telefon,Hoch,2023-05-10,57
5213,9820,2025-02-08,Rechnung,Abrechnung,Rechnungsfrage,Neutral,Chat,Kritisch,2025-02-10,144
5214,17059,2024-02-05,Tarif,Vertrag,Tarifwechsel angefragt,Neutral,App,Kritisch,2024-02-10,164
5215,15895,2023-08-02,Smart Meter,Installation,Smart Meter Installation angefragt,Neutral,App,Mittel,2023-08-14,108
5216,12477,2024-07-19,Rechnung,Abrechnung,Rechnungsfrage,Neutral,Chat,Mittel,2024-07-21,88
5217,19537,2024-01-18,Wallbox,E-Mobility,App-Verbindung unterbrochen,Negativ,Telefon,Hoch,2024-01-20,121
5218,12138,2025-03-03,Allgemein,Service,Beschwerde,Negativ,Telefon,Mittel,2025-03-06,32
5219,17182,2023-08-18,Wallbox,E-Mobility,Wallbox lädt nicht,Negativ,Email,Mittel,2023-08-23,111
5220,1136,2024-05-06,Rechnung,Abrechnung,Rechnungsfrage,Positiv,Telefon,Mittel,2024-05-18,192
5221,1223,2023-10-10,Tarif,Vertrag,Preisgarantie Frage,Negativ,Telefon,Niedrig,2023-10-16,14
5222,19423,2024-04-15,Wärmepumpe,Technisch,Wärmepumpe Störung,Negativ,Telefon,Niedrig,2024-04-28,12
5223,14513,2025-02-24,Rechnung,Abrechnung,Unstimmigkeit in Rechnung,Neutral,App,Mittel,2025-03-06,51
5224,873,2023-12-03,Allgemein,Service,Beschwerde,Negativ,Email,Kritisch,2023-12-05,23
5225,4090,2023-06-26,Rechnung,Abrechnung,Abschlag zu hoch,Positiv,App,Hoch,2023-06-27,128
5226,4271,2024-08-16,Rechnung,Abrechnung,Unstimmigkeit in Rechnung,Neutral,Telefon,Niedrig,2024-08-17,104
5227,12234,2024-04-11,Speicher,Technisch,Speicher lädt nicht,Negativ,Telefon,Kritisch,2024-04-15,196
5228,7755,2024-11-13,Wallbox,E-Mobility,Wallbox lädt nicht,Negativ,Chat,Hoch,2024-11-19,121
5229,3774,2024-08-01,Wärmepumpe,Technisch,Fehlercode E01 angezeigt,Negativ,Chat,Hoch,2024-08-01,24
5230,7810,2024-10-23,Rechnung,Abrechnung,Zahlungsplan angefragt,Neutral,Telefon,Mittel,2024-11-02,164
5231,3273,2024-02-01,Allgemein,Service,Informationsanfrage,Neutral,Email,Niedrig,2024-02-06,82
5232,19034,2024-05-12,Wärmepumpe,Technisch,Wärmepumpe Störung,Negativ,Chat,Hoch,2024-05-12,21
5233,3090,2025-03-02,Speicher,Technisch,Kapazität gesunken,Neutral,App,Niedrig,2025-03-03,178
5234,4426,2025-01-12,Allgemein,Service,Informationsanfrage,Neutral,Chat,Hoch,2025-01-15,190
5235,18148,2025-04-14,Tarif,Vertrag,Kündigung,Positiv,Email,Niedrig,2025-04-27,187
5236,6348,2023-06-02,Solar,Technisch,Solaranlage Ertrag niedrig,Neutral,Chat,Hoch,2023-06-07,64
5237,7839,2024-02-06,Rechnung,Abrechnung,Abschlag zu hoch,Neutral,Telefon,Mittel,2024-02-07,129
5238,1981,2024-09-05,Wärmepumpe,Technisch,Geräuschentwicklung zu hoch,Negativ,Email,Mittel,2024-09-16,11
5239,19377,2024-01-18,Wärmepumpe,Technisch,Geräuschentwicklung zu hoch,Neutral,Chat,Mittel,2024-02-01,92
5240,13220,2024-11-23,Wärmepumpe,Technisch,Fehlercode E01 angezeigt,Neutral,Chat,Hoch,2024-11-29,193
5241,13971,2023-03-08,Tarif,Vertrag,Umzug melden,Neutral,App,Niedrig,2023-03-17,105
5242,10538,2023-08-27,Speicher,Technisch,Speicher lädt nicht,Negativ,Chat,Hoch,2023-08-29,188
5243,3718,2023-04-20,Tarif,Vertrag,Vertragsverlängerung,Neutral,Telefon,Mittel,2023-04-23,26
5244,19516,2023-05-02,Wärmepumpe,Technisch,Wartung angefragt,Neutral,App,Kritisch,2023-05-02,192
5245,16834,2025-05-02,Rechnung,Abrechnung,Gutschrift angefragt,Neutral,Chat,Mittel,2025-05-08,170
5246,9178,2023-03-21,Wallbox,E-Mobility,Wallbox lädt nicht,Negativ,Telefon,Mittel,2023-03-23,185
5247,3288,2024-02-18,Allgemein,Service,Allgemeine Anfrage,Neutral,Email,Mittel,2024-02-20,95
5248,15876,2024-08-22,Wärmepumpe,Technisch,Effizienz zu niedrig,Neutral,Email,Kritisch,2024-08-22,126
5249,8084,2024-07-21,Wärmepumpe,Technisch,Geräuschentwicklung zu hoch,Neutral,Chat,Mittel,2024-08-01,168
5250,9002,2023-09-18,Allgemein,Service,Beschwerde,Negativ,Telefon,Mittel,2023-09-28,148
5251,2388,2025-03-17,Solar,Technisch,Wechselrichter Fehler,Negativ,App,Hoch,2025-03-20,82
5252,5599,2024-07-26,Wallbox,E-Mobility,App-Verbindung unterbrochen,Neutral,Chat,Mittel,2024-07-26,128
5253,5889,2024-06-26,Smart Meter,Installation,Smart Meter defekt,Negativ,Email,Hoch,2024-07-01,103
5254,3824,2023-10-16,Allgemein,Service,Beschwerde,Negativ,App,Hoch,2023-10-18,55
5255,13308,2024-11-14,Solar,Technisch,Wechselrichter Fehler,Negativ,Telefon,Niedrig,2024-11-24,168
5256,2033,2023-10-25,Rechnung,Abrechnung,Abschlag anpassen,Negativ,Chat,Hoch,2023-10-26,183
5257,18239,2023-02-21,Wärmepumpe,Technisch,Wartung angefragt,Neutral,Telefon,Kritisch,2023-02-24,170
5258,10425,2024-05-09,Rechnung,Abrechnung,Unstimmigkeit in Rechnung,Positiv,App,Niedrig,2024-05-09,103
5259,387,2023-05-29,Wärmepumpe,Technisch,Wartung angefragt,Negativ,Chat,Mittel,2023-05-30,78
5260,16813,2023-02-26,Solar,Technisch,Solaranlage produziert nicht,Negativ,Telefon,Mittel,2023-03-12,111
5261,13689,2023-06-10,Wärmepumpe,Technisch,Fehlercode E01 angezeigt,Negativ,App,Mittel,2023-06-12,106
5262,14916,2024-12-09,Wallbox,E-Mobility,Ladekarte Probleme,Neutral,Chat,Hoch,2024-12-09,55
5263,12263,2024-05-28,Tarif,Vertrag,Vertragsverlängerung,Neutral,Email,Kritisch,2024-05-28,40
5264,8249,2023-10-25,Solar,Technisch,Monitoring nicht verfügbar,Negativ,Chat,Niedrig,2023-10-25,152
5265,17584,2024-09-11,Tarif,Vertrag,Umzug melden,Neutral,Chat,Mittel,2024-09-21,167
5266,15094,2024-02-13,Wärmepumpe,Technisch,Effizienz zu niedrig,Neutral,App,Niedrig,2024-02-23,42
5267,8225,2024-10-28,Rechnung,Abrechnung,Unstimmigkeit in Rechnung,Neutral,Email,Mittel,2024-11-07,26
5268,18246,2023-05-07,Rechnung,Abrechnung,Gutschrift angefragt,Neutral,Telefon,Mittel,2023-05-17,155
5269,17459,2024-02-09,Speicher,Technisch,Kapazität gesunken,Neutral,App,Mittel,2024-02-11,175
5270,3948,2023-02-18,Speicher,Technisch,Speicher lädt nicht,Negativ,Chat,Niedrig,2023-02-20,120
5271,16912,2023-12-04,Rechnung,Abrechnung,Gutschrift angefragt,Negativ,Email,Niedrig,2023-12-15,13
5272,3457,2023-12-06,Speicher,Technisch,Batteriespeicher Störung,Negativ,Chat,Hoch,2023-12-10,13
5273,16666,2023-03-25,Speicher,Technisch,Batteriespeicher Störung,Negativ,Chat,Niedrig,2023-03-30,179
5274,15108,2023-09-05,Smart Meter,Installation,Smart Meter defekt,Negativ,App,Mittel,2023-09-11,146
5275,19175,2023-04-23,Smart Meter,Installation,Smart Meter zeigt keine Daten,Neutral,Telefon,Mittel,2023-04-26,197
5276,8647,2023-10-31,Wallbox,E-Mobility,Ladekarte Probleme,Neutral,Email,Niedrig,2023-11-07,39
5277,13916,2023-05-21,Rechnung,Abrechnung,Zahlungsplan angefragt,Neutral,Telefon,Mittel,2023-05-23,45
5278,1556,2024-03-01,Tarif,Vertrag,Vertragsverlängerung,Negativ,App,Mittel,2024-03-05,68
5279,13005,2023-09-09,Speicher,Technisch,Speicher lädt nicht,Negativ,Email,Hoch,2023-09-12,78
5280,3041,2023-01-21,Tarif,Vertrag,Preisgarantie Frage,Neutral,Chat,Kritisch,2023-01-21,44
5281,9295,2024-11-21,Solar,Technisch,Monitoring nicht verfügbar,Negativ,App,Niedrig,2024-12-05,142
5282,15014,2023-04-09,Solar,Technisch,Monitoring nicht verfügbar,Negativ,Telefon,Hoch,2023-04-09,117
5283,4977,2023-03-26,Allgemein,Service,Informationsanfrage,Negativ,Chat,Niedrig,2023-03-31,92
5284,19630,2023-09-05,Solar,Technisch,Wechselrichter Fehler,Positiv,Email,Mittel,2023-09-13,123
5285,6691,2024-07-15,Solar,Technisch,Monitoring nicht verfügbar,Negativ,Chat,Hoch,2024-07-22,200
5286,15586,2025-02-06,Tarif,Vertrag,Umzug melden,Negativ,Chat,Mittel,2025-02-19,99
5287,17038,2024-12-01,Allgemein,Service,Kontaktdaten ändern,Neutral,App,Niedrig,2024-12-04,176
5288,15440,2023-11-08,Tarif,Vertrag,Umzug melden,Negativ,Email,Niedrig,2023-11-20,115
5289,12614,2025-05-04,Rechnung,Abrechnung,Abschlag zu hoch,Neutral,App,Niedrig,2025-05-17,94
5290,15237,2024-02-21,Wallbox,E-Mobility,App-Verbindung unterbrochen,Neutral,Chat,Mittel,2024-02-21,45
5291,8253,2023-12-30,Rechnung,Abrechnung,Abschlag anpassen,Negativ,Telefon,Mittel,2024-01-12,74
5292,8754,2025-04-14,Speicher,Technisch,Speicher lädt nicht,Negativ,Telefon,Kritisch,2025-04-19,74
5293,13090,2023-11-27,Solar,Technisch,Solaranlage produziert nicht,Negativ,Telefon,Hoch,2023-12-02,41
5294,433,2023-11-20,Allgemein,Service,Informationsanfrage,Negativ,App,Mittel,2023-11-29,50
5295,6712,2024-06-26,Solar,Technisch,Monitoring nicht verfügbar,Negativ,Chat,Kritisch,2024-06-27,125
5296,2299,2024-05-15,Rechnung,Abrechnung,Gutschrift angefragt,Neutral,Chat,Mittel,2024-05-19,1
5297,18989,2025-01-04,Tarif,Vertrag,Preisgarantie Frage,Neutral,Chat,Hoch,2025-01-07,101
5298,15057,2024-10-15,Wallbox,E-Mobility,App-Verbindung unterbrochen,Positiv,Telefon,Mittel,2024-10-21,134
5299,12153,2023-05-23,Tarif,Vertrag,Ökostrom Umstellung,Negativ,Telefon,Mittel,2023-05-25,41
5300,15510,2024-07-11,Tarif,Vertrag,Vertragsverlängerung,Neutral,Telefon,Mittel,2024-07-19,169
5301,7498,2024-06-17,Solar,Technisch,Solaranlage Ertrag niedrig,Neutral,App,Mittel,2024-06-21,96
5302,16196,2023-12-08,Rechnung,Abrechnung,Abschlag zu hoch,Neutral,Email,Mittel,2023-12-22,43
5303,4184,2023-02-13,Solar,Technisch,Wechselrichter Fehler,Neutral,App,Niedrig,2023-02-13,103
5304,2451,2024-12-26,Solar,Technisch,Solaranlage Ertrag niedrig,Neutral,App,Hoch,2024-12-28,68
5305,12540,2024-04-02,Speicher,Technisch,Speicher lädt nicht,Negativ,Email,Mittel,2024-04-12,198
5306,2494,2024-03-15,Solar,Technisch,Solaranlage Ertrag niedrig,Negativ,Chat,Niedrig,2024-03-25,3
5307,6563,2025-02-13,Smart Meter,Installation,Smart Meter Installation angefragt,Negativ,Chat,Mittel,2025-02-13,79
5308,14997,2025-04-30,Solar,Technisch,Monitoring nicht verfügbar,Negativ,App,Kritisch,2025-05-05,56
5309,2320,2023-01-21,Wärmepumpe,Technisch,Effizienz zu niedrig,Neutral,Chat,Mittel,2023-02-04,41
5310,10727,2023-11-17,Allgemein,Service,Beschwerde,Negativ,Chat,Mittel,2023-11-24,111
5311,17392,2025-05-27,Rechnung,Abrechnung,Unstimmigkeit in Rechnung,Positiv,Telefon,Kritisch,2025-05-29,123
5312,5981,2024-07-27,Wärmepumpe,Technisch,Wartung angefragt,Positiv,Chat,Hoch,2024-07-27,168
5313,1619,2025-05-26,Speicher,Technisch,Kapazität gesunken,Positiv,Telefon,Niedrig,2025-05-26,27
5314,4198,2025-03-26,Smart Meter,Installation,Smart Meter App funktioniert nicht,Negativ,App,Hoch,2025-03-28,73
5315,15312,2023-03-30,Smart Meter,Installation,Smart Meter defekt,Negativ,Chat,Kritisch,2023-03-31,29
5316,19265,2024-05-10,Allgemein,Service,Informationsanfrage,Neutral,Chat,Hoch,2024-05-14,75
5317,3185,2024-02-25,Allgemein,Service,Beschwerde,Negativ,App,Hoch,2024-02-26,125
5318,12721,2024-11-07,Allgemein,Service,Informationsanfrage,Positiv,Email,Niedrig,2024-11-20,94
5319,3700,2023-11-04,Smart Meter,Installation,Smart Meter defekt,Negativ,Email,Niedrig,2023-11-07,87
5320,16117,2024-06-14,Wallbox,E-Mobility,Ladekarte Probleme,Neutral,App,Niedrig,2024-06-25,41
5321,15275,2023-05-04,Wärmepumpe,Technisch,Fehlercode E01 angezeigt,Neutral,Email,Niedrig,2023-05-18,155
5322,8641,2024-01-07,Speicher,Technisch,Batteriespeicher Störung,Negativ,Chat,Hoch,2024-01-08,155
5323,2683,2024-11-13,Allgemein,Service,Kontaktdaten ändern,Neutral,Chat,Mittel,2024-11-27,5
5324,10303,2023-05-14,Wallbox,E-Mobility,App-Verbindung unterbrochen,Neutral,Email,Hoch,2023-05-20,198
5325,9536,2024-10-20,Allgemein,Service,Lob,Positiv,Email,Niedrig,2024-10-22,75
5326,3345,2023-06-14,Wärmepumpe,Technisch,Wärmepumpe läuft nicht,Negativ,Chat,Mittel,2023-06-25,14
5327,10797,2024-11-07,Allgemein,Service,Kontaktdaten ändern,Neutral,Chat,Niedrig,2024-11-15,160
5328,15606,2024-08-23,Tarif,Vertrag,Tarifwechsel angefragt,Positiv,Chat,Niedrig,2024-09-04,101
5329,9685,2023-09-22,Allgemein,Service,Beschwerde,Negativ,Telefon,Hoch,2023-09-22,188
5330,1496,2023-11-12,Wallbox,E-Mobility,Wallbox lädt nicht,Negativ,Email,Mittel,2023-11-14,188
5331,16913,2023-01-19,Wärmepumpe,Technisch,Wartung angefragt,Positiv,Email,Mittel,2023-01-30,187
5332,2988,2023-12-15,Allgemein,Service,Allgemeine Anfrage,Positiv,Chat,Kritisch,2023-12-16,94
5333,1049,2023-01-27,Rechnung,Abrechnung,Abschlag anpassen,Negativ,Email,Mittel,2023-01-30,6
5334,135,2023-09-15,Wallbox,E-Mobility,Ladekarte Probleme,Negativ,Chat,Hoch,2023-09-21,73
5335,9316,2025-01-25,Solar,Technisch,Wechselrichter Fehler,Neutral,Telefon,Mittel,2025-02-05,4
5336,16708,2024-10-02,Tarif,Vertrag,Tarifwechsel angefragt,Neutral,Chat,Mittel,2024-10-08,33
5337,13258,2023-11-19,Rechnung,Abrechnung,Gutschrift angefragt,Neutral,Telefon,Mittel,2023-12-02,6
5338,7396,2023-02-05,Smart Meter,Installation,Smart Meter App funktioniert nicht,Negativ,Telefon,Kritisch,2023-02-09,170
5339,18648,2023-10-15,Speicher,Technisch,Speicher lädt nicht,Negativ,Telefon,Hoch,2023-10-17,182
5340,4511,2025-03-09,Tarif,Vertrag,Ökostrom Umstellung,Positiv,App,Mittel,2025-03-17,127
5341,11914,2023-01-26,Allgemein,Service,Lob,Positiv,Telefon,Niedrig,2023-02-03,170
5342,6896,2025-06-29,Tarif,Vertrag,Ökostrom Umstellung,Neutral,App,Niedrig,2025-07-09,131
5343,13716,2024-07-26,Allgemein,Service,Allgemeine Anfrage,Neutral,App,Mittel,2024-08-04,138
5344,2503,2023-07-09,Tarif,Vertrag,Vertragsverlängerung,Positiv,Email,Niedrig,2023-07-23,5
5345,2905,2024-05-11,Wallbox,E-Mobility,Ladekarte Probleme,Neutral,Telefon,Niedrig,2024-05-16,168
5346,22,2023-09-28,Solar,Technisch,Monitoring nicht verfügbar,Negativ,App,Hoch,2023-10-02,26
5347,2737,2024-02-23,Tarif,Vertrag,Preisgarantie Frage,Neutral,Email,Niedrig,2024-03-05,84
5348,8650,2024-07-12,Tarif,Vertrag,Kündigung,Negativ,Telefon,Mittel,2024-07-19,134
5349,13299,2023-10-05,Tarif,Vertrag,Tarifwechsel angefragt,Positiv,Email,Mittel,2023-10-14,151
5350,11976,2023-03-04,Wallbox,E-Mobility,Wallbox defekt,Negativ,Telefon,Mittel,2023-03-12,168
5351,18699,2024-11-27,Wärmepumpe,Technisch,Geräuschentwicklung zu hoch,Neutral,Email,Mittel,2024-12-09,113
5352,3565,2023-06-26,Wallbox,E-Mobility,Wallbox defekt,Negativ,App,Mittel,2023-06-27,83
5353,7971,2023-06-10,Wallbox,E-Mobility,Wallbox Installation angefragt,Neutral,Chat,Mittel,2023-06-20,115
5354,7205,2023-12-07,Wallbox,E-Mobility,Wallbox Installation angefragt,Neutral,App,Kritisch,2023-12-07,54
5355,9864,2025-04-16,Solar,Technisch,Solaranlage Ertrag niedrig,Neutral,Email,Niedrig,2025-04-22,151
5356,5145,2023-05-09,Rechnung,Abrechnung,Rechnungsfrage,Negativ,Chat,Niedrig,2023-05-22,122
5357,17655,2024-12-28,Allgemein,Service,Allgemeine Anfrage,Positiv,App,Niedrig,2024-12-28,52
5358,18469,2025-02-16,Speicher,Technisch,Speicher lädt nicht,Negativ,Chat,Kritisch,2025-02-22,169
5359,8937,2025-01-20,Wallbox,E-Mobility,Wallbox Installation angefragt,Neutral,Email,Niedrig,2025-01-21,192
5360,524,2024-11-05,Smart Meter,Installation,Smart Meter defekt,Negativ,Telefon,Mittel,2024-11-06,185
5361,4142,2024-02-02,Solar,Technisch,Einspeisevergütung Frage,Neutral,Email,Mittel,2024-02-08,174
5362,13802,2024-05-22,Tarif,Vertrag,Ökostrom Umstellung,Negativ,Telefon,Mittel,2024-06-03,102
5363,16990,2024-09-24,Rechnung,Abrechnung,Unstimmigkeit in Rechnung,Neutral,Chat,Mittel,2024-10-04,76
5364,13885,2024-02-19,Wallbox,E-Mobility,Wallbox lädt nicht,Negativ,App,Hoch,2024-02-24,17
5365,1990,2023-10-13,Wallbox,E-Mobility,Wallbox lädt nicht,Negativ,Chat,Kritisch,2023-10-20,143
5366,4731,2023-02-06,Wärmepumpe,Technisch,Wärmepumpe Störung,Negativ,Chat,Kritisch,2023-02-13,134
5367,8306,2024-11-09,Wärmepumpe,Technisch,Wartung angefragt,Neutral,Chat,Mittel,2024-11-15,22
5368,18339,2024-05-12,Smart Meter,Installation,Smart Meter Ablesung fehlerhaft,Neutral,Email,Hoch,2024-05-19,93
5369,18630,2023-02-21,Tarif,Vertrag,Tarifwechsel angefragt,Positiv,Email,Mittel,2023-03-05,153
5370,11182,2024-03-05,Wallbox,E-Mobility,Wallbox Installation angefragt,Neutral,Telefon,Mittel,2024-03-06,15
5371,10968,2024-10-23,Allgemein,Service,Beschwerde,Negativ,Email,Kritisch,2024-10-29,75
5372,19244,2024-10-17,Smart Meter,Installation,Smart Meter zeigt keine Daten,Positiv,App,Mittel,2024-10-21,186
5373,7881,2024-07-09,Smart Meter,Installation,Smart Meter Ablesung fehlerhaft,Neutral,Email,Mittel,2024-07-13,53
5374,15261,2023-02-26,Wallbox,E-Mobility,Wallbox defekt,Negativ,Email,Niedrig,2023-03-12,85
5375,16629,2024-05-18,Tarif,Vertrag,Vertragsverlängerung,Neutral,Email,Niedrig,2024-05-31,167
5376,4736,2024-02-14,Allgemein,Service,Lob,Positiv,Chat,Niedrig,2024-02-25,6
5377,10809,2024-04-29,Speicher,Technisch,Kapazität gesunken,Neutral,Email,Mittel,2024-05-11,156
5378,16220,2023-12-04,Wärmepumpe,Technisch,Effizienz zu niedrig,Positiv,Chat,Mittel,2023-12-09,175
5379,4144,2024-12-13,Wallbox,E-Mobility,App-Verbindung unterbrochen,Neutral,Chat,Mittel,2024-12-21,64
5380,3798,2023-06-21,Solar,Technisch,Solaranlage produziert nicht,Negativ,Chat,Kritisch,2023-06-22,51
5381,9041,2023-01-07,Speicher,Technisch,Kapazität gesunken,Neutral,Chat,Mittel,2023-01-17,67
5382,19725,2023-12-01,Wallbox,E-Mobility,Wallbox lädt nicht,Negativ,Email,Hoch,2023-12-04,122
5383,9241,2024-06-26,Allgemein,Service,Informationsanfrage,Positiv,App,Niedrig,2024-07-02,88
5384,9650,2023-11-30,Smart Meter,Installation,Smart Meter defekt,Negativ,App,Hoch,2023-12-07,140
5385,1507,2023-01-11,Rechnung,Abrechnung,Gutschrift angefragt,Positiv,App,Mittel,2023-01-18,146
5386,2739,2024-07-11,Tarif,Vertrag,Tarifwechsel angefragt,Neutral,Chat,Kritisch,2024-07-15,1
5387,2564,2023-10-16,Rechnung,Abrechnung,Abschlag zu hoch,Neutral,App,Niedrig,2023-10-27,42
5388,2311,2023-04-21,Tarif,Vertrag,Umzug melden,Negativ,App,Niedrig,2023-04-26,36
5389,6219,2023-02-22,Allgemein,Service,Lob,Positiv,Chat,Niedrig,2023-02-25,83
5390,716,2024-08-17,Solar,Technisch,Solaranlage Ertrag niedrig,Neutral,Email,Niedrig,2024-08-25,142
5391,17836,2023-05-22,Rechnung,Abrechnung,Zahlungsplan angefragt,Positiv,App,Mittel,2023-05-28,20
5392,12162,2024-09-21,Rechnung,Abrechnung,Abschlag anpassen,Neutral,Chat,Mittel,2024-09-28,7
5393,8467,2023-05-18,Tarif,Vertrag,Vertragsverlängerung,Neutral,Chat,Mittel,2023-05-20,4
5394,15805,2023-10-04,Allgemein,Service,Informationsanfrage,Neutral,Telefon,Mittel,2023-10-11,72
5395,1701,2025-03-31,Solar,Technisch,Einspeisevergütung Frage,Neutral,App,Mittel,2025-04-04,123
5396,7254,2024-07-18,Wärmepumpe,Technisch,Wärmepumpe läuft nicht,Negativ,Chat,Hoch,2024-07-20,59
5397,16969,2024-12-19,Wallbox,E-Mobility,Ladekarte Probleme,Neutral,App,Mittel,2024-12-24,65
5398,17142,2025-04-29,Wallbox,E-Mobility,Wallbox Installation angefragt,Neutral,Email,Mittel,2025-05-01,59
5399,6792,2023-10-07,Rechnung,Abrechnung,Rechnungsfrage,Neutral,App,Niedrig,2023-10-21,39
5400,17418,2023-03-20,Rechnung,Abrechnung,Unstimmigkeit in Rechnung,Negativ,App,Niedrig,2023-04-02,124
5401,8636,2023-11-26,Wallbox,E-Mobility,Wallbox Installation angefragt,Negativ,App,Hoch,2023-12-01,30
5402,17159,2023-04-29,Allgemein,Service,Informationsanfrage,Neutral,Email,Mittel,2023-05-12,32
5403,3235,2023-09-04,Speicher,Technisch,Batteriespeicher Störung,Negativ,Email,Mittel,2023-09-11,4
5404,12634,2023-12-29,Smart Meter,Installation,Smart Meter defekt,Negativ,Telefon,Hoch,2023-12-31,76
5405,1493,2024-08-23,Allgemein,Service,Beschwerde,Negativ,App,Kritisch,2024-08-26,129
5406,16688,2023-01-25,Rechnung,Abrechnung,Rechnungsfrage,Negativ,Telefon,Hoch,2023-01-27,104
5407,3818,2025-05-19,Smart Meter,Installation,Smart Meter Ablesung fehlerhaft,Positiv,App,Niedrig,2025-05-26,160
5408,11798,2023-02-19,Tarif,Vertrag,Ökostrom Umstellung,Neutral,Telefon,Niedrig,2023-02-28,140
5409,371,2025-01-12,Tarif,Vertrag,Preisgarantie Frage,Neutral,Telefon,Mittel,2025-01-14,165
5410,11600,2024-12-22,Tarif,Vertrag,Preisgarantie Frage,Neutral,Telefon,Niedrig,2025-01-01,29
5411,16900,2025-02-09,Smart Meter,Installation,Smart Meter Installation angefragt,Positiv,Telefon,Niedrig,2025-02-23,106
5412,14790,2024-02-21,Rechnung,Abrechnung,Zahlungsplan angefragt,Positiv,Telefon,Kritisch,2024-02-22,105
5413,17745,2024-12-09,Solar,Technisch,Solaranlage produziert nicht,Negativ,Telefon,Hoch,2024-12-14,154
5414,17649,2024-02-07,Speicher,Technisch,Batteriespeicher Störung,Negativ,Email,Mittel,2024-02-10,34
5415,14593,2023-12-16,Rechnung,Abrechnung,Rechnungsfrage,Neutral,Chat,Mittel,2023-12-26,34
5416,7267,2023-09-26,Speicher,Technisch,Speicher lädt nicht,Negativ,Email,Hoch,2023-09-30,117
5417,18000,2023-05-18,Speicher,Technisch,Kapazität gesunken,Neutral,App,Niedrig,2023-05-30,28
5418,6743,2025-01-29,Solar,Technisch,Monitoring nicht verfügbar,Negativ,Chat,Mittel,2025-01-30,95
5419,1041,2023-11-25,Wallbox,E-Mobility,App-Verbindung unterbrochen,Neutral,App,Mittel,2023-11-25,31
5420,5108,2024-01-18,Speicher,Technisch,Kapazität gesunken,Negativ,App,Mittel,2024-01-31,176
5421,15922,2025-04-05,Rechnung,Abrechnung,Abschlag anpassen,Neutral,App,Niedrig,2025-04-18,164
5422,19231,2024-12-30,Rechnung,Abrechnung,Abschlag zu hoch,Neutral,Email,Hoch,2025-01-03,109
5423,4175,2024-10-10,Wärmepumpe,Technisch,Wärmepumpe Störung,Negativ,Chat,Kritisch,2024-10-11,46
5424,10996,2023-05-07,Wärmepumpe,Technisch,Wärmepumpe Störung,Negativ,Telefon,Mittel,2023-05-08,22
5425,6430,2024-01-03,Rechnung,Abrechnung,Abschlag zu hoch,Positiv,Chat,Mittel,2024-01-12,92
5426,11501,2024-01-30,Smart Meter,Installation,Smart Meter Installation angefragt,Positiv,Chat,Niedrig,2024-02-06,42
5427,14457,2024-04-18,Wallbox,E-Mobility,Ladekarte Probleme,Negativ,Telefon,Niedrig,2024-04-27,195
5428,12195,2024-09-27,Solar,Technisch,Wechselrichter Fehler,Neutral,Email,Niedrig,2024-10-02,180
5429,6218,2024-06-17,Tarif,Vertrag,Preisgarantie Frage,Positiv,Chat,Mittel,2024-07-01,161
5430,10689,2024-03-22,Smart Meter,Installation,Smart Meter Ablesung fehlerhaft,Neutral,Chat,Mittel,2024-04-03,44
5431,422,2024-07-13,Rechnung,Abrechnung,Gutschrift angefragt,Neutral,Telefon,Mittel,2024-07-23,74
5432,19679,2024-06-12,Tarif,Vertrag,Umzug melden,Neutral,App,Niedrig,2024-06-22,175
5433,16406,2025-03-01,Solar,Technisch,Solaranlage Ertrag niedrig,Neutral,Chat,Mittel,2025-03-02,141
5434,14484,2023-12-18,Wärmepumpe,Technisch,Wärmepumpe Störung,Negativ,Chat,Kritisch,2023-12-25,2
5435,11249,2023-07-17,Rechnung,Abrechnung,Abschlag anpassen,Positiv,App,Mittel,2023-07-25,30
5436,1656,2024-05-13,Tarif,Vertrag,Preisgarantie Frage,Positiv,App,Mittel,2024-05-14,171
5437,1515,2024-07-02,Rechnung,Abrechnung,Abschlag zu hoch,Neutral,Email,Mittel,2024-07-12,39
5438,1309,2024-11-01,Tarif,Vertrag,Tarifwechsel angefragt,Positiv,App,Mittel,2024-11-03,80
5439,17098,2024-10-13,Wallbox,E-Mobility,Wallbox lädt nicht,Negativ,App,Hoch,2024-10-14,158
5440,7718,2024-05-10,Tarif,Vertrag,Umzug melden,Neutral,App,Kritisch,2024-05-12,175
5441,10230,2024-01-11,Speicher,Technisch,Kapazität gesunken,Neutral,App,Mittel,2024-01-20,56
5442,12896,2025-04-19,Tarif,Vertrag,Umzug melden,Neutral,Email,Niedrig,2025-04-27,84
5443,7265,2023-10-18,Speicher,Technisch,Batteriespeicher Störung,Negativ,Email,Mittel,2023-10-21,135
5444,14468,2023-06-01,Tarif,Vertrag,Ökostrom Umstellung,Neutral,Email,Hoch,2023-06-04,198
5445,8980,2023-08-19,Allgemein,Service,Informationsanfrage,Neutral,Telefon,Mittel,2023-08-21,35
5446,1121,2024-02-20,Speicher,Technisch,Kapazität gesunken,Neutral,Telefon,Mittel,2024-03-03,137
5447,6030,2023-10-29,Rechnung,Abrechnung,Abschlag zu hoch,Neutral,Chat,Niedrig,2023-11-08,30
5448,15549,2025-02-11,Rechnung,Abrechnung,Unstimmigkeit in Rechnung,Neutral,Chat,Niedrig,2025-02-25,190
5449,12160,2024-12-13,Allgemein,Service,Allgemeine Anfrage,Neutral,Chat,Mittel,2024-12-26,99
5450,19661,2024-06-16,Allgemein,Service,Kontaktdaten ändern,Negativ,Chat,Hoch,2024-06-20,1
5451,889,2025-03-20,Speicher,Technisch,Speicher lädt nicht,Negativ,Telefon,Mittel,2025-03-22,68
5452,14226,2024-08-19,Speicher,Technisch,Speicher lädt nicht,Negativ,Chat,Mittel,2024-08-30,105
5453,13691,2025-01-21,Solar,Technisch,Einspeisevergütung Frage,Neutral,Chat,Hoch,2025-01-22,151
5454,7887,2025-04-12,Wallbox,E-Mobility,Wallbox defekt,Negativ,Chat,Kritisch,2025-04-15,2
5455,16137,2023-01-15,Wallbox,E-Mobility,Wallbox defekt,Negativ,App,Hoch,2023-01-21,76
5456,17003,2023-01-13,Smart Meter,Installation,Smart Meter App funktioniert nicht,Negativ,App,Niedrig,2023-01-22,139
5457,10489,2023-11-06,Smart Meter,Installation,Smart Meter Ablesung fehlerhaft,Neutral,App,Niedrig,2023-11-07,24
5458,7818,2023-04-10,Solar,Technisch,Solaranlage produziert nicht,Negativ,Chat,Kritisch,2023-04-13,89
5459,8103,2025-01-20,Tarif,Vertrag,Kündigung,Neutral,Chat,Hoch,2025-01-21,138
5460,11328,2023-02-10,Smart Meter,Installation,Smart Meter Installation angefragt,Neutral,Chat,Niedrig,2023-02-10,134
5461,16176,2023-06-28,Solar,Technisch,Solaranlage produziert nicht,Negativ,App,Hoch,2023-07-05,96
5462,11607,2023-11-22,Speicher,Technisch,Batteriespeicher Störung,Negativ,Email,Hoch,2023-11-25,175
5463,2869,2023-11-02,Solar,Technisch,Wechselrichter Fehler,Neutral,Email,Mittel,2023-11-02,145
5464,5481,2024-07-13,Wallbox,E-Mobility,Wallbox Installation angefragt,Positiv,Chat,Mittel,2024-07-19,119
5465,5067,2024-10-08,Solar,Technisch,Einspeisevergütung Frage,Neutral,Telefon,Hoch,2024-10-10,96
5466,1391,2024-11-11,Smart Meter,Installation,Smart Meter Ablesung fehlerhaft,Negativ,Chat,Mittel,2024-11-19,118
5467,3466,2024-08-04,Allgemein,Service,Allgemeine Anfrage,Negativ,App,Mittel,2024-08-08,193
5468,16655,2025-04-28,Solar,Technisch,Monitoring nicht verfügbar,Negativ,Email,Hoch,2025-05-05,66
5469,12115,2023-12-06,Speicher,Technisch,Speicher lädt nicht,Negativ,Telefon,Mittel,2023-12-13,151
5470,12539,2025-03-12,Rechnung,Abrechnung,Rechnungsfrage,Neutral,Telefon,Mittel,2025-03-18,153
5471,13584,2024-09-05,Solar,Technisch,Solaranlage Ertrag niedrig,Neutral,Email,Mittel,2024-09-12,24
5472,522,2023-09-13,Smart Meter,Installation,Smart Meter Installation angefragt,Neutral,Chat,Niedrig,2023-09-21,134
5473,18093,2023-12-24,Wärmepumpe,Technisch,Effizienz zu niedrig,Neutral,Telefon,Hoch,2023-12-25,174
5474,1354,2024-03-03,Smart Meter,Installation,Smart Meter Installation angefragt,Negativ,Email,Hoch,2024-03-06,138
5475,9123,2025-01-23,Rechnung,Abrechnung,Abschlag anpassen,Neutral,Chat,Mittel,2025-02-02,121
5476,12948,2024-10-06,Wärmepumpe,Technisch,Geräuschentwicklung zu hoch,Neutral,Chat,Hoch,2024-10-06,15
5477,19220,2023-02-27,Solar,Technisch,Solaranlage produziert nicht,Negativ,Chat,Kritisch,2023-02-27,96
5478,15936,2023-06-10,Rechnung,Abrechnung,Zahlungsplan angefragt,Neutral,Email,Mittel,2023-06-14,39
5479,1811,2024-09-21,Wärmepumpe,Technisch,Effizienz zu niedrig,Neutral,Telefon,Mittel,2024-10-01,164
5480,15797,2023-03-02,Wärmepumpe,Technisch,Geräuschentwicklung zu hoch,Neutral,Telefon,Hoch,2023-03-04,45
5481,16694,2024-10-18,Solar,Technisch,Solaranlage produziert nicht,Negativ,Telefon,Mittel,2024-10-29,187
5482,5247,2025-06-19,Speicher,Technisch,Kapazität gesunken,Neutral,Chat,Mittel,2025-07-01,132
5483,6053,2024-12-16,Solar,Technisch,Monitoring nicht verfügbar,Negativ,App,Niedrig,2024-12-19,25
5484,1923,2023-10-25,Allgemein,Service,Beschwerde,Negativ,Telefon,Hoch,2023-11-01,14
5485,3875,2023-02-11,Smart Meter,Installation,Smart Meter Installation angefragt,Neutral,Email,Mittel,2023-02-18,169
5486,11336,2024-11-22,Rechnung,Abrechnung,Abschlag anpassen,Neutral,Telefon,Niedrig,2024-12-03,149
5487,4769,2024-12-15,Wallbox,E-Mobility,App-Verbindung unterbrochen,Negativ,Chat,Mittel,2024-12-17,103
5488,774,2024-09-08,Rechnung,Abrechnung,Abschlag zu hoch,Negativ,App,Mittel,2024-09-14,102
5489,17392,2023-01-11,Rechnung,Abrechnung,Abschlag zu hoch,Neutral,Email,Mittel,2023-01-22,171
5490,3001,2023-03-17,Speicher,Technisch,Batteriespeicher Störung,Negativ,App,Hoch,2023-03-19,67
5491,10684,2024-11-24,Rechnung,Abrechnung,Gutschrift angefragt,Neutral,Chat,Niedrig,2024-11-28,154
5492,8932,2024-10-24,Rechnung,Abrechnung,Unstimmigkeit in Rechnung,Neutral,Email,Mittel,2024-10-30,120
5493,12307,2024-04-19,Smart Meter,Installation,Smart Meter Ablesung fehlerhaft,Neutral,Chat,Mittel,2024-05-02,160
5494,5019,2023-07-25,Tarif,Vertrag,Umzug melden,Positiv,Chat,Mittel,2023-08-05,32
5495,15028,2024-04-14,Smart Meter,Installation,Smart Meter defekt,Negativ,Email,Kritisch,2024-04-20,58
5496,3225,2023-08-11,Wallbox,E-Mobility,Wallbox defekt,Negativ,Chat,Kritisch,2023-08-15,148
5497,11600,2024-05-06,Tarif,Vertrag,Vertragsverlängerung,Neutral,Telefon,Niedrig,2024-05-17,25
5498,18391,2025-05-15,Speicher,Technisch,Kapazität gesunken,Neutral,Telefon,Hoch,2025-05-18,83
5499,9432,2025-02-12,Smart Meter,Installation,Smart Meter Installation angefragt,Neutral,Telefon,Mittel,2025-02-15,124
5500,2493,2023-06-14,Tarif,Vertrag,Umzug melden,Neutral,Email,Hoch,2023-06-15,178
5501,4218,2025-03-02,Allgemein,Service,Beschwerde,Negativ,Chat,Niedrig,2025-03-06,101
5502,6847,2024-06-28,Tarif,Vertrag,Preisgarantie Frage,Negativ,Telefon,Mittel,2024-06-30,166
5503,7157,2024-04-08,Smart Meter,Installation,Smart Meter Installation angefragt,Neutral,Email,Niedrig,2024-04-11,176
5504,12445,2025-01-30,Allgemein,Service,Allgemeine Anfrage,Neutral,Chat,Niedrig,2025-02-04,93
5505,15440,2023-05-18,Smart Meter,Installation,Smart Meter App funktioniert nicht,Negativ,App,Hoch,2023-05-21,159
5506,10198,2025-03-24,Rechnung,Abrechnung,Zahlungsplan angefragt,Neutral,App,Hoch,2025-03-28,127
5507,6410,2024-11-10,Wärmepumpe,Technisch,Fehlercode E01 angezeigt,Neutral,Chat,Mittel,2024-11-10,133
5508,12952,2025-01-10,Smart Meter,Installation,Smart Meter App funktioniert nicht,Negativ,Chat,Mittel,2025-01-17,194
5509,5626,2023-05-08,Wallbox,E-Mobility,Ladekarte Probleme,Neutral,Telefon,Niedrig,2023-05-19,71
5510,2914,2024-11-04,Allgemein,Service,Informationsanfrage,Negativ,Chat,Mittel,2024-11-08,193
5511,14437,2024-04-20,Rechnung,Abrechnung,Rechnungsfrage,Neutral,App,Mittel,2024-04-27,3
5512,17947,2023-12-04,Solar,Technisch,Wechselrichter Fehler,Neutral,Telefon,Niedrig,2023-12-13,192
5513,10341,2025-02-20,Allgemein,Service,Informationsanfrage,Neutral,Telefon,Mittel,2025-03-05,36
5514,13688,2024-12-23,Solar,Technisch,Monitoring nicht verfügbar,Negativ,Telefon,Hoch,2024-12-28,98
5515,13171,2024-10-06,Wärmepumpe,Technisch,Effizienz zu niedrig,Neutral,App,Mittel,2024-10-13,181
5516,1375,2024-01-24,Wallbox,E-Mobility,App-Verbindung unterbrochen,Neutral,App,Niedrig,2024-01-27,197
5517,10553,2023-02-05,Tarif,Vertrag,Tarifwechsel angefragt,Neutral,Email,Hoch,2023-02-10,50
5518,19372,2024-08-31,Allgemein,Service,Kontaktdaten ändern,Neutral,Telefon,Mittel,2024-09-13,148
5519,6213,2024-05-04,Rechnung,Abrechnung,Abschlag zu hoch,Neutral,Email,Mittel,2024-05-05,53
5520,12312,2024-08-24,Tarif,Vertrag,Vertragsverlängerung,Negativ,Email,Mittel,2024-09-07,57
5521,14239,2023-07-25,Wallbox,E-Mobility,App-Verbindung unterbrochen,Neutral,App,Mittel,2023-07-28,85
5522,6423,2023-12-13,Smart Meter,Installation,Smart Meter App funktioniert nicht,Negativ,Chat,Mittel,2023-12-16,110
5523,13894,2024-07-06,Rechnung,Abrechnung,Rechnungsfrage,Negativ,Telefon,Mittel,2024-07-10,128
5524,2324,2025-04-07,Smart Meter,Installation,Smart Meter defekt,Negativ,App,Hoch,2025-04-14,197
5525,14005,2023-03-01,Tarif,Vertrag,Preisgarantie Frage,Negativ,Email,Kritisch,2023-03-03,155
5526,7725,2024-12-29,Tarif,Vertrag,Umzug melden,Neutral,Telefon,Mittel,2025-01-11,129
5527,13144,2025-02-20,Rechnung,Abrechnung,Rechnungsfrage,Neutral,App,Niedrig,2025-02-27,88
5528,9488,2023-08-12,Solar,Technisch,Monitoring nicht verfügbar,Negativ,App,Kritisch,2023-08-15,40
5529,10702,2025-04-22,Allgemein,Service,Lob,Positiv,Telefon,Niedrig,2025-05-01,150
5530,2212,2025-01-02,Smart Meter,Installation,Smart Meter defekt,Negativ,Chat,Mittel,2025-01-07,147
5531,6423,2024-04-25,Wärmepumpe,Technisch,Fehlercode E01 angezeigt,Neutral,Telefon,Hoch,2024-04-26,149
5532,8663,2025-01-05,Smart Meter,Installation,Smart Meter App funktioniert nicht,Negativ,Chat,Hoch,2025-01-07,116
5533,16070,2024-11-20,Wallbox,E-Mobility,Ladekarte Probleme,Neutral,Telefon,Hoch,2024-11-24,125
5534,2154,2024-05-20,Solar,Technisch,Monitoring nicht verfügbar,Negativ,App,Mittel,2024-05-28,50
5535,1314,2023-07-09,Allgemein,Service,Informationsanfrage,Neutral,App,Hoch,2023-07-12,169
5536,7461,2024-11-15,Allgemein,Service,Allgemeine Anfrage,Neutral,Email,Hoch,2024-11-15,36
5537,10833,2024-01-29,Speicher,Technisch,Batteriespeicher Störung,Negativ,App,Mittel,2024-02-08,49
5538,7565,2025-05-31,Smart Meter,Installation,Smart Meter zeigt keine Daten,Neutral,Telefon,Hoch,2025-06-03,14
5539,5674,2023-12-16,Smart Meter,Installation,Smart Meter zeigt keine Daten,Neutral,Telefon,Mittel,2023-12-30,126
5540,4660,2023-08-09,Rechnung,Abrechnung,Abschlag anpassen,Neutral,Chat,Mittel,2023-08-13,24
5541,17278,2024-12-02,Speicher,Technisch,Kapazität gesunken,Positiv,Chat,Kritisch,2024-12-07,61
5542,17039,2024-07-09,Speicher,Technisch,Batteriespeicher Störung,Negativ,App,Mittel,2024-07-20,5
5543,13726,2024-07-25,Solar,Technisch,Einspeisevergütung Frage,Positiv,Email,Kritisch,2024-08-01,11
5544,12416,2025-03-24,Tarif,Vertrag,Preisgarantie Frage,Neutral,Email,Hoch,2025-03-28,136
5545,15109,2024-08-14,Smart Meter,Installation,Smart Meter defekt,Negativ,Email,Mittel,2024-08-25,116
5546,13790,2024-08-28,Solar,Technisch,Einspeisevergütung Frage,Neutral,Telefon,Kritisch,2024-09-03,71
5547,705,2024-08-15,Wallbox,E-Mobility,App-Verbindung unterbrochen,Positiv,Email,Mittel,2024-08-26,16
5548,1073,2024-03-24,Smart Meter,Installation,Smart Meter defekt,Negativ,Telefon,Hoch,2024-03-25,162
5549,2191,2023-04-19,Solar,Technisch,Einspeisevergütung Frage,Neutral,Telefon,Mittel,2023-04-24,77
5550,12839,2023-01-02,Rechnung,Abrechnung,Rechnungsfrage,Negativ,App,Kritisch,2023-01-05,121
5551,6098,2024-08-18,Rechnung,Abrechnung,Rechnungsfrage,Neutral,Chat,Niedrig,2024-08-22,190
5552,13432,2025-05-09,Wallbox,E-Mobility,Wallbox defekt,Negativ,Chat,Mittel,2025-05-22,137
5553,9497,2024-10-28,Solar,Technisch,Einspeisevergütung Frage,Negativ,Telefon,Niedrig,2024-11-08,129
5554,7298,2023-11-24,Solar,Technisch,Solaranlage Ertrag niedrig,Negativ,Chat,Mittel,2023-12-02,6
5555,4779,2025-06-15,Wallbox,E-Mobility,Wallbox defekt,Negativ,Chat,Mittel,2025-06-15,98
5556,27,2025-01-23,Speicher,Technisch,Speicher lädt nicht,Negativ,Email,Kritisch,2025-01-24,50
5557,5556,2024-08-11,Wärmepumpe,Technisch,Wärmepumpe läuft nicht,Negativ,Email,Kritisch,2024-08-13,94
5558,11064,2024-01-30,Allgemein,Service,Allgemeine Anfrage,Neutral,Chat,Mittel,2024-02-12,162
5559,754,2023-12-04,Wärmepumpe,Technisch,Fehlercode E01 angezeigt,Negativ,Chat,Mittel,2023-12-15,127
5560,4573,2025-05-15,Wallbox,E-Mobility,Ladekarte Probleme,Positiv,App,Mittel,2025-05-23,32
5561,12030,2024-10-17,Wärmepumpe,Technisch,Wärmepumpe läuft nicht,Negativ,Email,Hoch,2024-10-17,59
5562,17867,2023-09-21,Rechnung,Abrechnung,Abschlag zu hoch,Negativ,Telefon,Mittel,2023-09-26,34
5563,16497,2024-06-05,Smart Meter,Installation,Smart Meter App funktioniert nicht,Negativ,App,Mittel,2024-06-08,192
5564,13201,2024-06-23,Wallbox,E-Mobility,Wallbox defekt,Negativ,Telefon,Hoch,2024-06-25,63
5565,13552,2023-06-16,Wärmepumpe,Technisch,Wartung angefragt,Neutral,App,Niedrig,2023-06-19,162
5566,10172,2024-09-24,Solar,Technisch,Solaranlage produziert nicht,Negativ,Email,Mittel,2024-09-26,130
5567,9015,2025-04-04,Allgemein,Service,Beschwerde,Negativ,Telefon,Hoch,2025-04-04,156
5568,11693,2024-07-17,Speicher,Technisch,Kapazität gesunken,Positiv,Telefon,Mittel,2024-07-24,30
5569,17336,2023-07-31,Speicher,Technisch,Kapazität gesunken,Neutral,Chat,Niedrig,2023-08-03,35
5570,18338,2024-10-03,Solar,Technisch,Solaranlage produziert nicht,Negativ,Telefon,Hoch,2024-10-08,83
5571,9709,2024-08-11,Wärmepumpe,Technisch,Wärmepumpe Störung,Negativ,Email,Mittel,2024-08-11,173
5572,16741,2025-03-11,Allgemein,Service,Beschwerde,Negativ,Chat,Hoch,2025-03-18,54
5573,19133,2023-07-20,Speicher,Technisch,Speicher lädt nicht,Negativ,Telefon,Mittel,2023-07-26,183
5574,5393,2025-02-22,Tarif,Vertrag,Tarifwechsel angefragt,Neutral,App,Mittel,2025-02-27,188
5575,10212,2024-05-28,Wärmepumpe,Technisch,Geräuschentwicklung zu hoch,Neutral,Telefon,Mittel,2024-06-04,14
5576,13871,2024-01-12,Wallbox,E-Mobility,Wallbox defekt,Negativ,Telefon,Hoch,2024-01-13,72
5577,8259,2025-01-08,Allgemein,Service,Kontaktdaten ändern,Neutral,Telefon,Mittel,2025-01-22,170
5578,7482,2024-10-10,Wallbox,E-Mobility,Ladekarte Probleme,Negativ,App,Hoch,2024-10-14,89
5579,6740,2024-06-10,Allgemein,Service,Kontaktdaten ändern,Neutral,App,Niedrig,2024-06-18,129
5580,15129,2023-11-30,Speicher,Technisch,Kapazität gesunken,Neutral,Chat,Niedrig,2023-12-14,1
5581,3985,2025-06-20,Wallbox,E-Mobility,App-Verbindung unterbrochen,Negativ,Chat,Mittel,2025-07-01,133
5582,18799,2023-06-06,Smart Meter,Installation,Smart Meter Ablesung fehlerhaft,Neutral,Email,Mittel,2023-06-18,56
5583,1156,2023-07-12,Smart Meter,Installation,Smart Meter App funktioniert nicht,Negativ,App,Mittel,2023-07-18,63
5584,17470,2025-04-07,Allgemein,Service,Beschwerde,Negativ,Telefon,Kritisch,2025-04-11,131
5585,3600,2024-03-22,Allgemein,Service,Lob,Positiv,Email,Niedrig,2024-03-27,191
5586,8810,2025-03-16,Wärmepumpe,Technisch,Wärmepumpe Störung,Negativ,App,Mittel,2025-03-29,51
5587,14154,2023-02-08,Smart Meter,Installation,Smart Meter defekt,Negativ,Email,Mittel,2023-02-14,22
5588,9332,2023-06-19,Wallbox,E-Mobility,Wallbox lädt nicht,Negativ,App,Niedrig,2023-06-23,195
5589,2809,2024-05-23,Tarif,Vertrag,Kündigung,Neutral,Email,Niedrig,2024-05-24,117
5590,11042,2024-06-29,Wallbox,E-Mobility,Ladekarte Probleme,Neutral,Telefon,Niedrig,2024-07-09,38
5591,2763,2025-03-28,Tarif,Vertrag,Vertragsverlängerung,Neutral,Chat,Mittel,2025-03-29,53
5592,5815,2023-11-06,Tarif,Vertrag,Vertragsverlängerung,Positiv,Chat,Hoch,2023-11-11,93
5593,12623,2024-09-29,Wärmepumpe,Technisch,Fehlercode E01 angezeigt,Neutral,App,Mittel,2024-10-02,90
5594,14181,2023-12-14,Smart Meter,Installation,Smart Meter App funktioniert nicht,Negativ,Chat,Kritisch,2023-12-21,150
5595,8655,2025-02-04,Speicher,Technisch,Kapazität gesunken,Negativ,Telefon,Niedrig,2025-02-10,74
5596,77,2023-05-29,Smart Meter,Installation,Smart Meter App funktioniert nicht,Negativ,Telefon,Kritisch,2023-06-01,184
5597,19880,2023-01-18,Solar,Technisch,Wechselrichter Fehler,Positiv,Email,Mittel,2023-01-19,152
5598,10240,2024-02-25,Smart Meter,Installation,Smart Meter defekt,Negativ,App,Kritisch,2024-02-26,20
5599,7726,2024-05-10,Allgemein,Service,Informationsanfrage,Neutral,Email,Mittel,2024-05-15,170
5600,3359,2023-07-01,Wallbox,E-Mobility,App-Verbindung unterbrochen,Neutral,Email,Mittel,2023-07-09,104
5601,9193,2025-03-28,Wallbox,E-Mobility,App-Verbindung unterbrochen,Neutral,App,Niedrig,2025-04-08,72
5602,15148,2024-11-16,Smart Meter,Installation,Smart Meter defekt,Negativ,App,Mittel,2024-11-27,69
5603,1791,2024-11-19,Solar,Technisch,Monitoring nicht verfügbar,Negativ,Chat,Hoch,2024-11-22,64
5604,17436,2024-02-05,Wallbox,E-Mobility,Wallbox Installation angefragt,Neutral,Email,Niedrig,2024-02-11,73
5605,19844,2024-07-17,Solar,Technisch,Solaranlage produziert nicht,Negativ,App,Hoch,2024-07-22,59
5606,7002,2024-12-11,Speicher,Technisch,Kapazität gesunken,Neutral,Email,Hoch,2024-12-14,6
5607,13755,2024-04-24,Wärmepumpe,Technisch,Geräuschentwicklung zu hoch,Positiv,Telefon,Niedrig,2024-05-04,17
5608,1161,2023-06-13,Wallbox,E-Mobility,Ladekarte Probleme,Neutral,Chat,Niedrig,2023-06-13,13
5609,5715,2025-06-13,Wärmepumpe,Technisch,Wärmepumpe Störung,Negativ,Email,Kritisch,2025-06-17,10
5610,16184,2024-12-21,Wallbox,E-Mobility,Wallbox Installation angefragt,Neutral,App,Mittel,2025-01-03,9
5611,12779,2023-01-09,Wärmepumpe,Technisch,Geräuschentwicklung zu hoch,Neutral,Telefon,Hoch,2023-01-09,168
5612,12444,2023-09-02,Smart Meter,Installation,Smart Meter defekt,Negativ,Email,Hoch,2023-09-07,51
5613,2150,2023-02-01,Rechnung,Abrechnung,Abschlag zu hoch,Neutral,Chat,Mittel,2023-02-09,77
5614,18289,2023-08-31,Solar,Technisch,Solaranlage produziert nicht,Negativ,App,Hoch,2023-09-06,14
5615,14567,2024-12-06,Tarif,Vertrag,Kündigung,Positiv,Email,Mittel,2024-12-08,2
5616,8497,2025-06-27,Wallbox,E-Mobility,App-Verbindung unterbrochen,Neutral,Chat,Mittel,2025-07-07,123
5617,18500,2024-06-14,Solar,Technisch,Monitoring nicht verfügbar,Negativ,Telefon,Mittel,2024-06-28,176
5618,9906,2023-02-20,Allgemein,Service,Allgemeine Anfrage,Negativ,Telefon,Mittel,2023-02-26,181
5619,4604,2025-01-20,Allgemein,Service,Kontaktdaten ändern,Positiv,Telefon,Kritisch,2025-01-23,75
5620,4551,2024-12-19,Tarif,Vertrag,Umzug melden,Neutral,App,Niedrig,2024-12-29,178
5621,15088,2024-01-10,Rechnung,Abrechnung,Abschlag anpassen,Neutral,Telefon,Mittel,2024-01-16,66
5622,3139,2024-02-22,Smart Meter,Installation,Smart Meter zeigt keine Daten,Positiv,Chat,Mittel,2024-03-06,178
5623,16441,2024-04-10,Rechnung,Abrechnung,Abschlag anpassen,Neutral,App,Hoch,2024-04-12,18
5624,4186,2023-11-14,Smart Meter,Installation,Smart Meter Ablesung fehlerhaft,Negativ,App,Mittel,2023-11-19,31
5625,15760,2024-05-18,Solar,Technisch,Monitoring nicht verfügbar,Negativ,Email,Hoch,2024-05-19,198
5626,19270,2023-08-22,Solar,Technisch,Solaranlage produziert nicht,Negativ,Telefon,Mittel,2023-08-31,28
5627,16370,2025-05-20,Solar,Technisch,Einspeisevergütung Frage,Neutral,Chat,Niedrig,2025-05-28,39
5628,5155,2023-06-11,Rechnung,Abrechnung,Abschlag zu hoch,Neutral,App,Mittel,2023-06-20,39
5629,10627,2025-02-03,Wallbox,E-Mobility,Wallbox defekt,Negativ,Email,Mittel,2025-02-17,76
5630,16219,2024-10-08,Allgemein,Service,Lob,Positiv,Email,Niedrig,2024-10-13,32
5631,4902,2023-10-11,Tarif,Vertrag,Ökostrom Umstellung,Neutral,Email,Hoch,2023-10-14,39
5632,9069,2024-01-07,Speicher,Technisch,Batteriespeicher Störung,Negativ,App,Mittel,2024-01-20,179
5633,4734,2024-10-27,Smart Meter,Installation,Smart Meter App funktioniert nicht,Negativ,Email,Mittel,2024-11-07,166
5634,6669,2023-01-19,Smart Meter,Installation,Smart Meter Installation angefragt,Negativ,Telefon,Mittel,2023-01-20,196
5635,18612,2023-10-21,Wallbox,E-Mobility,Wallbox defekt,Negativ,Telefon,Hoch,2023-10-26,31
5636,9351,2023-04-23,Solar,Technisch,Wechselrichter Fehler,Positiv,Email,Niedrig,2023-05-07,174
5637,485,2023-02-04,Wallbox,E-Mobility,Ladekarte Probleme,Neutral,Email,Mittel,2023-02-11,138
5638,5966,2024-11-29,Wallbox,E-Mobility,App-Verbindung unterbrochen,Neutral,Chat,Niedrig,2024-12-08,86
5639,11375,2023-12-02,Rechnung,Abrechnung,Unstimmigkeit in Rechnung,Neutral,Chat,Hoch,2023-12-04,115
5640,8612,2024-07-08,Tarif,Vertrag,Vertragsverlängerung,Negativ,Email,Niedrig,2024-07-14,114
5641,17619,2024-06-28,Allgemein,Service,Lob,Positiv,Email,Niedrig,2024-07-02,74
5642,16319,2024-06-21,Smart Meter,Installation,Smart Meter App funktioniert nicht,Negativ,Telefon,Mittel,2024-06-23,37
5643,13877,2024-11-05,Rechnung,Abrechnung,Abschlag zu hoch,Neutral,Chat,Mittel,2024-11-06,29
5644,19570,2024-03-20,Allgemein,Service,Lob,Positiv,Email,Niedrig,2024-04-01,119
5645,5761,2024-04-15,Rechnung,Abrechnung,Unstimmigkeit in Rechnung,Negativ,Email,Hoch,2024-04-20,110
5646,19547,2025-06-21,Wärmepumpe,Technisch,Wartung angefragt,Neutral,App,Mittel,2025-07-04,152
5647,8507,2025-05-02,Wärmepumpe,Technisch,Fehlercode E01 angezeigt,Negativ,Chat,Mittel,2025-05-14,107
5648,18345,2023-04-10,Solar,Technisch,Monitoring nicht verfügbar,Negativ,App,Niedrig,2023-04-17,42
5649,2982,2023-06-11,Speicher,Technisch,Batteriespeicher Störung,Negativ,App,Hoch,2023-06-12,26
5650,5209,2024-01-14,Allgemein,Service,Allgemeine Anfrage,Neutral,Chat,Niedrig,2024-01-15,177
5651,11420,2023-02-13,Tarif,Vertrag,Ökostrom Umstellung,Positiv,App,Mittel,2023-02-16,60
5652,15652,2023-08-09,Allgemein,Service,Informationsanfrage,Neutral,App,Mittel,2023-08-11,10
5653,7728,2025-06-20,Wärmepumpe,Technisch,Fehlercode E01 angezeigt,Neutral,Email,Hoch,2025-06-22,145
5654,2019,2023-10-02,Wallbox,E-Mobility,Wallbox defekt,Negativ,Email,Hoch,2023-10-08,114
5655,5271,2024-03-08,Smart Meter,Installation,Smart Meter App funktioniert nicht,Negativ,Email,Hoch,2024-03-09,104
5656,2449,2024-05-19,Allgemein,Service,Lob,Positiv,Email,Niedrig,2024-05-26,171
5657,5972,2024-01-01,Smart Meter,Installation,Smart Meter defekt,Negativ,Telefon,Mittel,2024-01-08,27
5658,6639,2024-05-31,Wallbox,E-Mobility,Wallbox lädt nicht,Negativ,App,Hoch,2024-06-05,149
5659,4934,2023-10-08,Smart Meter,Installation,Smart Meter defekt,Negativ,Chat,Kritisch,2023-10-09,159
5660,18160,2024-03-10,Smart Meter,Installation,Smart Meter zeigt keine Daten,Negativ,App,Hoch,2024-03-14,139
5661,9469,2024-06-25,Wärmepumpe,Technisch,Fehlercode E01 angezeigt,Neutral,Chat,Mittel,2024-06-28,177
5662,5721,2023-11-25,Wallbox,E-Mobility,App-Verbindung unterbrochen,Neutral,App,Mittel,2023-12-02,197
5663,7788,2023-10-09,Wallbox,E-Mobility,Wallbox Installation angefragt,Negativ,Email,Niedrig,2023-10-20,156
5664,17081,2023-12-26,Rechnung,Abrechnung,Unstimmigkeit in Rechnung,Neutral,App,Mittel,2024-01-08,36
5665,13549,2024-12-12,Wärmepumpe,Technisch,Wartung angefragt,Neutral,Chat,Niedrig,2024-12-20,32
5666,14070,2025-01-20,Solar,Technisch,Wechselrichter Fehler,Neutral,App,Mittel,2025-01-25,131
5667,9559,2023-02-19,Smart Meter,Installation,Smart Meter Ablesung fehlerhaft,Positiv,Email,Hoch,2023-02-20,14
5668,11326,2025-06-20,Solar,Technisch,Solaranlage produziert nicht,Negativ,App,Mittel,2025-07-04,52
5669,6538,2023-07-04,Wärmepumpe,Technisch,Wartung angefragt,Neutral,Chat,Hoch,2023-07-05,72
5670,9341,2023-09-15,Rechnung,Abrechnung,Gutschrift angefragt,Neutral,Email,Hoch,2023-09-19,97
5671,9545,2023-07-30,Tarif,Vertrag,Tarifwechsel angefragt,Neutral,App,Niedrig,2023-08-06,119
5672,14375,2023-11-03,Wärmepumpe,Technisch,Fehlercode E01 angezeigt,Neutral,Email,Niedrig,2023-11-09,156
5673,11803,2023-02-18,Tarif,Vertrag,Tarifwechsel angefragt,Neutral,Email,Niedrig,2023-02-28,87
5674,1595,2024-12-29,Smart Meter,Installation,Smart Meter Installation angefragt,Neutral,Telefon,Niedrig,2025-01-03,126
5675,1526,2024-09-15,Tarif,Vertrag,Ökostrom Umstellung,Positiv,App,Mittel,2024-09-16,131
5676,15385,2023-04-08,Rechnung,Abrechnung,Zahlungsplan angefragt,Negativ,Chat,Niedrig,2023-04-09,144
5677,12075,2024-03-14,Allgemein,Service,Allgemeine Anfrage,Positiv,Chat,Niedrig,2024-03-19,186
5678,4012,2025-06-16,Solar,Technisch,Monitoring nicht verfügbar,Negativ,App,Mittel,2025-06-16,131
5679,11921,2024-06-14,Rechnung,Abrechnung,Unstimmigkeit in Rechnung,Neutral,App,Mittel,2024-06-18,80
5680,14762,2024-01-06,Rechnung,Abrechnung,Gutschrift angefragt,Neutral,Email,Hoch,2024-01-10,94
5681,16361,2023-04-19,Tarif,Vertrag,Umzug melden,Negativ,Email,Mittel,2023-04-21,7
5682,7516,2025-05-24,Smart Meter,Installation,Smart Meter Installation angefragt,Neutral,Email,Niedrig,2025-06-05,70
5683,4816,2023-03-04,Tarif,Vertrag,Kündigung,Positiv,App,Niedrig,2023-03-07,82
5684,17435,2023-04-04,Tarif,Vertrag,Vertragsverlängerung,Neutral,App,Mittel,2023-04-16,84
5685,8235,2025-06-26,Tarif,Vertrag,Tarifwechsel angefragt,Neutral,Chat,Niedrig,2025-07-05,156
5686,11044,2024-01-17,Wärmepumpe,Technisch,Geräuschentwicklung zu hoch,Neutral,Email,Mittel,2024-01-28,134
5687,16378,2024-09-06,Wärmepumpe,Technisch,Fehlercode E01 angezeigt,Neutral,Chat,Mittel,2024-09-16,31
5688,18444,2023-03-21,Wärmepumpe,Technisch,Geräuschentwicklung zu hoch,Positiv,Telefon,Mittel,2023-03-31,128
5689,7391,2025-05-13,Speicher,Technisch,Speicher lädt nicht,Negativ,Chat,Kritisch,2025-05-19,151
5690,18912,2024-02-17,Allgemein,Service,Kontaktdaten ändern,Neutral,Email,Niedrig,2024-02-23,76
5691,8865,2025-01-16,Speicher,Technisch,Speicher lädt nicht,Negativ,Chat,Niedrig,2025-01-28,110
5692,8227,2023-04-14,Allgemein,Service,Beschwerde,Negativ,Telefon,Niedrig,2023-04-22,31
5693,9804,2025-06-27,Tarif,Vertrag,Ökostrom Umstellung,Positiv,App,Mittel,2025-06-29,180
5694,4944,2023-09-22,Smart Meter,Installation,Smart Meter zeigt keine Daten,Negativ,Chat,Mittel,2023-10-03,130
5695,19662,2023-03-28,Solar,Technisch,Solaranlage Ertrag niedrig,Positiv,Chat,Mittel,2023-04-02,191
5696,16780,2025-03-08,Rechnung,Abrechnung,Abschlag zu hoch,Neutral,Telefon,Mittel,2025-03-18,112
5697,15350,2023-03-15,Tarif,Vertrag,Tarifwechsel angefragt,Positiv,Telefon,Mittel,2023-03-29,129
5698,19091,2024-09-08,Wallbox,E-Mobility,Ladekarte Probleme,Neutral,Telefon,Hoch,2024-09-08,144
5699,2420,2024-01-05,Rechnung,Abrechnung,Gutschrift angefragt,Neutral,Email,Kritisch,2024-01-07,197
5700,8027,2023-10-11,Wallbox,E-Mobility,App-Verbindung unterbrochen,Positiv,Email,Niedrig,2023-10-15,154
5701,3565,2024-12-05,Solar,Technisch,Wechselrichter Fehler,Neutral,Email,Niedrig,2024-12-08,45
5702,5947,2023-06-04,Rechnung,Abrechnung,Abschlag anpassen,Neutral,Email,Mittel,2023-06-04,29
5703,7844,2023-06-05,Allgemein,Service,Kontaktdaten ändern,Neutral,App,Niedrig,2023-06-16,138
5704,11235,2023-04-24,Speicher,Technisch,Speicher lädt nicht,Negativ,Email,Kritisch,2023-04-29,81
5705,9484,2025-03-08,Wärmepumpe,Technisch,Wärmepumpe läuft nicht,Negativ,Telefon,Mittel,2025-03-12,72
5706,4362,2024-10-25,Tarif,Vertrag,Umzug melden,Positiv,App,Niedrig,2024-11-05,123
5707,13022,2024-01-18,Wallbox,E-Mobility,App-Verbindung unterbrochen,Neutral,Telefon,Niedrig,2024-01-25,13
5708,17286,2025-04-26,Solar,Technisch,Monitoring nicht verfügbar,Negativ,Telefon,Hoch,2025-04-30,25
5709,5084,2024-12-25,Allgemein,Service,Kontaktdaten ändern,Neutral,App,Mittel,2025-01-07,20
5710,14684,2023-06-20,Wärmepumpe,Technisch,Geräuschentwicklung zu hoch,Positiv,App,Hoch,2023-06-22,196
5711,18165,2024-10-27,Wallbox,E-Mobility,Wallbox Installation angefragt,Positiv,Chat,Kritisch,2024-10-28,65
5712,6480,2025-03-09,Solar,Technisch,Solaranlage produziert nicht,Negativ,App,Hoch,2025-03-14,189
5713,4103,2025-03-02,Speicher,Technisch,Batteriespeicher Störung,Negativ,Telefon,Kritisch,2025-03-09,123
5714,11698,2024-12-25,Allgemein,Service,Lob,Positiv,Chat,Niedrig,2024-12-26,189
5715,10408,2024-10-29,Wärmepumpe,Technisch,Fehlercode E01 angezeigt,Negativ,Chat,Niedrig,2024-10-31,93
5716,7998,2023-04-26,Solar,Technisch,Solaranlage Ertrag niedrig,Neutral,App,Mittel,2023-04-26,12
5717,179,2023-01-18,Wallbox,E-Mobility,Wallbox Installation angefragt,Neutral,Email,Niedrig,2023-01-29,29
5718,3392,2023-09-24,Rechnung,Abrechnung,Zahlungsplan angefragt,Positiv,Email,Mittel,2023-10-07,3
5719,19048,2024-05-19,Wallbox,E-Mobility,Wallbox defekt,Negativ,App,Hoch,2024-05-24,123
5720,3997,2024-08-22,Smart Meter,Installation,Smart Meter Installation angefragt,Neutral,Chat,Hoch,2024-08-29,54
5721,15686,2024-07-24,Speicher,Technisch,Speicher lädt nicht,Negativ,Chat,Mittel,2024-07-28,91
5722,10326,2024-08-23,Wallbox,E-Mobility,Ladekarte Probleme,Negativ,Telefon,Niedrig,2024-08-31,53
5723,3062,2023-10-06,Speicher,Technisch,Speicher lädt nicht,Negativ,Email,Kritisch,2023-10-12,144
5724,10716,2023-07-18,Wärmepumpe,Technisch,Wärmepumpe läuft nicht,Negativ,Telefon,Kritisch,2023-07-19,162
5725,14787,2023-12-06,Speicher,Technisch,Batteriespeicher Störung,Negativ,Chat,Hoch,2023-12-10,42
5726,7772,2024-03-31,Speicher,Technisch,Kapazität gesunken,Neutral,App,Hoch,2024-04-02,43
5727,15011,2025-03-07,Tarif,Vertrag,Umzug melden,Neutral,Email,Hoch,2025-03-09,155
5728,18514,2024-10-30,Rechnung,Abrechnung,Gutschrift angefragt,Neutral,Chat,Mittel,2024-10-31,196
5729,9943,2024-12-20,Solar,Technisch,Monitoring nicht verfügbar,Negativ,Chat,Niedrig,2025-01-02,13
5730,11614,2024-09-26,Allgemein,Service,Beschwerde,Negativ,App,Niedrig,2024-10-07,140
5731,19742,2024-10-16,Allgemein,Service,Beschwerde,Negativ,App,Hoch,2024-10-17,91
5732,14670,2024-03-03,Tarif,Vertrag,Tarifwechsel angefragt,Positiv,Telefon,Mittel,2024-03-04,37
5733,5966,2024-10-17,Smart Meter,Installation,Smart Meter defekt,Negativ,App,Niedrig,2024-10-20,165
5734,3823,2023-02-16,Allgemein,Service,Beschwerde,Negativ,Chat,Hoch,2023-02-23,192
5735,5560,2024-03-05,Allgemein,Service,Informationsanfrage,Neutral,Telefon,Mittel,2024-03-11,8
5736,8009,2024-05-14,Wärmepumpe,Technisch,Wärmepumpe Störung,Negativ,Chat,Mittel,2024-05-20,77
5737,14882,2023-04-22,Wärmepumpe,Technisch,Wärmepumpe Störung,Negativ,Telefon,Kritisch,2023-04-22,100
5738,12018,2024-07-05,Tarif,Vertrag,Tarifwechsel angefragt,Neutral,Telefon,Hoch,2024-07-05,21
5739,5964,2023-12-26,Solar,Technisch,Einspeisevergütung Frage,Neutral,Telefon,Niedrig,2023-12-30,134
5740,15962,2023-06-04,Rechnung,Abrechnung,Abschlag zu hoch,Neutral,Telefon,Niedrig,2023-06-10,17
5741,18727,2024-11-08,Speicher,Technisch,Kapazität gesunken,Neutral,Telefon,Niedrig,2024-11-16,123
5742,7342,2024-08-22,Wärmepumpe,Technisch,Wärmepumpe Störung,Negativ,Telefon,Hoch,2024-08-27,197
5743,7839,2023-12-15,Solar,Technisch,Solaranlage produziert nicht,Negativ,Email,Mittel,2023-12-23,130
5744,1967,2025-04-21,Smart Meter,Installation,Smart Meter App funktioniert nicht,Negativ,Telefon,Hoch,2025-04-28,13
5745,10129,2023-08-28,Wallbox,E-Mobility,Wallbox defekt,Negativ,Telefon,Kritisch,2023-09-04,25
5746,2545,2024-02-24,Speicher,Technisch,Kapazität gesunken,Neutral,Chat,Mittel,2024-02-27,62
5747,3038,2025-01-23,Speicher,Technisch,Speicher lädt nicht,Negativ,Email,Mittel,2025-01-23,56
5748,17223,2024-03-22,Smart Meter,Installation,Smart Meter App funktioniert nicht,Negativ,Telefon,Kritisch,2024-03-24,37
5749,10712,2024-12-27,Wallbox,E-Mobility,Wallbox defekt,Negativ,Telefon,Mittel,2025-01-04,2
5750,6297,2023-12-23,Tarif,Vertrag,Ökostrom Umstellung,Positiv,App,Niedrig,2024-01-06,197
5751,5419,2025-05-07,Solar,Technisch,Monitoring nicht verfügbar,Negativ,Email,Kritisch,2025-05-07,16
5752,15831,2025-01-30,Rechnung,Abrechnung,Unstimmigkeit in Rechnung,Neutral,Email,Mittel,2025-02-02,181
5753,15960,2024-10-22,Allgemein,Service,Informationsanfrage,Neutral,Email,Hoch,2024-10-22,155
5754,12173,2025-04-08,Rechnung,Abrechnung,Abschlag anpassen,Neutral,Chat,Niedrig,2025-04-18,28
5755,5296,2023-06-10,Tarif,Vertrag,Tarifwechsel angefragt,Neutral,Email,Kritisch,2023-06-12,164
5756,6934,2024-11-01,Tarif,Vertrag,Ökostrom Umstellung,Negativ,App,Hoch,2024-11-08,19
5757,19498,2024-08-10,Smart Meter,Installation,Smart Meter zeigt keine Daten,Neutral,Telefon,Niedrig,2024-08-10,88
5758,16786,2024-06-30,Wallbox,E-Mobility,App-Verbindung unterbrochen,Negativ,App,Kritisch,2024-07-05,12
5759,1801,2023-11-06,Allgemein,Service,Kontaktdaten ändern,Neutral,Email,Mittel,2023-11-12,136
5760,11128,2024-12-04,Rechnung,Abrechnung,Rechnungsfrage,Neutral,Chat,Mittel,2024-12-11,48
5761,3552,2023-10-16,Smart Meter,Installation,Smart Meter Ablesung fehlerhaft,Neutral,App,Mittel,2023-10-25,146
5762,7336,2024-06-20,Tarif,Vertrag,Vertragsverlängerung,Neutral,Telefon,Mittel,2024-07-04,81
5763,13295,2023-04-12,Wallbox,E-Mobility,Wallbox defekt,Negativ,Telefon,Mittel,2023-04-19,150
5764,14643,2023-02-05,Allgemein,Service,Kontaktdaten ändern,Neutral,Chat,Mittel,2023-02-09,80
5765,4558,2024-02-29,Solar,Technisch,Wechselrichter Fehler,Neutral,App,Mittel,2024-03-05,46
5766,8,2023-09-28,Wärmepumpe,Technisch,Fehlercode E01 angezeigt,Neutral,App,Mittel,2023-10-02,183
5767,2398,2024-06-26,Wallbox,E-Mobility,Wallbox defekt,Negativ,Telefon,Hoch,2024-06-29,58
5768,14343,2023-07-21,Allgemein,Service,Kontaktdaten ändern,Neutral,App,Niedrig,2023-07-29,30
5769,8208,2023-10-07,Smart Meter,Installation,Smart Meter Installation angefragt,Neutral,Email,Niedrig,2023-10-13,65
5770,7580,2024-10-29,Speicher,Technisch,Batteriespeicher Störung,Negativ,Email,Kritisch,2024-10-31,67
5771,6698,2023-01-18,Smart Meter,Installation,Smart Meter App funktioniert nicht,Negativ,Chat,Hoch,2023-01-20,116
5772,4110,2023-07-19,Wallbox,E-Mobility,App-Verbindung unterbrochen,Neutral,Email,Mittel,2023-07-24,80
5773,3102,2023-06-19,Wallbox,E-Mobility,Wallbox lädt nicht,Negativ,Chat,Hoch,2023-06-24,28
5774,10667,2024-02-03,Allgemein,Service,Informationsanfrage,Neutral,Chat,Mittel,2024-02-08,85
5775,17377,2023-05-17,Rechnung,Abrechnung,Abschlag zu hoch,Neutral,Telefon,Mittel,2023-05-19,99
5776,15141,2025-05-16,Smart Meter,Installation,Smart Meter zeigt keine Daten,Neutral,App,Niedrig,2025-05-30,33
5777,2108,2023-09-08,Smart Meter,Installation,Smart Meter Ablesung fehlerhaft,Neutral,App,Mittel,2023-09-12,104
5778,16847,2025-01-25,Wärmepumpe,Technisch,Wärmepumpe Störung,Negativ,Email,Hoch,2025-01-30,22
5779,17135,2024-11-29,Allgemein,Service,Beschwerde,Negativ,App,Mittel,2024-12-09,181
5780,8262,2025-06-02,Speicher,Technisch,Batteriespeicher Störung,Negativ,Email,Niedrig,2025-06-04,196
5781,3252,2024-08-06,Speicher,Technisch,Kapazität gesunken,Negativ,Telefon,Niedrig,2024-08-18,20
5782,862,2025-01-14,Allgemein,Service,Informationsanfrage,Negativ,Telefon,Niedrig,2025-01-20,135
5783,16099,2024-12-09,Wärmepumpe,Technisch,Effizienz zu niedrig,Neutral,Telefon,Mittel,2024-12-11,32
5784,4295,2025-03-28,Solar,Technisch,Solaranlage Ertrag niedrig,Neutral,App,Mittel,2025-04-06,57
5785,2499,2023-06-13,Allgemein,Service,Beschwerde,Negativ,Email,Niedrig,2023-06-14,84
5786,14844,2024-01-30,Smart Meter,Installation,Smart Meter App funktioniert nicht,Negativ,Telefon,Kritisch,2024-01-31,69
5787,11205,2023-04-04,Speicher,Technisch,Kapazität gesunken,Neutral,Email,Niedrig,2023-04-07,179
5788,2969,2024-02-18,Smart Meter,Installation,Smart Meter zeigt keine Daten,Neutral,Telefon,Mittel,2024-02-26,144
5789,18717,2024-07-14,Tarif,Vertrag,Kündigung,Positiv,Email,Mittel,2024-07-27,128
5790,19370,2023-01-04,Speicher,Technisch,Kapazität gesunken,Neutral,Telefon,Niedrig,2023-01-08,78
5791,11653,2025-03-08,Tarif,Vertrag,Umzug melden,Negativ,Telefon,Hoch,2025-03-13,150
5792,1912,2023-05-18,Tarif,Vertrag,Tarifwechsel angefragt,Neutral,App,Hoch,2023-05-25,117
5793,18574,2024-05-18,Smart Meter,Installation,Smart Meter App funktioniert nicht,Negativ,Telefon,Hoch,2024-05-23,136
5794,1431,2024-11-09,Solar,Technisch,Monitoring nicht verfügbar,Negativ,App,Hoch,2024-11-10,155
5795,18787,2024-04-17,Allgemein,Service,Kontaktdaten ändern,Negativ,Chat,Mittel,2024-04-23,40
5796,19223,2023-12-11,Rechnung,Abrechnung,Abschlag anpassen,Neutral,Chat,Mittel,2023-12-23,197
5797,18474,2025-03-03,Smart Meter,Installation,Smart Meter zeigt keine Daten,Neutral,Telefon,Mittel,2025-03-15,98
5798,7290,2023-08-12,Tarif,Vertrag,Umzug melden,Negativ,App,Mittel,2023-08-23,10
5799,7255,2024-08-13,Wallbox,E-Mobility,Wallbox Installation angefragt,Negativ,Chat,Niedrig,2024-08-13,160
5800,2251,2024-03-10,Wallbox,E-Mobility,App-Verbindung unterbrochen,Neutral,Telefon,Niedrig,2024-03-13,145
5801,11613,2023-02-15,Speicher,Technisch,Kapazität gesunken,Neutral,App,Niedrig,2023-02-16,200
5802,2118,2024-01-17,Smart Meter,Installation,Smart Meter Installation angefragt,Neutral,Email,Niedrig,2024-01-22,63
5803,12780,2024-01-04,Allgemein,Service,Kontaktdaten ändern,Negativ,Email,Niedrig,2024-01-17,171
5804,7772,2024-09-03,Allgemein,Service,Kontaktdaten ändern,Neutral,Chat,Niedrig,2024-09-13,44
5805,1162,2023-07-05,Wallbox,E-Mobility,Wallbox lädt nicht,Negativ,Email,Niedrig,2023-07-16,175
5806,15140,2024-02-09,Allgemein,Service,Beschwerde,Negativ,Email,Hoch,2024-02-10,22
5807,10524,2024-03-13,Wärmepumpe,Technisch,Wärmepumpe Störung,Negativ,Email,Hoch,2024-03-15,136
5808,15656,2024-05-19,Speicher,Technisch,Batteriespeicher Störung,Negativ,App,Hoch,2024-05-19,58
5809,731,2024-02-06,Tarif,Vertrag,Kündigung,Neutral,Email,Niedrig,2024-02-10,93
5810,9266,2025-05-24,Solar,Technisch,Einspeisevergütung Frage,Neutral,Chat,Kritisch,2025-05-25,64
5811,15109,2023-01-02,Smart Meter,Installation,Smart Meter zeigt keine Daten,Neutral,Email,Mittel,2023-01-15,134
5812,10419,2023-04-01,Solar,Technisch,Wechselrichter Fehler,Neutral,App,Niedrig,2023-04-03,192
5813,4715,2024-06-21,Allgemein,Service,Allgemeine Anfrage,Negativ,Email,Niedrig,2024-06-29,143
5814,17300,2024-09-06,Wallbox,E-Mobility,Wallbox defekt,Negativ,App,Hoch,2024-09-12,186
5815,17154,2023-12-25,Wallbox,E-Mobility,Wallbox defekt,Negativ,Telefon,Mittel,2023-12-31,15
5816,7329,2025-01-14,Solar,Technisch,Einspeisevergütung Frage,Neutral,Chat,Mittel,2025-01-16,76
5817,16382,2025-02-04,Solar,Technisch,Monitoring nicht verfügbar,Negativ,Telefon,Kritisch,2025-02-11,71
5818,2863,2025-05-16,Solar,Technisch,Monitoring nicht verfügbar,Negativ,App,Mittel,2025-05-25,133
5819,15314,2024-06-04,Smart Meter,Installation,Smart Meter Installation angefragt,Neutral,App,Niedrig,2024-06-14,157
5820,19052,2024-04-12,Wallbox,E-Mobility,Wallbox lädt nicht,Negativ,Chat,Hoch,2024-04-15,134
5821,3402,2023-02-09,Rechnung,Abrechnung,Rechnungsfrage,Neutral,Chat,Mittel,2023-02-17,33
5822,16712,2023-12-14,Tarif,Vertrag,Tarifwechsel angefragt,Neutral,Chat,Mittel,2023-12-19,43
5823,13373,2023-01-14,Rechnung,Abrechnung,Rechnungsfrage,Negativ,App,Hoch,2023-01-21,80
5824,13252,2023-08-18,Wärmepumpe,Technisch,Effizienz zu niedrig,Neutral,Chat,Mittel,2023-08-27,73
5825,1245,2024-01-29,Speicher,Technisch,Kapazität gesunken,Neutral,Chat,Mittel,2024-01-29,41
5826,3875,2023-12-13,Allgemein,Service,Lob,Positiv,Email,Niedrig,2023-12-21,1
5827,8686,2024-05-27,Solar,Technisch,Wechselrichter Fehler,Negativ,Email,Hoch,2024-05-27,78
5828,179,2023-11-14,Smart Meter,Installation,Smart Meter Installation angefragt,Neutral,Chat,Hoch,2023-11-21,132
5829,8668,2025-02-27,Allgemein,Service,Kontaktdaten ändern,Positiv,Telefon,Mittel,2025-03-03,43
5830,13732,2024-10-08,Rechnung,Abrechnung,Rechnungsfrage,Neutral,App,Niedrig,2024-10-10,155
5831,15071,2024-11-26,Tarif,Vertrag,Ökostrom Umstellung,Negativ,Telefon,Mittel,2024-12-01,63
5832,12348,2023-08-20,Rechnung,Abrechnung,Zahlungsplan angefragt,Neutral,Email,Niedrig,2023-08-21,58
5833,3130,2024-06-22,Tarif,Vertrag,Kündigung,Neutral,Email,Hoch,2024-06-22,130
5834,17617,2024-12-23,Allgemein,Service,Lob,Positiv,Chat,Niedrig,2024-12-25,98
5835,6698,2023-12-27,Solar,Technisch,Einspeisevergütung Frage,Neutral,App,Niedrig,2023-12-28,85
5836,14060,2024-10-29,Wallbox,E-Mobility,Wallbox defekt,Negativ,App,Hoch,2024-11-02,20
5837,9622,2023-11-06,Wärmepumpe,Technisch,Geräuschentwicklung zu hoch,Neutral,Telefon,Niedrig,2023-11-15,10
5838,17467,2025-01-21,Allgemein,Service,Kontaktdaten ändern,Positiv,Email,Niedrig,2025-02-03,105
5839,14852,2024-06-14,Rechnung,Abrechnung,Rechnungsfrage,Negativ,Telefon,Mittel,2024-06-28,24
5840,11020,2024-04-01,Wallbox,E-Mobility,Ladekarte Probleme,Negativ,Telefon,Niedrig,2024-04-06,176
5841,4866,2025-04-29,Solar,Technisch,Wechselrichter Fehler,Neutral,Telefon,Mittel,2025-05-12,38
5842,19542,2024-12-23,Tarif,Vertrag,Kündigung,Negativ,Telefon,Kritisch,2024-12-29,136
5843,18521,2023-07-02,Tarif,Vertrag,Preisgarantie Frage,Neutral,Telefon,Mittel,2023-07-10,50
5844,3273,2025-02-20,Rechnung,Abrechnung,Zahlungsplan angefragt,Neutral,Chat,Niedrig,2025-02-20,125
5845,13243,2024-11-18,Smart Meter,Installation,Smart Meter App funktioniert nicht,Negativ,Chat,Hoch,2024-11-18,63
5846,11335,2025-06-23,Rechnung,Abrechnung,Gutschrift angefragt,Neutral,Email,Hoch,2025-06-29,34
5847,10305,2023-03-23,Allgemein,Service,Allgemeine Anfrage,Neutral,Telefon,Mittel,2023-03-30,171
5848,2643,2023-09-11,Tarif,Vertrag,Ökostrom Umstellung,Neutral,Telefon,Mittel,2023-09-20,196
5849,7271,2024-07-05,Speicher,Technisch,Speicher lädt nicht,Negativ,App,Mittel,2024-07-10,8
5850,10561,2023-10-21,Smart Meter,Installation,Smart Meter App funktioniert nicht,Negativ,Chat,Hoch,2023-10-22,119
5851,8933,2024-06-11,Smart Meter,Installation,Smart Meter App funktioniert nicht,Negativ,Email,Mittel,2024-06-17,185
5852,17323,2023-11-28,Solar,Technisch,Monitoring nicht verfügbar,Negativ,Telefon,Kritisch,2023-11-30,54
5853,10754,2024-02-05,Allgemein,Service,Beschwerde,Negativ,App,Mittel,2024-02-06,159
5854,8102,2024-03-06,Wallbox,E-Mobility,Wallbox defekt,Negativ,App,Hoch,2024-03-07,184
5855,12093,2025-05-17,Solar,Technisch,Wechselrichter Fehler,Positiv,Chat,Mittel,2025-05-17,60
5856,11294,2025-02-28,Speicher,Technisch,Batteriespeicher Störung,Negativ,Telefon,Mittel,2025-03-05,47
5857,8876,2024-04-10,Speicher,Technisch,Batteriespeicher Störung,Negativ,App,Hoch,2024-04-17,113
5858,13314,2023-04-18,Rechnung,Abrechnung,Abschlag anpassen,Neutral,Chat,Mittel,2023-04-27,181
5859,3724,2023-01-17,Wärmepumpe,Technisch,Wärmepumpe Störung,Negativ,App,Hoch,2023-01-20,175
5860,8135,2025-04-09,Tarif,Vertrag,Ökostrom Umstellung,Neutral,Chat,Mittel,2025-04-17,136
5861,19726,2023-10-14,Rechnung,Abrechnung,Abschlag zu hoch,Neutral,Telefon,Mittel,2023-10-20,130
5862,200,2023-02-05,Tarif,Vertrag,Kündigung,Neutral,Email,Mittel,2023-02-12,8
5863,3046,2024-10-07,Tarif,Vertrag,Tarifwechsel angefragt,Neutral,App,Mittel,2024-10-07,43
5864,19694,2025-04-12,Tarif,Vertrag,Kündigung,Neutral,Telefon,Mittel,2025-04-19,110
5865,7246,2025-04-08,Tarif,Vertrag,Tarifwechsel angefragt,Neutral,Telefon,Mittel,2025-04-14,129
5866,15020,2023-07-21,Rechnung,Abrechnung,Gutschrift angefragt,Neutral,Chat,Mittel,2023-07-22,4
5867,4924,2024-06-26,Tarif,Vertrag,Vertragsverlängerung,Neutral,App,Mittel,2024-06-28,179
5868,4168,2025-05-24,Solar,Technisch,Einspeisevergütung Frage,Neutral,Email,Mittel,2025-05-24,150
5869,9104,2024-07-16,Rechnung,Abrechnung,Abschlag zu hoch,Neutral,Email,Niedrig,2024-07-29,12
5870,17606,2025-02-17,Solar,Technisch,Solaranlage produziert nicht,Negativ,Email,Hoch,2025-02-22,7
5871,104,2024-08-27,Rechnung,Abrechnung,Zahlungsplan angefragt,Neutral,Email,Mittel,2024-08-30,169
5872,16533,2025-06-13,Wallbox,E-Mobility,Wallbox Installation angefragt,Positiv,App,Hoch,2025-06-16,69
5873,18236,2023-09-03,Smart Meter,Installation,Smart Meter Ablesung fehlerhaft,Neutral,Telefon,Hoch,2023-09-06,150
5874,14413,2024-02-04,Wärmepumpe,Technisch,Wartung angefragt,Positiv,Email,Niedrig,2024-02-17,66
5875,13361,2023-04-20,Solar,Technisch,Solaranlage produziert nicht,Negativ,Telefon,Mittel,2023-05-02,35
5876,15649,2024-01-28,Rechnung,Abrechnung,Abschlag anpassen,Positiv,Chat,Hoch,2024-01-31,101
5877,4736,2023-01-17,Wallbox,E-Mobility,Wallbox lädt nicht,Negativ,Chat,Mittel,2023-01-29,75
5878,160,2023-11-13,Speicher,Technisch,Kapazität gesunken,Positiv,Email,Mittel,2023-11-18,104
5879,13301,2023-08-09,Wärmepumpe,Technisch,Effizienz zu niedrig,Neutral,Email,Niedrig,2023-08-23,57
5880,6056,2024-08-19,Smart Meter,Installation,Smart Meter Installation angefragt,Neutral,Telefon,Mittel,2024-08-26,3
5881,17920,2023-08-05,Wallbox,E-Mobility,App-Verbindung unterbrochen,Neutral,Email,Mittel,2023-08-08,60
5882,1780,2024-11-12,Allgemein,Service,Allgemeine Anfrage,Neutral,App,Mittel,2024-11-13,96
5883,17186,2025-04-23,Wallbox,E-Mobility,App-Verbindung unterbrochen,Negativ,App,Kritisch,2025-04-28,182
5884,11294,2024-09-27,Solar,Technisch,Wechselrichter Fehler,Neutral,Chat,Niedrig,2024-10-09,182
5885,10820,2023-07-23,Rechnung,Abrechnung,Unstimmigkeit in Rechnung,Neutral,Chat,Hoch,2023-07-24,50
5886,547,2024-04-06,Rechnung,Abrechnung,Abschlag zu hoch,Negativ,Chat,Hoch,2024-04-09,10
5887,13589,2024-09-20,Tarif,Vertrag,Umzug melden,Negativ,Email,Mittel,2024-09-23,22
5888,15367,2023-07-18,Speicher,Technisch,Kapazität gesunken,Neutral,Chat,Mittel,2023-08-01,48
5889,3989,2024-01-16,Speicher,Technisch,Speicher lädt nicht,Negativ,Email,Niedrig,2024-01-30,147
5890,4277,2023-09-20,Allgemein,Service,Lob,Positiv,Email,Niedrig,2023-09-27,71
5891,4712,2023-04-11,Smart Meter,Installation,Smart Meter App funktioniert nicht,Negativ,Chat,Hoch,2023-04-15,58
5892,2133,2024-09-09,Tarif,Vertrag,Preisgarantie Frage,Neutral,App,Mittel,2024-09-15,94
5893,15312,2025-02-09,Solar,Technisch,Solaranlage Ertrag niedrig,Neutral,Chat,Mittel,2025-02-20,18
5894,13169,2024-07-13,Rechnung,Abrechnung,Abschlag anpassen,Neutral,Email,Mittel,2024-07-17,85
5895,922,2024-05-16,Rechnung,Abrechnung,Rechnungsfrage,Neutral,Email,Niedrig,2024-05-24,5
5896,13683,2023-07-19,Solar,Technisch,Einspeisevergütung Frage,Neutral,App,Mittel,2023-07-19,180
5897,11486,2023-10-13,Tarif,Vertrag,Kündigung,Neutral,Chat,Mittel,2023-10-22,189
5898,4194,2023-06-09,Rechnung,Abrechnung,Zahlungsplan angefragt,Neutral,App,Niedrig,2023-06-20,40
5899,10319,2024-02-03,Solar,Technisch,Monitoring nicht verfügbar,Negativ,Chat,Niedrig,2024-02-12,170
5900,16019,2024-12-22,Speicher,Technisch,Kapazität gesunken,Negativ,App,Niedrig,2024-12-25,159
5901,6326,2025-02-17,Solar,Technisch,Solaranlage Ertrag niedrig,Neutral,Email,Mittel,2025-02-27,96
5902,14999,2025-04-18,Wallbox,E-Mobility,App-Verbindung unterbrochen,Neutral,Chat,Mittel,2025-04-29,128
5903,13718,2024-03-24,Allgemein,Service,Kontaktdaten ändern,Neutral,Chat,Kritisch,2024-03-31,69
5904,13026,2024-12-31,Speicher,Technisch,Speicher lädt nicht,Negativ,Email,Niedrig,2025-01-05,188
5905,17565,2024-02-24,Allgemein,Service,Kontaktdaten ändern,Neutral,Chat,Niedrig,2024-03-07,131
5906,14128,2023-07-10,Speicher,Technisch,Speicher lädt nicht,Negativ,Email,Niedrig,2023-07-21,144
5907,1917,2025-01-09,Wallbox,E-Mobility,Wallbox defekt,Negativ,Email,Hoch,2025-01-16,13
5908,16815,2023-01-12,Wallbox,E-Mobility,Wallbox Installation angefragt,Positiv,App,Niedrig,2023-01-18,43
5909,3292,2023-07-06,Allgemein,Service,Kontaktdaten ändern,Positiv,Telefon,Mittel,2023-07-10,52
5910,12275,2025-03-18,Wallbox,E-Mobility,Wallbox Installation angefragt,Neutral,Telefon,Mittel,2025-03-31,198
5911,16811,2024-07-16,Smart Meter,Installation,Smart Meter defekt,Negativ,Telefon,Hoch,2024-07-16,151
5912,7023,2025-04-26,Rechnung,Abrechnung,Zahlungsplan angefragt,Negativ,Chat,Mittel,2025-05-08,85
5913,18496,2025-03-12,Wärmepumpe,Technisch,Wärmepumpe Störung,Negativ,Email,Mittel,2025-03-13,151
5914,18584,2024-03-02,Wärmepumpe,Technisch,Wärmepumpe läuft nicht,Negativ,Telefon,Hoch,2024-03-08,86
5915,19821,2023-05-19,Solar,Technisch,Solaranlage Ertrag niedrig,Neutral,Telefon,Mittel,2023-05-24,36
5916,3176,2023-06-19,Wallbox,E-Mobility,Wallbox defekt,Negativ,Telefon,Niedrig,2023-06-30,94
5917,13865,2024-04-13,Tarif,Vertrag,Umzug melden,Neutral,Telefon,Mittel,2024-04-20,151
5918,7155,2024-12-13,Solar,Technisch,Solaranlage produziert nicht,Negativ,App,Niedrig,2024-12-27,81
5919,313,2024-06-12,Wärmepumpe,Technisch,Fehlercode E01 angezeigt,Neutral,App,Hoch,2024-06-12,182
5920,1129,2024-01-23,Speicher,Technisch,Speicher lädt nicht,Negativ,App,Kritisch,2024-01-30,121
5921,19294,2023-08-02,Solar,Technisch,Solaranlage produziert nicht,Negativ,Email,Hoch,2023-08-05,167
5922,14579,2024-07-08,Solar,Technisch,Einspeisevergütung Frage,Neutral,Chat,Mittel,2024-07-09,92
5923,5606,2024-01-20,Tarif,Vertrag,Preisgarantie Frage,Neutral,Chat,Niedrig,2024-02-02,58
5924,19925,2023-12-27,Allgemein,Service,Beschwerde,Negativ,Chat,Mittel,2024-01-02,79
5925,938,2024-02-29,Tarif,Vertrag,Ökostrom Umstellung,Positiv,Email,Niedrig,2024-02-29,50
5926,16518,2025-03-15,Tarif,Vertrag,Vertragsverlängerung,Neutral,Email,Mittel,2025-03-15,26
5927,13668,2023-06-07,Smart Meter,Installation,Smart Meter Ablesung fehlerhaft,Neutral,Chat,Mittel,2023-06-07,61
5928,10056,2025-03-26,Allgemein,Service,Allgemeine Anfrage,Negativ,Email,Hoch,2025-03-27,179
5929,12619,2024-12-05,Wärmepumpe,Technisch,Wärmepumpe läuft nicht,Negativ,Chat,Hoch,2024-12-12,82
5930,502,2023-01-28,Allgemein,Service,Informationsanfrage,Neutral,App,Mittel,2023-01-29,43
5931,16296,2024-05-06,Allgemein,Service,Allgemeine Anfrage,Neutral,Telefon,Mittel,2024-05-13,120
5932,4527,2025-05-02,Tarif,Vertrag,Preisgarantie Frage,Neutral,Chat,Mittel,2025-05-16,108
5933,8856,2025-05-31,Wallbox,E-Mobility,Wallbox Installation angefragt,Positiv,Telefon,Mittel,2025-06-11,199
5934,17897,2024-09-17,Wallbox,E-Mobility,Wallbox defekt,Negativ,Telefon,Niedrig,2024-09-26,55
5935,9913,2025-03-03,Smart Meter,Installation,Smart Meter Ablesung fehlerhaft,Neutral,Telefon,Mittel,2025-03-05,191
5936,10073,2024-02-13,Speicher,Technisch,Batteriespeicher Störung,Negativ,App,Kritisch,2024-02-17,146
5937,16282,2024-02-13,Rechnung,Abrechnung,Unstimmigkeit in Rechnung,Negativ,Chat,Niedrig,2024-02-27,106
5938,768,2024-06-12,Rechnung,Abrechnung,Zahlungsplan angefragt,Positiv,App,Niedrig,2024-06-20,163
5939,6882,2024-04-10,Rechnung,Abrechnung,Zahlungsplan angefragt,Neutral,Telefon,Hoch,2024-04-16,185
5940,14642,2024-02-27,Rechnung,Abrechnung,Abschlag anpassen,Neutral,Telefon,Mittel,2024-03-03,71
5941,1334,2023-11-29,Smart Meter,Installation,Smart Meter Ablesung fehlerhaft,Positiv,Chat,Niedrig,2023-12-03,23
5942,15280,2023-05-10,Rechnung,Abrechnung,Abschlag anpassen,Negativ,App,Kritisch,2023-05-12,108
5943,5534,2023-07-27,Rechnung,Abrechnung,Zahlungsplan angefragt,Neutral,Chat,Niedrig,2023-08-09,15
5944,11657,2024-10-09,Allgemein,Service,Informationsanfrage,Neutral,Chat,Mittel,2024-10-18,50
5945,18155,2024-10-28,Allgemein,Service,Lob,Positiv,Email,Niedrig,2024-11-01,191
5946,9650,2023-11-16,Solar,Technisch,Monitoring nicht verfügbar,Negativ,Telefon,Kritisch,2023-11-23,93
5947,12158,2024-02-12,Tarif,Vertrag,Preisgarantie Frage,Negativ,Chat,Niedrig,2024-02-17,140
5948,9864,2023-06-15,Wärmepumpe,Technisch,Wärmepumpe läuft nicht,Negativ,Telefon,Mittel,2023-06-26,170
5949,16249,2024-07-22,Wallbox,E-Mobility,Wallbox lädt nicht,Negativ,App,Mittel,2024-08-03,12
5950,15004,2023-07-10,Wallbox,E-Mobility,Wallbox lädt nicht,Negativ,App,Hoch,2023-07-15,179
5951,18777,2024-04-16,Speicher,Technisch,Speicher lädt nicht,Negativ,App,Hoch,2024-04-22,166
5952,15048,2025-04-26,Speicher,Technisch,Speicher lädt nicht,Negativ,Chat,Kritisch,2025-05-01,74
5953,1175,2023-05-05,Wallbox,E-Mobility,Wallbox Installation angefragt,Positiv,Telefon,Niedrig,2023-05-08,192
5954,5718,2023-07-30,Smart Meter,Installation,Smart Meter defekt,Negativ,Telefon,Hoch,2023-08-04,32
5955,16524,2025-05-06,Wallbox,E-Mobility,Wallbox Installation angefragt,Neutral,Email,Mittel,2025-05-16,63
5956,19074,2023-02-18,Solar,Technisch,Einspeisevergütung Frage,Neutral,Chat,Kritisch,2023-02-25,13
5957,12318,2023-07-18,Allgemein,Service,Allgemeine Anfrage,Negativ,App,Mittel,2023-07-28,67
5958,18503,2023-10-22,Solar,Technisch,Solaranlage Ertrag niedrig,Neutral,App,Mittel,2023-10-30,132
5959,16586,2024-04-25,Speicher,Technisch,Kapazität gesunken,Negativ,Chat,Mittel,2024-05-07,121
5960,5162,2024-11-16,Wallbox,E-Mobility,Wallbox lädt nicht,Negativ,Telefon,Mittel,2024-11-22,56
5961,3382,2025-03-04,Tarif,Vertrag,Preisgarantie Frage,Neutral,Email,Niedrig,2025-03-11,130
5962,7467,2023-01-07,Rechnung,Abrechnung,Abschlag anpassen,Positiv,Chat,Mittel,2023-01-19,15
5963,6460,2025-03-13,Wärmepumpe,Technisch,Effizienz zu niedrig,Neutral,Telefon,Mittel,2025-03-17,117
5964,18926,2023-07-01,Speicher,Technisch,Batteriespeicher Störung,Negativ,Chat,Hoch,2023-07-02,9
5965,14101,2025-06-04,Smart Meter,Installation,Smart Meter defekt,Negativ,App,Niedrig,2025-06-10,11
5966,8414,2023-04-06,Wärmepumpe,Technisch,Geräuschentwicklung zu hoch,Negativ,Telefon,Mittel,2023-04-10,143
5967,7002,2023-11-04,Rechnung,Abrechnung,Gutschrift angefragt,Negativ,Email,Mittel,2023-11-11,75
5968,4835,2025-04-03,Tarif,Vertrag,Ökostrom Umstellung,Neutral,App,Mittel,2025-04-14,59
5969,4326,2025-04-04,Tarif,Vertrag,Umzug melden,Positiv,Email,Hoch,2025-04-04,84
5970,17959,2023-02-15,Wärmepumpe,Technisch,Geräuschentwicklung zu hoch,Neutral,App,Niedrig,2023-02-23,185
5971,325,2024-11-23,Smart Meter,Installation,Smart Meter Ablesung fehlerhaft,Neutral,App,Kritisch,2024-11-24,97
5972,19204,2024-07-17,Wärmepumpe,Technisch,Wartung angefragt,Neutral,Email,Mittel,2024-07-24,81
5973,7249,2025-05-27,Solar,Technisch,Wechselrichter Fehler,Positiv,Chat,Mittel,2025-06-09,47
5974,4809,2024-05-30,Speicher,Technisch,Kapazität gesunken,Negativ,Telefon,Kritisch,2024-05-30,75
5975,8075,2025-01-23,Tarif,Vertrag,Ökostrom Umstellung,Positiv,Telefon,Mittel,2025-02-05,7
5976,13323,2024-05-02,Solar,Technisch,Wechselrichter Fehler,Neutral,Email,Kritisch,2024-05-05,89
5977,9791,2024-11-03,Wallbox,E-Mobility,Ladekarte Probleme,Neutral,Email,Mittel,2024-11-17,143
5978,15094,2023-11-14,Solar,Technisch,Monitoring nicht verfügbar,Negativ,Email,Kritisch,2023-11-16,43
5979,12201,2024-03-20,Speicher,Technisch,Speicher lädt nicht,Negativ,Telefon,Hoch,2024-03-22,59
5980,15722,2023-03-06,Solar,Technisch,Einspeisevergütung Frage,Neutral,App,Mittel,2023-03-16,115
5981,18103,2025-05-28,Solar,Technisch,Wechselrichter Fehler,Neutral,Email,Niedrig,2025-06-03,3
5982,16733,2024-12-14,Smart Meter,Installation,Smart Meter Installation angefragt,Positiv,Email,Hoch,2024-12-17,29
5983,16900,2023-06-06,Wallbox,E-Mobility,App-Verbindung unterbrochen,Neutral,Email,Mittel,2023-06-15,198
5984,14737,2023-11-16,Solar,Technisch,Monitoring nicht verfügbar,Negativ,Chat,Kritisch,2023-11-17,76
5985,7182,2024-12-23,Solar,Technisch,Solaranlage produziert nicht,Negativ,Telefon,Hoch,2024-12-26,181
5986,16329,2023-05-23,Tarif,Vertrag,Kündigung,Neutral,Telefon,Hoch,2023-05-30,112
5987,1198,2023-06-26,Smart Meter,Installation,Smart Meter Ablesung fehlerhaft,Negativ,Chat,Mittel,2023-07-01,23
5988,14028,2024-12-03,Speicher,Technisch,Speicher lädt nicht,Negativ,Telefon,Hoch,2024-12-10,192
5989,11654,2023-11-27,Solar,Technisch,Einspeisevergütung Frage,Neutral,Chat,Niedrig,2023-11-29,90
5990,8384,2024-02-16,Wallbox,E-Mobility,App-Verbindung unterbrochen,Negativ,Telefon,Niedrig,2024-02-17,97
5991,16247,2025-05-01,Wallbox,E-Mobility,Wallbox lädt nicht,Negativ,App,Kritisch,2025-05-02,101
5992,12128,2024-02-26,Speicher,Technisch,Batteriespeicher Störung,Negativ,Email,Kritisch,2024-02-29,195
5993,10699,2023-03-04,Wallbox,E-Mobility,App-Verbindung unterbrochen,Neutral,App,Mittel,2023-03-16,103
5994,2847,2024-03-28,Solar,Technisch,Solaranlage Ertrag niedrig,Neutral,Chat,Mittel,2024-04-10,40
5995,19628,2023-08-26,Smart Meter,Installation,Smart Meter App funktioniert nicht,Negativ,Telefon,Hoch,2023-08-29,129
5996,11379,2023-11-04,Speicher,Technisch,Kapazität gesunken,Positiv,Telefon,Niedrig,2023-11-12,198
5997,19448,2025-05-26,Smart Meter,Installation,Smart Meter Installation angefragt,Neutral,App,Hoch,2025-05-30,175
5998,13979,2023-08-28,Smart Meter,Installation,Smart Meter Ablesung fehlerhaft,Negativ,App,Niedrig,2023-09-02,172
5999,2426,2023-01-22,Solar,Technisch,Wechselrichter Fehler,Negativ,Chat,Mittel,2023-01-23,134
6000,3091,2025-06-11,Solar,Technisch,Wechselrichter Fehler,Neutral,App,Hoch,2025-06-18,16
6001,8237,2023-10-11,Solar,Technisch,Monitoring nicht verfügbar,Negativ,Chat,Hoch,2023-10-16,129
6002,15079,2025-06-24,Smart Meter,Installation,Smart Meter defekt,Negativ,Chat,Hoch,2025-06-27,32
6003,19111,2023-08-24,Speicher,Technisch,Speicher lädt nicht,Negativ,App,Hoch,2023-08-27,6
6004,12400,2024-01-15,Speicher,Technisch,Speicher lädt nicht,Negativ,Chat,Niedrig,2024-01-19,182
6005,2667,2024-10-14,Solar,Technisch,Einspeisevergütung Frage,Neutral,App,Mittel,2024-10-22,86
6006,7233,2023-05-03,Smart Meter,Installation,Smart Meter Ablesung fehlerhaft,Neutral,App,Niedrig,2023-05-09,140
6007,7576,2024-12-07,Wallbox,E-Mobility,Ladekarte Probleme,Neutral,Telefon,Hoch,2024-12-08,156
6008,11629,2024-01-05,Rechnung,Abrechnung,Unstimmigkeit in Rechnung,Neutral,Email,Mittel,2024-01-13,130
6009,3401,2024-07-09,Solar,Technisch,Wechselrichter Fehler,Neutral,Telefon,Niedrig,2024-07-15,110
6010,5898,2024-07-07,Smart Meter,Installation,Smart Meter zeigt keine Daten,Neutral,App,Niedrig,2024-07-17,171
6011,2002,2023-09-16,Tarif,Vertrag,Vertragsverlängerung,Neutral,Chat,Hoch,2023-09-16,180
6012,14129,2023-03-01,Tarif,Vertrag,Ökostrom Umstellung,Positiv,Email,Mittel,2023-03-15,29
6013,6935,2024-03-05,Wärmepumpe,Technisch,Wärmepumpe Störung,Negativ,App,Hoch,2024-03-10,147
6014,17848,2025-04-16,Tarif,Vertrag,Umzug melden,Negativ,Telefon,Kritisch,2025-04-21,55
6015,3092,2023-04-28,Smart Meter,Installation,Smart Meter Ablesung fehlerhaft,Positiv,Email,Mittel,2023-05-06,150
6016,19245,2024-08-17,Smart Meter,Installation,Smart Meter Installation angefragt,Neutral,App,Mittel,2024-08-30,2
6017,9637,2023-01-25,Rechnung,Abrechnung,Abschlag zu hoch,Neutral,Email,Kritisch,2023-01-31,58
6018,12765,2025-02-16,Rechnung,Abrechnung,Zahlungsplan angefragt,Positiv,Chat,Hoch,2025-02-22,33
6019,7286,2023-09-07,Wallbox,E-Mobility,Wallbox Installation angefragt,Negativ,Chat,Hoch,2023-09-07,106
6020,1556,2024-09-19,Rechnung,Abrechnung,Abschlag zu hoch,Negativ,Telefon,Mittel,2024-09-28,34
6021,6029,2025-01-05,Speicher,Technisch,Kapazität gesunken,Positiv,Email,Kritisch,2025-01-09,136
6022,13546,2025-04-02,Wärmepumpe,Technisch,Effizienz zu niedrig,Positiv,Telefon,Niedrig,2025-04-13,109
6023,5259,2025-06-26,Tarif,Vertrag,Ökostrom Umstellung,Neutral,Telefon,Hoch,2025-06-29,28
6024,9692,2024-01-10,Wallbox,E-Mobility,Ladekarte Probleme,Neutral,Telefon,Mittel,2024-01-21,37
6025,5204,2024-05-15,Solar,Technisch,Einspeisevergütung Frage,Neutral,Email,Mittel,2024-05-26,198
6026,7191,2024-08-18,Speicher,Technisch,Batteriespeicher Störung,Negativ,Chat,Kritisch,2024-08-24,18
6027,4803,2023-02-16,Wallbox,E-Mobility,Wallbox defekt,Negativ,App,Hoch,2023-02-17,2
6028,1775,2025-05-06,Wärmepumpe,Technisch,Wärmepumpe Störung,Negativ,Email,Mittel,2025-05-12,86
6029,13580,2024-10-27,Tarif,Vertrag,Preisgarantie Frage,Negativ,App,Mittel,2024-11-04,140
6030,15990,2023-02-09,Wärmepumpe,Technisch,Geräuschentwicklung zu hoch,Neutral,Email,Mittel,2023-02-17,32
6031,6824,2024-01-14,Speicher,Technisch,Speicher lädt nicht,Negativ,Chat,Kritisch,2024-01-18,79
6032,13131,2024-11-24,Allgemein,Service,Beschwerde,Negativ,App,Hoch,2024-11-24,128
6033,7932,2024-08-12,Wallbox,E-Mobility,Wallbox Installation angefragt,Neutral,Chat,Hoch,2024-08-12,176
6034,9848,2023-12-28,Smart Meter,Installation,Smart Meter App funktioniert nicht,Negativ,Telefon,Hoch,2024-01-03,148
6035,13331,2023-12-15,Rechnung,Abrechnung,Unstimmigkeit in Rechnung,Neutral,Chat,Kritisch,2023-12-22,161
6036,9138,2024-06-18,Allgemein,Service,Kontaktdaten ändern,Positiv,App,Hoch,2024-06-24,41
6037,1821,2024-02-20,Allgemein,Service,Lob,Positiv,Telefon,Niedrig,2024-03-04,177
6038,17879,2024-03-31,Smart Meter,Installation,Smart Meter defekt,Negativ,Email,Hoch,2024-04-06,87
6039,2821,2024-07-02,Smart Meter,Installation,Smart Meter zeigt keine Daten,Neutral,Chat,Mittel,2024-07-04,116
6040,5073,2023-05-12,Wallbox,E-Mobility,Wallbox Installation angefragt,Positiv,Email,Hoch,2023-05-15,44
6041,3660,2024-01-05,Speicher,Technisch,Speicher lädt nicht,Negativ,App,Mittel,2024-01-16,46
6042,5068,2024-03-18,Wärmepumpe,Technisch,Wartung angefragt,Negativ,Email,Mittel,2024-03-23,39
6043,6848,2023-02-21,Wallbox,E-Mobility,App-Verbindung unterbrochen,Neutral,Email,Mittel,2023-03-01,170
6044,12812,2024-08-07,Tarif,Vertrag,Tarifwechsel angefragt,Negativ,Chat,Niedrig,2024-08-15,180
6045,18229,2025-03-10,Smart Meter,Installation,Smart Meter defekt,Negativ,Chat,Hoch,2025-03-12,19
6046,4556,2024-01-25,Rechnung,Abrechnung,Abschlag anpassen,Neutral,Telefon,Mittel,2024-01-31,108
6047,2741,2024-06-30,Rechnung,Abrechnung,Zahlungsplan angefragt,Neutral,Chat,Niedrig,2024-07-06,172
6048,10204,2025-01-11,Rechnung,Abrechnung,Zahlungsplan angefragt,Negativ,Chat,Kritisch,2025-01-16,191
6049,3851,2024-09-19,Tarif,Vertrag,Ökostrom Umstellung,Neutral,Telefon,Mittel,2024-09-25,199
6050,5348,2024-01-10,Tarif,Vertrag,Ökostrom Umstellung,Negativ,Email,Hoch,2024-01-12,178
6051,18777,2024-06-14,Tarif,Vertrag,Ökostrom Umstellung,Neutral,App,Niedrig,2024-06-14,14
6052,15633,2024-06-06,Smart Meter,Installation,Smart Meter App funktioniert nicht,Negativ,Telefon,Mittel,2024-06-11,141
6053,13232,2023-10-03,Wallbox,E-Mobility,Ladekarte Probleme,Negativ,App,Niedrig,2023-10-17,10
6054,7038,2024-01-19,Smart Meter,Installation,Smart Meter Installation angefragt,Neutral,Email,Hoch,2024-01-25,141
6055,2367,2023-06-15,Speicher,Technisch,Batteriespeicher Störung,Negativ,Email,Mittel,2023-06-24,150
6056,8320,2024-11-24,Smart Meter,Installation,Smart Meter App funktioniert nicht,Negativ,Chat,Kritisch,2024-11-30,110
6057,1149,2024-01-10,Rechnung,Abrechnung,Rechnungsfrage,Neutral,Chat,Mittel,2024-01-14,103
6058,842,2024-08-28,Tarif,Vertrag,Vertragsverlängerung,Positiv,Telefon,Mittel,2024-09-09,8
6059,19973,2025-01-08,Wallbox,E-Mobility,Ladekarte Probleme,Neutral,Telefon,Hoch,2025-01-14,38
6060,16916,2023-03-08,Tarif,Vertrag,Tarifwechsel angefragt,Neutral,App,Niedrig,2023-03-12,115
6061,17138,2023-09-20,Smart Meter,Installation,Smart Meter App funktioniert nicht,Negativ,Email,Mittel,2023-09-28,149
6062,4804,2023-08-05,Allgemein,Service,Kontaktdaten ändern,Neutral,Email,Mittel,2023-08-12,15
6063,11745,2024-08-05,Rechnung,Abrechnung,Zahlungsplan angefragt,Neutral,App,Mittel,2024-08-17,1
6064,5278,2025-01-12,Allgemein,Service,Kontaktdaten ändern,Positiv,App,Mittel,2025-01-24,37
6065,2814,2024-03-01,Speicher,Technisch,Speicher lädt nicht,Negativ,App,Hoch,2024-03-04,162
6066,1765,2023-09-21,Solar,Technisch,Einspeisevergütung Frage,Neutral,App,Niedrig,2023-09-21,193
6067,15247,2023-09-15,Solar,Technisch,Einspeisevergütung Frage,Neutral,App,Niedrig,2023-09-17,146
6068,12496,2023-01-20,Allgemein,Service,Lob,Positiv,Email,Niedrig,2023-01-29,20
6069,14320,2023-04-15,Smart Meter,Installation,Smart Meter defekt,Negativ,App,Hoch,2023-04-18,183
6070,8698,2024-10-25,Allgemein,Service,Lob,Positiv,Email,Niedrig,2024-10-25,192
6071,16563,2025-06-21,Rechnung,Abrechnung,Gutschrift angefragt,Negativ,Chat,Niedrig,2025-06-27,54
6072,16968,2023-06-18,Solar,Technisch,Monitoring nicht verfügbar,Negativ,Email,Mittel,2023-07-01,147
6073,5018,2024-06-12,Tarif,Vertrag,Ökostrom Umstellung,Neutral,Email,Mittel,2024-06-12,144
6074,12080,2024-02-23,Wallbox,E-Mobility,App-Verbindung unterbrochen,Neutral,Telefon,Hoch,2024-03-01,19
6075,19540,2023-09-01,Smart Meter,Installation,Smart Meter defekt,Negativ,Chat,Mittel,2023-09-04,97
6076,16125,2025-02-05,Wallbox,E-Mobility,Wallbox Installation angefragt,Neutral,Chat,Niedrig,2025-02-07,8
6077,4299,2023-01-31,Tarif,Vertrag,Tarifwechsel angefragt,Neutral,App,Mittel,2023-02-04,134
6078,2786,2024-02-25,Wallbox,E-Mobility,Wallbox Installation angefragt,Negativ,App,Niedrig,2024-03-05,191
6079,2802,2024-12-20,Rechnung,Abrechnung,Rechnungsfrage,Negativ,App,Hoch,2024-12-22,96
6080,14964,2024-09-21,Solar,Technisch,Monitoring nicht verfügbar,Negativ,Telefon,Kritisch,2024-09-26,58
6081,11915,2023-10-26,Speicher,Technisch,Batteriespeicher Störung,Negativ,App,Niedrig,2023-11-07,59
6082,7523,2025-04-16,Wärmepumpe,Technisch,Effizienz zu niedrig,Neutral,App,Kritisch,2025-04-20,61
6083,3919,2023-05-28,Wärmepumpe,Technisch,Wartung angefragt,Neutral,Chat,Niedrig,2023-06-01,70
6084,12385,2023-05-22,Solar,Technisch,Solaranlage produziert nicht,Negativ,Telefon,Mittel,2023-05-29,38
6085,10228,2023-03-31,Rechnung,Abrechnung,Abschlag zu hoch,Neutral,App,Hoch,2023-04-06,126
6086,4901,2023-03-27,Solar,Technisch,Solaranlage Ertrag niedrig,Neutral,Telefon,Mittel,2023-03-27,133
6087,2566,2023-07-31,Wärmepumpe,Technisch,Fehlercode E01 angezeigt,Positiv,Chat,Mittel,2023-08-12,146
6088,8807,2023-05-30,Rechnung,Abrechnung,Unstimmigkeit in Rechnung,Neutral,Telefon,Mittel,2023-06-07,83
6089,9523,2025-04-09,Wärmepumpe,Technisch,Effizienz zu niedrig,Neutral,Telefon,Niedrig,2025-04-15,135
6090,19268,2023-10-23,Tarif,Vertrag,Umzug melden,Neutral,Email,Niedrig,2023-11-05,154
6091,4954,2025-06-08,Tarif,Vertrag,Ökostrom Umstellung,Neutral,Telefon,Niedrig,2025-06-19,165
6092,18940,2024-06-19,Solar,Technisch,Solaranlage Ertrag niedrig,Positiv,App,Mittel,2024-06-28,34
6093,4556,2023-09-21,Rechnung,Abrechnung,Unstimmigkeit in Rechnung,Neutral,Chat,Hoch,2023-09-28,197
6094,17324,2023-10-08,Rechnung,Abrechnung,Rechnungsfrage,Neutral,Chat,Mittel,2023-10-18,111
6095,9459,2025-04-14,Speicher,Technisch,Kapazität gesunken,Positiv,Email,Mittel,2025-04-25,19
6096,6646,2023-01-17,Rechnung,Abrechnung,Abschlag anpassen,Negativ,App,Niedrig,2023-01-17,144
6097,13033,2025-05-25,Wärmepumpe,Technisch,Wartung angefragt,Positiv,Telefon,Mittel,2025-05-27,51
6098,3360,2024-09-23,Wärmepumpe,Technisch,Wärmepumpe läuft nicht,Negativ,Chat,Hoch,2024-09-24,138
6099,3005,2023-06-23,Tarif,Vertrag,Kündigung,Negativ,App,Niedrig,2023-06-24,17
6100,7669,2025-05-18,Smart Meter,Installation,Smart Meter defekt,Negativ,Email,Mittel,2025-05-29,3
6101,5309,2023-04-09,Speicher,Technisch,Batteriespeicher Störung,Negativ,Email,Mittel,2023-04-16,38
6102,6994,2024-05-02,Solar,Technisch,Monitoring nicht verfügbar,Negativ,Telefon,Mittel,2024-05-05,47
6103,13131,2023-12-14,Solar,Technisch,Solaranlage Ertrag niedrig,Neutral,Chat,Kritisch,2023-12-21,193
6104,18692,2024-01-18,Speicher,Technisch,Kapazität gesunken,Neutral,Telefon,Hoch,2024-01-24,54
6105,2741,2024-03-12,Solar,Technisch,Solaranlage Ertrag niedrig,Negativ,Email,Mittel,2024-03-16,12
6106,13627,2024-09-24,Solar,Technisch,Solaranlage produziert nicht,Negativ,Email,Niedrig,2024-09-29,110
6107,19098,2023-05-05,Smart Meter,Installation,Smart Meter Ablesung fehlerhaft,Neutral,Chat,Mittel,2023-05-16,127
6108,2255,2024-06-15,Tarif,Vertrag,Ökostrom Umstellung,Negativ,Email,Hoch,2024-06-22,120
6109,18542,2023-09-23,Wärmepumpe,Technisch,Wärmepumpe läuft nicht,Negativ,Chat,Mittel,2023-10-02,41
6110,6955,2023-12-10,Tarif,Vertrag,Vertragsverlängerung,Positiv,Telefon,Kritisch,2023-12-10,143
6111,16185,2024-11-27,Wärmepumpe,Technisch,Fehlercode E01 angezeigt,Positiv,Chat,Hoch,2024-11-30,65
6112,8271,2025-05-02,Rechnung,Abrechnung,Zahlungsplan angefragt,Positiv,Email,Mittel,2025-05-05,20
6113,18758,2025-02-14,Rechnung,Abrechnung,Abschlag zu hoch,Neutral,App,Mittel,2025-02-28,164
6114,11607,2025-02-17,Speicher,Technisch,Batteriespeicher Störung,Negativ,Chat,Kritisch,2025-02-24,68
6115,4684,2024-05-20,Rechnung,Abrechnung,Unstimmigkeit in Rechnung,Neutral,App,Mittel,2024-06-03,134
6116,11673,2024-08-29,Smart Meter,Installation,Smart Meter Ablesung fehlerhaft,Positiv,App,Mittel,2024-08-29,80
6117,17031,2023-09-13,Smart Meter,Installation,Smart Meter zeigt keine Daten,Neutral,Telefon,Niedrig,2023-09-21,92
6118,4351,2024-08-13,Speicher,Technisch,Kapazität gesunken,Neutral,Email,Hoch,2024-08-13,188
6119,10237,2023-04-17,Solar,Technisch,Solaranlage Ertrag niedrig,Neutral,App,Mittel,2023-04-23,12
6120,5406,2023-02-15,Wallbox,E-Mobility,Ladekarte Probleme,Neutral,Chat,Mittel,2023-02-28,37
6121,3286,2024-04-02,Allgemein,Service,Beschwerde,Negativ,Telefon,Mittel,2024-04-09,32
6122,4424,2024-02-07,Speicher,Technisch,Speicher lädt nicht,Negativ,Chat,Kritisch,2024-02-14,72
6123,9555,2025-03-16,Rechnung,Abrechnung,Rechnungsfrage,Neutral,App,Mittel,2025-03-20,105
6124,3974,2025-02-21,Rechnung,Abrechnung,Abschlag anpassen,Neutral,Chat,Kritisch,2025-02-27,119
6125,9623,2023-07-30,Solar,Technisch,Wechselrichter Fehler,Neutral,Telefon,Mittel,2023-08-08,184
6126,15196,2024-06-19,Wärmepumpe,Technisch,Geräuschentwicklung zu hoch,Neutral,Email,Mittel,2024-06-21,38
6127,6036,2025-01-11,Allgemein,Service,Allgemeine Anfrage,Neutral,Email,Mittel,2025-01-25,151
6128,5119,2023-04-05,Wärmepumpe,Technisch,Wärmepumpe läuft nicht,Negativ,Email,Kritisch,2023-04-09,100
6129,9869,2023-09-01,Smart Meter,Installation,Smart Meter Ablesung fehlerhaft,Neutral,Telefon,Mittel,2023-09-13,197
6130,6647,2024-06-07,Wallbox,E-Mobility,Wallbox defekt,Negativ,Telefon,Hoch,2024-06-11,19
6131,7242,2024-02-14,Allgemein,Service,Informationsanfrage,Neutral,Telefon,Niedrig,2024-02-27,18
6132,15172,2025-06-29,Wärmepumpe,Technisch,Effizienz zu niedrig,Positiv,Chat,Hoch,2025-07-03,39
6133,8770,2025-01-02,Tarif,Vertrag,Vertragsverlängerung,Positiv,Chat,Niedrig,2025-01-13,4
6134,17464,2025-03-20,Solar,Technisch,Solaranlage produziert nicht,Negativ,Chat,Mittel,2025-03-26,158
6135,5831,2025-02-03,Wärmepumpe,Technisch,Effizienz zu niedrig,Positiv,Telefon,Mittel,2025-02-15,179
6136,12367,2024-10-06,Speicher,Technisch,Batteriespeicher Störung,Negativ,Chat,Hoch,2024-10-10,180
6137,2435,2025-05-15,Allgemein,Service,Kontaktdaten ändern,Negativ,Chat,Mittel,2025-05-24,44
6138,19598,2023-01-18,Speicher,Technisch,Batteriespeicher Störung,Negativ,App,Hoch,2023-01-21,17
6139,12529,2023-04-13,Tarif,Vertrag,Umzug melden,Neutral,Email,Mittel,2023-04-16,167
6140,7669,2024-07-07,Allgemein,Service,Allgemeine Anfrage,Neutral,Chat,Mittel,2024-07-18,46
6141,10213,2025-05-23,Wallbox,E-Mobility,Wallbox defekt,Negativ,Chat,Kritisch,2025-05-27,117
6142,16463,2025-04-27,Wärmepumpe,Technisch,Fehlercode E01 angezeigt,Neutral,Email,Niedrig,2025-05-05,20
6143,13368,2024-06-06,Solar,Technisch,Einspeisevergütung Frage,Negativ,Email,Mittel,2024-06-18,31
6144,15143,2025-02-24,Speicher,Technisch,Kapazität gesunken,Neutral,Chat,Mittel,2025-02-24,183
6145,3722,2023-06-16,Solar,Technisch,Monitoring nicht verfügbar,Negativ,Email,Kritisch,2023-06-20,6
6146,14617,2023-05-29,Wallbox,E-Mobility,App-Verbindung unterbrochen,Neutral,App,Mittel,2023-06-07,134
6147,14364,2025-05-09,Tarif,Vertrag,Umzug melden,Neutral,App,Mittel,2025-05-14,186
6148,19591,2024-01-13,Solar,Technisch,Einspeisevergütung Frage,Positiv,Chat,Mittel,2024-01-20,77
6149,4920,2024-02-01,Smart Meter,Installation,Smart Meter zeigt keine Daten,Neutral,Email,Mittel,2024-02-04,125
6150,4977,2024-11-28,Allgemein,Service,Kontaktdaten ändern,Negativ,App,Hoch,2024-12-01,84
6151,5716,2023-04-08,Wärmepumpe,Technisch,Effizienz zu niedrig,Neutral,Telefon,Mittel,2023-04-09,190
6152,9728,2024-06-06,Rechnung,Abrechnung,Unstimmigkeit in Rechnung,Negativ,App,Niedrig,2024-06-16,78
6153,3799,2023-10-10,Wärmepumpe,Technisch,Geräuschentwicklung zu hoch,Neutral,Chat,Niedrig,2023-10-11,167
6154,152,2024-02-07,Solar,Technisch,Einspeisevergütung Frage,Neutral,Telefon,Mittel,2024-02-18,113
6155,17653,2023-10-13,Speicher,Technisch,Kapazität gesunken,Neutral,Chat,Mittel,2023-10-24,142
6156,1085,2024-08-19,Rechnung,Abrechnung,Rechnungsfrage,Negativ,Email,Hoch,2024-08-22,71
6157,19371,2024-05-29,Solar,Technisch,Wechselrichter Fehler,Neutral,Chat,Mittel,2024-06-11,104
6158,5255,2024-06-21,Smart Meter,Installation,Smart Meter Installation angefragt,Neutral,Email,Mittel,2024-06-25,3
6159,18983,2024-04-20,Smart Meter,Installation,Smart Meter defekt,Negativ,Telefon,Hoch,2024-04-25,179
6160,14780,2025-03-19,Rechnung,Abrechnung,Unstimmigkeit in Rechnung,Neutral,Telefon,Mittel,2025-03-23,177
6161,1134,2023-01-03,Rechnung,Abrechnung,Abschlag zu hoch,Negativ,Chat,Mittel,2023-01-17,112
6162,15771,2023-05-31,Speicher,Technisch,Batteriespeicher Störung,Negativ,Telefon,Hoch,2023-06-04,68
6163,6217,2023-09-16,Tarif,Vertrag,Ökostrom Umstellung,Negativ,Email,Kritisch,2023-09-22,9
6164,3322,2023-01-24,Speicher,Technisch,Kapazität gesunken,Neutral,Telefon,Hoch,2023-01-26,15
6165,18059,2023-11-12,Solar,Technisch,Solaranlage Ertrag niedrig,Neutral,Telefon,Niedrig,2023-11-21,34
6166,4349,2024-03-27,Solar,Technisch,Wechselrichter Fehler,Positiv,Chat,Mittel,2024-03-28,138
6167,9308,2023-02-20,Rechnung,Abrechnung,Abschlag zu hoch,Neutral,Chat,Niedrig,2023-02-24,123
6168,7097,2024-03-07,Allgemein,Service,Beschwerde,Negativ,Email,Niedrig,2024-03-13,179
6169,11650,2025-01-09,Smart Meter,Installation,Smart Meter Ablesung fehlerhaft,Neutral,Chat,Mittel,2025-01-21,173
6170,4571,2024-07-24,Allgemein,Service,Lob,Positiv,Email,Niedrig,2024-08-03,65
6171,14309,2025-01-07,Speicher,Technisch,Batteriespeicher Störung,Negativ,Telefon,Hoch,2025-01-08,73
6172,17537,2025-05-04,Wallbox,E-Mobility,Wallbox Installation angefragt,Neutral,Telefon,Hoch,2025-05-07,60
6173,6767,2023-08-13,Allgemein,Service,Beschwerde,Negativ,Chat,Hoch,2023-08-20,174
6174,1678,2025-05-12,Tarif,Vertrag,Kündigung,Neutral,Telefon,Mittel,2025-05-21,15
6175,18555,2023-01-19,Tarif,Vertrag,Tarifwechsel angefragt,Neutral,App,Mittel,2023-01-21,166
6176,19703,2023-08-04,Rechnung,Abrechnung,Gutschrift angefragt,Negativ,Email,Hoch,2023-08-11,29
6177,6861,2023-10-22,Tarif,Vertrag,Vertragsverlängerung,Neutral,Chat,Niedrig,2023-10-26,36
6178,18803,2024-07-15,Rechnung,Abrechnung,Zahlungsplan angefragt,Positiv,Email,Hoch,2024-07-17,161
6179,2171,2023-07-29,Rechnung,Abrechnung,Unstimmigkeit in Rechnung,Positiv,Email,Mittel,2023-08-10,41
6180,14999,2023-10-07,Speicher,Technisch,Batteriespeicher Störung,Negativ,Email,Kritisch,2023-10-14,198
6181,6118,2023-11-27,Smart Meter,Installation,Smart Meter App funktioniert nicht,Negativ,Chat,Kritisch,2023-11-27,79
6182,8402,2024-10-14,Speicher,Technisch,Kapazität gesunken,Neutral,Telefon,Mittel,2024-10-22,97
6183,817,2023-06-05,Speicher,Technisch,Speicher lädt nicht,Negativ,Email,Kritisch,2023-06-12,23
6184,5715,2025-06-06,Tarif,Vertrag,Preisgarantie Frage,Positiv,Email,Hoch,2025-06-10,171
6185,14387,2023-02-05,Smart Meter,Installation,Smart Meter defekt,Negativ,Email,Hoch,2023-02-08,76
6186,16293,2024-05-07,Wallbox,E-Mobility,Ladekarte Probleme,Neutral,Chat,Hoch,2024-05-08,163
6187,11371,2025-06-29,Rechnung,Abrechnung,Rechnungsfrage,Neutral,App,Mittel,2025-07-12,199
6188,4748,2024-08-18,Smart Meter,Installation,Smart Meter App funktioniert nicht,Negativ,Email,Niedrig,2024-08-21,152
6189,9251,2024-09-14,Solar,Technisch,Wechselrichter Fehler,Neutral,Email,Hoch,2024-09-17,10
6190,9566,2023-10-14,Solar,Technisch,Solaranlage produziert nicht,Negativ,Telefon,Hoch,2023-10-14,57
6191,2284,2023-03-17,Wallbox,E-Mobility,Ladekarte Probleme,Negativ,Email,Mittel,2023-03-22,93
6192,8127,2023-12-12,Speicher,Technisch,Speicher lädt nicht,Negativ,Chat,Niedrig,2023-12-13,125
6193,8922,2025-03-20,Tarif,Vertrag,Ökostrom Umstellung,Neutral,Email,Niedrig,2025-03-26,1
6194,2050,2024-09-22,Smart Meter,Installation,Smart Meter defekt,Negativ,Email,Hoch,2024-09-28,125
6195,6708,2023-07-01,Smart Meter,Installation,Smart Meter Installation angefragt,Neutral,Telefon,Mittel,2023-07-09,135
6196,16493,2025-05-12,Speicher,Technisch,Batteriespeicher Störung,Negativ,Telefon,Kritisch,2025-05-15,100
6197,18437,2025-04-18,Wärmepumpe,Technisch,Geräuschentwicklung zu hoch,Neutral,App,Kritisch,2025-04-18,5
6198,2970,2024-10-02,Smart Meter,Installation,Smart Meter Installation angefragt,Neutral,Chat,Niedrig,2024-10-02,158
6199,14158,2024-12-09,Allgemein,Service,Kontaktdaten ändern,Neutral,App,Mittel,2024-12-19,182
6200,1889,2025-02-12,Rechnung,Abrechnung,Rechnungsfrage,Neutral,Telefon,Mittel,2025-02-16,60
6201,2750,2024-08-13,Allgemein,Service,Kontaktdaten ändern,Neutral,App,Mittel,2024-08-20,170
6202,2887,2024-07-28,Allgemein,Service,Lob,Positiv,App,Niedrig,2024-08-11,65
6203,743,2023-04-30,Solar,Technisch,Monitoring nicht verfügbar,Negativ,Email,Hoch,2023-05-02,130
6204,18203,2024-08-12,Allgemein,Service,Kontaktdaten ändern,Neutral,Chat,Niedrig,2024-08-26,185
6205,5808,2023-08-29,Smart Meter,Installation,Smart Meter Installation angefragt,Neutral,App,Mittel,2023-09-06,48
6206,19307,2023-08-20,Wallbox,E-Mobility,Wallbox defekt,Negativ,Email,Mittel,2023-08-30,132
6207,4083,2024-11-14,Wallbox,E-Mobility,Wallbox defekt,Negativ,App,Hoch,2024-11-14,2
6208,10123,2024-09-19,Smart Meter,Installation,Smart Meter App funktioniert nicht,Negativ,Email,Kritisch,2024-09-20,52
6209,5802,2025-03-16,Solar,Technisch,Einspeisevergütung Frage,Negativ,Telefon,Mittel,2025-03-22,159
6210,5710,2023-11-14,Allgemein,Service,Informationsanfrage,Neutral,Telefon,Mittel,2023-11-15,111
6211,9156,2023-10-11,Smart Meter,Installation,Smart Meter Installation angefragt,Positiv,Telefon,Hoch,2023-10-16,79
6212,14054,2024-12-25,Wallbox,E-Mobility,Ladekarte Probleme,Neutral,Email,Mittel,2024-12-29,58
6213,10188,2024-08-04,Smart Meter,Installation,Smart Meter zeigt keine Daten,Positiv,Telefon,Niedrig,2024-08-08,191
6214,2054,2025-05-27,Smart Meter,Installation,Smart Meter defekt,Negativ,App,Mittel,2025-05-31,40
6215,741,2023-04-12,Wallbox,E-Mobility,Wallbox defekt,Negativ,Telefon,Kritisch,2023-04-13,62
6216,9891,2024-07-30,Solar,Technisch,Monitoring nicht verfügbar,Negativ,Chat,Mittel,2024-08-11,139
6217,2618,2023-07-03,Allgemein,Service,Lob,Positiv,App,Niedrig,2023-07-07,74
6218,5789,2023-04-11,Speicher,Technisch,Speicher lädt nicht,Negativ,Email,Mittel,2023-04-20,142
6219,7589,2023-07-14,Rechnung,Abrechnung,Zahlungsplan angefragt,Neutral,Chat,Mittel,2023-07-24,90
6220,12650,2023-08-18,Wärmepumpe,Technisch,Fehlercode E01 angezeigt,Positiv,Email,Mittel,2023-08-31,118
6221,6659,2023-09-08,Allgemein,Service,Kontaktdaten ändern,Negativ,App,Mittel,2023-09-08,55
6222,19925,2024-06-21,Wallbox,E-Mobility,Wallbox lädt nicht,Negativ,Email,Mittel,2024-07-04,47
6223,19193,2025-03-01,Tarif,Vertrag,Ökostrom Umstellung,Positiv,Email,Mittel,2025-03-08,59
6224,12686,2023-02-11,Rechnung,Abrechnung,Abschlag anpassen,Negativ,Email,Mittel,2023-02-17,50
6225,6274,2025-05-17,Rechnung,Abrechnung,Abschlag anpassen,Positiv,Chat,Mittel,2025-05-30,70
6226,7849,2024-10-22,Allgemein,Service,Allgemeine Anfrage,Neutral,Chat,Mittel,2024-11-05,79
6227,15259,2024-01-11,Smart Meter,Installation,Smart Meter Ablesung fehlerhaft,Neutral,Telefon,Niedrig,2024-01-19,80
6228,13731,2024-12-27,Solar,Technisch,Wechselrichter Fehler,Neutral,Email,Mittel,2024-12-30,118
6229,8660,2024-05-27,Solar,Technisch,Monitoring nicht verfügbar,Negativ,Chat,Mittel,2024-06-08,182
6230,803,2023-08-06,Speicher,Technisch,Kapazität gesunken,Neutral,Telefon,Mittel,2023-08-09,180
6231,10986,2023-09-19,Tarif,Vertrag,Vertragsverlängerung,Neutral,App,Hoch,2023-09-24,18
6232,18342,2023-08-24,Wärmepumpe,Technisch,Wärmepumpe Störung,Negativ,App,Hoch,2023-08-31,95
6233,826,2024-01-10,Tarif,Vertrag,Vertragsverlängerung,Neutral,Telefon,Niedrig,2024-01-11,105
6234,19878,2023-06-10,Smart Meter,Installation,Smart Meter Installation angefragt,Positiv,App,Mittel,2023-06-20,4
6235,1665,2025-05-29,Solar,Technisch,Monitoring nicht verfügbar,Negativ,App,Kritisch,2025-05-30,13
6236,12868,2024-11-11,Wallbox,E-Mobility,Wallbox defekt,Negativ,App,Kritisch,2024-11-15,19
6237,3116,2025-06-28,Tarif,Vertrag,Kündigung,Positiv,Telefon,Niedrig,2025-07-03,126
6238,14783,2024-05-03,Tarif,Vertrag,Kündigung,Neutral,Telefon,Niedrig,2024-05-16,150
6239,1155,2024-05-24,Smart Meter,Installation,Smart Meter defekt,Negativ,App,Hoch,2024-05-29,135
6240,1885,2024-12-23,Wallbox,E-Mobility,Wallbox Installation angefragt,Neutral,Telefon,Mittel,2024-12-26,183
6241,6020,2023-04-05,Solar,Technisch,Monitoring nicht verfügbar,Negativ,Telefon,Hoch,2023-04-10,5
6242,15037,2024-06-24,Wallbox,E-Mobility,Wallbox lädt nicht,Negativ,Chat,Hoch,2024-06-25,5
6243,18289,2025-04-06,Smart Meter,Installation,Smart Meter zeigt keine Daten,Positiv,Email,Mittel,2025-04-15,196
6244,17795,2023-10-11,Speicher,Technisch,Kapazität gesunken,Neutral,App,Mittel,2023-10-22,33
6245,15186,2024-08-14,Speicher,Technisch,Speicher lädt nicht,Negativ,App,Hoch,2024-08-21,186
6246,9636,2023-04-21,Speicher,Technisch,Kapazität gesunken,Positiv,App,Niedrig,2023-04-28,5
6247,2512,2023-12-19,Rechnung,Abrechnung,Abschlag anpassen,Neutral,Chat,Hoch,2023-12-21,52
6248,4201,2023-10-27,Wärmepumpe,Technisch,Wärmepumpe läuft nicht,Negativ,Email,Hoch,2023-10-29,137
6249,15552,2024-01-18,Allgemein,Service,Kontaktdaten ändern,Negativ,Telefon,Hoch,2024-01-20,34
6250,16010,2025-01-16,Speicher,Technisch,Batteriespeicher Störung,Negativ,Email,Hoch,2025-01-17,100
6251,3532,2023-09-08,Rechnung,Abrechnung,Zahlungsplan angefragt,Neutral,Telefon,Hoch,2023-09-09,29
6252,13494,2024-12-01,Smart Meter,Installation,Smart Meter App funktioniert nicht,Negativ,Telefon,Kritisch,2024-12-07,62
6253,12011,2023-11-03,Solar,Technisch,Wechselrichter Fehler,Neutral,Chat,Mittel,2023-11-04,87
6254,10068,2024-05-07,Tarif,Vertrag,Umzug melden,Positiv,Email,Niedrig,2024-05-10,158
6255,19907,2023-07-08,Solar,Technisch,Monitoring nicht verfügbar,Negativ,Email,Niedrig,2023-07-10,54
6256,19213,2023-07-24,Wallbox,E-Mobility,Wallbox defekt,Negativ,Chat,Kritisch,2023-07-31,176
6257,11645,2025-04-16,Tarif,Vertrag,Kündigung,Neutral,Email,Hoch,2025-04-17,22
6258,13842,2024-10-25,Tarif,Vertrag,Vertragsverlängerung,Negativ,Email,Mittel,2024-11-04,172
6259,4279,2024-01-15,Rechnung,Abrechnung,Abschlag anpassen,Neutral,Chat,Niedrig,2024-01-21,62
6260,9130,2023-06-16,Tarif,Vertrag,Umzug melden,Neutral,Telefon,Mittel,2023-06-28,161
6261,4102,2023-05-27,Speicher,Technisch,Kapazität gesunken,Positiv,Chat,Mittel,2023-06-07,47
6262,13572,2025-01-01,Tarif,Vertrag,Kündigung,Neutral,Telefon,Niedrig,2025-01-12,46
6263,8994,2024-12-15,Wärmepumpe,Technisch,Wärmepumpe läuft nicht,Negativ,App,Hoch,2024-12-18,172
6264,18163,2025-06-03,Solar,Technisch,Solaranlage produziert nicht,Negativ,App,Hoch,2025-06-05,105
6265,11575,2025-01-11,Solar,Technisch,Einspeisevergütung Frage,Neutral,Telefon,Hoch,2025-01-11,170
6266,569,2024-08-20,Wallbox,E-Mobility,Ladekarte Probleme,Neutral,Email,Mittel,2024-08-28,47
6267,2465,2024-09-03,Speicher,Technisch,Batteriespeicher Störung,Negativ,Chat,Hoch,2024-09-03,126
6268,9973,2024-09-05,Allgemein,Service,Informationsanfrage,Neutral,Telefon,Mittel,2024-09-11,64
6269,439,2023-04-20,Solar,Technisch,Einspeisevergütung Frage,Neutral,Telefon,Mittel,2023-04-23,177
6270,6078,2025-05-07,Tarif,Vertrag,Tarifwechsel angefragt,Positiv,Chat,Mittel,2025-05-17,124
6271,16166,2023-11-27,Tarif,Vertrag,Preisgarantie Frage,Neutral,App,Mittel,2023-12-06,167
6272,16208,2024-03-24,Allgemein,Service,Kontaktdaten ändern,Neutral,Chat,Mittel,2024-03-25,193
6273,189,2025-02-07,Tarif,Vertrag,Kündigung,Positiv,Email,Mittel,2025-02-07,164
6274,19478,2024-01-20,Rechnung,Abrechnung,Abschlag anpassen,Positiv,Telefon,Mittel,2024-01-27,166
6275,18032,2024-04-01,Speicher,Technisch,Batteriespeicher Störung,Negativ,Telefon,Kritisch,2024-04-08,155
6276,18474,2025-03-01,Smart Meter,Installation,Smart Meter defekt,Negativ,Telefon,Mittel,2025-03-15,193
6277,16630,2025-04-28,Wärmepumpe,Technisch,Wärmepumpe Störung,Negativ,Chat,Mittel,2025-05-10,149
6278,818,2025-01-10,Smart Meter,Installation,Smart Meter App funktioniert nicht,Negativ,App,Kritisch,2025-01-12,173
6279,10092,2024-10-25,Solar,Technisch,Wechselrichter Fehler,Negativ,App,Mittel,2024-11-05,126
6280,7385,2025-01-21,Smart Meter,Installation,Smart Meter Installation angefragt,Neutral,Email,Hoch,2025-01-22,90
6281,10224,2024-03-24,Wallbox,E-Mobility,Wallbox Installation angefragt,Negativ,Email,Mittel,2024-03-28,35
6282,1625,2024-07-09,Tarif,Vertrag,Kündigung,Positiv,Email,Mittel,2024-07-16,163
6283,4966,2024-10-30,Wallbox,E-Mobility,App-Verbindung unterbrochen,Neutral,Email,Mittel,2024-10-30,177
6284,14137,2024-07-05,Tarif,Vertrag,Umzug melden,Neutral,App,Mittel,2024-07-15,192
6285,1544,2024-02-10,Rechnung,Abrechnung,Gutschrift angefragt,Neutral,Email,Hoch,2024-02-13,93
6286,1154,2024-03-04,Allgemein,Service,Lob,Positiv,Email,Niedrig,2024-03-08,197
6287,6868,2023-04-27,Tarif,Vertrag,Vertragsverlängerung,Neutral,App,Mittel,2023-05-07,147
6288,16541,2023-06-18,Allgemein,Service,Informationsanfrage,Negativ,Email,Niedrig,2023-06-30,45
6289,18115,2024-09-08,Rechnung,Abrechnung,Zahlungsplan angefragt,Neutral,Chat,Kritisch,2024-09-14,41
6290,16923,2025-05-23,Allgemein,Service,Allgemeine Anfrage,Negativ,Telefon,Mittel,2025-05-27,181
6291,722,2023-04-08,Solar,Technisch,Monitoring nicht verfügbar,Negativ,Chat,Niedrig,2023-04-10,61
6292,1276,2025-05-11,Tarif,Vertrag,Preisgarantie Frage,Neutral,Telefon,Hoch,2025-05-17,7
6293,15686,2025-01-27,Rechnung,Abrechnung,Abschlag zu hoch,Negativ,Chat,Mittel,2025-02-02,111
6294,14672,2025-05-22,Rechnung,Abrechnung,Abschlag zu hoch,Negativ,Chat,Hoch,2025-05-25,38
6295,7492,2024-10-23,Solar,Technisch,Wechselrichter Fehler,Neutral,App,Mittel,2024-11-04,87
6296,17110,2023-10-26,Rechnung,Abrechnung,Abschlag anpassen,Negativ,Email,Mittel,2023-11-08,29
6297,11820,2024-11-26,Solar,Technisch,Wechselrichter Fehler,Negativ,Chat,Mittel,2024-11-26,112
6298,5234,2024-04-05,Speicher,Technisch,Kapazität gesunken,Negativ,Chat,Hoch,2024-04-11,58
6299,6099,2024-10-22,Solar,Technisch,Solaranlage Ertrag niedrig,Neutral,App,Hoch,2024-10-22,175
6300,9454,2024-05-25,Smart Meter,Installation,Smart Meter Ablesung fehlerhaft,Neutral,Telefon,Niedrig,2024-06-08,113
6301,13307,2024-10-10,Speicher,Technisch,Kapazität gesunken,Positiv,Email,Niedrig,2024-10-19,12
6302,16365,2023-06-03,Wallbox,E-Mobility,Wallbox Installation angefragt,Negativ,App,Niedrig,2023-06-07,161
6303,12470,2023-08-28,Wärmepumpe,Technisch,Wärmepumpe läuft nicht,Negativ,Telefon,Mittel,2023-09-04,36
6304,13007,2023-07-12,Allgemein,Service,Lob,Positiv,Chat,Niedrig,2023-07-12,20
6305,16487,2024-09-09,Rechnung,Abrechnung,Gutschrift angefragt,Neutral,Telefon,Mittel,2024-09-20,141
6306,16759,2025-06-27,Allgemein,Service,Lob,Positiv,App,Niedrig,2025-07-09,54
6307,5086,2024-03-30,Tarif,Vertrag,Umzug melden,Negativ,App,Mittel,2024-04-10,31
6308,11588,2025-01-20,Rechnung,Abrechnung,Abschlag anpassen,Positiv,Chat,Niedrig,2025-02-01,198
6309,1551,2024-06-21,Tarif,Vertrag,Tarifwechsel angefragt,Neutral,Chat,Niedrig,2024-07-03,170
6310,7231,2024-06-29,Speicher,Technisch,Kapazität gesunken,Neutral,Telefon,Niedrig,2024-06-30,167
6311,9928,2025-03-03,Wallbox,E-Mobility,Wallbox Installation angefragt,Neutral,Email,Mittel,2025-03-07,58
6312,7588,2023-04-23,Speicher,Technisch,Batteriespeicher Störung,Negativ,App,Hoch,2023-04-23,189
6313,266,2025-01-19,Rechnung,Abrechnung,Unstimmigkeit in Rechnung,Negativ,Email,Mittel,2025-02-01,160
6314,2440,2024-01-04,Solar,Technisch,Solaranlage produziert nicht,Negativ,Telefon,Hoch,2024-01-08,117
6315,12373,2023-10-10,Wärmepumpe,Technisch,Effizienz zu niedrig,Neutral,Chat,Mittel,2023-10-18,145
6316,11334,2024-06-27,Solar,Technisch,Monitoring nicht verfügbar,Negativ,Email,Mittel,2024-07-01,168
6317,17016,2024-02-18,Speicher,Technisch,Speicher lädt nicht,Negativ,Telefon,Mittel,2024-02-25,88
6318,504,2023-04-01,Rechnung,Abrechnung,Abschlag zu hoch,Neutral,Email,Niedrig,2023-04-03,188
6319,3130,2023-01-28,Solar,Technisch,Solaranlage Ertrag niedrig,Neutral,Telefon,Mittel,2023-02-11,69
6320,2965,2023-07-19,Wallbox,E-Mobility,Wallbox lädt nicht,Negativ,Email,Hoch,2023-07-19,34
6321,9706,2023-03-07,Wärmepumpe,Technisch,Effizienz zu niedrig,Neutral,Telefon,Niedrig,2023-03-21,106
6322,3361,2024-06-16,Wallbox,E-Mobility,Wallbox Installation angefragt,Neutral,App,Mittel,2024-06-29,122
6323,7598,2023-10-01,Solar,Technisch,Solaranlage produziert nicht,Negativ,App,Kritisch,2023-10-01,149
6324,15290,2023-09-05,Rechnung,Abrechnung,Zahlungsplan angefragt,Negativ,Email,Mittel,2023-09-15,116
6325,9018,2023-12-04,Tarif,Vertrag,Tarifwechsel angefragt,Neutral,Chat,Niedrig,2023-12-14,68
6326,653,2023-02-19,Speicher,Technisch,Kapazität gesunken,Neutral,Chat,Mittel,2023-02-19,144
6327,4557,2025-02-13,Rechnung,Abrechnung,Gutschrift angefragt,Positiv,Email,Mittel,2025-02-23,30
6328,6640,2024-11-23,Tarif,Vertrag,Ökostrom Umstellung,Neutral,Email,Niedrig,2024-12-07,27
6329,3267,2023-04-18,Speicher,Technisch,Speicher lädt nicht,Negativ,Email,Mittel,2023-04-29,26
6330,10400,2025-03-31,Smart Meter,Installation,Smart Meter zeigt keine Daten,Neutral,Email,Mittel,2025-04-01,167
6331,10826,2023-10-14,Rechnung,Abrechnung,Unstimmigkeit in Rechnung,Positiv,Chat,Niedrig,2023-10-22,191
6332,13254,2023-04-21,Allgemein,Service,Lob,Positiv,Email,Niedrig,2023-05-03,166
6333,1892,2023-12-23,Solar,Technisch,Solaranlage produziert nicht,Negativ,Chat,Hoch,2023-12-24,37
6334,6804,2023-02-12,Smart Meter,Installation,Smart Meter zeigt keine Daten,Neutral,Telefon,Niedrig,2023-02-25,37
6335,6806,2025-04-13,Wärmepumpe,Technisch,Wartung angefragt,Neutral,Chat,Niedrig,2025-04-18,174
6336,18751,2024-06-17,Smart Meter,Installation,Smart Meter App funktioniert nicht,Negativ,App,Hoch,2024-06-17,109
6337,19231,2023-04-21,Smart Meter,Installation,Smart Meter App funktioniert nicht,Negativ,Chat,Niedrig,2023-04-21,114
6338,18003,2024-09-01,Speicher,Technisch,Speicher lädt nicht,Negativ,Chat,Kritisch,2024-09-05,69
6339,4132,2024-12-12,Smart Meter,Installation,Smart Meter zeigt keine Daten,Neutral,Chat,Niedrig,2024-12-21,146
6340,3258,2023-07-06,Smart Meter,Installation,Smart Meter defekt,Negativ,Email,Hoch,2023-07-12,181
6341,15009,2024-08-02,Smart Meter,Installation,Smart Meter defekt,Negativ,Chat,Kritisch,2024-08-03,123
6342,3844,2024-06-05,Wallbox,E-Mobility,Wallbox Installation angefragt,Neutral,App,Kritisch,2024-06-09,121
6343,10196,2024-12-27,Wallbox,E-Mobility,App-Verbindung unterbrochen,Neutral,Chat,Kritisch,2024-12-30,120
6344,16105,2025-03-23,Wallbox,E-Mobility,Wallbox defekt,Negativ,Telefon,Mittel,2025-04-02,146
6345,16312,2023-09-16,Rechnung,Abrechnung,Gutschrift angefragt,Neutral,Telefon,Mittel,2023-09-30,117
6346,2549,2023-07-26,Allgemein,Service,Beschwerde,Negativ,Chat,Mittel,2023-08-06,27
6347,19003,2023-05-08,Speicher,Technisch,Batteriespeicher Störung,Negativ,Chat,Kritisch,2023-05-11,180
6348,8156,2023-12-11,Wärmepumpe,Technisch,Wartung angefragt,Neutral,Chat,Niedrig,2023-12-12,133
6349,5514,2024-10-14,Rechnung,Abrechnung,Gutschrift angefragt,Neutral,Telefon,Mittel,2024-10-25,114
6350,18028,2025-01-11,Tarif,Vertrag,Kündigung,Positiv,Email,Mittel,2025-01-14,101
6351,6773,2023-02-08,Smart Meter,Installation,Smart Meter defekt,Negativ,App,Hoch,2023-02-15,63
6352,16814,2024-12-25,Allgemein,Service,Beschwerde,Negativ,App,Mittel,2025-01-02,90
6353,3906,2023-08-16,Speicher,Technisch,Batteriespeicher Störung,Negativ,Chat,Hoch,2023-08-16,191
6354,18369,2023-04-08,Tarif,Vertrag,Tarifwechsel angefragt,Neutral,App,Hoch,2023-04-09,77
6355,4848,2024-04-07,Allgemein,Service,Lob,Positiv,Chat,Niedrig,2024-04-18,70
6356,13678,2025-01-14,Wallbox,E-Mobility,Ladekarte Probleme,Positiv,Email,Mittel,2025-01-23,33
6357,8438,2023-03-22,Tarif,Vertrag,Ökostrom Umstellung,Neutral,Chat,Hoch,2023-03-26,82
6358,4088,2024-09-20,Speicher,Technisch,Batteriespeicher Störung,Negativ,Telefon,Hoch,2024-09-27,10
6359,98,2023-01-16,Smart Meter,Installation,Smart Meter defekt,Negativ,Email,Mittel,2023-01-18,40
6360,6420,2024-12-06,Smart Meter,Installation,Smart Meter App funktioniert nicht,Negativ,Telefon,Kritisch,2024-12-13,8
6361,12664,2024-02-16,Smart Meter,Installation,Smart Meter App funktioniert nicht,Negativ,Telefon,Hoch,2024-02-21,102
6362,7407,2024-07-23,Wallbox,E-Mobility,Wallbox Installation angefragt,Neutral,Telefon,Mittel,2024-08-03,141
6363,7080,2024-08-29,Allgemein,Service,Allgemeine Anfrage,Negativ,App,Kritisch,2024-09-02,58
6364,14307,2024-04-26,Speicher,Technisch,Speicher lädt nicht,Negativ,Email,Mittel,2024-05-01,152
6365,12967,2024-04-01,Solar,Technisch,Wechselrichter Fehler,Neutral,Telefon,Hoch,2024-04-05,136
6366,17,2023-06-04,Speicher,Technisch,Speicher lädt nicht,Negativ,Telefon,Mittel,2023-06-08,152
6367,19814,2024-01-19,Smart Meter,Installation,Smart Meter App funktioniert nicht,Negativ,Chat,Kritisch,2024-01-21,197
6368,15202,2025-04-25,Rechnung,Abrechnung,Unstimmigkeit in Rechnung,Neutral,Email,Mittel,2025-04-28,32
6369,9550,2024-10-20,Tarif,Vertrag,Tarifwechsel angefragt,Negativ,Chat,Mittel,2024-10-31,134
6370,10219,2025-06-05,Wärmepumpe,Technisch,Wartung angefragt,Negativ,Chat,Mittel,2025-06-09,86
6371,16868,2024-03-08,Tarif,Vertrag,Ökostrom Umstellung,Neutral,Email,Mittel,2024-03-19,200
6372,18650,2024-12-21,Solar,Technisch,Solaranlage Ertrag niedrig,Neutral,App,Niedrig,2024-12-25,165
6373,6171,2025-06-01,Tarif,Vertrag,Ökostrom Umstellung,Negativ,Email,Mittel,2025-06-06,50
6374,4462,2024-11-19,Tarif,Vertrag,Ökostrom Umstellung,Neutral,Telefon,Mittel,2024-11-30,18
6375,232,2023-05-03,Allgemein,Service,Beschwerde,Negativ,Telefon,Hoch,2023-05-10,100
6376,8311,2023-09-03,Allgemein,Service,Beschwerde,Negativ,App,Kritisch,2023-09-04,53
6377,7395,2024-03-23,Rechnung,Abrechnung,Zahlungsplan angefragt,Neutral,Telefon,Mittel,2024-03-29,117
6378,11531,2024-09-25,Allgemein,Service,Informationsanfrage,Negativ,Chat,Mittel,2024-10-05,30
6379,11100,2024-01-09,Tarif,Vertrag,Ökostrom Umstellung,Positiv,Telefon,Mittel,2024-01-23,57
6380,13780,2024-09-15,Smart Meter,Installation,Smart Meter defekt,Negativ,Chat,Kritisch,2024-09-15,96
6381,19256,2024-07-29,Smart Meter,Installation,Smart Meter Ablesung fehlerhaft,Neutral,Telefon,Hoch,2024-08-04,112
6382,12115,2024-05-14,Wallbox,E-Mobility,App-Verbindung unterbrochen,Neutral,Chat,Mittel,2024-05-14,90
6383,9969,2025-05-27,Solar,Technisch,Solaranlage Ertrag niedrig,Neutral,Email,Hoch,2025-06-01,113
6384,524,2023-10-10,Wärmepumpe,Technisch,Fehlercode E01 angezeigt,Neutral,Chat,Kritisch,2023-10-10,102
6385,249,2025-05-04,Allgemein,Service,Informationsanfrage,Negativ,Email,Mittel,2025-05-09,150
6386,10267,2023-10-13,Solar,Technisch,Solaranlage Ertrag niedrig,Neutral,App,Mittel,2023-10-15,9
6387,1100,2024-04-08,Tarif,Vertrag,Umzug melden,Negativ,Telefon,Hoch,2024-04-10,98
6388,5426,2023-12-12,Wärmepumpe,Technisch,Wartung angefragt,Positiv,Chat,Mittel,2023-12-19,173
6389,1069,2025-02-24,Wärmepumpe,Technisch,Fehlercode E01 angezeigt,Neutral,App,Niedrig,2025-03-06,62
6390,11201,2025-03-19,Allgemein,Service,Allgemeine Anfrage,Neutral,App,Mittel,2025-03-21,190
6391,14942,2024-04-14,Rechnung,Abrechnung,Abschlag zu hoch,Neutral,Chat,Mittel,2024-04-20,110
6392,12775,2023-01-22,Allgemein,Service,Lob,Positiv,App,Niedrig,2023-01-30,191
6393,16255,2024-08-18,Rechnung,Abrechnung,Rechnungsfrage,Negativ,Chat,Mittel,2024-08-24,130
6394,6367,2023-05-27,Wallbox,E-Mobility,Wallbox Installation angefragt,Neutral,Telefon,Hoch,2023-05-31,5
6395,16927,2025-06-24,Smart Meter,Installation,Smart Meter Installation angefragt,Positiv,Chat,Hoch,2025-06-24,13
6396,12062,2025-02-14,Wärmepumpe,Technisch,Fehlercode E01 angezeigt,Neutral,Telefon,Mittel,2025-02-14,174
6397,16162,2024-08-26,Tarif,Vertrag,Vertragsverlängerung,Neutral,Chat,Mittel,2024-09-03,189
6398,5755,2023-10-26,Allgemein,Service,Kontaktdaten ändern,Neutral,App,Mittel,2023-11-07,117
6399,15767,2024-06-28,Tarif,Vertrag,Preisgarantie Frage,Negativ,Telefon,Niedrig,2024-07-09,4
6400,18322,2024-02-01,Allgemein,Service,Informationsanfrage,Neutral,Telefon,Niedrig,2024-02-12,110
6401,222,2024-10-01,Solar,Technisch,Wechselrichter Fehler,Neutral,Telefon,Mittel,2024-10-09,183
6402,17293,2023-09-24,Tarif,Vertrag,Ökostrom Umstellung,Neutral,App,Niedrig,2023-09-24,150
6403,10331,2023-02-15,Wallbox,E-Mobility,Wallbox lädt nicht,Negativ,Chat,Hoch,2023-02-22,124
6404,7516,2023-02-02,Speicher,Technisch,Speicher lädt nicht,Negativ,Chat,Mittel,2023-02-13,56
6405,14229,2025-04-27,Rechnung,Abrechnung,Abschlag anpassen,Positiv,App,Mittel,2025-05-10,187
6406,14999,2025-04-16,Solar,Technisch,Solaranlage produziert nicht,Negativ,Email,Mittel,2025-04-24,70
6407,6130,2023-11-29,Wallbox,E-Mobility,Wallbox defekt,Negativ,App,Hoch,2023-12-01,133
6408,9985,2023-04-26,Rechnung,Abrechnung,Zahlungsplan angefragt,Positiv,Telefon,Mittel,2023-05-03,2
6409,12500,2023-08-03,Smart Meter,Installation,Smart Meter defekt,Negativ,Chat,Kritisch,2023-08-05,104
6410,5145,2025-03-10,Wallbox,E-Mobility,Wallbox lädt nicht,Negativ,App,Mittel,2025-03-22,75
6411,8917,2025-06-10,Tarif,Vertrag,Ökostrom Umstellung,Positiv,Email,Mittel,2025-06-16,78
6412,8285,2025-06-03,Solar,Technisch,Wechselrichter Fehler,Neutral,Telefon,Mittel,2025-06-12,126
6413,12027,2023-04-04,Tarif,Vertrag,Vertragsverlängerung,Neutral,Chat,Hoch,2023-04-05,6
6414,5921,2023-07-16,Solar,Technisch,Solaranlage Ertrag niedrig,Neutral,Email,Mittel,2023-07-16,94
6415,10444,2024-05-06,Wärmepumpe,Technisch,Wärmepumpe Störung,Negativ,Chat,Niedrig,2024-05-06,42
6416,7288,2023-05-03,Wallbox,E-Mobility,Wallbox lädt nicht,Negativ,App,Kritisch,2023-05-06,126
6417,8407,2024-10-11,Allgemein,Service,Informationsanfrage,Negativ,Telefon,Hoch,2024-10-11,53
6418,4889,2024-06-09,Allgemein,Service,Informationsanfrage,Neutral,Chat,Mittel,2024-06-18,140
6419,3043,2023-07-07,Smart Meter,Installation,Smart Meter defekt,Negativ,App,Mittel,2023-07-15,68
6420,15884,2025-02-12,Tarif,Vertrag,Preisgarantie Frage,Neutral,Email,Niedrig,2025-02-19,190
6421,15160,2024-09-14,Solar,Technisch,Solaranlage Ertrag niedrig,Neutral,Telefon,Mittel,2024-09-20,197
6422,7636,2023-02-05,Wallbox,E-Mobility,App-Verbindung unterbrochen,Positiv,App,Mittel,2023-02-16,66
6423,19586,2023-11-09,Wallbox,E-Mobility,Wallbox lädt nicht,Negativ,Email,Hoch,2023-11-12,39
6424,8157,2024-09-16,Solar,Technisch,Einspeisevergütung Frage,Neutral,Chat,Mittel,2024-09-25,92
6425,2732,2024-11-22,Wallbox,E-Mobility,Wallbox defekt,Negativ,Email,Mittel,2024-11-24,87
6426,9927,2024-05-31,Wallbox,E-Mobility,Wallbox defekt,Negativ,Email,Hoch,2024-06-05,173
6427,13824,2023-01-24,Solar,Technisch,Monitoring nicht verfügbar,Negativ,App,Hoch,2023-01-29,120
6428,12407,2024-04-22,Tarif,Vertrag,Ökostrom Umstellung,Neutral,App,Mittel,2024-05-06,88
6429,8409,2023-04-10,Tarif,Vertrag,Preisgarantie Frage,Positiv,Email,Mittel,2023-04-12,196
6430,7223,2023-09-26,Smart Meter,Installation,Smart Meter App funktioniert nicht,Negativ,Telefon,Kritisch,2023-09-30,102
6431,7355,2023-05-06,Speicher,Technisch,Speicher lädt nicht,Negativ,App,Hoch,2023-05-12,37
6432,10861,2023-10-22,Rechnung,Abrechnung,Abschlag zu hoch,Positiv,Chat,Mittel,2023-10-25,28
6433,5785,2025-06-24,Speicher,Technisch,Kapazität gesunken,Neutral,Chat,Hoch,2025-06-25,160
6434,7825,2024-10-08,Wallbox,E-Mobility,App-Verbindung unterbrochen,Neutral,Telefon,Niedrig,2024-10-10,65
6435,5372,2024-08-02,Speicher,Technisch,Batteriespeicher Störung,Negativ,App,Niedrig,2024-08-15,111
6436,5252,2023-10-20,Speicher,Technisch,Speicher lädt nicht,Negativ,Email,Mittel,2023-10-25,158
6437,9925,2025-02-04,Wärmepumpe,Technisch,Wartung angefragt,Positiv,Chat,Hoch,2025-02-07,168
6438,5996,2025-05-09,Rechnung,Abrechnung,Rechnungsfrage,Positiv,Chat,Hoch,2025-05-14,193
6439,14871,2025-01-08,Wallbox,E-Mobility,Ladekarte Probleme,Neutral,App,Hoch,2025-01-13,193
6440,19950,2024-07-10,Wallbox,E-Mobility,App-Verbindung unterbrochen,Neutral,Email,Niedrig,2024-07-23,155
6441,4758,2023-10-20,Allgemein,Service,Beschwerde,Negativ,App,Mittel,2023-10-26,52
6442,8297,2024-03-30,Speicher,Technisch,Kapazität gesunken,Neutral,Chat,Mittel,2024-04-02,181
6443,1729,2025-03-15,Wärmepumpe,Technisch,Geräuschentwicklung zu hoch,Neutral,Email,Niedrig,2025-03-23,66
6444,19118,2025-05-09,Wärmepumpe,Technisch,Wärmepumpe läuft nicht,Negativ,Chat,Niedrig,2025-05-14,55
6445,10847,2024-09-18,Wallbox,E-Mobility,Wallbox lädt nicht,Negativ,App,Mittel,2024-09-18,73
6446,11450,2024-05-27,Allgemein,Service,Informationsanfrage,Neutral,Telefon,Kritisch,2024-05-30,13
6447,6567,2023-01-11,Wärmepumpe,Technisch,Wärmepumpe läuft nicht,Negativ,Telefon,Mittel,2023-01-13,132
6448,13869,2023-10-11,Smart Meter,Installation,Smart Meter defekt,Negativ,Chat,Hoch,2023-10-16,197
6449,17567,2024-11-10,Wärmepumpe,Technisch,Wärmepumpe läuft nicht,Negativ,Chat,Mittel,2024-11-12,46
6450,18239,2024-06-02,Speicher,Technisch,Kapazität gesunken,Neutral,App,Hoch,2024-06-03,104
6451,17068,2024-04-23,Tarif,Vertrag,Umzug melden,Negativ,Telefon,Niedrig,2024-04-27,169
6452,18359,2024-01-01,Solar,Technisch,Wechselrichter Fehler,Neutral,Telefon,Mittel,2024-01-05,130
6453,11344,2023-01-04,Speicher,Technisch,Kapazität gesunken,Neutral,Email,Niedrig,2023-01-05,85
6454,13386,2023-12-25,Speicher,Technisch,Speicher lädt nicht,Negativ,Telefon,Mittel,2024-01-01,64
6455,16967,2023-04-10,Wallbox,E-Mobility,Wallbox defekt,Negativ,App,Hoch,2023-04-11,59
6456,13823,2023-08-05,Tarif,Vertrag,Tarifwechsel angefragt,Positiv,Telefon,Niedrig,2023-08-13,164
6457,16314,2025-06-17,Rechnung,Abrechnung,Unstimmigkeit in Rechnung,Neutral,Chat,Mittel,2025-06-23,54
6458,12358,2024-11-01,Wallbox,E-Mobility,Ladekarte Probleme,Neutral,Telefon,Niedrig,2024-11-10,135
6459,9734,2024-07-23,Smart Meter,Installation,Smart Meter Ablesung fehlerhaft,Neutral,Telefon,Niedrig,2024-08-06,138
6460,19250,2023-11-16,Tarif,Vertrag,Vertragsverlängerung,Neutral,Telefon,Mittel,2023-11-27,169
6461,14924,2024-07-07,Tarif,Vertrag,Umzug melden,Negativ,App,Mittel,2024-07-20,154
6462,7192,2023-02-03,Smart Meter,Installation,Smart Meter zeigt keine Daten,Neutral,Chat,Mittel,2023-02-13,98
6463,18951,2023-11-04,Solar,Technisch,Solaranlage produziert nicht,Negativ,App,Mittel,2023-11-17,103
6464,17798,2023-09-04,Smart Meter,Installation,Smart Meter App funktioniert nicht,Negativ,Telefon,Hoch,2023-09-11,145
6465,10361,2024-02-24,Wallbox,E-Mobility,App-Verbindung unterbrochen,Neutral,Telefon,Kritisch,2024-02-24,95
6466,3337,2023-06-14,Smart Meter,Installation,Smart Meter zeigt keine Daten,Negativ,Chat,Mittel,2023-06-25,145
6467,8132,2024-07-22,Solar,Technisch,Solaranlage Ertrag niedrig,Neutral,App,Mittel,2024-08-04,130
6468,1225,2023-03-16,Allgemein,Service,Kontaktdaten ändern,Positiv,Telefon,Niedrig,2023-03-29,58
6469,7628,2023-01-29,Solar,Technisch,Wechselrichter Fehler,Neutral,Chat,Mittel,2023-02-10,42
6470,12327,2024-07-31,Tarif,Vertrag,Tarifwechsel angefragt,Neutral,Chat,Mittel,2024-08-14,3
6471,14220,2023-08-05,Speicher,Technisch,Speicher lädt nicht,Negativ,Email,Mittel,2023-08-10,75
6472,17996,2024-06-16,Rechnung,Abrechnung,Unstimmigkeit in Rechnung,Neutral,Email,Kritisch,2024-06-20,54
6473,5273,2025-04-12,Smart Meter,Installation,Smart Meter Installation angefragt,Neutral,Email,Mittel,2025-04-16,127
6474,10574,2023-10-18,Wallbox,E-Mobility,Wallbox Installation angefragt,Neutral,Telefon,Mittel,2023-10-28,112
6475,14749,2025-06-13,Allgemein,Service,Informationsanfrage,Positiv,Telefon,Mittel,2025-06-26,192
6476,15133,2023-12-14,Smart Meter,Installation,Smart Meter App funktioniert nicht,Negativ,Chat,Hoch,2023-12-14,56
6477,8526,2024-12-01,Allgemein,Service,Informationsanfrage,Neutral,Telefon,Niedrig,2024-12-06,50
6478,8995,2023-05-27,Smart Meter,Installation,Smart Meter App funktioniert nicht,Negativ,Chat,Kritisch,2023-06-01,7
6479,18323,2023-01-09,Allgemein,Service,Lob,Positiv,Email,Niedrig,2023-01-15,53
6480,11565,2023-10-27,Wärmepumpe,Technisch,Wärmepumpe Störung,Negativ,Email,Hoch,2023-10-30,97
6481,19354,2023-07-09,Smart Meter,Installation,Smart Meter defekt,Negativ,Telefon,Hoch,2023-07-13,110
6482,5439,2023-02-27,Allgemein,Service,Beschwerde,Negativ,App,Niedrig,2023-02-28,160
6483,19061,2024-10-23,Solar,Technisch,Monitoring nicht verfügbar,Negativ,App,Niedrig,2024-10-28,127
6484,10217,2023-03-08,Wärmepumpe,Technisch,Effizienz zu niedrig,Neutral,Chat,Niedrig,2023-03-12,93
6485,4920,2023-03-30,Tarif,Vertrag,Vertragsverlängerung,Neutral,App,Hoch,2023-03-31,9
6486,8375,2024-01-02,Speicher,Technisch,Speicher lädt nicht,Negativ,Telefon,Hoch,2024-01-06,46
6487,7034,2025-03-03,Smart Meter,Installation,Smart Meter zeigt keine Daten,Neutral,App,Hoch,2025-03-09,115
6488,4280,2023-06-23,Speicher,Technisch,Kapazität gesunken,Neutral,Telefon,Niedrig,2023-07-02,34
6489,11028,2024-05-08,Rechnung,Abrechnung,Unstimmigkeit in Rechnung,Negativ,Telefon,Mittel,2024-05-08,176
6490,5607,2024-01-28,Wallbox,E-Mobility,Wallbox Installation angefragt,Negativ,App,Niedrig,2024-01-31,23
6491,17607,2024-09-15,Wallbox,E-Mobility,Ladekarte Probleme,Negativ,Email,Niedrig,2024-09-29,85
6492,8511,2025-04-27,Tarif,Vertrag,Umzug melden,Neutral,Chat,Hoch,2025-05-03,82
6493,6830,2023-09-25,Smart Meter,Installation,Smart Meter App funktioniert nicht,Negativ,Email,Kritisch,2023-09-25,176
6494,5842,2024-02-22,Solar,Technisch,Wechselrichter Fehler,Negativ,Email,Mittel,2024-02-26,76
6495,17654,2024-07-07,Solar,Technisch,Solaranlage Ertrag niedrig,Neutral,Email,Mittel,2024-07-17,2
6496,12613,2024-09-02,Smart Meter,Installation,Smart Meter App funktioniert nicht,Negativ,Email,Hoch,2024-09-08,142
6497,4526,2023-12-12,Wallbox,E-Mobility,Wallbox lädt nicht,Negativ,App,Hoch,2023-12-18,106
6498,2596,2023-12-03,Rechnung,Abrechnung,Unstimmigkeit in Rechnung,Neutral,Email,Mittel,2023-12-03,150
6499,8719,2024-07-17,Smart Meter,Installation,Smart Meter zeigt keine Daten,Negativ,App,Mittel,2024-07-25,10
6500,6077,2024-01-07,Tarif,Vertrag,Kündigung,Positiv,Email,Niedrig,2024-01-09,30
6501,7053,2024-02-22,Speicher,Technisch,Batteriespeicher Störung,Negativ,Telefon,Hoch,2024-02-24,34
6502,5515,2024-06-21,Wärmepumpe,Technisch,Wartung angefragt,Positiv,App,Niedrig,2024-07-03,186
6503,1997,2024-09-24,Tarif,Vertrag,Vertragsverlängerung,Positiv,App,Mittel,2024-10-02,136
6504,15875,2025-06-18,Solar,Technisch,Einspeisevergütung Frage,Neutral,Chat,Niedrig,2025-07-01,129
6505,17500,2023-07-28,Rechnung,Abrechnung,Unstimmigkeit in Rechnung,Positiv,App,Niedrig,2023-08-08,136
6506,5682,2024-10-19,Smart Meter,Installation,Smart Meter defekt,Negativ,Email,Mittel,2024-10-26,73
6507,1689,2024-03-06,Tarif,Vertrag,Umzug melden,Neutral,App,Niedrig,2024-03-16,65
6508,17460,2023-08-13,Rechnung,Abrechnung,Abschlag anpassen,Positiv,Email,Mittel,2023-08-22,183
6509,19398,2025-04-16,Smart Meter,Installation,Smart Meter zeigt keine Daten,Neutral,Email,Mittel,2025-04-25,127
6510,6141,2023-09-02,Speicher,Technisch,Batteriespeicher Störung,Negativ,App,Hoch,2023-09-05,148
6511,15357,2023-02-03,Smart Meter,Installation,Smart Meter App funktioniert nicht,Negativ,Email,Kritisch,2023-02-10,28
6512,14930,2023-03-09,Speicher,Technisch,Speicher lädt nicht,Negativ,Email,Kritisch,2023-03-12,8
6513,14506,2024-07-15,Solar,Technisch,Wechselrichter Fehler,Neutral,App,Mittel,2024-07-20,148
6514,3378,2024-07-12,Wärmepumpe,Technisch,Wärmepumpe läuft nicht,Negativ,Telefon,Hoch,2024-07-18,195
6515,9217,2023-11-03,Wärmepumpe,Technisch,Wärmepumpe läuft nicht,Negativ,Telefon,Kritisch,2023-11-09,15
6516,4641,2023-11-06,Wallbox,E-Mobility,Ladekarte Probleme,Neutral,Email,Mittel,2023-11-16,87
6517,570,2024-11-13,Rechnung,Abrechnung,Rechnungsfrage,Neutral,Email,Niedrig,2024-11-23,46
6518,963,2025-01-13,Allgemein,Service,Informationsanfrage,Negativ,Chat,Niedrig,2025-01-26,179
6519,18467,2024-12-14,Solar,Technisch,Solaranlage Ertrag niedrig,Negativ,Telefon,Mittel,2024-12-16,30
6520,7302,2023-09-24,Tarif,Vertrag,Kündigung,Neutral,Chat,Kritisch,2023-09-25,112
6521,8509,2023-09-25,Wallbox,E-Mobility,Wallbox Installation angefragt,Positiv,Email,Mittel,2023-09-30,59
6522,10643,2023-10-01,Allgemein,Service,Lob,Positiv,Chat,Niedrig,2023-10-01,84
6523,5832,2025-03-08,Tarif,Vertrag,Umzug melden,Neutral,Chat,Niedrig,2025-03-11,59
6524,14594,2023-07-05,Wärmepumpe,Technisch,Wärmepumpe läuft nicht,Negativ,App,Hoch,2023-07-05,111
6525,4622,2023-06-12,Rechnung,Abrechnung,Unstimmigkeit in Rechnung,Negativ,Email,Niedrig,2023-06-22,169
6526,8817,2024-04-10,Wärmepumpe,Technisch,Effizienz zu niedrig,Negativ,Telefon,Mittel,2024-04-17,166
6527,1853,2024-02-16,Rechnung,Abrechnung,Abschlag zu hoch,Positiv,Chat,Mittel,2024-02-20,150
6528,18635,2024-10-21,Allgemein,Service,Kontaktdaten ändern,Neutral,Email,Mittel,2024-10-25,4
6529,5051,2023-07-23,Solar,Technisch,Monitoring nicht verfügbar,Negativ,App,Hoch,2023-07-30,37
6530,3867,2023-12-04,Rechnung,Abrechnung,Zahlungsplan angefragt,Neutral,Chat,Mittel,2023-12-13,42
6531,1629,2024-10-10,Rechnung,Abrechnung,Abschlag anpassen,Neutral,App,Mittel,2024-10-20,190
6532,10493,2024-12-31,Solar,Technisch,Solaranlage Ertrag niedrig,Neutral,Telefon,Mittel,2024-12-31,103
6533,18348,2024-06-25,Allgemein,Service,Beschwerde,Negativ,Email,Kritisch,2024-06-26,34
6534,11691,2023-05-18,Tarif,Vertrag,Tarifwechsel angefragt,Neutral,Telefon,Niedrig,2023-06-01,163
6535,17661,2024-10-24,Wärmepumpe,Technisch,Wärmepumpe Störung,Negativ,Email,Hoch,2024-10-26,26
6536,19924,2024-04-13,Speicher,Technisch,Kapazität gesunken,Neutral,App,Niedrig,2024-04-13,20
6537,18470,2023-12-09,Wärmepumpe,Technisch,Wartung angefragt,Neutral,Telefon,Mittel,2023-12-22,28
6538,3451,2024-09-10,Rechnung,Abrechnung,Zahlungsplan angefragt,Neutral,Telefon,Mittel,2024-09-23,48
6539,19977,2024-03-04,Allgemein,Service,Beschwerde,Negativ,Telefon,Mittel,2024-03-10,13
6540,3713,2025-02-27,Tarif,Vertrag,Ökostrom Umstellung,Neutral,Email,Hoch,2025-03-06,35
6541,5717,2023-06-26,Allgemein,Service,Lob,Positiv,App,Niedrig,2023-06-26,125
6542,989,2024-12-07,Wallbox,E-Mobility,App-Verbindung unterbrochen,Negativ,Email,Mittel,2024-12-09,89
6543,6807,2023-04-04,Tarif,Vertrag,Tarifwechsel angefragt,Neutral,App,Niedrig,2023-04-09,141
6544,11375,2023-03-10,Wärmepumpe,Technisch,Geräuschentwicklung zu hoch,Neutral,Telefon,Hoch,2023-03-16,39
6545,6488,2023-07-22,Rechnung,Abrechnung,Zahlungsplan angefragt,Neutral,Email,Mittel,2023-07-30,141
6546,17271,2025-03-20,Allgemein,Service,Lob,Positiv,Email,Niedrig,2025-03-25,157
6547,15385,2023-09-21,Solar,Technisch,Solaranlage Ertrag niedrig,Neutral,Chat,Niedrig,2023-10-03,13
6548,9725,2025-05-11,Tarif,Vertrag,Vertragsverlängerung,Neutral,Telefon,Niedrig,2025-05-17,156
6549,1997,2023-06-07,Tarif,Vertrag,Vertragsverlängerung,Positiv,Telefon,Niedrig,2023-06-21,78
6550,19269,2023-10-01,Speicher,Technisch,Kapazität gesunken,Positiv,Chat,Hoch,2023-10-01,174
6551,5611,2024-05-01,Allgemein,Service,Informationsanfrage,Neutral,Email,Mittel,2024-05-06,147
6552,8085,2023-07-12,Rechnung,Abrechnung,Abschlag zu hoch,Neutral,Chat,Mittel,2023-07-13,135
6553,4506,2023-02-19,Smart Meter,Installation,Smart Meter Installation angefragt,Neutral,Telefon,Niedrig,2023-02-26,45
6554,6539,2025-02-24,Smart Meter,Installation,Smart Meter Ablesung fehlerhaft,Positiv,Email,Mittel,2025-02-25,101
6555,7408,2025-02-16,Allgemein,Service,Lob,Positiv,Email,Niedrig,2025-03-01,20
6556,12389,2023-10-24,Rechnung,Abrechnung,Rechnungsfrage,Neutral,Chat,Hoch,2023-10-29,7
6557,17006,2023-01-22,Wallbox,E-Mobility,App-Verbindung unterbrochen,Neutral,Chat,Niedrig,2023-01-24,168
6558,5116,2023-02-06,Tarif,Vertrag,Umzug melden,Neutral,Email,Hoch,2023-02-11,153
6559,4126,2024-08-02,Tarif,Vertrag,Preisgarantie Frage,Positiv,App,Hoch,2024-08-04,137
6560,2972,2025-02-23,Allgemein,Service,Lob,Positiv,App,Niedrig,2025-03-03,173
6561,15079,2024-12-31,Solar,Technisch,Monitoring nicht verfügbar,Negativ,Email,Mittel,2025-01-09,29
6562,19448,2023-06-09,Wallbox,E-Mobility,App-Verbindung unterbrochen,Neutral,App,Hoch,2023-06-15,172
6563,5250,2024-12-17,Smart Meter,Installation,Smart Meter App funktioniert nicht,Negativ,App,Mittel,2024-12-30,56
6564,15439,2023-02-26,Allgemein,Service,Allgemeine Anfrage,Neutral,Email,Kritisch,2023-03-02,119
6565,8826,2023-03-04,Smart Meter,Installation,Smart Meter Ablesung fehlerhaft,Neutral,App,Mittel,2023-03-15,158
6566,8941,2023-12-23,Tarif,Vertrag,Tarifwechsel angefragt,Neutral,Chat,Mittel,2023-12-26,156
6567,11365,2023-12-21,Rechnung,Abrechnung,Abschlag anpassen,Neutral,Email,Niedrig,2023-12-31,52
6568,4399,2024-03-01,Rechnung,Abrechnung,Gutschrift angefragt,Neutral,Email,Mittel,2024-03-04,148
6569,6366,2025-03-01,Smart Meter,Installation,Smart Meter Installation angefragt,Negativ,App,Mittel,2025-03-10,132
6570,18420,2023-05-19,Wallbox,E-Mobility,Wallbox Installation angefragt,Neutral,Chat,Mittel,2023-05-24,22
6571,9095,2025-02-13,Speicher,Technisch,Batteriespeicher Störung,Negativ,Email,Hoch,2025-02-20,29
6572,7966,2025-01-12,Wärmepumpe,Technisch,Geräuschentwicklung zu hoch,Neutral,App,Niedrig,2025-01-26,95
6573,18672,2024-01-13,Smart Meter,Installation,Smart Meter Installation angefragt,Neutral,Email,Mittel,2024-01-15,15
6574,8414,2024-05-07,Wallbox,E-Mobility,Ladekarte Probleme,Neutral,App,Mittel,2024-05-17,68
6575,1987,2023-06-16,Allgemein,Service,Lob,Positiv,Chat,Niedrig,2023-06-28,191
6576,14840,2024-05-20,Wallbox,E-Mobility,Ladekarte Probleme,Neutral,App,Niedrig,2024-06-03,139
6577,1078,2024-04-18,Speicher,Technisch,Batteriespeicher Störung,Negativ,Telefon,Hoch,2024-04-19,114
6578,2951,2023-05-28,Wallbox,E-Mobility,Wallbox Installation angefragt,Negativ,Email,Mittel,2023-06-09,184
6579,18410,2023-09-08,Smart Meter,Installation,Smart Meter Ablesung fehlerhaft,Neutral,Chat,Mittel,2023-09-08,119
6580,15374,2024-05-13,Solar,Technisch,Einspeisevergütung Frage,Positiv,Telefon,Hoch,2024-05-14,126
6581,11429,2024-04-30,Smart Meter,Installation,Smart Meter Ablesung fehlerhaft,Positiv,App,Mittel,2024-05-12,113
6582,7181,2024-05-24,Tarif,Vertrag,Preisgarantie Frage,Positiv,Email,Mittel,2024-06-02,192
6583,12194,2025-02-23,Rechnung,Abrechnung,Rechnungsfrage,Neutral,Chat,Mittel,2025-02-28,20
6584,11798,2023-06-25,Allgemein,Service,Informationsanfrage,Neutral,App,Hoch,2023-07-02,40
6585,8665,2023-09-23,Rechnung,Abrechnung,Gutschrift angefragt,Positiv,Telefon,Niedrig,2023-09-30,188
6586,9961,2023-09-23,Speicher,Technisch,Batteriespeicher Störung,Negativ,Email,Mittel,2023-10-02,52
6587,6950,2024-01-04,Speicher,Technisch,Speicher lädt nicht,Negativ,Chat,Mittel,2024-01-04,39
6588,19590,2024-01-10,Solar,Technisch,Monitoring nicht verfügbar,Negativ,Email,Hoch,2024-01-14,45
6589,9739,2024-04-05,Speicher,Technisch,Speicher lädt nicht,Negativ,Chat,Kritisch,2024-04-09,43
6590,18319,2025-05-07,Tarif,Vertrag,Vertragsverlängerung,Neutral,Email,Niedrig,2025-05-10,170
6591,12155,2024-05-31,Tarif,Vertrag,Kündigung,Positiv,Chat,Niedrig,2024-05-31,183
6592,5793,2023-06-26,Tarif,Vertrag,Preisgarantie Frage,Neutral,Telefon,Hoch,2023-07-01,78
6593,16864,2023-01-13,Wärmepumpe,Technisch,Wärmepumpe läuft nicht,Negativ,App,Mittel,2023-01-26,65
6594,2861,2024-01-09,Allgemein,Service,Allgemeine Anfrage,Neutral,Email,Niedrig,2024-01-14,132
6595,1880,2025-04-20,Rechnung,Abrechnung,Abschlag anpassen,Positiv,Telefon,Hoch,2025-04-25,34
6596,1283,2024-02-26,Smart Meter,Installation,Smart Meter defekt,Negativ,Email,Kritisch,2024-03-01,179
6597,1281,2024-10-04,Wärmepumpe,Technisch,Fehlercode E01 angezeigt,Neutral,Chat,Mittel,2024-10-10,163
6598,12925,2023-12-17,Speicher,Technisch,Kapazität gesunken,Negativ,Chat,Mittel,2023-12-18,176
6599,884,2023-05-26,Speicher,Technisch,Batteriespeicher Störung,Negativ,Chat,Hoch,2023-05-29,41
6600,19435,2024-09-18,Wallbox,E-Mobility,Wallbox defekt,Negativ,App,Mittel,2024-09-21,13
6601,1415,2023-09-05,Rechnung,Abrechnung,Abschlag zu hoch,Negativ,Chat,Mittel,2023-09-13,14
6602,4722,2023-06-01,Smart Meter,Installation,Smart Meter App funktioniert nicht,Negativ,Chat,Mittel,2023-06-14,38
6603,961,2024-03-25,Allgemein,Service,Lob,Positiv,App,Niedrig,2024-03-29,181
6604,2962,2023-02-05,Rechnung,Abrechnung,Unstimmigkeit in Rechnung,Neutral,Telefon,Mittel,2023-02-08,44
6605,7268,2025-03-28,Wärmepumpe,Technisch,Wärmepumpe läuft nicht,Negativ,Chat,Mittel,2025-04-01,30
6606,18671,2025-03-11,Solar,Technisch,Wechselrichter Fehler,Negativ,Telefon,Mittel,2025-03-13,11
6607,6960,2024-04-12,Smart Meter,Installation,Smart Meter zeigt keine Daten,Neutral,App,Mittel,2024-04-12,38
6608,13478,2024-04-19,Wärmepumpe,Technisch,Fehlercode E01 angezeigt,Neutral,Email,Niedrig,2024-04-19,124
6609,15441,2025-06-18,Tarif,Vertrag,Ökostrom Umstellung,Negativ,Telefon,Mittel,2025-06-23,193
6610,16088,2024-04-25,Rechnung,Abrechnung,Unstimmigkeit in Rechnung,Neutral,Email,Mittel,2024-04-28,114
6611,18224,2023-08-02,Speicher,Technisch,Speicher lädt nicht,Negativ,Email,Niedrig,2023-08-15,151
6612,3997,2024-01-31,Tarif,Vertrag,Kündigung,Neutral,Email,Niedrig,2024-02-05,173
6613,13896,2023-06-16,Allgemein,Service,Kontaktdaten ändern,Positiv,Email,Mittel,2023-06-23,8
6614,14365,2023-12-06,Wärmepumpe,Technisch,Wartung angefragt,Positiv,Email,Niedrig,2023-12-06,34
6615,11805,2023-12-20,Wallbox,E-Mobility,Wallbox Installation angefragt,Neutral,Chat,Mittel,2023-12-20,100
6616,5970,2024-11-06,Wärmepumpe,Technisch,Geräuschentwicklung zu hoch,Positiv,Telefon,Niedrig,2024-11-06,93
6617,13172,2025-02-07,Wärmepumpe,Technisch,Fehlercode E01 angezeigt,Neutral,Telefon,Niedrig,2025-02-13,36
6618,4861,2024-02-20,Tarif,Vertrag,Vertragsverlängerung,Neutral,App,Mittel,2024-02-27,151
6619,7152,2025-03-28,Rechnung,Abrechnung,Gutschrift angefragt,Neutral,Chat,Mittel,2025-04-07,12
6620,7633,2024-01-28,Tarif,Vertrag,Ökostrom Umstellung,Negativ,Telefon,Niedrig,2024-01-28,80
6621,19270,2024-08-11,Speicher,Technisch,Batteriespeicher Störung,Negativ,Email,Hoch,2024-08-12,166
6622,11605,2024-12-20,Solar,Technisch,Solaranlage produziert nicht,Negativ,Email,Mittel,2024-12-23,34
6623,4700,2024-10-18,Wallbox,E-Mobility,Wallbox lädt nicht,Negativ,Email,Kritisch,2024-10-22,35
6624,17721,2024-04-03,Wärmepumpe,Technisch,Fehlercode E01 angezeigt,Neutral,Email,Hoch,2024-04-04,3
6625,2694,2025-03-03,Solar,Technisch,Solaranlage Ertrag niedrig,Neutral,Telefon,Mittel,2025-03-08,59
6626,16401,2024-09-18,Wärmepumpe,Technisch,Wärmepumpe läuft nicht,Negativ,Chat,Hoch,2024-09-25,21
6627,7819,2024-12-09,Rechnung,Abrechnung,Zahlungsplan angefragt,Neutral,Email,Niedrig,2024-12-11,89
6628,4858,2024-12-04,Allgemein,Service,Beschwerde,Negativ,Email,Mittel,2024-12-12,111
6629,221,2024-11-13,Smart Meter,Installation,Smart Meter defekt,Negativ,Email,Mittel,2024-11-23,29
6630,17659,2025-04-21,Speicher,Technisch,Kapazität gesunken,Neutral,Email,Mittel,2025-04-30,118
6631,16744,2025-04-21,Wallbox,E-Mobility,Wallbox lädt nicht,Negativ,Email,Hoch,2025-04-21,81
6632,4086,2025-05-12,Rechnung,Abrechnung,Unstimmigkeit in Rechnung,Neutral,App,Mittel,2025-05-15,16
6633,11523,2023-09-18,Speicher,Technisch,Batteriespeicher Störung,Negativ,App,Mittel,2023-09-26,200
6634,11159,2023-10-02,Wärmepumpe,Technisch,Wärmepumpe läuft nicht,Negativ,App,Niedrig,2023-10-10,57
6635,1637,2024-09-11,Wärmepumpe,Technisch,Wärmepumpe läuft nicht,Negativ,Chat,Mittel,2024-09-18,21
6636,17823,2024-03-22,Speicher,Technisch,Speicher lädt nicht,Negativ,Email,Kritisch,2024-03-26,115
6637,15121,2023-04-03,Wärmepumpe,Technisch,Wärmepumpe läuft nicht,Negativ,Chat,Hoch,2023-04-03,158
6638,5580,2023-12-01,Allgemein,Service,Allgemeine Anfrage,Neutral,Telefon,Hoch,2023-12-05,131
6639,1032,2023-09-11,Tarif,Vertrag,Kündigung,Neutral,Email,Hoch,2023-09-14,156
6640,820,2024-03-10,Speicher,Technisch,Batteriespeicher Störung,Negativ,Chat,Mittel,2024-03-10,185
6641,14207,2023-10-09,Smart Meter,Installation,Smart Meter App funktioniert nicht,Negativ,Telefon,Kritisch,2023-10-13,35
6642,1367,2023-02-24,Speicher,Technisch,Speicher lädt nicht,Negativ,Telefon,Niedrig,2023-02-26,20
6643,2138,2024-06-25,Speicher,Technisch,Kapazität gesunken,Positiv,App,Niedrig,2024-07-03,104
6644,8701,2023-12-26,Wallbox,E-Mobility,Wallbox lädt nicht,Negativ,Telefon,Niedrig,2024-01-06,166
6645,12450,2024-05-23,Wärmepumpe,Technisch,Geräuschentwicklung zu hoch,Neutral,Chat,Mittel,2024-05-28,170
6646,17661,2023-03-24,Solar,Technisch,Solaranlage Ertrag niedrig,Neutral,Email,Mittel,2023-03-31,158
6647,9242,2023-03-18,Allgemein,Service,Beschwerde,Negativ,Chat,Hoch,2023-03-25,5
6648,6437,2024-09-11,Tarif,Vertrag,Vertragsverlängerung,Neutral,Chat,Niedrig,2024-09-15,86
6649,7102,2023-05-29,Tarif,Vertrag,Umzug melden,Negativ,Email,Hoch,2023-06-03,36
6650,15464,2023-01-12,Rechnung,Abrechnung,Abschlag zu hoch,Neutral,Email,Niedrig,2023-01-23,147
6651,18930,2024-04-28,Rechnung,Abrechnung,Abschlag zu hoch,Neutral,App,Niedrig,2024-05-08,109
6652,5518,2023-02-06,Allgemein,Service,Allgemeine Anfrage,Neutral,Chat,Mittel,2023-02-09,142
6653,9465,2023-04-24,Allgemein,Service,Beschwerde,Negativ,App,Hoch,2023-04-29,165
6654,7572,2023-01-04,Allgemein,Service,Lob,Positiv,Telefon,Niedrig,2023-01-13,108
6655,9351,2024-08-11,Wallbox,E-Mobility,Ladekarte Probleme,Neutral,Chat,Mittel,2024-08-19,124
6656,11378,2024-09-07,Allgemein,Service,Allgemeine Anfrage,Neutral,Telefon,Niedrig,2024-09-12,129
6657,19262,2023-09-15,Rechnung,Abrechnung,Abschlag zu hoch,Neutral,Email,Mittel,2023-09-18,52
6658,11167,2024-08-07,Speicher,Technisch,Kapazität gesunken,Neutral,App,Mittel,2024-08-14,145
6659,10673,2023-06-11,Rechnung,Abrechnung,Rechnungsfrage,Negativ,Telefon,Hoch,2023-06-15,106
6660,10010,2024-05-15,Solar,Technisch,Einspeisevergütung Frage,Neutral,Email,Mittel,2024-05-26,180
6661,18450,2023-07-28,Smart Meter,Installation,Smart Meter defekt,Negativ,Chat,Hoch,2023-07-31,180
6662,15802,2023-05-19,Allgemein,Service,Beschwerde,Negativ,App,Hoch,2023-05-21,150
6663,2390,2023-10-05,Tarif,Vertrag,Ökostrom Umstellung,Neutral,Telefon,Mittel,2023-10-15,179
6664,2406,2023-08-13,Wallbox,E-Mobility,App-Verbindung unterbrochen,Neutral,Email,Mittel,2023-08-20,126
6665,16854,2025-06-07,Speicher,Technisch,Kapazität gesunken,Negativ,Telefon,Mittel,2025-06-20,95
6666,8839,2023-07-15,Wärmepumpe,Technisch,Fehlercode E01 angezeigt,Neutral,Telefon,Mittel,2023-07-17,83
6667,8025,2024-04-21,Wallbox,E-Mobility,Wallbox Installation angefragt,Neutral,App,Kritisch,2024-04-26,104
6668,9970,2024-09-24,Solar,Technisch,Solaranlage produziert nicht,Negativ,Chat,Mittel,2024-10-01,24
6669,18737,2023-02-08,Allgemein,Service,Lob,Positiv,App,Niedrig,2023-02-16,22
6670,12185,2024-01-10,Allgemein,Service,Beschwerde,Negativ,Email,Hoch,2024-01-17,92
6671,17897,2024-09-13,Solar,Technisch,Solaranlage produziert nicht,Negativ,Email,Mittel,2024-09-18,59
6672,16788,2023-10-12,Allgemein,Service,Lob,Positiv,App,Niedrig,2023-10-16,39
6673,4980,2024-12-07,Rechnung,Abrechnung,Rechnungsfrage,Neutral,Email,Mittel,2024-12-11,125
6674,17783,2024-08-01,Rechnung,Abrechnung,Unstimmigkeit in Rechnung,Neutral,Email,Mittel,2024-08-07,24
6675,6180,2024-03-01,Rechnung,Abrechnung,Abschlag zu hoch,Neutral,Telefon,Niedrig,2024-03-05,180
6676,11827,2024-07-07,Smart Meter,Installation,Smart Meter zeigt keine Daten,Neutral,Email,Hoch,2024-07-08,30
6677,6537,2025-04-25,Smart Meter,Installation,Smart Meter zeigt keine Daten,Neutral,Chat,Hoch,2025-04-25,51
6678,9774,2024-02-13,Speicher,Technisch,Kapazität gesunken,Negativ,App,Mittel,2024-02-18,32
6679,10682,2024-01-22,Smart Meter,Installation,Smart Meter Installation angefragt,Positiv,Telefon,Niedrig,2024-01-23,159
6680,17163,2024-06-10,Wallbox,E-Mobility,Ladekarte Probleme,Neutral,App,Mittel,2024-06-10,164
6681,15717,2024-04-02,Speicher,Technisch,Kapazität gesunken,Neutral,App,Mittel,2024-04-15,16
6682,17926,2023-04-13,Solar,Technisch,Wechselrichter Fehler,Neutral,Telefon,Niedrig,2023-04-19,13
6683,4553,2024-01-22,Rechnung,Abrechnung,Unstimmigkeit in Rechnung,Negativ,Chat,Hoch,2024-01-28,154
6684,4530,2024-05-17,Rechnung,Abrechnung,Unstimmigkeit in Rechnung,Neutral,Telefon,Hoch,2024-05-19,157
6685,1939,2024-11-24,Rechnung,Abrechnung,Rechnungsfrage,Positiv,Telefon,Mittel,2024-12-08,184
6686,3305,2024-01-05,Smart Meter,Installation,Smart Meter App funktioniert nicht,Negativ,Email,Hoch,2024-01-08,79
6687,4852,2023-10-28,Wallbox,E-Mobility,Wallbox defekt,Negativ,Telefon,Mittel,2023-10-30,168
6688,6306,2024-12-31,Speicher,Technisch,Batteriespeicher Störung,Negativ,App,Hoch,2025-01-04,19
6689,738,2024-09-02,Tarif,Vertrag,Vertragsverlängerung,Positiv,Chat,Mittel,2024-09-13,22
6690,4610,2024-06-20,Smart Meter,Installation,Smart Meter zeigt keine Daten,Neutral,Telefon,Mittel,2024-07-02,188
6691,17047,2024-08-05,Solar,Technisch,Wechselrichter Fehler,Neutral,Chat,Mittel,2024-08-05,20
6692,15665,2025-01-21,Wärmepumpe,Technisch,Effizienz zu niedrig,Negativ,Email,Mittel,2025-01-22,41
6693,10397,2024-09-01,Smart Meter,Installation,Smart Meter defekt,Negativ,App,Mittel,2024-09-11,180
6694,16805,2023-10-31,Wallbox,E-Mobility,Wallbox defekt,Negativ,Email,Kritisch,2023-11-07,52
6695,12672,2024-05-24,Solar,Technisch,Solaranlage produziert nicht,Negativ,Chat,Mittel,2024-06-07,151
6696,19762,2024-09-20,Wärmepumpe,Technisch,Effizienz zu niedrig,Neutral,Email,Niedrig,2024-09-25,129
6697,13941,2024-03-25,Smart Meter,Installation,Smart Meter zeigt keine Daten,Neutral,Chat,Niedrig,2024-04-07,62
6698,18067,2025-03-25,Wärmepumpe,Technisch,Wärmepumpe Störung,Negativ,Chat,Hoch,2025-03-29,200
6699,15696,2024-08-21,Wärmepumpe,Technisch,Wärmepumpe läuft nicht,Negativ,Telefon,Mittel,2024-09-01,54
6700,2674,2024-05-20,Wallbox,E-Mobility,Ladekarte Probleme,Positiv,App,Mittel,2024-05-31,44
6701,7397,2023-09-12,Speicher,Technisch,Speicher lädt nicht,Negativ,Chat,Mittel,2023-09-16,79
6702,4798,2023-05-10,Solar,Technisch,Solaranlage produziert nicht,Negativ,Telefon,Kritisch,2023-05-11,180
6703,19974,2024-09-04,Allgemein,Service,Kontaktdaten ändern,Positiv,App,Mittel,2024-09-14,66
6704,17518,2023-10-29,Wärmepumpe,Technisch,Effizienz zu niedrig,Negativ,Telefon,Mittel,2023-11-03,58
6705,13666,2025-06-21,Wallbox,E-Mobility,Ladekarte Probleme,Neutral,Email,Mittel,2025-06-28,11
6706,6607,2023-10-31,Wallbox,E-Mobility,Wallbox defekt,Negativ,App,Mittel,2023-11-01,197
6707,16502,2024-04-13,Wärmepumpe,Technisch,Effizienz zu niedrig,Neutral,Email,Hoch,2024-04-15,118
6708,5797,2025-05-25,Wallbox,E-Mobility,Wallbox Installation angefragt,Positiv,App,Hoch,2025-05-25,191
6709,18495,2024-05-19,Speicher,Technisch,Kapazität gesunken,Neutral,Telefon,Mittel,2024-05-22,110
6710,2462,2024-06-10,Allgemein,Service,Allgemeine Anfrage,Positiv,App,Mittel,2024-06-20,157
6711,10006,2024-04-14,Allgemein,Service,Beschwerde,Negativ,App,Mittel,2024-04-18,65
6712,5210,2023-11-17,Tarif,Vertrag,Ökostrom Umstellung,Neutral,App,Mittel,2023-11-17,43
6713,4103,2024-12-27,Allgemein,Service,Informationsanfrage,Positiv,Chat,Kritisch,2025-01-01,35
6714,19627,2024-12-15,Smart Meter,Installation,Smart Meter Ablesung fehlerhaft,Negativ,Email,Mittel,2024-12-18,154
6715,226,2024-03-31,Speicher,Technisch,Speicher lädt nicht,Negativ,Telefon,Mittel,2024-04-10,131
6716,19625,2024-12-05,Wallbox,E-Mobility,Ladekarte Probleme,Positiv,App,Niedrig,2024-12-13,183
6717,5719,2024-04-26,Wärmepumpe,Technisch,Wartung angefragt,Neutral,Chat,Mittel,2024-05-09,76
6718,1533,2025-03-21,Tarif,Vertrag,Ökostrom Umstellung,Neutral,Chat,Mittel,2025-03-29,2
6719,15662,2025-03-15,Smart Meter,Installation,Smart Meter zeigt keine Daten,Neutral,Chat,Hoch,2025-03-20,162
6720,2813,2023-03-13,Solar,Technisch,Monitoring nicht verfügbar,Negativ,Email,Mittel,2023-03-16,148
6721,18994,2024-07-29,Wärmepumpe,Technisch,Wärmepumpe läuft nicht,Negativ,Email,Kritisch,2024-08-02,172
6722,5045,2024-04-11,Wärmepumpe,Technisch,Fehlercode E01 angezeigt,Neutral,Email,Mittel,2024-04-25,34
6723,13359,2023-08-16,Rechnung,Abrechnung,Gutschrift angefragt,Positiv,Email,Kritisch,2023-08-22,38
6724,7157,2024-05-09,Rechnung,Abrechnung,Abschlag zu hoch,Neutral,Telefon,Niedrig,2024-05-11,192
6725,7915,2025-03-24,Wallbox,E-Mobility,Ladekarte Probleme,Neutral,Chat,Hoch,2025-03-26,124
6726,4932,2024-09-04,Allgemein,Service,Kontaktdaten ändern,Neutral,Email,Niedrig,2024-09-15,167
6727,2831,2023-09-27,Tarif,Vertrag,Vertragsverlängerung,Positiv,Chat,Mittel,2023-09-27,164
6728,9253,2025-06-23,Smart Meter,Installation,Smart Meter defekt,Negativ,Email,Kritisch,2025-06-26,188
6729,15040,2024-12-24,Smart Meter,Installation,Smart Meter defekt,Negativ,Telefon,Mittel,2025-01-04,89
6730,14980,2024-04-28,Wallbox,E-Mobility,Ladekarte Probleme,Neutral,App,Mittel,2024-04-29,151
6731,13286,2023-04-02,Rechnung,Abrechnung,Zahlungsplan angefragt,Neutral,App,Niedrig,2023-04-03,193
6732,17287,2024-01-26,Rechnung,Abrechnung,Gutschrift angefragt,Neutral,App,Niedrig,2024-01-28,56
6733,3482,2024-01-02,Speicher,Technisch,Batteriespeicher Störung,Negativ,Telefon,Kritisch,2024-01-06,57
6734,1277,2023-06-10,Wallbox,E-Mobility,Ladekarte Probleme,Neutral,Chat,Kritisch,2023-06-11,39
6735,14239,2024-03-12,Solar,Technisch,Wechselrichter Fehler,Positiv,Chat,Mittel,2024-03-25,34
6736,14992,2023-01-20,Tarif,Vertrag,Ökostrom Umstellung,Positiv,Telefon,Mittel,2023-01-29,30
6737,12541,2025-05-13,Wallbox,E-Mobility,Wallbox lädt nicht,Negativ,Telefon,Mittel,2025-05-17,166
6738,12608,2024-08-30,Allgemein,Service,Kontaktdaten ändern,Neutral,Telefon,Kritisch,2024-09-05,136
6739,16086,2023-03-12,Wallbox,E-Mobility,Wallbox Installation angefragt,Neutral,App,Niedrig,2023-03-24,3
6740,10952,2023-09-15,Wärmepumpe,Technisch,Wärmepumpe läuft nicht,Negativ,App,Hoch,2023-09-22,47
6741,5151,2025-04-06,Solar,Technisch,Solaranlage produziert nicht,Negativ,App,Hoch,2025-04-08,98
6742,15436,2024-05-19,Allgemein,Service,Beschwerde,Negativ,Email,Mittel,2024-05-30,136
6743,13880,2024-11-23,Speicher,Technisch,Batteriespeicher Störung,Negativ,Telefon,Hoch,2024-11-24,174
6744,83,2023-02-07,Speicher,Technisch,Kapazität gesunken,Neutral,Chat,Mittel,2023-02-20,82
6745,3394,2025-05-05,Allgemein,Service,Lob,Positiv,App,Niedrig,2025-05-13,30
6746,11085,2023-02-14,Speicher,Technisch,Speicher lädt nicht,Negativ,App,Mittel,2023-02-14,59
6747,19360,2024-12-04,Wallbox,E-Mobility,App-Verbindung unterbrochen,Neutral,App,Mittel,2024-12-04,118
6748,11052,2024-03-20,Wärmepumpe,Technisch,Geräuschentwicklung zu hoch,Neutral,Chat,Mittel,2024-03-26,2
6749,18380,2025-03-23,Rechnung,Abrechnung,Zahlungsplan angefragt,Neutral,Chat,Mittel,2025-03-25,156
6750,5344,2025-03-10,Solar,Technisch,Solaranlage Ertrag niedrig,Negativ,Chat,Hoch,2025-03-12,159
6751,10266,2023-04-02,Tarif,Vertrag,Ökostrom Umstellung,Neutral,App,Hoch,2023-04-06,64
6752,19864,2025-01-18,Wärmepumpe,Technisch,Wartung angefragt,Negativ,Email,Mittel,2025-01-23,37
6753,11530,2025-05-08,Smart Meter,Installation,Smart Meter defekt,Negativ,Chat,Hoch,2025-05-15,198
6754,2999,2023-10-01,Wärmepumpe,Technisch,Geräuschentwicklung zu hoch,Negativ,Telefon,Niedrig,2023-10-05,141
6755,18252,2023-04-02,Allgemein,Service,Informationsanfrage,Negativ,Chat,Mittel,2023-04-10,9
6756,13414,2023-10-30,Speicher,Technisch,Kapazität gesunken,Neutral,Telefon,Mittel,2023-11-08,27
6757,18315,2024-12-09,Speicher,Technisch,Speicher lädt nicht,Negativ,App,Hoch,2024-12-15,141
6758,5450,2024-10-16,Tarif,Vertrag,Kündigung,Neutral,App,Mittel,2024-10-30,164
6759,17814,2024-10-19,Wärmepumpe,Technisch,Fehlercode E01 angezeigt,Negativ,App,Niedrig,2024-10-31,198
6760,4426,2024-12-22,Tarif,Vertrag,Preisgarantie Frage,Negativ,Email,Kritisch,2024-12-25,148
6761,16263,2023-06-11,Solar,Technisch,Monitoring nicht verfügbar,Negativ,App,Mittel,2023-06-14,88
6762,19365,2023-08-07,Rechnung,Abrechnung,Unstimmigkeit in Rechnung,Neutral,Chat,Mittel,2023-08-16,82
6763,7109,2023-09-27,Smart Meter,Installation,Smart Meter zeigt keine Daten,Neutral,Chat,Hoch,2023-10-01,97
6764,5661,2023-02-23,Rechnung,Abrechnung,Zahlungsplan angefragt,Positiv,Telefon,Niedrig,2023-02-27,85
6765,18940,2025-02-17,Speicher,Technisch,Kapazität gesunken,Neutral,Chat,Mittel,2025-02-24,5
6766,2873,2024-02-18,Wärmepumpe,Technisch,Fehlercode E01 angezeigt,Positiv,App,Niedrig,2024-02-28,18
6767,10482,2023-02-06,Wärmepumpe,Technisch,Wärmepumpe Störung,Negativ,Email,Mittel,2023-02-19,72
6768,19956,2023-04-07,Wärmepumpe,Technisch,Geräuschentwicklung zu hoch,Positiv,Telefon,Niedrig,2023-04-07,68
6769,2157,2023-10-20,Wärmepumpe,Technisch,Fehlercode E01 angezeigt,Neutral,Email,Mittel,2023-10-31,194
6770,17816,2025-06-14,Rechnung,Abrechnung,Gutschrift angefragt,Negativ,Telefon,Hoch,2025-06-15,184
6771,15051,2024-10-02,Rechnung,Abrechnung,Unstimmigkeit in Rechnung,Neutral,App,Niedrig,2024-10-02,20
6772,15052,2023-11-22,Wallbox,E-Mobility,Wallbox defekt,Negativ,Telefon,Hoch,2023-11-24,78
6773,832,2024-02-04,Smart Meter,Installation,Smart Meter Ablesung fehlerhaft,Neutral,Telefon,Mittel,2024-02-05,99
6774,14437,2023-07-14,Solar,Technisch,Solaranlage Ertrag niedrig,Neutral,Email,Hoch,2023-07-21,5
6775,2437,2024-07-25,Solar,Technisch,Monitoring nicht verfügbar,Negativ,App,Kritisch,2024-08-01,13
6776,1015,2025-03-30,Wallbox,E-Mobility,Wallbox lädt nicht,Negativ,Telefon,Hoch,2025-04-01,127
6777,4072,2025-06-02,Tarif,Vertrag,Kündigung,Neutral,Telefon,Hoch,2025-06-07,58
6778,1314,2023-06-09,Allgemein,Service,Beschwerde,Negativ,App,Hoch,2023-06-11,11
6779,1976,2025-04-17,Allgemein,Service,Kontaktdaten ändern,Positiv,Email,Mittel,2025-04-20,2
6780,3190,2023-06-28,Wärmepumpe,Technisch,Wärmepumpe Störung,Negativ,Chat,Hoch,2023-07-03,133
6781,9373,2025-01-26,Tarif,Vertrag,Ökostrom Umstellung,Neutral,Email,Hoch,2025-01-28,38
6782,16623,2025-06-15,Wärmepumpe,Technisch,Wärmepumpe Störung,Negativ,App,Mittel,2025-06-20,137
6783,7254,2023-09-19,Tarif,Vertrag,Kündigung,Neutral,Email,Mittel,2023-09-21,189
6784,3668,2025-02-04,Rechnung,Abrechnung,Abschlag anpassen,Neutral,App,Mittel,2025-02-11,146
6785,5487,2023-08-30,Wärmepumpe,Technisch,Effizienz zu niedrig,Negativ,Telefon,Niedrig,2023-09-06,67
6786,19475,2024-11-13,Wallbox,E-Mobility,Wallbox defekt,Negativ,Chat,Mittel,2024-11-23,155
6787,9314,2023-07-22,Smart Meter,Installation,Smart Meter zeigt keine Daten,Positiv,App,Niedrig,2023-08-02,140
6788,7459,2024-06-14,Allgemein,Service,Kontaktdaten ändern,Negativ,Telefon,Niedrig,2024-06-27,112
6789,3507,2024-07-08,Rechnung,Abrechnung,Abschlag zu hoch,Positiv,App,Mittel,2024-07-22,130
6790,12187,2023-08-26,Wallbox,E-Mobility,Wallbox Installation angefragt,Negativ,Telefon,Hoch,2023-09-01,131
6791,6897,2024-12-16,Solar,Technisch,Monitoring nicht verfügbar,Negativ,Telefon,Mittel,2024-12-24,39
6792,7446,2023-12-22,Tarif,Vertrag,Ökostrom Umstellung,Neutral,App,Kritisch,2023-12-26,152
6793,13107,2024-10-25,Smart Meter,Installation,Smart Meter defekt,Negativ,Chat,Mittel,2024-11-08,49
6794,14830,2023-09-06,Smart Meter,Installation,Smart Meter App funktioniert nicht,Negativ,Email,Mittel,2023-09-07,11
6795,11044,2024-10-30,Wärmepumpe,Technisch,Geräuschentwicklung zu hoch,Neutral,Telefon,Niedrig,2024-11-13,90
6796,3830,2023-12-19,Wärmepumpe,Technisch,Geräuschentwicklung zu hoch,Positiv,App,Mittel,2023-12-22,44
6797,16838,2024-03-26,Allgemein,Service,Beschwerde,Negativ,App,Mittel,2024-04-07,198
6798,13888,2023-07-20,Solar,Technisch,Solaranlage Ertrag niedrig,Neutral,Email,Niedrig,2023-07-26,114
6799,767,2024-11-08,Tarif,Vertrag,Umzug melden,Positiv,Telefon,Mittel,2024-11-17,73
6800,18047,2024-08-23,Rechnung,Abrechnung,Unstimmigkeit in Rechnung,Neutral,Email,Mittel,2024-08-27,145
6801,1404,2023-01-17,Tarif,Vertrag,Kündigung,Negativ,Email,Hoch,2023-01-18,101
6802,836,2024-11-18,Wärmepumpe,Technisch,Wärmepumpe Störung,Negativ,App,Hoch,2024-11-25,111
6803,10100,2024-09-10,Rechnung,Abrechnung,Abschlag zu hoch,Negativ,Chat,Niedrig,2024-09-17,179
6804,7550,2024-07-04,Rechnung,Abrechnung,Zahlungsplan angefragt,Neutral,Email,Niedrig,2024-07-04,78
6805,19369,2023-08-14,Smart Meter,Installation,Smart Meter App funktioniert nicht,Negativ,Telefon,Hoch,2023-08-21,191
6806,9442,2025-06-14,Speicher,Technisch,Batteriespeicher Störung,Negativ,Email,Kritisch,2025-06-18,154
6807,19875,2023-01-22,Wallbox,E-Mobility,Ladekarte Probleme,Neutral,Telefon,Mittel,2023-01-27,168
6808,13057,2024-08-28,Wärmepumpe,Technisch,Wartung angefragt,Negativ,Telefon,Mittel,2024-08-30,65
6809,3971,2025-02-27,Tarif,Vertrag,Ökostrom Umstellung,Positiv,Chat,Mittel,2025-03-12,10
6810,4583,2024-02-15,Wärmepumpe,Technisch,Wartung angefragt,Neutral,App,Niedrig,2024-02-29,67
6811,9664,2024-03-30,Solar,Technisch,Einspeisevergütung Frage,Positiv,Telefon,Niedrig,2024-04-08,171
6812,1205,2023-11-11,Solar,Technisch,Solaranlage produziert nicht,Negativ,Chat,Kritisch,2023-11-15,135
6813,11518,2024-08-08,Speicher,Technisch,Speicher lädt nicht,Negativ,Chat,Hoch,2024-08-12,125
6814,8227,2023-02-20,Allgemein,Service,Informationsanfrage,Negativ,Chat,Mittel,2023-03-05,41
6815,2374,2024-12-01,Tarif,Vertrag,Kündigung,Negativ,Email,Mittel,2024-12-06,119
6816,3652,2024-09-12,Wallbox,E-Mobility,Wallbox Installation angefragt,Neutral,Chat,Mittel,2024-09-17,120
6817,4182,2024-05-05,Allgemein,Service,Allgemeine Anfrage,Negativ,Chat,Mittel,2024-05-09,128
6818,14902,2023-08-28,Smart Meter,Installation,Smart Meter Installation angefragt,Neutral,App,Mittel,2023-09-06,81
6819,18136,2024-12-06,Allgemein,Service,Informationsanfrage,Neutral,Chat,Hoch,2024-12-06,28
6820,11802,2023-07-21,Wärmepumpe,Technisch,Wärmepumpe Störung,Negativ,Email,Mittel,2023-07-22,92
6821,17243,2023-01-05,Rechnung,Abrechnung,Abschlag anpassen,Neutral,App,Niedrig,2023-01-05,45
6822,14345,2023-08-03,Speicher,Technisch,Kapazität gesunken,Neutral,Telefon,Hoch,2023-08-03,45
6823,14041,2023-07-06,Wärmepumpe,Technisch,Geräuschentwicklung zu hoch,Neutral,Chat,Niedrig,2023-07-13,86
6824,7481,2025-03-17,Allgemein,Service,Beschwerde,Negativ,App,Hoch,2025-03-22,133
6825,11825,2025-02-24,Wärmepumpe,Technisch,Geräuschentwicklung zu hoch,Positiv,Chat,Niedrig,2025-03-03,115
6826,17600,2025-01-08,Wallbox,E-Mobility,Wallbox lädt nicht,Negativ,Email,Mittel,2025-01-22,105
6827,17750,2023-04-01,Tarif,Vertrag,Umzug melden,Positiv,Email,Niedrig,2023-04-12,63
6828,7890,2025-06-05,Smart Meter,Installation,Smart Meter App funktioniert nicht,Negativ,Email,Kritisch,2025-06-05,99
6829,18092,2024-04-23,Wallbox,E-Mobility,Wallbox Installation angefragt,Positiv,Telefon,Niedrig,2024-04-30,180
6830,14366,2024-10-06,Rechnung,Abrechnung,Abschlag zu hoch,Neutral,App,Mittel,2024-10-16,53
6831,3071,2025-05-10,Tarif,Vertrag,Preisgarantie Frage,Neutral,Email,Hoch,2025-05-16,114
6832,19647,2024-06-29,Speicher,Technisch,Batteriespeicher Störung,Negativ,App,Hoch,2024-07-04,23
6833,3559,2024-12-26,Smart Meter,Installation,Smart Meter zeigt keine Daten,Negativ,Telefon,Hoch,2024-12-31,81
6834,10342,2023-04-30,Speicher,Technisch,Kapazität gesunken,Neutral,App,Niedrig,2023-05-08,31
6835,563,2025-01-16,Wärmepumpe,Technisch,Effizienz zu niedrig,Neutral,Email,Mittel,2025-01-17,55
6836,19860,2024-09-01,Speicher,Technisch,Kapazität gesunken,Negativ,Telefon,Hoch,2024-09-03,157
6837,6297,2023-05-22,Tarif,Vertrag,Kündigung,Neutral,Telefon,Niedrig,2023-05-30,66
6838,16030,2023-10-01,Smart Meter,Installation,Smart Meter Ablesung fehlerhaft,Neutral,Email,Kritisch,2023-10-04,106
6839,5052,2024-02-15,Allgemein,Service,Lob,Positiv,Telefon,Niedrig,2024-02-24,49
6840,19939,2024-08-30,Tarif,Vertrag,Preisgarantie Frage,Neutral,Email,Mittel,2024-09-07,134
6841,16384,2025-06-27,Allgemein,Service,Informationsanfrage,Negativ,Chat,Mittel,2025-07-11,79
6842,9039,2024-03-21,Solar,Technisch,Solaranlage Ertrag niedrig,Neutral,Email,Mittel,2024-04-04,171
6843,16272,2023-02-12,Allgemein,Service,Kontaktdaten ändern,Neutral,Email,Hoch,2023-02-19,100
6844,14285,2023-05-26,Allgemein,Service,Lob,Positiv,Telefon,Niedrig,2023-05-29,64
6845,7101,2023-07-10,Wallbox,E-Mobility,Wallbox lädt nicht,Negativ,App,Hoch,2023-07-14,50
6846,14861,2024-07-09,Wallbox,E-Mobility,Wallbox defekt,Negativ,Telefon,Hoch,2024-07-11,80
6847,10208,2023-02-25,Wärmepumpe,Technisch,Wärmepumpe läuft nicht,Negativ,Telefon,Kritisch,2023-02-27,62
6848,5242,2024-11-03,Wärmepumpe,Technisch,Effizienz zu niedrig,Negativ,Chat,Niedrig,2024-11-15,153
6849,15633,2024-12-01,Smart Meter,Installation,Smart Meter zeigt keine Daten,Positiv,App,Mittel,2024-12-06,105
6850,19096,2025-01-30,Tarif,Vertrag,Tarifwechsel angefragt,Neutral,Telefon,Hoch,2025-02-05,160
6851,10626,2023-11-07,Solar,Technisch,Solaranlage produziert nicht,Negativ,Email,Niedrig,2023-11-12,190
6852,17847,2025-04-30,Rechnung,Abrechnung,Gutschrift angefragt,Neutral,Email,Hoch,2025-04-30,129
6853,5678,2023-09-25,Smart Meter,Installation,Smart Meter Ablesung fehlerhaft,Negativ,Telefon,Mittel,2023-09-26,113
6854,2708,2023-03-18,Wärmepumpe,Technisch,Fehlercode E01 angezeigt,Neutral,App,Niedrig,2023-03-27,3
6855,19855,2023-09-05,Wärmepumpe,Technisch,Wartung angefragt,Negativ,Chat,Niedrig,2023-09-07,196
6856,3631,2025-06-06,Allgemein,Service,Informationsanfrage,Neutral,Chat,Mittel,2025-06-14,140
6857,9007,2023-11-13,Allgemein,Service,Lob,Positiv,Telefon,Niedrig,2023-11-25,7
6858,4764,2025-04-19,Solar,Technisch,Einspeisevergütung Frage,Positiv,App,Mittel,2025-04-22,21
6859,5996,2025-05-01,Speicher,Technisch,Batteriespeicher Störung,Negativ,Chat,Hoch,2025-05-06,174
6860,388,2023-10-16,Wallbox,E-Mobility,Ladekarte Probleme,Negativ,Chat,Mittel,2023-10-19,155
6861,15005,2023-10-16,Speicher,Technisch,Kapazität gesunken,Neutral,Chat,Mittel,2023-10-29,88
6862,868,2024-04-15,Rechnung,Abrechnung,Rechnungsfrage,Neutral,App,Niedrig,2024-04-20,81
6863,7038,2023-09-08,Smart Meter,Installation,Smart Meter defekt,Negativ,App,Kritisch,2023-09-14,127
6864,14423,2023-02-15,Wallbox,E-Mobility,Wallbox defekt,Negativ,App,Hoch,2023-02-15,77
6865,17310,2024-08-02,Smart Meter,Installation,Smart Meter defekt,Negativ,Chat,Hoch,2024-08-04,27
6866,3057,2023-10-22,Rechnung,Abrechnung,Gutschrift angefragt,Neutral,App,Mittel,2023-11-03,79
6867,19417,2023-04-09,Wärmepumpe,Technisch,Wärmepumpe läuft nicht,Negativ,Telefon,Mittel,2023-04-19,123
6868,4643,2023-07-14,Tarif,Vertrag,Umzug melden,Neutral,App,Hoch,2023-07-18,25
6869,7846,2024-12-07,Wärmepumpe,Technisch,Geräuschentwicklung zu hoch,Neutral,Telefon,Mittel,2024-12-14,6
6870,15612,2024-06-05,Smart Meter,Installation,Smart Meter App funktioniert nicht,Negativ,Chat,Mittel,2024-06-16,81
6871,5194,2023-10-12,Wärmepumpe,Technisch,Effizienz zu niedrig,Neutral,App,Mittel,2023-10-14,66
6872,6210,2023-11-30,Rechnung,Abrechnung,Zahlungsplan angefragt,Positiv,Email,Niedrig,2023-12-01,124
6873,18877,2024-12-30,Rechnung,Abrechnung,Abschlag zu hoch,Negativ,App,Mittel,2025-01-04,13
6874,3528,2024-02-10,Solar,Technisch,Monitoring nicht verfügbar,Negativ,Telefon,Hoch,2024-02-12,18
6875,5045,2023-03-08,Wallbox,E-Mobility,Wallbox Installation angefragt,Neutral,App,Niedrig,2023-03-17,101
6876,19681,2024-04-08,Solar,Technisch,Solaranlage produziert nicht,Negativ,App,Mittel,2024-04-12,162
6877,9888,2023-12-21,Smart Meter,Installation,Smart Meter Installation angefragt,Neutral,Chat,Hoch,2023-12-21,180
6878,5039,2025-05-09,Tarif,Vertrag,Vertragsverlängerung,Positiv,App,Kritisch,2025-05-16,40
6879,18334,2023-03-15,Allgemein,Service,Lob,Positiv,App,Niedrig,2023-03-22,167
6880,2691,2024-01-28,Speicher,Technisch,Kapazität gesunken,Neutral,Telefon,Niedrig,2024-02-08,50
6881,7721,2024-08-25,Wärmepumpe,Technisch,Geräuschentwicklung zu hoch,Negativ,Chat,Mittel,2024-09-06,77
6882,15838,2025-03-17,Wärmepumpe,Technisch,Wärmepumpe läuft nicht,Negativ,Telefon,Mittel,2025-03-30,67
6883,6347,2024-05-31,Tarif,Vertrag,Umzug melden,Neutral,Telefon,Niedrig,2024-06-12,34
6884,7360,2024-07-29,Wallbox,E-Mobility,App-Verbindung unterbrochen,Positiv,Telefon,Mittel,2024-07-31,88
6885,7701,2024-11-26,Solar,Technisch,Solaranlage Ertrag niedrig,Neutral,Chat,Mittel,2024-12-02,77
6886,5909,2024-01-27,Smart Meter,Installation,Smart Meter App funktioniert nicht,Negativ,Email,Hoch,2024-01-31,193
6887,9488,2024-11-04,Smart Meter,Installation,Smart Meter defekt,Negativ,Email,Niedrig,2024-11-12,62
6888,11611,2023-10-06,Wallbox,E-Mobility,Wallbox Installation angefragt,Positiv,App,Niedrig,2023-10-19,23
6889,15021,2023-05-20,Wärmepumpe,Technisch,Wärmepumpe Störung,Negativ,Telefon,Mittel,2023-05-24,176
6890,18777,2023-08-31,Solar,Technisch,Solaranlage produziert nicht,Negativ,Email,Hoch,2023-09-05,90
6891,8670,2023-09-14,Allgemein,Service,Allgemeine Anfrage,Negativ,Email,Mittel,2023-09-18,38
6892,11458,2025-03-11,Solar,Technisch,Einspeisevergütung Frage,Positiv,App,Mittel,2025-03-16,65
6893,15407,2025-04-06,Speicher,Technisch,Speicher lädt nicht,Negativ,Telefon,Hoch,2025-04-07,106
6894,8382,2023-06-27,Tarif,Vertrag,Umzug melden,Negativ,Chat,Mittel,2023-07-01,90
6895,15740,2025-04-25,Wärmepumpe,Technisch,Wärmepumpe Störung,Negativ,Telefon,Niedrig,2025-05-04,33
6896,5333,2024-04-24,Tarif,Vertrag,Preisgarantie Frage,Neutral,Telefon,Niedrig,2024-05-02,1
6897,5235,2025-03-23,Tarif,Vertrag,Vertragsverlängerung,Neutral,Email,Mittel,2025-04-03,107
6898,9215,2025-06-03,Allgemein,Service,Allgemeine Anfrage,Negativ,App,Kritisch,2025-06-04,191
6899,8279,2024-02-24,Tarif,Vertrag,Ökostrom Umstellung,Positiv,App,Mittel,2024-02-25,54
6900,7547,2024-02-05,Smart Meter,Installation,Smart Meter zeigt keine Daten,Positiv,Chat,Hoch,2024-02-10,67
6901,15108,2023-11-01,Rechnung,Abrechnung,Abschlag anpassen,Negativ,App,Niedrig,2023-11-05,120
6902,7915,2025-03-11,Rechnung,Abrechnung,Unstimmigkeit in Rechnung,Neutral,Email,Niedrig,2025-03-20,146
6903,17740,2025-03-12,Wärmepumpe,Technisch,Wärmepumpe läuft nicht,Negativ,Email,Hoch,2025-03-17,72
6904,6588,2024-02-15,Wärmepumpe,Technisch,Effizienz zu niedrig,Positiv,App,Kritisch,2024-02-17,32
6905,10447,2024-02-09,Speicher,Technisch,Kapazität gesunken,Positiv,Chat,Mittel,2024-02-15,38
6906,9640,2024-01-28,Wallbox,E-Mobility,App-Verbindung unterbrochen,Neutral,App,Mittel,2024-02-04,141
6907,8370,2023-12-22,Wärmepumpe,Technisch,Wartung angefragt,Positiv,Email,Mittel,2023-12-27,176
6908,18688,2023-12-20,Allgemein,Service,Informationsanfrage,Negativ,Telefon,Mittel,2023-12-29,170
6909,2650,2024-08-10,Solar,Technisch,Monitoring nicht verfügbar,Negativ,Chat,Hoch,2024-08-12,63
6910,8823,2024-11-03,Allgemein,Service,Kontaktdaten ändern,Neutral,Email,Mittel,2024-11-07,109
6911,2174,2023-09-08,Solar,Technisch,Einspeisevergütung Frage,Neutral,App,Mittel,2023-09-10,49
6912,19354,2024-07-02,Solar,Technisch,Wechselrichter Fehler,Negativ,Email,Mittel,2024-07-16,116
6913,17856,2024-08-11,Solar,Technisch,Solaranlage Ertrag niedrig,Positiv,Chat,Kritisch,2024-08-16,47
6914,7944,2025-05-24,Rechnung,Abrechnung,Gutschrift angefragt,Neutral,Chat,Niedrig,2025-06-07,192
6915,2773,2023-02-26,Smart Meter,Installation,Smart Meter App funktioniert nicht,Negativ,Telefon,Mittel,2023-03-06,35
6916,17834,2023-04-30,Smart Meter,Installation,Smart Meter App funktioniert nicht,Negativ,Email,Kritisch,2023-05-05,88
6917,14893,2023-11-10,Solar,Technisch,Solaranlage produziert nicht,Negativ,Chat,Mittel,2023-11-17,2
6918,4609,2023-12-09,Wallbox,E-Mobility,Ladekarte Probleme,Negativ,Telefon,Hoch,2023-12-11,114
6919,15853,2024-07-28,Wärmepumpe,Technisch,Effizienz zu niedrig,Negativ,Chat,Mittel,2024-08-07,110
6920,7358,2023-10-30,Allgemein,Service,Lob,Positiv,Chat,Niedrig,2023-11-13,46
6921,19662,2025-01-29,Smart Meter,Installation,Smart Meter Installation angefragt,Neutral,Chat,Niedrig,2025-02-08,24
6922,9280,2023-10-19,Smart Meter,Installation,Smart Meter defekt,Negativ,Chat,Niedrig,2023-10-22,106
6923,7932,2023-07-28,Solar,Technisch,Wechselrichter Fehler,Positiv,Chat,Kritisch,2023-08-02,157
6924,17961,2023-08-13,Speicher,Technisch,Speicher lädt nicht,Negativ,App,Mittel,2023-08-20,10
6925,19115,2023-06-10,Rechnung,Abrechnung,Gutschrift angefragt,Neutral,Email,Niedrig,2023-06-17,68
6926,13999,2025-03-31,Solar,Technisch,Einspeisevergütung Frage,Negativ,Chat,Niedrig,2025-04-06,130
6927,19033,2023-11-13,Solar,Technisch,Einspeisevergütung Frage,Neutral,Chat,Mittel,2023-11-20,94
6928,17271,2023-03-16,Smart Meter,Installation,Smart Meter App funktioniert nicht,Negativ,Telefon,Hoch,2023-03-18,120
6929,14519,2024-01-24,Smart Meter,Installation,Smart Meter Ablesung fehlerhaft,Neutral,App,Mittel,2024-01-26,98
6930,2235,2025-02-11,Allgemein,Service,Informationsanfrage,Neutral,Chat,Mittel,2025-02-23,155
6931,2653,2024-09-26,Wallbox,E-Mobility,Ladekarte Probleme,Neutral,Chat,Mittel,2024-10-04,74
6932,14044,2025-01-19,Allgemein,Service,Lob,Positiv,Email,Niedrig,2025-01-29,179
6933,12333,2024-01-06,Smart Meter,Installation,Smart Meter App funktioniert nicht,Negativ,Telefon,Hoch,2024-01-10,22
6934,14882,2023-01-07,Wallbox,E-Mobility,App-Verbindung unterbrochen,Neutral,Telefon,Niedrig,2023-01-12,178
6935,16733,2024-01-24,Smart Meter,Installation,Smart Meter zeigt keine Daten,Negativ,Email,Mittel,2024-02-02,44
6936,11322,2023-02-17,Smart Meter,Installation,Smart Meter zeigt keine Daten,Negativ,App,Niedrig,2023-02-27,73
6937,6315,2025-06-18,Speicher,Technisch,Kapazität gesunken,Neutral,Chat,Mittel,2025-06-19,156
6938,12827,2024-05-01,Solar,Technisch,Monitoring nicht verfügbar,Negativ,Telefon,Mittel,2024-05-08,167
6939,11171,2023-08-27,Smart Meter,Installation,Smart Meter zeigt keine Daten,Neutral,Chat,Hoch,2023-08-29,23
6940,12903,2024-01-03,Rechnung,Abrechnung,Abschlag anpassen,Negativ,Email,Mittel,2024-01-11,137
6941,3308,2024-01-03,Solar,Technisch,Einspeisevergütung Frage,Neutral,Email,Niedrig,2024-01-06,85
6942,10427,2023-04-14,Speicher,Technisch,Speicher lädt nicht,Negativ,Email,Kritisch,2023-04-20,99
6943,12257,2024-05-20,Speicher,Technisch,Speicher lädt nicht,Negativ,App,Mittel,2024-06-02,33
6944,19105,2025-03-27,Allgemein,Service,Informationsanfrage,Neutral,Telefon,Niedrig,2025-04-10,167
6945,4156,2025-05-10,Tarif,Vertrag,Ökostrom Umstellung,Neutral,Email,Mittel,2025-05-18,175
6946,17521,2024-10-09,Allgemein,Service,Beschwerde,Negativ,Chat,Hoch,2024-10-15,189
6947,13692,2023-05-30,Solar,Technisch,Monitoring nicht verfügbar,Negativ,Chat,Hoch,2023-06-04,96
6948,16579,2023-03-18,Smart Meter,Installation,Smart Meter zeigt keine Daten,Neutral,Chat,Mittel,2023-03-31,92
6949,15088,2023-05-15,Wärmepumpe,Technisch,Fehlercode E01 angezeigt,Negativ,App,Mittel,2023-05-22,66
6950,375,2025-05-27,Smart Meter,Installation,Smart Meter App funktioniert nicht,Negativ,Email,Hoch,2025-06-03,129
6951,773,2023-04-01,Solar,Technisch,Monitoring nicht verfügbar,Negativ,App,Hoch,2023-04-04,4
6952,13155,2024-10-30,Tarif,Vertrag,Ökostrom Umstellung,Neutral,Email,Mittel,2024-10-31,179
6953,9775,2024-01-02,Solar,Technisch,Wechselrichter Fehler,Neutral,Email,Kritisch,2024-01-09,90
6954,12854,2023-02-17,Tarif,Vertrag,Preisgarantie Frage,Positiv,Telefon,Niedrig,2023-02-23,152
6955,4342,2024-04-07,Speicher,Technisch,Kapazität gesunken,Neutral,App,Mittel,2024-04-11,94
6956,13911,2023-06-03,Rechnung,Abrechnung,Abschlag anpassen,Positiv,Chat,Mittel,2023-06-15,95
6957,8363,2023-11-06,Smart Meter,Installation,Smart Meter defekt,Negativ,Telefon,Hoch,2023-11-09,62
6958,5544,2023-11-18,Wallbox,E-Mobility,Wallbox Installation angefragt,Neutral,Email,Niedrig,2023-11-30,63
6959,6891,2025-01-04,Rechnung,Abrechnung,Abschlag anpassen,Neutral,Chat,Niedrig,2025-01-08,140
6960,16375,2024-02-14,Solar,Technisch,Solaranlage Ertrag niedrig,Neutral,Telefon,Mittel,2024-02-21,175
6961,1099,2024-08-29,Rechnung,Abrechnung,Abschlag zu hoch,Neutral,Telefon,Hoch,2024-09-04,71
6962,11954,2023-06-21,Tarif,Vertrag,Preisgarantie Frage,Neutral,Chat,Mittel,2023-06-29,132
6963,5802,2023-08-31,Wallbox,E-Mobility,App-Verbindung unterbrochen,Neutral,Email,Mittel,2023-09-12,98
6964,9601,2025-05-13,Speicher,Technisch,Batteriespeicher Störung,Negativ,Telefon,Hoch,2025-05-18,38
6965,12645,2024-01-24,Speicher,Technisch,Batteriespeicher Störung,Negativ,Email,Mittel,2024-01-26,171
6966,3279,2023-07-18,Wärmepumpe,Technisch,Wärmepumpe Störung,Negativ,Chat,Mittel,2023-07-30,24
6967,7740,2023-07-31,Rechnung,Abrechnung,Rechnungsfrage,Neutral,Telefon,Niedrig,2023-08-13,61
6968,6953,2025-05-19,Wallbox,E-Mobility,Wallbox lädt nicht,Negativ,Chat,Hoch,2025-05-23,82
6969,18180,2025-05-30,Smart Meter,Installation,Smart Meter Ablesung fehlerhaft,Neutral,App,Hoch,2025-05-30,166
6970,4242,2023-01-21,Wallbox,E-Mobility,App-Verbindung unterbrochen,Negativ,Chat,Hoch,2023-01-26,139
6971,19040,2024-03-26,Smart Meter,Installation,Smart Meter App funktioniert nicht,Negativ,App,Mittel,2024-04-01,63
6972,2637,2025-01-26,Rechnung,Abrechnung,Abschlag anpassen,Neutral,App,Hoch,2025-01-28,185
6973,17921,2024-06-11,Tarif,Vertrag,Vertragsverlängerung,Negativ,Chat,Mittel,2024-06-24,133
6974,2210,2023-04-09,Allgemein,Service,Informationsanfrage,Neutral,Chat,Mittel,2023-04-21,72
6975,900,2023-07-20,Smart Meter,Installation,Smart Meter zeigt keine Daten,Negativ,Chat,Mittel,2023-07-29,191
6976,9918,2023-01-09,Wallbox,E-Mobility,App-Verbindung unterbrochen,Negativ,Email,Kritisch,2023-01-10,111
6977,2402,2023-04-10,Tarif,Vertrag,Tarifwechsel angefragt,Neutral,Chat,Niedrig,2023-04-22,28
6978,247,2024-09-04,Smart Meter,Installation,Smart Meter Ablesung fehlerhaft,Positiv,App,Niedrig,2024-09-16,74
6979,10235,2024-04-08,Wärmepumpe,Technisch,Fehlercode E01 angezeigt,Neutral,Email,Mittel,2024-04-17,21
6980,1357,2025-05-04,Rechnung,Abrechnung,Abschlag zu hoch,Neutral,App,Mittel,2025-05-15,17
6981,15092,2025-01-25,Wärmepumpe,Technisch,Fehlercode E01 angezeigt,Positiv,App,Niedrig,2025-02-05,68
6982,6928,2024-06-28,Allgemein,Service,Beschwerde,Negativ,Email,Hoch,2024-07-03,105
6983,10160,2023-10-29,Solar,Technisch,Einspeisevergütung Frage,Negativ,App,Mittel,2023-10-29,128
6984,9983,2024-09-27,Wärmepumpe,Technisch,Geräuschentwicklung zu hoch,Neutral,Chat,Niedrig,2024-10-03,106
6985,19951,2024-03-23,Rechnung,Abrechnung,Gutschrift angefragt,Positiv,Telefon,Kritisch,2024-03-24,192
6986,7832,2023-01-14,Smart Meter,Installation,Smart Meter App funktioniert nicht,Negativ,Telefon,Kritisch,2023-01-19,174
6987,676,2024-01-20,Rechnung,Abrechnung,Abschlag zu hoch,Neutral,Email,Mittel,2024-01-25,16
6988,2709,2024-02-09,Speicher,Technisch,Kapazität gesunken,Positiv,App,Mittel,2024-02-19,17
6989,16057,2023-04-02,Wallbox,E-Mobility,Wallbox defekt,Negativ,Chat,Hoch,2023-04-06,172
6990,13944,2023-07-24,Wallbox,E-Mobility,Ladekarte Probleme,Neutral,App,Mittel,2023-07-31,195
6991,7996,2024-02-29,Wärmepumpe,Technisch,Wärmepumpe Störung,Negativ,Email,Mittel,2024-03-14,142
6992,11236,2023-01-17,Allgemein,Service,Lob,Positiv,Email,Niedrig,2023-01-27,100
6993,3346,2023-08-07,Wallbox,E-Mobility,Wallbox defekt,Negativ,Email,Hoch,2023-08-14,111
6994,1171,2025-06-04,Solar,Technisch,Wechselrichter Fehler,Positiv,Email,Mittel,2025-06-06,16
6995,17826,2025-03-31,Allgemein,Service,Kontaktdaten ändern,Positiv,App,Kritisch,2025-04-04,119
6996,5926,2025-04-04,Rechnung,Abrechnung,Zahlungsplan angefragt,Negativ,Telefon,Hoch,2025-04-07,82
6997,11431,2024-12-09,Allgemein,Service,Beschwerde,Negativ,Chat,Niedrig,2024-12-23,170
6998,18107,2024-01-12,Wärmepumpe,Technisch,Fehlercode E01 angezeigt,Positiv,App,Kritisch,2024-01-19,184
6999,7843,2024-08-11,Wärmepumpe,Technisch,Wärmepumpe läuft nicht,Negativ,App,Hoch,2024-08-11,8
7000,8144,2025-04-08,Smart Meter,Installation,Smart Meter App funktioniert nicht,Negativ,Telefon,Mittel,2025-04-11,76
7001,6786,2023-05-22,Allgemein,Service,Lob,Positiv,Email,Niedrig,2023-05-25,30
7002,2902,2023-06-01,Solar,Technisch,Monitoring nicht verfügbar,Negativ,Telefon,Hoch,2023-06-06,161
7003,4046,2024-05-03,Solar,Technisch,Monitoring nicht verfügbar,Negativ,Telefon,Mittel,2024-05-12,145
7004,5160,2023-01-13,Allgemein,Service,Beschwerde,Negativ,App,Hoch,2023-01-19,38
7005,9420,2023-04-16,Smart Meter,Installation,Smart Meter defekt,Negativ,Email,Kritisch,2023-04-20,27
7006,15325,2024-04-20,Speicher,Technisch,Batteriespeicher Störung,Negativ,Chat,Kritisch,2024-04-22,103
7007,4675,2025-06-23,Wallbox,E-Mobility,App-Verbindung unterbrochen,Neutral,Email,Hoch,2025-06-24,42
7008,14984,2023-03-27,Rechnung,Abrechnung,Abschlag zu hoch,Negativ,Chat,Mittel,2023-04-02,35
7009,10213,2023-02-21,Wallbox,E-Mobility,App-Verbindung unterbrochen,Negativ,Telefon,Niedrig,2023-02-27,101
7010,13314,2024-12-05,Wärmepumpe,Technisch,Wartung angefragt,Positiv,Telefon,Mittel,2024-12-15,102
7011,19942,2024-06-05,Tarif,Vertrag,Vertragsverlängerung,Positiv,Telefon,Mittel,2024-06-11,64
7012,10835,2024-11-15,Rechnung,Abrechnung,Rechnungsfrage,Neutral,Email,Niedrig,2024-11-22,95
7013,15939,2025-02-21,Wärmepumpe,Technisch,Fehlercode E01 angezeigt,Neutral,Email,Hoch,2025-02-26,53
7014,12001,2024-12-26,Speicher,Technisch,Speicher lädt nicht,Negativ,Email,Kritisch,2024-12-26,52
7015,14786,2024-05-17,Smart Meter,Installation,Smart Meter zeigt keine Daten,Neutral,Email,Mittel,2024-05-18,12
7016,15009,2024-08-01,Speicher,Technisch,Kapazität gesunken,Positiv,Email,Mittel,2024-08-06,192
7017,105,2023-03-24,Speicher,Technisch,Batteriespeicher Störung,Negativ,Telefon,Niedrig,2023-03-25,73
7018,19049,2024-08-06,Wärmepumpe,Technisch,Effizienz zu niedrig,Positiv,App,Mittel,2024-08-20,81
7019,1016,2024-04-13,Wallbox,E-Mobility,Wallbox lädt nicht,Negativ,Email,Kritisch,2024-04-18,38
7020,15989,2023-04-01,Wärmepumpe,Technisch,Wartung angefragt,Positiv,Email,Mittel,2023-04-12,31
7021,7034,2023-03-06,Allgemein,Service,Beschwerde,Negativ,App,Hoch,2023-03-08,142
7022,4313,2025-02-11,Wärmepumpe,Technisch,Wärmepumpe läuft nicht,Negativ,Chat,Hoch,2025-02-13,87
7023,2880,2023-02-24,Wallbox,E-Mobility,Wallbox defekt,Negativ,Email,Hoch,2023-03-03,156
7024,17501,2025-03-23,Tarif,Vertrag,Kündigung,Negativ,Chat,Mittel,2025-03-30,164
7025,8526,2023-09-12,Wärmepumpe,Technisch,Fehlercode E01 angezeigt,Negativ,App,Mittel,2023-09-24,114
7026,15210,2024-05-07,Allgemein,Service,Kontaktdaten ändern,Negativ,Telefon,Mittel,2024-05-07,11
7027,4319,2024-01-05,Allgemein,Service,Kontaktdaten ändern,Neutral,Email,Hoch,2024-01-11,145
7028,13829,2024-12-14,Tarif,Vertrag,Umzug melden,Positiv,App,Mittel,2024-12-25,184
7029,307,2024-09-25,Rechnung,Abrechnung,Unstimmigkeit in Rechnung,Positiv,Telefon,Mittel,2024-10-05,27
7030,10154,2023-10-31,Wärmepumpe,Technisch,Wärmepumpe Störung,Negativ,Chat,Mittel,2023-11-12,27
7031,3812,2023-09-26,Wallbox,E-Mobility,Wallbox defekt,Negativ,App,Mittel,2023-10-08,192
7032,3386,2023-12-06,Tarif,Vertrag,Umzug melden,Positiv,App,Mittel,2023-12-11,139
7033,13647,2023-05-18,Wallbox,E-Mobility,Ladekarte Probleme,Positiv,App,Mittel,2023-05-23,147
7034,11918,2025-02-01,Tarif,Vertrag,Vertragsverlängerung,Neutral,Chat,Niedrig,2025-02-13,153
7035,8927,2023-06-02,Allgemein,Service,Allgemeine Anfrage,Positiv,App,Niedrig,2023-06-03,28
7036,616,2023-12-23,Solar,Technisch,Einspeisevergütung Frage,Negativ,Email,Mittel,2024-01-01,21
7037,11541,2023-10-18,Tarif,Vertrag,Kündigung,Neutral,Chat,Mittel,2023-10-30,73
7038,4122,2023-09-28,Solar,Technisch,Solaranlage Ertrag niedrig,Neutral,Chat,Niedrig,2023-10-08,12
7039,11295,2024-05-28,Tarif,Vertrag,Tarifwechsel angefragt,Neutral,Chat,Niedrig,2024-06-05,66
7040,9011,2024-11-02,Allgemein,Service,Allgemeine Anfrage,Neutral,Telefon,Niedrig,2024-11-03,133
7041,4118,2023-01-01,Speicher,Technisch,Speicher lädt nicht,Negativ,App,Hoch,2023-01-04,63
7042,4245,2025-04-22,Wärmepumpe,Technisch,Wärmepumpe läuft nicht,Negativ,App,Mittel,2025-04-22,151
7043,1960,2024-02-23,Solar,Technisch,Solaranlage produziert nicht,Negativ,App,Hoch,2024-02-27,26
7044,2958,2024-02-20,Wallbox,E-Mobility,Wallbox lädt nicht,Negativ,App,Mittel,2024-02-26,2
7045,14790,2023-04-29,Speicher,Technisch,Speicher lädt nicht,Negativ,App,Mittel,2023-05-03,73
7046,1317,2023-08-11,Wärmepumpe,Technisch,Wartung angefragt,Neutral,Telefon,Mittel,2023-08-19,111
7047,16532,2024-09-18,Allgemein,Service,Informationsanfrage,Neutral,Telefon,Niedrig,2024-09-21,35
7048,9422,2023-11-19,Speicher,Technisch,Batteriespeicher Störung,Negativ,Chat,Hoch,2023-11-19,114
7049,18613,2023-03-21,Solar,Technisch,Monitoring nicht verfügbar,Negativ,Chat,Hoch,2023-03-25,52
7050,10544,2025-02-01,Wärmepumpe,Technisch,Wärmepumpe läuft nicht,Negativ,App,Mittel,2025-02-02,76
7051,9737,2024-01-02,Wallbox,E-Mobility,Ladekarte Probleme,Neutral,Telefon,Hoch,2024-01-02,190
7052,2824,2025-06-13,Solar,Technisch,Solaranlage Ertrag niedrig,Negativ,App,Mittel,2025-06-20,148
7053,16031,2024-08-08,Solar,Technisch,Wechselrichter Fehler,Neutral,Email,Mittel,2024-08-22,118
7054,18953,2024-02-15,Smart Meter,Installation,Smart Meter App funktioniert nicht,Negativ,Email,Mittel,2024-02-17,120
7055,8648,2023-10-06,Rechnung,Abrechnung,Abschlag zu hoch,Neutral,App,Mittel,2023-10-12,88
7056,18607,2023-10-03,Speicher,Technisch,Speicher lädt nicht,Negativ,Email,Hoch,2023-10-09,142
7057,4408,2025-06-09,Smart Meter,Installation,Smart Meter defekt,Negativ,App,Mittel,2025-06-10,108
7058,5989,2025-06-19,Wallbox,E-Mobility,Ladekarte Probleme,Neutral,Chat,Mittel,2025-07-02,132
7059,4857,2023-10-31,Smart Meter,Installation,Smart Meter defekt,Negativ,App,Kritisch,2023-11-07,102
7060,3696,2023-07-08,Solar,Technisch,Solaranlage Ertrag niedrig,Neutral,App,Kritisch,2023-07-12,122
7061,6686,2023-07-07,Speicher,Technisch,Kapazität gesunken,Positiv,Telefon,Kritisch,2023-07-08,134
7062,13815,2024-04-29,Speicher,Technisch,Speicher lädt nicht,Negativ,Chat,Hoch,2024-05-06,139
7063,19164,2024-03-06,Tarif,Vertrag,Kündigung,Neutral,Chat,Mittel,2024-03-20,192
7064,6972,2023-04-19,Allgemein,Service,Kontaktdaten ändern,Neutral,Chat,Mittel,2023-04-20,67
7065,1554,2025-01-12,Wallbox,E-Mobility,Wallbox Installation angefragt,Neutral,Email,Niedrig,2025-01-23,37
7066,8511,2023-04-06,Smart Meter,Installation,Smart Meter App funktioniert nicht,Negativ,Telefon,Hoch,2023-04-12,155
7067,9212,2023-03-14,Allgemein,Service,Allgemeine Anfrage,Neutral,Telefon,Mittel,2023-03-26,78
7068,4340,2024-06-11,Wärmepumpe,Technisch,Geräuschentwicklung zu hoch,Neutral,App,Mittel,2024-06-12,181
7069,2105,2023-11-09,Solar,Technisch,Wechselrichter Fehler,Neutral,Telefon,Hoch,2023-11-16,180
7070,6465,2024-04-18,Smart Meter,Installation,Smart Meter defekt,Negativ,Email,Kritisch,2024-04-22,42
7071,16751,2025-04-16,Solar,Technisch,Wechselrichter Fehler,Positiv,Email,Mittel,2025-04-17,34
7072,7272,2023-12-19,Rechnung,Abrechnung,Zahlungsplan angefragt,Positiv,Telefon,Mittel,2023-12-28,60
7073,13738,2023-11-21,Rechnung,Abrechnung,Unstimmigkeit in Rechnung,Neutral,Email,Mittel,2023-11-21,46
7074,4771,2023-09-01,Tarif,Vertrag,Kündigung,Neutral,App,Mittel,2023-09-01,163
7075,5373,2024-04-05,Wärmepumpe,Technisch,Effizienz zu niedrig,Positiv,App,Mittel,2024-04-13,166
7076,16000,2024-05-05,Wärmepumpe,Technisch,Geräuschentwicklung zu hoch,Neutral,Email,Niedrig,2024-05-13,62
7077,12298,2023-08-29,Allgemein,Service,Allgemeine Anfrage,Neutral,Chat,Mittel,2023-09-05,147
7078,12889,2024-09-05,Wallbox,E-Mobility,Wallbox defekt,Negativ,App,Niedrig,2024-09-18,37
7079,5637,2024-04-27,Speicher,Technisch,Batteriespeicher Störung,Negativ,Chat,Kritisch,2024-04-28,61
7080,14465,2025-01-16,Rechnung,Abrechnung,Rechnungsfrage,Positiv,Chat,Mittel,2025-01-21,52
7081,12983,2024-01-18,Solar,Technisch,Solaranlage Ertrag niedrig,Neutral,Telefon,Mittel,2024-01-20,70
7082,10039,2024-01-09,Solar,Technisch,Solaranlage produziert nicht,Negativ,Chat,Mittel,2024-01-12,148
7083,13244,2025-05-07,Smart Meter,Installation,Smart Meter defekt,Negativ,Chat,Hoch,2025-05-08,20
7084,7779,2025-05-16,Rechnung,Abrechnung,Abschlag zu hoch,Neutral,Telefon,Niedrig,2025-05-20,55
7085,2415,2023-07-11,Wärmepumpe,Technisch,Fehlercode E01 angezeigt,Neutral,App,Niedrig,2023-07-22,27
7086,10372,2024-07-10,Smart Meter,Installation,Smart Meter Installation angefragt,Neutral,Chat,Mittel,2024-07-21,145
7087,10823,2023-04-07,Solar,Technisch,Einspeisevergütung Frage,Positiv,Telefon,Mittel,2023-04-16,42
7088,780,2024-04-24,Tarif,Vertrag,Umzug melden,Neutral,Email,Mittel,2024-04-24,88
7089,10192,2025-02-04,Wärmepumpe,Technisch,Effizienz zu niedrig,Neutral,Chat,Mittel,2025-02-04,79
7090,4429,2023-09-09,Tarif,Vertrag,Tarifwechsel angefragt,Neutral,Telefon,Niedrig,2023-09-17,172
7091,8091,2025-02-28,Wärmepumpe,Technisch,Wärmepumpe Störung,Negativ,Telefon,Mittel,2025-03-02,106
7092,8558,2024-09-06,Smart Meter,Installation,Smart Meter App funktioniert nicht,Negativ,Telefon,Hoch,2024-09-13,70
7093,2609,2023-07-24,Rechnung,Abrechnung,Unstimmigkeit in Rechnung,Neutral,App,Niedrig,2023-07-27,4
7094,5821,2024-12-27,Wallbox,E-Mobility,Wallbox defekt,Negativ,Email,Hoch,2024-12-28,79
7095,5322,2025-02-26,Tarif,Vertrag,Ökostrom Umstellung,Neutral,Email,Mittel,2025-03-05,137
7096,1212,2025-01-06,Tarif,Vertrag,Umzug melden,Neutral,Email,Hoch,2025-01-11,18
7097,7190,2024-01-06,Wärmepumpe,Technisch,Wärmepumpe läuft nicht,Negativ,Chat,Niedrig,2024-01-12,63
7098,12851,2023-03-04,Speicher,Technisch,Kapazität gesunken,Neutral,Telefon,Niedrig,2023-03-05,76
7099,13467,2023-07-05,Wärmepumpe,Technisch,Fehlercode E01 angezeigt,Negativ,App,Mittel,2023-07-11,55
7100,2215,2025-02-07,Smart Meter,Installation,Smart Meter App funktioniert nicht,Negativ,Chat,Hoch,2025-02-07,20
7101,19645,2023-09-16,Tarif,Vertrag,Kündigung,Neutral,Chat,Mittel,2023-09-24,30
7102,2813,2024-04-17,Smart Meter,Installation,Smart Meter App funktioniert nicht,Negativ,Telefon,Mittel,2024-04-20,102
7103,10040,2024-09-18,Wärmepumpe,Technisch,Wärmepumpe läuft nicht,Negativ,Telefon,Mittel,2024-10-01,37
7104,1303,2023-07-10,Wallbox,E-Mobility,Wallbox Installation angefragt,Neutral,App,Mittel,2023-07-24,5
7105,347,2025-04-20,Smart Meter,Installation,Smart Meter zeigt keine Daten,Positiv,Telefon,Niedrig,2025-05-02,56
7106,15920,2024-11-24,Solar,Technisch,Solaranlage Ertrag niedrig,Neutral,Telefon,Hoch,2024-11-25,121
7107,18360,2024-07-28,Solar,Technisch,Solaranlage Ertrag niedrig,Negativ,Telefon,Mittel,2024-08-05,111
7108,1275,2025-06-03,Rechnung,Abrechnung,Abschlag anpassen,Neutral,App,Niedrig,2025-06-04,78
7109,7887,2024-03-12,Wärmepumpe,Technisch,Wärmepumpe Störung,Negativ,Telefon,Niedrig,2024-03-24,176
7110,8693,2024-05-22,Smart Meter,Installation,Smart Meter Ablesung fehlerhaft,Neutral,Telefon,Niedrig,2024-05-25,174
7111,1457,2023-12-16,Speicher,Technisch,Speicher lädt nicht,Negativ,Telefon,Hoch,2023-12-23,26
7112,1194,2025-04-21,Allgemein,Service,Kontaktdaten ändern,Neutral,App,Niedrig,2025-04-30,118
7113,3517,2024-01-23,Tarif,Vertrag,Vertragsverlängerung,Negativ,Telefon,Niedrig,2024-01-24,12
7114,4280,2024-03-11,Wallbox,E-Mobility,Ladekarte Probleme,Neutral,Telefon,Hoch,2024-03-16,73
7115,9016,2025-01-14,Wallbox,E-Mobility,Wallbox Installation angefragt,Neutral,Chat,Niedrig,2025-01-16,16
7116,15096,2025-06-20,Tarif,Vertrag,Preisgarantie Frage,Neutral,Chat,Niedrig,2025-06-28,87
7117,597,2023-01-06,Rechnung,Abrechnung,Abschlag anpassen,Neutral,Telefon,Hoch,2023-01-10,123
7118,7983,2024-08-11,Speicher,Technisch,Batteriespeicher Störung,Negativ,App,Hoch,2024-08-12,80
7119,12874,2025-02-25,Tarif,Vertrag,Tarifwechsel angefragt,Neutral,Email,Mittel,2025-03-08,198
7120,11882,2024-09-25,Wallbox,E-Mobility,Wallbox lädt nicht,Negativ,Telefon,Kritisch,2024-09-30,160
7121,9225,2024-08-04,Tarif,Vertrag,Ökostrom Umstellung,Neutral,App,Mittel,2024-08-18,184
7122,13217,2023-05-08,Smart Meter,Installation,Smart Meter Ablesung fehlerhaft,Neutral,Chat,Mittel,2023-05-18,78
7123,17628,2025-04-09,Allgemein,Service,Allgemeine Anfrage,Neutral,Email,Kritisch,2025-04-13,168
7124,3694,2023-09-25,Wallbox,E-Mobility,Wallbox Installation angefragt,Neutral,Chat,Mittel,2023-10-07,82
7125,7074,2023-08-11,Smart Meter,Installation,Smart Meter Installation angefragt,Neutral,Email,Kritisch,2023-08-13,108
7126,4302,2023-03-07,Wallbox,E-Mobility,Wallbox lädt nicht,Negativ,Email,Mittel,2023-03-11,7
7127,15163,2024-04-21,Rechnung,Abrechnung,Abschlag anpassen,Neutral,App,Niedrig,2024-04-22,145
7128,14770,2024-09-13,Rechnung,Abrechnung,Unstimmigkeit in Rechnung,Negativ,Email,Mittel,2024-09-24,58
7129,11295,2023-11-13,Allgemein,Service,Allgemeine Anfrage,Negativ,Chat,Hoch,2023-11-15,60
7130,6843,2023-12-10,Rechnung,Abrechnung,Abschlag anpassen,Negativ,Email,Hoch,2023-12-10,157
7131,11416,2024-05-16,Wärmepumpe,Technisch,Wärmepumpe Störung,Negativ,Email,Kritisch,2024-05-22,86
7132,4683,2025-01-28,Speicher,Technisch,Speicher lädt nicht,Negativ,Email,Hoch,2025-01-30,174
7133,19209,2025-02-02,Allgemein,Service,Beschwerde,Negativ,Email,Kritisch,2025-02-07,157
7134,15529,2023-07-20,Allgemein,Service,Informationsanfrage,Positiv,Telefon,Hoch,2023-07-23,147
7135,8204,2023-11-22,Speicher,Technisch,Kapazität gesunken,Neutral,Chat,Niedrig,2023-12-01,53
7136,14785,2025-02-25,Allgemein,Service,Informationsanfrage,Neutral,App,Mittel,2025-03-10,119
7137,2554,2023-01-23,Rechnung,Abrechnung,Rechnungsfrage,Neutral,Chat,Kritisch,2023-01-29,192
7138,2906,2023-11-25,Speicher,Technisch,Speicher lädt nicht,Negativ,Chat,Mittel,2023-12-09,129
7139,7346,2024-07-26,Tarif,Vertrag,Vertragsverlängerung,Neutral,Email,Mittel,2024-08-04,30
7140,15160,2025-03-29,Wärmepumpe,Technisch,Fehlercode E01 angezeigt,Negativ,Email,Niedrig,2025-03-30,18
7141,2708,2023-08-12,Wallbox,E-Mobility,Wallbox defekt,Negativ,Telefon,Kritisch,2023-08-12,174
7142,19274,2023-11-03,Wärmepumpe,Technisch,Wartung angefragt,Neutral,App,Mittel,2023-11-05,29
7143,481,2023-09-13,Speicher,Technisch,Speicher lädt nicht,Negativ,Chat,Kritisch,2023-09-19,33
7144,13776,2023-04-04,Tarif,Vertrag,Tarifwechsel angefragt,Neutral,Telefon,Hoch,2023-04-10,123
7145,15044,2023-06-17,Rechnung,Abrechnung,Abschlag anpassen,Neutral,App,Niedrig,2023-06-17,183
7146,1610,2024-08-08,Solar,Technisch,Einspeisevergütung Frage,Positiv,Chat,Mittel,2024-08-20,155
7147,12420,2024-11-11,Speicher,Technisch,Batteriespeicher Störung,Negativ,Chat,Mittel,2024-11-20,144
7148,15486,2024-09-24,Tarif,Vertrag,Tarifwechsel angefragt,Neutral,Email,Hoch,2024-10-01,143
7149,12797,2024-01-09,Tarif,Vertrag,Tarifwechsel angefragt,Neutral,App,Mittel,2024-01-23,174
7150,11692,2023-08-22,Rechnung,Abrechnung,Zahlungsplan angefragt,Negativ,Telefon,Mittel,2023-08-22,60
7151,12068,2024-08-14,Wallbox,E-Mobility,Ladekarte Probleme,Neutral,Telefon,Mittel,2024-08-23,86
7152,9384,2023-10-27,Allgemein,Service,Beschwerde,Negativ,Email,Mittel,2023-10-29,171
7153,4637,2023-02-06,Speicher,Technisch,Batteriespeicher Störung,Negativ,Chat,Mittel,2023-02-12,170
7154,15254,2025-03-11,Solar,Technisch,Wechselrichter Fehler,Neutral,App,Niedrig,2025-03-11,26
7155,17931,2025-01-23,Allgemein,Service,Allgemeine Anfrage,Positiv,App,Mittel,2025-01-27,193
7156,8514,2025-01-30,Speicher,Technisch,Speicher lädt nicht,Negativ,Chat,Mittel,2025-02-12,69
7157,7171,2023-04-01,Wallbox,E-Mobility,Wallbox Installation angefragt,Neutral,App,Mittel,2023-04-12,198
7158,6234,2023-06-14,Wallbox,E-Mobility,Wallbox defekt,Negativ,Telefon,Mittel,2023-06-28,195
7159,1517,2025-02-22,Wallbox,E-Mobility,Ladekarte Probleme,Negativ,App,Mittel,2025-03-07,120
7160,13706,2024-12-30,Rechnung,Abrechnung,Abschlag anpassen,Neutral,App,Niedrig,2024-12-30,199
7161,12529,2023-06-24,Wärmepumpe,Technisch,Fehlercode E01 angezeigt,Neutral,Email,Mittel,2023-07-03,27
7162,18909,2024-01-31,Rechnung,Abrechnung,Rechnungsfrage,Neutral,Email,Mittel,2024-02-12,100
7163,10776,2024-10-06,Speicher,Technisch,Speicher lädt nicht,Negativ,Email,Mittel,2024-10-19,40
7164,4072,2024-08-06,Speicher,Technisch,Kapazität gesunken,Positiv,Telefon,Hoch,2024-08-10,13
7165,19335,2024-07-18,Solar,Technisch,Wechselrichter Fehler,Neutral,App,Hoch,2024-07-18,60
7166,6563,2025-03-22,Wallbox,E-Mobility,Wallbox defekt,Negativ,Telefon,Mittel,2025-04-04,5
7167,792,2025-03-31,Solar,Technisch,Monitoring nicht verfügbar,Negativ,Chat,Hoch,2025-04-01,80
7168,10286,2023-12-21,Tarif,Vertrag,Ökostrom Umstellung,Neutral,Chat,Mittel,2023-12-26,55
7169,6432,2024-03-24,Allgemein,Service,Allgemeine Anfrage,Positiv,Chat,Niedrig,2024-03-31,101
7170,4787,2025-01-17,Tarif,Vertrag,Tarifwechsel angefragt,Neutral,Chat,Niedrig,2025-01-22,186
7171,1996,2023-02-12,Tarif,Vertrag,Vertragsverlängerung,Neutral,Chat,Mittel,2023-02-25,62
7172,18397,2024-09-07,Speicher,Technisch,Speicher lädt nicht,Negativ,App,Mittel,2024-09-16,177
7173,17458,2024-08-12,Solar,Technisch,Solaranlage produziert nicht,Negativ,Email,Mittel,2024-08-12,44
7174,8976,2024-09-17,Wärmepumpe,Technisch,Wartung angefragt,Neutral,Email,Mittel,2024-09-21,198
7175,2257,2023-08-20,Tarif,Vertrag,Preisgarantie Frage,Neutral,Email,Niedrig,2023-08-31,161
7176,9749,2023-10-11,Tarif,Vertrag,Vertragsverlängerung,Neutral,App,Niedrig,2023-10-23,40
7177,12943,2024-12-31,Wärmepumpe,Technisch,Geräuschentwicklung zu hoch,Neutral,Chat,Mittel,2025-01-10,100
7178,5339,2024-04-25,Rechnung,Abrechnung,Rechnungsfrage,Neutral,Email,Mittel,2024-04-25,29
7179,5460,2024-10-22,Speicher,Technisch,Speicher lädt nicht,Negativ,Telefon,Hoch,2024-10-27,8
7180,19559,2025-02-27,Rechnung,Abrechnung,Gutschrift angefragt,Neutral,Telefon,Niedrig,2025-03-01,20
7181,12546,2024-04-09,Wallbox,E-Mobility,App-Verbindung unterbrochen,Negativ,App,Niedrig,2024-04-09,178
7182,11772,2023-03-29,Speicher,Technisch,Speicher lädt nicht,Negativ,App,Kritisch,2023-04-05,58
7183,10313,2025-03-19,Wallbox,E-Mobility,App-Verbindung unterbrochen,Neutral,App,Hoch,2025-03-25,1
7184,5260,2024-03-13,Allgemein,Service,Allgemeine Anfrage,Neutral,Chat,Niedrig,2024-03-20,87
7185,27,2024-03-18,Wärmepumpe,Technisch,Geräuschentwicklung zu hoch,Negativ,Email,Mittel,2024-03-29,169
7186,14916,2024-01-22,Speicher,Technisch,Kapazität gesunken,Positiv,Telefon,Mittel,2024-01-28,39
7187,190,2024-07-09,Wärmepumpe,Technisch,Wärmepumpe Störung,Negativ,App,Hoch,2024-07-15,167
7188,13100,2024-11-16,Speicher,Technisch,Batteriespeicher Störung,Negativ,Chat,Kritisch,2024-11-20,174
7189,17425,2024-12-17,Wallbox,E-Mobility,Wallbox defekt,Negativ,Telefon,Mittel,2024-12-21,136
7190,7390,2024-04-27,Wallbox,E-Mobility,App-Verbindung unterbrochen,Negativ,Chat,Mittel,2024-05-08,55
7191,11645,2025-05-07,Rechnung,Abrechnung,Abschlag zu hoch,Negativ,Email,Hoch,2025-05-14,31
7192,12432,2023-09-30,Wärmepumpe,Technisch,Wärmepumpe Störung,Negativ,Chat,Hoch,2023-10-01,140
7193,16239,2024-02-23,Speicher,Technisch,Kapazität gesunken,Neutral,Email,Mittel,2024-02-26,31
7194,14555,2023-02-12,Speicher,Technisch,Batteriespeicher Störung,Negativ,App,Kritisch,2023-02-19,39
7195,9635,2025-01-14,Speicher,Technisch,Kapazität gesunken,Neutral,App,Mittel,2025-01-19,150
7196,16451,2025-02-21,Tarif,Vertrag,Vertragsverlängerung,Negativ,App,Mittel,2025-02-25,183
7197,4054,2024-10-18,Solar,Technisch,Monitoring nicht verfügbar,Negativ,Telefon,Kritisch,2024-10-23,146
7198,6185,2024-03-18,Speicher,Technisch,Kapazität gesunken,Neutral,Telefon,Mittel,2024-03-28,153
7199,14306,2024-01-22,Speicher,Technisch,Batteriespeicher Störung,Negativ,App,Hoch,2024-01-26,22
7200,10399,2023-02-12,Allgemein,Service,Allgemeine Anfrage,Negativ,Chat,Mittel,2023-02-26,70
7201,766,2023-12-28,Speicher,Technisch,Speicher lädt nicht,Negativ,Telefon,Hoch,2023-12-31,173
7202,791,2023-12-23,Allgemein,Service,Allgemeine Anfrage,Neutral,App,Mittel,2023-12-27,80
7203,18392,2024-10-10,Wärmepumpe,Technisch,Wartung angefragt,Positiv,Chat,Mittel,2024-10-18,34
7204,1868,2025-01-10,Allgemein,Service,Kontaktdaten ändern,Neutral,App,Niedrig,2025-01-10,151
7205,3060,2024-06-20,Speicher,Technisch,Speicher lädt nicht,Negativ,Telefon,Kritisch,2024-06-22,101
7206,16085,2023-09-10,Rechnung,Abrechnung,Abschlag anpassen,Neutral,Email,Niedrig,2023-09-16,111
7207,2661,2024-07-10,Wallbox,E-Mobility,Wallbox defekt,Negativ,App,Kritisch,2024-07-10,76
7208,13415,2025-01-10,Rechnung,Abrechnung,Unstimmigkeit in Rechnung,Neutral,Chat,Mittel,2025-01-10,152
7209,11503,2025-06-02,Tarif,Vertrag,Preisgarantie Frage,Neutral,Email,Mittel,2025-06-13,119
7210,2997,2023-09-18,Wärmepumpe,Technisch,Wartung angefragt,Neutral,Email,Niedrig,2023-09-29,100
7211,17625,2024-10-01,Allgemein,Service,Beschwerde,Negativ,Chat,Mittel,2024-10-05,32
7212,8240,2025-05-26,Tarif,Vertrag,Tarifwechsel angefragt,Neutral,Email,Mittel,2025-06-08,55
7213,3351,2024-04-29,Wallbox,E-Mobility,App-Verbindung unterbrochen,Neutral,Chat,Mittel,2024-05-13,38
7214,8689,2025-06-22,Allgemein,Service,Lob,Positiv,Chat,Niedrig,2025-07-04,19
7215,16743,2025-01-28,Tarif,Vertrag,Ökostrom Umstellung,Neutral,App,Niedrig,2025-02-07,142
7216,10625,2024-01-28,Wallbox,E-Mobility,App-Verbindung unterbrochen,Neutral,App,Niedrig,2024-01-31,60
7217,11686,2024-05-04,Wärmepumpe,Technisch,Fehlercode E01 angezeigt,Neutral,Telefon,Niedrig,2024-05-16,40
7218,11783,2025-03-29,Allgemein,Service,Informationsanfrage,Neutral,Email,Hoch,2025-03-29,65
7219,4012,2023-09-07,Wallbox,E-Mobility,App-Verbindung unterbrochen,Neutral,App,Hoch,2023-09-13,65
7220,19715,2024-04-25,Solar,Technisch,Wechselrichter Fehler,Positiv,App,Mittel,2024-04-29,167
7221,10619,2024-10-12,Wallbox,E-Mobility,Wallbox lädt nicht,Negativ,Email,Kritisch,2024-10-15,197
7222,4635,2024-04-25,Rechnung,Abrechnung,Zahlungsplan angefragt,Positiv,Email,Niedrig,2024-05-02,4
7223,13222,2024-04-29,Tarif,Vertrag,Ökostrom Umstellung,Positiv,Email,Niedrig,2024-05-01,126
7224,15547,2023-03-09,Rechnung,Abrechnung,Abschlag anpassen,Positiv,App,Mittel,2023-03-17,117
7225,1514,2025-04-01,Wärmepumpe,Technisch,Wärmepumpe läuft nicht,Negativ,Email,Niedrig,2025-04-11,107
7226,18551,2025-05-16,Tarif,Vertrag,Vertragsverlängerung,Neutral,Chat,Mittel,2025-05-19,177
7227,1326,2024-09-04,Wärmepumpe,Technisch,Fehlercode E01 angezeigt,Negativ,Chat,Hoch,2024-09-06,2
7228,2659,2023-01-21,Smart Meter,Installation,Smart Meter App funktioniert nicht,Negativ,Chat,Mittel,2023-01-25,40
7229,14412,2023-01-01,Rechnung,Abrechnung,Abschlag anpassen,Positiv,Email,Hoch,2023-01-01,190
7230,14945,2024-03-14,Speicher,Technisch,Speicher lädt nicht,Negativ,Chat,Hoch,2024-03-18,103
7231,1265,2024-05-06,Tarif,Vertrag,Umzug melden,Neutral,Telefon,Mittel,2024-05-12,121
7232,10999,2023-03-14,Tarif,Vertrag,Vertragsverlängerung,Positiv,Email,Niedrig,2023-03-19,2
7233,6771,2024-12-27,Tarif,Vertrag,Umzug melden,Neutral,Chat,Kritisch,2025-01-01,93
7234,16104,2024-07-25,Solar,Technisch,Solaranlage produziert nicht,Negativ,App,Mittel,2024-08-08,144
7235,9744,2023-04-07,Speicher,Technisch,Kapazität gesunken,Neutral,Telefon,Mittel,2023-04-07,162
7236,2827,2025-04-08,Smart Meter,Installation,Smart Meter App funktioniert nicht,Negativ,Email,Hoch,2025-04-14,171
7237,9825,2023-08-11,Speicher,Technisch,Speicher lädt nicht,Negativ,Email,Mittel,2023-08-20,49
7238,4873,2024-04-12,Speicher,Technisch,Kapazität gesunken,Neutral,Chat,Niedrig,2024-04-24,174
7239,18941,2024-08-20,Tarif,Vertrag,Preisgarantie Frage,Neutral,Chat,Mittel,2024-08-21,170
7240,19849,2024-03-10,Allgemein,Service,Informationsanfrage,Positiv,App,Niedrig,2024-03-18,143
7241,12506,2023-07-26,Smart Meter,Installation,Smart Meter defekt,Negativ,Telefon,Niedrig,2023-08-02,46
7242,2885,2023-12-24,Solar,Technisch,Wechselrichter Fehler,Positiv,Chat,Mittel,2024-01-03,79
7243,4656,2025-04-17,Speicher,Technisch,Batteriespeicher Störung,Negativ,Email,Niedrig,2025-04-30,133
7244,19862,2025-05-26,Solar,Technisch,Einspeisevergütung Frage,Neutral,Telefon,Niedrig,2025-05-31,181
7245,8178,2024-05-28,Allgemein,Service,Beschwerde,Negativ,Chat,Kritisch,2024-05-31,89
7246,18357,2025-03-01,Allgemein,Service,Allgemeine Anfrage,Neutral,Email,Mittel,2025-03-11,70
7247,2511,2025-05-18,Tarif,Vertrag,Vertragsverlängerung,Neutral,Chat,Hoch,2025-05-20,132
7248,9321,2024-11-16,Solar,Technisch,Solaranlage produziert nicht,Negativ,Chat,Mittel,2024-11-30,6
7249,16390,2025-01-06,Allgemein,Service,Kontaktdaten ändern,Neutral,Email,Kritisch,2025-01-11,86
7250,16274,2025-02-22,Smart Meter,Installation,Smart Meter defekt,Negativ,App,Niedrig,2025-02-25,112
7251,9067,2023-01-16,Speicher,Technisch,Kapazität gesunken,Positiv,Telefon,Niedrig,2023-01-26,150
7252,13491,2023-02-09,Allgemein,Service,Kontaktdaten ändern,Neutral,Chat,Niedrig,2023-02-10,150
7253,5912,2024-08-05,Allgemein,Service,Kontaktdaten ändern,Neutral,Chat,Mittel,2024-08-11,52
7254,2723,2023-08-09,Rechnung,Abrechnung,Gutschrift angefragt,Negativ,Chat,Niedrig,2023-08-22,15
7255,17333,2024-10-09,Speicher,Technisch,Batteriespeicher Störung,Negativ,Chat,Mittel,2024-10-10,128
7256,4661,2024-03-23,Tarif,Vertrag,Kündigung,Neutral,Telefon,Mittel,2024-03-30,17
7257,4207,2023-10-18,Wärmepumpe,Technisch,Geräuschentwicklung zu hoch,Neutral,Email,Niedrig,2023-10-26,142
7258,12240,2023-04-15,Smart Meter,Installation,Smart Meter Installation angefragt,Positiv,Email,Niedrig,2023-04-23,29
7259,12663,2024-12-14,Rechnung,Abrechnung,Rechnungsfrage,Neutral,App,Niedrig,2024-12-18,151
7260,273,2023-10-04,Wallbox,E-Mobility,App-Verbindung unterbrochen,Neutral,Chat,Niedrig,2023-10-07,193
7261,9641,2023-12-29,Wallbox,E-Mobility,Wallbox defekt,Negativ,Chat,Hoch,2024-01-01,163
7262,13233,2023-10-15,Smart Meter,Installation,Smart Meter App funktioniert nicht,Negativ,Chat,Mittel,2023-10-24,162
7263,15062,2024-03-27,Rechnung,Abrechnung,Zahlungsplan angefragt,Negativ,Email,Mittel,2024-03-30,176
7264,9180,2024-11-05,Solar,Technisch,Solaranlage produziert nicht,Negativ,Chat,Hoch,2024-11-08,105
7265,7690,2023-07-12,Rechnung,Abrechnung,Rechnungsfrage,Negativ,App,Hoch,2023-07-19,178
7266,16078,2023-12-07,Wärmepumpe,Technisch,Fehlercode E01 angezeigt,Positiv,Email,Mittel,2023-12-11,187
7267,11937,2024-05-31,Smart Meter,Installation,Smart Meter zeigt keine Daten,Neutral,Email,Hoch,2024-06-06,56
7268,12835,2023-05-15,Solar,Technisch,Wechselrichter Fehler,Neutral,Email,Mittel,2023-05-17,151
7269,126,2024-10-29,Wärmepumpe,Technisch,Fehlercode E01 angezeigt,Neutral,Chat,Niedrig,2024-11-04,141
7270,3853,2024-09-14,Allgemein,Service,Allgemeine Anfrage,Neutral,Email,Kritisch,2024-09-20,67
7271,18095,2024-07-28,Allgemein,Service,Informationsanfrage,Neutral,Chat,Mittel,2024-08-07,154
7272,1534,2025-05-14,Wallbox,E-Mobility,Wallbox Installation angefragt,Positiv,Telefon,Mittel,2025-05-25,99
7273,896,2025-01-31,Tarif,Vertrag,Preisgarantie Frage,Neutral,App,Mittel,2025-02-06,40
7274,6353,2025-04-20,Solar,Technisch,Solaranlage produziert nicht,Negativ,Chat,Kritisch,2025-04-26,107
7275,4417,2023-02-20,Rechnung,Abrechnung,Unstimmigkeit in Rechnung,Negativ,Telefon,Niedrig,2023-03-04,78
7276,8474,2024-09-19,Tarif,Vertrag,Ökostrom Umstellung,Positiv,Chat,Hoch,2024-09-26,191
7277,2204,2024-04-22,Solar,Technisch,Solaranlage produziert nicht,Negativ,Telefon,Mittel,2024-04-29,190
7278,14625,2024-01-12,Solar,Technisch,Solaranlage produziert nicht,Negativ,Telefon,Hoch,2024-01-17,13
7279,14808,2025-06-20,Smart Meter,Installation,Smart Meter Ablesung fehlerhaft,Neutral,Email,Niedrig,2025-06-30,52
7280,11654,2023-02-01,Wärmepumpe,Technisch,Geräuschentwicklung zu hoch,Neutral,Chat,Mittel,2023-02-15,162
7281,15816,2024-09-30,Speicher,Technisch,Speicher lädt nicht,Negativ,Chat,Kritisch,2024-09-30,52
7282,2825,2024-09-07,Speicher,Technisch,Kapazität gesunken,Neutral,Email,Niedrig,2024-09-16,132
7283,6600,2024-06-09,Allgemein,Service,Kontaktdaten ändern,Neutral,App,Mittel,2024-06-19,110
7284,1317,2024-06-15,Solar,Technisch,Solaranlage produziert nicht,Negativ,Chat,Mittel,2024-06-28,82
7285,12384,2024-08-28,Wärmepumpe,Technisch,Wärmepumpe läuft nicht,Negativ,Telefon,Hoch,2024-08-31,15
7286,15453,2023-11-20,Speicher,Technisch,Batteriespeicher Störung,Negativ,Chat,Mittel,2023-11-26,3
7287,3913,2023-06-04,Allgemein,Service,Informationsanfrage,Neutral,Chat,Hoch,2023-06-07,71
7288,9559,2023-05-01,Speicher,Technisch,Batteriespeicher Störung,Negativ,Chat,Kritisch,2023-05-06,200
7289,10969,2024-11-07,Rechnung,Abrechnung,Zahlungsplan angefragt,Neutral,Email,Hoch,2024-11-13,79
7290,12850,2023-09-16,Tarif,Vertrag,Ökostrom Umstellung,Negativ,Telefon,Mittel,2023-09-20,86
7291,8015,2025-03-22,Wallbox,E-Mobility,Wallbox defekt,Negativ,Email,Mittel,2025-04-02,132
7292,15756,2024-02-24,Wärmepumpe,Technisch,Wärmepumpe läuft nicht,Negativ,Chat,Hoch,2024-03-01,168
7293,12263,2023-07-03,Wallbox,E-Mobility,Wallbox defekt,Negativ,App,Hoch,2023-07-05,68
7294,1839,2023-05-06,Speicher,Technisch,Batteriespeicher Störung,Negativ,App,Hoch,2023-05-12,156
7295,1458,2023-09-06,Wallbox,E-Mobility,Ladekarte Probleme,Neutral,Telefon,Mittel,2023-09-20,52
7296,8333,2023-08-07,Rechnung,Abrechnung,Rechnungsfrage,Neutral,Telefon,Mittel,2023-08-12,168
7297,3212,2023-04-13,Rechnung,Abrechnung,Rechnungsfrage,Neutral,Chat,Mittel,2023-04-13,167
7298,17107,2023-06-08,Wallbox,E-Mobility,Wallbox lädt nicht,Negativ,Chat,Niedrig,2023-06-11,40
7299,5180,2024-11-28,Solar,Technisch,Monitoring nicht verfügbar,Negativ,App,Mittel,2024-12-08,137
7300,18509,2023-04-06,Speicher,Technisch,Speicher lädt nicht,Negativ,Telefon,Mittel,2023-04-16,2
7301,8734,2023-06-03,Rechnung,Abrechnung,Unstimmigkeit in Rechnung,Neutral,Chat,Niedrig,2023-06-09,91
7302,11985,2023-05-18,Smart Meter,Installation,Smart Meter zeigt keine Daten,Neutral,Telefon,Niedrig,2023-05-31,140
7303,1478,2024-03-05,Speicher,Technisch,Batteriespeicher Störung,Negativ,Email,Hoch,2024-03-11,111
7304,8514,2023-02-27,Tarif,Vertrag,Kündigung,Neutral,Email,Niedrig,2023-03-11,160
7305,12236,2025-03-30,Speicher,Technisch,Batteriespeicher Störung,Negativ,Email,Hoch,2025-04-05,164
7306,4246,2025-01-16,Wärmepumpe,Technisch,Wärmepumpe läuft nicht,Negativ,App,Niedrig,2025-01-25,24
7307,9897,2024-09-10,Speicher,Technisch,Batteriespeicher Störung,Negativ,Telefon,Niedrig,2024-09-17,36
7308,11796,2024-02-13,Rechnung,Abrechnung,Abschlag anpassen,Neutral,App,Mittel,2024-02-23,70
7309,7222,2023-08-08,Rechnung,Abrechnung,Unstimmigkeit in Rechnung,Neutral,Chat,Kritisch,2023-08-15,29
7310,2809,2024-09-15,Wallbox,E-Mobility,Wallbox Installation angefragt,Positiv,Email,Mittel,2024-09-27,9
7311,15561,2023-12-29,Wärmepumpe,Technisch,Wärmepumpe Störung,Negativ,Telefon,Hoch,2024-01-04,165
7312,14859,2024-05-27,Allgemein,Service,Lob,Positiv,Email,Niedrig,2024-05-28,156
7313,7319,2024-10-06,Solar,Technisch,Solaranlage Ertrag niedrig,Neutral,Email,Mittel,2024-10-18,104
7314,16922,2025-03-06,Wärmepumpe,Technisch,Wärmepumpe Störung,Negativ,App,Hoch,2025-03-11,12
7315,15768,2025-05-17,Speicher,Technisch,Batteriespeicher Störung,Negativ,Chat,Mittel,2025-05-18,111
7316,13803,2023-10-17,Smart Meter,Installation,Smart Meter App funktioniert nicht,Negativ,Telefon,Mittel,2023-10-29,151
7317,3712,2024-11-10,Allgemein,Service,Beschwerde,Negativ,App,Kritisch,2024-11-14,31
7318,14539,2023-07-29,Tarif,Vertrag,Tarifwechsel angefragt,Neutral,App,Mittel,2023-08-07,62
7319,13191,2024-04-20,Wärmepumpe,Technisch,Effizienz zu niedrig,Neutral,Telefon,Kritisch,2024-04-23,156
7320,12072,2024-12-17,Rechnung,Abrechnung,Gutschrift angefragt,Positiv,Email,Niedrig,2024-12-17,42
7321,19102,2025-04-25,Tarif,Vertrag,Ökostrom Umstellung,Negativ,Email,Niedrig,2025-05-05,103
7322,8430,2023-12-24,Allgemein,Service,Allgemeine Anfrage,Positiv,Telefon,Hoch,2023-12-31,161
7323,644,2025-02-18,Smart Meter,Installation,Smart Meter App funktioniert nicht,Negativ,Telefon,Hoch,2025-02-21,87
7324,3478,2023-09-07,Speicher,Technisch,Kapazität gesunken,Negativ,App,Mittel,2023-09-16,107
7325,8899,2024-11-23,Tarif,Vertrag,Vertragsverlängerung,Neutral,Chat,Niedrig,2024-11-28,12
7326,3537,2023-05-15,Wärmepumpe,Technisch,Wärmepumpe Störung,Negativ,Chat,Mittel,2023-05-19,92
7327,2285,2023-07-30,Solar,Technisch,Monitoring nicht verfügbar,Negativ,App,Hoch,2023-08-06,145
7328,1350,2023-09-03,Wallbox,E-Mobility,Wallbox lädt nicht,Negativ,Email,Hoch,2023-09-03,61
7329,18502,2023-01-21,Wärmepumpe,Technisch,Wartung angefragt,Neutral,Chat,Niedrig,2023-01-23,29
7330,764,2024-11-26,Wärmepumpe,Technisch,Geräuschentwicklung zu hoch,Neutral,Email,Kritisch,2024-12-03,96
7331,975,2023-08-24,Solar,Technisch,Wechselrichter Fehler,Positiv,Chat,Mittel,2023-08-30,166
7332,18476,2024-09-09,Allgemein,Service,Kontaktdaten ändern,Positiv,Telefon,Niedrig,2024-09-09,37
7333,7100,2025-05-24,Wärmepumpe,Technisch,Effizienz zu niedrig,Neutral,App,Niedrig,2025-06-07,4
7334,6772,2024-08-08,Speicher,Technisch,Batteriespeicher Störung,Negativ,App,Mittel,2024-08-10,154
7335,3253,2023-09-06,Allgemein,Service,Kontaktdaten ändern,Positiv,Chat,Hoch,2023-09-07,66
7336,7908,2025-04-09,Solar,Technisch,Wechselrichter Fehler,Negativ,Telefon,Mittel,2025-04-20,169
7337,19946,2025-06-18,Allgemein,Service,Lob,Positiv,Telefon,Niedrig,2025-06-28,106
7338,1678,2025-05-26,Smart Meter,Installation,Smart Meter Installation angefragt,Neutral,Chat,Mittel,2025-06-08,137
7339,8847,2024-08-11,Smart Meter,Installation,Smart Meter zeigt keine Daten,Neutral,Telefon,Niedrig,2024-08-12,62
7340,11094,2023-09-17,Speicher,Technisch,Batteriespeicher Störung,Negativ,Telefon,Mittel,2023-09-20,121
7341,5983,2025-01-24,Rechnung,Abrechnung,Unstimmigkeit in Rechnung,Positiv,Email,Mittel,2025-02-05,182
7342,10005,2023-07-15,Tarif,Vertrag,Kündigung,Neutral,Telefon,Mittel,2023-07-23,115
7343,5691,2025-03-16,Solar,Technisch,Monitoring nicht verfügbar,Negativ,Email,Hoch,2025-03-16,89
7344,15575,2025-06-20,Tarif,Vertrag,Kündigung,Negativ,Email,Mittel,2025-07-02,173
7345,14352,2025-01-06,Solar,Technisch,Einspeisevergütung Frage,Negativ,Chat,Mittel,2025-01-06,121
7346,2745,2023-07-30,Allgemein,Service,Kontaktdaten ändern,Neutral,Chat,Niedrig,2023-08-08,165
7347,17570,2023-08-21,Allgemein,Service,Allgemeine Anfrage,Neutral,Telefon,Mittel,2023-08-25,66
7348,2358,2025-01-30,Wärmepumpe,Technisch,Wärmepumpe Störung,Negativ,Email,Mittel,2025-02-03,9
7349,5232,2025-03-05,Wallbox,E-Mobility,Wallbox defekt,Negativ,App,Hoch,2025-03-08,199
7350,19572,2024-08-16,Smart Meter,Installation,Smart Meter Installation angefragt,Neutral,Chat,Mittel,2024-08-23,170
7351,18261,2023-12-29,Tarif,Vertrag,Ökostrom Umstellung,Negativ,App,Niedrig,2024-01-12,2
7352,6031,2024-03-27,Rechnung,Abrechnung,Unstimmigkeit in Rechnung,Neutral,App,Niedrig,2024-03-28,132
7353,8950,2025-04-11,Smart Meter,Installation,Smart Meter App funktioniert nicht,Negativ,Email,Hoch,2025-04-15,86
7354,9172,2024-07-14,Wärmepumpe,Technisch,Wärmepumpe Störung,Negativ,Email,Mittel,2024-07-20,184
7355,6390,2024-07-31,Rechnung,Abrechnung,Gutschrift angefragt,Neutral,Email,Niedrig,2024-08-10,115
7356,13555,2024-12-27,Allgemein,Service,Lob,Positiv,App,Niedrig,2025-01-09,197
7357,1963,2023-01-20,Tarif,Vertrag,Preisgarantie Frage,Neutral,Telefon,Niedrig,2023-01-23,24
7358,13961,2024-11-25,Wallbox,E-Mobility,Wallbox lädt nicht,Negativ,Email,Hoch,2024-11-26,34
7359,15092,2025-05-19,Tarif,Vertrag,Vertragsverlängerung,Neutral,App,Mittel,2025-05-29,46
7360,5846,2024-02-23,Tarif,Vertrag,Vertragsverlängerung,Neutral,Chat,Mittel,2024-03-08,51
7361,15462,2025-05-26,Wärmepumpe,Technisch,Fehlercode E01 angezeigt,Neutral,Email,Mittel,2025-05-26,123
7362,13608,2023-11-12,Solar,Technisch,Solaranlage produziert nicht,Negativ,Email,Hoch,2023-11-19,4
7363,19978,2024-12-08,Solar,Technisch,Solaranlage Ertrag niedrig,Neutral,App,Mittel,2024-12-17,189
7364,18461,2024-11-20,Wärmepumpe,Technisch,Fehlercode E01 angezeigt,Neutral,App,Hoch,2024-11-25,105
7365,6382,2025-01-17,Rechnung,Abrechnung,Gutschrift angefragt,Negativ,Telefon,Niedrig,2025-01-29,182
7366,12907,2023-09-10,Rechnung,Abrechnung,Zahlungsplan angefragt,Negativ,App,Kritisch,2023-09-16,29
7367,19568,2024-12-22,Smart Meter,Installation,Smart Meter App funktioniert nicht,Negativ,Chat,Kritisch,2024-12-28,164
7368,7396,2023-04-18,Speicher,Technisch,Kapazität gesunken,Neutral,App,Niedrig,2023-04-27,102
7369,14713,2025-05-20,Wallbox,E-Mobility,Wallbox lädt nicht,Negativ,App,Kritisch,2025-05-21,92
7370,11483,2023-06-03,Wärmepumpe,Technisch,Wärmepumpe läuft nicht,Negativ,Telefon,Mittel,2023-06-10,132
7371,8182,2024-10-14,Tarif,Vertrag,Kündigung,Neutral,Chat,Mittel,2024-10-26,111
7372,3618,2023-12-11,Rechnung,Abrechnung,Rechnungsfrage,Positiv,App,Mittel,2023-12-19,128
7373,16669,2024-08-18,Speicher,Technisch,Kapazität gesunken,Neutral,Email,Mittel,2024-09-01,110
7374,17875,2023-03-09,Solar,Technisch,Solaranlage produziert nicht,Negativ,App,Mittel,2023-03-21,31
7375,1877,2024-04-07,Tarif,Vertrag,Preisgarantie Frage,Neutral,Telefon,Mittel,2024-04-16,182
7376,17216,2024-10-02,Rechnung,Abrechnung,Unstimmigkeit in Rechnung,Negativ,Chat,Niedrig,2024-10-08,79
7377,11750,2024-10-09,Wärmepumpe,Technisch,Fehlercode E01 angezeigt,Neutral,Email,Mittel,2024-10-14,199
7378,3515,2024-09-22,Wallbox,E-Mobility,Wallbox lädt nicht,Negativ,Chat,Kritisch,2024-09-27,145
7379,127,2024-06-02,Smart Meter,Installation,Smart Meter Ablesung fehlerhaft,Neutral,Telefon,Mittel,2024-06-04,173
7380,3141,2023-08-14,Wallbox,E-Mobility,Wallbox Installation angefragt,Neutral,Telefon,Niedrig,2023-08-25,107
7381,1991,2024-09-07,Smart Meter,Installation,Smart Meter App funktioniert nicht,Negativ,Email,Niedrig,2024-09-11,57
7382,15007,2024-09-29,Smart Meter,Installation,Smart Meter App funktioniert nicht,Negativ,Chat,Mittel,2024-10-12,101
7383,16238,2025-02-26,Tarif,Vertrag,Ökostrom Umstellung,Neutral,Email,Hoch,2025-03-02,190
7384,8130,2025-04-04,Wärmepumpe,Technisch,Effizienz zu niedrig,Neutral,App,Mittel,2025-04-08,154
7385,10799,2023-01-02,Tarif,Vertrag,Umzug melden,Neutral,Email,Mittel,2023-01-02,25
7386,17535,2024-01-19,Rechnung,Abrechnung,Zahlungsplan angefragt,Neutral,Chat,Kritisch,2024-01-26,78
7387,2008,2023-10-06,Wallbox,E-Mobility,Wallbox defekt,Negativ,App,Hoch,2023-10-07,54
7388,8773,2025-03-23,Speicher,Technisch,Batteriespeicher Störung,Negativ,Telefon,Kritisch,2025-03-28,187
7389,11603,2023-01-04,Wallbox,E-Mobility,App-Verbindung unterbrochen,Positiv,Chat,Niedrig,2023-01-14,3
7390,5658,2024-04-26,Solar,Technisch,Einspeisevergütung Frage,Negativ,App,Mittel,2024-05-07,196
7391,1217,2023-09-03,Smart Meter,Installation,Smart Meter Ablesung fehlerhaft,Negativ,Telefon,Niedrig,2023-09-04,161
7392,10521,2024-10-07,Solar,Technisch,Einspeisevergütung Frage,Negativ,App,Niedrig,2024-10-12,14
7393,12372,2024-12-11,Tarif,Vertrag,Tarifwechsel angefragt,Neutral,Chat,Kritisch,2024-12-11,96
7394,16055,2023-12-03,Speicher,Technisch,Kapazität gesunken,Neutral,Email,Hoch,2023-12-08,133
7395,8940,2024-09-22,Tarif,Vertrag,Umzug melden,Neutral,Telefon,Hoch,2024-09-28,183
7396,8730,2023-12-13,Wallbox,E-Mobility,Wallbox Installation angefragt,Positiv,App,Kritisch,2023-12-15,140
7397,8200,2024-07-10,Allgemein,Service,Kontaktdaten ändern,Positiv,Chat,Niedrig,2024-07-15,8
7398,5410,2025-01-02,Speicher,Technisch,Kapazität gesunken,Negativ,Telefon,Niedrig,2025-01-02,47
7399,6574,2024-08-30,Smart Meter,Installation,Smart Meter Ablesung fehlerhaft,Neutral,Telefon,Kritisch,2024-08-31,18
7400,15941,2025-06-03,Wärmepumpe,Technisch,Geräuschentwicklung zu hoch,Positiv,Email,Mittel,2025-06-08,136
7401,8853,2024-05-20,Solar,Technisch,Solaranlage produziert nicht,Negativ,App,Hoch,2024-05-25,192
7402,3344,2023-03-20,Rechnung,Abrechnung,Abschlag anpassen,Neutral,Email,Mittel,2023-03-31,113
7403,10939,2023-02-07,Rechnung,Abrechnung,Rechnungsfrage,Neutral,Telefon,Mittel,2023-02-12,178
7404,8919,2024-07-09,Rechnung,Abrechnung,Zahlungsplan angefragt,Neutral,Telefon,Niedrig,2024-07-14,48
7405,1348,2023-09-10,Smart Meter,Installation,Smart Meter Installation angefragt,Neutral,Chat,Mittel,2023-09-24,20
7406,19757,2025-01-01,Tarif,Vertrag,Umzug melden,Neutral,Email,Mittel,2025-01-02,17
7407,4416,2023-08-11,Allgemein,Service,Kontaktdaten ändern,Neutral,Chat,Mittel,2023-08-13,76
7408,17517,2024-08-31,Tarif,Vertrag,Umzug melden,Neutral,Chat,Niedrig,2024-09-13,75
7409,5904,2024-11-25,Wärmepumpe,Technisch,Wartung angefragt,Positiv,Chat,Mittel,2024-11-30,106
7410,3629,2023-04-03,Speicher,Technisch,Speicher lädt nicht,Negativ,Telefon,Hoch,2023-04-07,95
7411,10494,2024-03-08,Wallbox,E-Mobility,Wallbox defekt,Negativ,App,Mittel,2024-03-13,36
7412,4988,2023-07-21,Smart Meter,Installation,Smart Meter zeigt keine Daten,Neutral,App,Hoch,2023-07-25,32
7413,19718,2024-07-11,Allgemein,Service,Informationsanfrage,Negativ,Chat,Niedrig,2024-07-15,192
7414,7022,2024-10-11,Smart Meter,Installation,Smart Meter defekt,Negativ,Chat,Hoch,2024-10-14,12
7415,10651,2025-06-27,Rechnung,Abrechnung,Rechnungsfrage,Negativ,Chat,Niedrig,2025-07-08,7
7416,18542,2023-11-23,Wärmepumpe,Technisch,Wärmepumpe läuft nicht,Negativ,Chat,Mittel,2023-12-06,68
7417,3632,2024-09-21,Solar,Technisch,Wechselrichter Fehler,Negativ,App,Niedrig,2024-10-05,26
7418,8611,2023-01-03,Rechnung,Abrechnung,Abschlag zu hoch,Positiv,Chat,Niedrig,2023-01-04,174
7419,12306,2025-02-17,Tarif,Vertrag,Tarifwechsel angefragt,Positiv,Chat,Niedrig,2025-02-20,117
7420,14247,2023-12-08,Rechnung,Abrechnung,Gutschrift angefragt,Neutral,App,Hoch,2023-12-15,81
7421,19266,2025-03-15,Speicher,Technisch,Speicher lädt nicht,Negativ,Telefon,Niedrig,2025-03-21,92
7422,335,2023-09-15,Speicher,Technisch,Speicher lädt nicht,Negativ,Chat,Mittel,2023-09-19,1
7423,12188,2023-10-09,Rechnung,Abrechnung,Rechnungsfrage,Neutral,Chat,Mittel,2023-10-20,177
7424,18756,2024-07-08,Speicher,Technisch,Kapazität gesunken,Neutral,App,Niedrig,2024-07-19,50
7425,12309,2023-05-11,Speicher,Technisch,Batteriespeicher Störung,Negativ,Email,Kritisch,2023-05-16,7
7426,13652,2024-11-06,Wärmepumpe,Technisch,Geräuschentwicklung zu hoch,Neutral,Telefon,Niedrig,2024-11-09,137
7427,4301,2023-03-31,Rechnung,Abrechnung,Gutschrift angefragt,Negativ,Chat,Mittel,2023-04-07,177
7428,8681,2025-03-28,Wärmepumpe,Technisch,Wärmepumpe Störung,Negativ,Chat,Kritisch,2025-04-02,192
7429,10203,2025-05-16,Tarif,Vertrag,Tarifwechsel angefragt,Neutral,Email,Mittel,2025-05-29,11
7430,13938,2025-05-02,Speicher,Technisch,Speicher lädt nicht,Negativ,Chat,Niedrig,2025-05-05,46
7431,6165,2023-10-26,Smart Meter,Installation,Smart Meter Installation angefragt,Neutral,Telefon,Mittel,2023-11-03,106
7432,18229,2024-07-20,Speicher,Technisch,Speicher lädt nicht,Negativ,Chat,Kritisch,2024-07-23,99
7433,8683,2023-07-01,Wärmepumpe,Technisch,Fehlercode E01 angezeigt,Neutral,Chat,Niedrig,2023-07-14,121
7434,3648,2023-12-17,Rechnung,Abrechnung,Gutschrift angefragt,Neutral,App,Hoch,2023-12-23,49
7435,8374,2024-06-15,Rechnung,Abrechnung,Abschlag anpassen,Negativ,Chat,Mittel,2024-06-27,149
7436,6290,2024-04-01,Rechnung,Abrechnung,Rechnungsfrage,Neutral,Email,Hoch,2024-04-06,51
7437,3392,2024-04-06,Solar,Technisch,Einspeisevergütung Frage,Neutral,Chat,Niedrig,2024-04-08,134
7438,11481,2023-02-18,Wärmepumpe,Technisch,Wärmepumpe läuft nicht,Negativ,Telefon,Kritisch,2023-02-24,6
7439,15764,2025-04-08,Wärmepumpe,Technisch,Wärmepumpe Störung,Negativ,Telefon,Hoch,2025-04-12,33
7440,17706,2025-05-21,Smart Meter,Installation,Smart Meter zeigt keine Daten,Negativ,Chat,Hoch,2025-05-22,147
7441,12329,2024-02-27,Tarif,Vertrag,Umzug melden,Neutral,Chat,Hoch,2024-03-03,27
7442,14852,2023-09-03,Wärmepumpe,Technisch,Geräuschentwicklung zu hoch,Neutral,App,Mittel,2023-09-08,142
7443,17459,2024-12-07,Allgemein,Service,Beschwerde,Negativ,Chat,Mittel,2024-12-13,89
7444,14018,2023-02-18,Speicher,Technisch,Speicher lädt nicht,Negativ,App,Hoch,2023-02-20,108
7445,4454,2025-05-31,Rechnung,Abrechnung,Abschlag zu hoch,Neutral,Chat,Kritisch,2025-06-07,131
7446,18963,2023-08-11,Tarif,Vertrag,Kündigung,Neutral,App,Niedrig,2023-08-24,144
7447,9815,2024-10-27,Rechnung,Abrechnung,Unstimmigkeit in Rechnung,Neutral,Chat,Mittel,2024-11-08,123
7448,17362,2024-08-18,Rechnung,Abrechnung,Zahlungsplan angefragt,Positiv,Chat,Mittel,2024-08-22,4
7449,7896,2025-05-08,Tarif,Vertrag,Vertragsverlängerung,Negativ,Chat,Niedrig,2025-05-22,144
7450,14363,2024-02-05,Wallbox,E-Mobility,Wallbox lädt nicht,Negativ,App,Hoch,2024-02-08,31
7451,14102,2024-03-07,Allgemein,Service,Allgemeine Anfrage,Positiv,Telefon,Mittel,2024-03-08,65
7452,11388,2023-08-05,Wallbox,E-Mobility,Wallbox lädt nicht,Negativ,Chat,Niedrig,2023-08-16,152
7453,8554,2024-10-06,Rechnung,Abrechnung,Gutschrift angefragt,Positiv,Telefon,Mittel,2024-10-13,7
7454,10376,2024-04-16,Allgemein,Service,Informationsanfrage,Negativ,App,Niedrig,2024-04-24,119
7455,2087,2024-05-19,Smart Meter,Installation,Smart Meter Ablesung fehlerhaft,Neutral,App,Mittel,2024-05-31,163
7456,10049,2025-06-01,Rechnung,Abrechnung,Abschlag anpassen,Neutral,Chat,Niedrig,2025-06-07,23
7457,16144,2025-03-06,Wallbox,E-Mobility,Ladekarte Probleme,Neutral,App,Mittel,2025-03-20,179
7458,4872,2024-01-06,Solar,Technisch,Monitoring nicht verfügbar,Negativ,App,Hoch,2024-01-10,182
7459,11134,2024-07-25,Wärmepumpe,Technisch,Effizienz zu niedrig,Positiv,App,Mittel,2024-08-03,189
7460,2763,2025-01-11,Smart Meter,Installation,Smart Meter Installation angefragt,Negativ,App,Mittel,2025-01-13,74
7461,19331,2023-03-18,Tarif,Vertrag,Preisgarantie Frage,Neutral,Telefon,Hoch,2023-03-22,122
7462,11956,2023-04-11,Wärmepumpe,Technisch,Fehlercode E01 angezeigt,Neutral,Chat,Mittel,2023-04-21,152
7463,19018,2025-05-17,Tarif,Vertrag,Tarifwechsel angefragt,Negativ,Chat,Hoch,2025-05-22,90
7464,1122,2025-01-25,Speicher,Technisch,Kapazität gesunken,Negativ,App,Mittel,2025-02-03,1
7465,13413,2025-05-12,Solar,Technisch,Solaranlage Ertrag niedrig,Neutral,App,Mittel,2025-05-12,180
7466,6601,2024-02-07,Rechnung,Abrechnung,Abschlag anpassen,Neutral,Chat,Niedrig,2024-02-09,13
7467,10854,2023-10-08,Solar,Technisch,Wechselrichter Fehler,Neutral,App,Mittel,2023-10-18,181
7468,4929,2024-06-14,Smart Meter,Installation,Smart Meter Installation angefragt,Neutral,Chat,Hoch,2024-06-19,20
7469,9049,2023-06-13,Smart Meter,Installation,Smart Meter App funktioniert nicht,Negativ,Email,Mittel,2023-06-20,199
7470,1387,2025-04-15,Solar,Technisch,Solaranlage Ertrag niedrig,Positiv,Email,Mittel,2025-04-22,32
7471,1483,2024-06-02,Wallbox,E-Mobility,Ladekarte Probleme,Neutral,App,Niedrig,2024-06-08,83
7472,4341,2024-05-15,Tarif,Vertrag,Preisgarantie Frage,Neutral,Email,Hoch,2024-05-20,123
7473,19621,2023-08-12,Wärmepumpe,Technisch,Effizienz zu niedrig,Neutral,Email,Mittel,2023-08-16,195
7474,16637,2024-03-21,Tarif,Vertrag,Kündigung,Neutral,Email,Mittel,2024-04-04,82
7475,12630,2023-11-02,Smart Meter,Installation,Smart Meter Ablesung fehlerhaft,Negativ,Email,Hoch,2023-11-02,55
7476,8369,2024-06-07,Wallbox,E-Mobility,Ladekarte Probleme,Negativ,Chat,Niedrig,2024-06-07,69
7477,18411,2024-09-21,Solar,Technisch,Solaranlage Ertrag niedrig,Neutral,App,Niedrig,2024-09-22,138
7478,8768,2023-02-10,Solar,Technisch,Monitoring nicht verfügbar,Negativ,Chat,Mittel,2023-02-21,87
7479,3965,2024-01-13,Smart Meter,Installation,Smart Meter zeigt keine Daten,Neutral,Telefon,Mittel,2024-01-24,187
7480,3678,2024-09-10,Allgemein,Service,Lob,Positiv,Chat,Niedrig,2024-09-19,175
7481,5128,2025-05-14,Solar,Technisch,Wechselrichter Fehler,Neutral,Chat,Niedrig,2025-05-25,193
7482,14906,2023-04-14,Wärmepumpe,Technisch,Effizienz zu niedrig,Negativ,App,Hoch,2023-04-15,120
7483,2284,2024-02-27,Solar,Technisch,Solaranlage produziert nicht,Negativ,Email,Mittel,2024-02-28,149
7484,19314,2024-05-20,Tarif,Vertrag,Kündigung,Positiv,App,Niedrig,2024-05-26,162
7485,2384,2023-01-04,Smart Meter,Installation,Smart Meter Ablesung fehlerhaft,Neutral,App,Mittel,2023-01-10,195
7486,6100,2025-01-21,Smart Meter,Installation,Smart Meter App funktioniert nicht,Negativ,Telefon,Mittel,2025-01-28,134
7487,3818,2024-12-19,Tarif,Vertrag,Vertragsverlängerung,Positiv,Email,Niedrig,2024-12-21,40
7488,17099,2024-11-20,Wärmepumpe,Technisch,Wärmepumpe läuft nicht,Negativ,App,Hoch,2024-11-26,187
7489,15587,2025-03-11,Solar,Technisch,Monitoring nicht verfügbar,Negativ,Email,Mittel,2025-03-15,40
7490,3891,2025-06-03,Smart Meter,Installation,Smart Meter App funktioniert nicht,Negativ,App,Hoch,2025-06-03,179
7491,7312,2024-03-14,Solar,Technisch,Solaranlage produziert nicht,Negativ,Email,Niedrig,2024-03-22,137
7492,9781,2024-03-07,Wallbox,E-Mobility,App-Verbindung unterbrochen,Neutral,Chat,Mittel,2024-03-18,53
7493,13620,2024-05-17,Wärmepumpe,Technisch,Fehlercode E01 angezeigt,Neutral,App,Mittel,2024-05-26,163
7494,15244,2025-02-08,Smart Meter,Installation,Smart Meter zeigt keine Daten,Neutral,App,Niedrig,2025-02-11,159
7495,6532,2023-08-05,Wallbox,E-Mobility,Ladekarte Probleme,Neutral,App,Mittel,2023-08-13,106
7496,7087,2025-05-01,Tarif,Vertrag,Ökostrom Umstellung,Neutral,App,Niedrig,2025-05-03,167
7497,16890,2024-10-17,Solar,Technisch,Solaranlage Ertrag niedrig,Neutral,App,Mittel,2024-10-23,118
7498,8535,2023-11-28,Smart Meter,Installation,Smart Meter Ablesung fehlerhaft,Neutral,Email,Hoch,2023-12-05,140
7499,18115,2023-11-08,Rechnung,Abrechnung,Abschlag anpassen,Neutral,Chat,Kritisch,2023-11-12,101
7500,10509,2023-03-27,Speicher,Technisch,Batteriespeicher Störung,Negativ,Email,Hoch,2023-03-27,85
7501,5126,2025-02-02,Speicher,Technisch,Batteriespeicher Störung,Negativ,Telefon,Mittel,2025-02-04,154
7502,10936,2024-11-10,Rechnung,Abrechnung,Rechnungsfrage,Negativ,Email,Mittel,2024-11-12,98
7503,8182,2024-11-02,Solar,Technisch,Solaranlage produziert nicht,Negativ,Chat,Niedrig,2024-11-16,120
7504,13715,2024-06-11,Smart Meter,Installation,Smart Meter Installation angefragt,Neutral,App,Niedrig,2024-06-14,41
7505,6042,2023-07-30,Wallbox,E-Mobility,Wallbox Installation angefragt,Neutral,App,Niedrig,2023-08-07,24
7506,8366,2023-10-12,Wallbox,E-Mobility,App-Verbindung unterbrochen,Neutral,Chat,Mittel,2023-10-23,182
7507,3193,2023-04-02,Allgemein,Service,Informationsanfrage,Neutral,Email,Mittel,2023-04-09,35
7508,10804,2023-04-18,Solar,Technisch,Monitoring nicht verfügbar,Negativ,Telefon,Kritisch,2023-04-22,71
7509,2679,2023-07-06,Smart Meter,Installation,Smart Meter defekt,Negativ,App,Mittel,2023-07-18,170
7510,3262,2023-01-18,Speicher,Technisch,Kapazität gesunken,Neutral,Email,Hoch,2023-01-23,35
7511,4585,2025-01-05,Speicher,Technisch,Speicher lädt nicht,Negativ,Chat,Hoch,2025-01-09,58
7512,6028,2025-06-07,Allgemein,Service,Informationsanfrage,Neutral,Chat,Niedrig,2025-06-18,192
7513,14106,2023-04-29,Speicher,Technisch,Kapazität gesunken,Negativ,Chat,Mittel,2023-05-10,171
7514,10689,2025-04-08,Tarif,Vertrag,Kündigung,Neutral,Email,Mittel,2025-04-22,62
7515,10974,2024-05-10,Solar,Technisch,Wechselrichter Fehler,Neutral,App,Niedrig,2024-05-21,107
7516,3938,2023-01-20,Wallbox,E-Mobility,Wallbox defekt,Negativ,Chat,Hoch,2023-01-24,137
7517,19976,2025-03-22,Tarif,Vertrag,Tarifwechsel angefragt,Neutral,Telefon,Kritisch,2025-03-22,187
7518,13751,2023-03-28,Rechnung,Abrechnung,Abschlag zu hoch,Neutral,Email,Hoch,2023-04-02,35
7519,16852,2023-01-28,Solar,Technisch,Wechselrichter Fehler,Neutral,App,Hoch,2023-01-31,104
7520,14724,2023-01-21,Speicher,Technisch,Speicher lädt nicht,Negativ,Telefon,Mittel,2023-01-27,126
7521,8463,2023-02-05,Rechnung,Abrechnung,Rechnungsfrage,Neutral,Telefon,Mittel,2023-02-09,72
7522,12103,2025-05-13,Tarif,Vertrag,Preisgarantie Frage,Negativ,Chat,Mittel,2025-05-17,74
7523,6356,2024-08-30,Tarif,Vertrag,Tarifwechsel angefragt,Neutral,Telefon,Mittel,2024-08-31,156
7524,1273,2024-03-10,Solar,Technisch,Solaranlage Ertrag niedrig,Neutral,Chat,Mittel,2024-03-24,57
7525,15721,2023-09-20,Wallbox,E-Mobility,Wallbox Installation angefragt,Neutral,App,Hoch,2023-09-20,145
7526,1669,2023-10-16,Rechnung,Abrechnung,Gutschrift angefragt,Neutral,Telefon,Mittel,2023-10-24,187
7527,13838,2024-04-16,Solar,Technisch,Solaranlage produziert nicht,Negativ,Email,Kritisch,2024-04-22,196
7528,4633,2025-01-31,Wärmepumpe,Technisch,Effizienz zu niedrig,Neutral,Email,Niedrig,2025-02-12,84
7529,9132,2025-03-25,Tarif,Vertrag,Kündigung,Neutral,Telefon,Niedrig,2025-03-26,145
7530,9060,2024-09-21,Tarif,Vertrag,Umzug melden,Neutral,Email,Mittel,2024-09-24,153
7531,6553,2024-08-22,Tarif,Vertrag,Kündigung,Neutral,Chat,Hoch,2024-08-24,16
7532,11465,2024-09-04,Wallbox,E-Mobility,Wallbox lädt nicht,Negativ,App,Mittel,2024-09-14,15
7533,9253,2023-03-28,Tarif,Vertrag,Kündigung,Neutral,Chat,Hoch,2023-03-29,128
7534,7989,2023-02-02,Solar,Technisch,Solaranlage Ertrag niedrig,Neutral,App,Mittel,2023-02-06,33
7535,18554,2023-03-15,Allgemein,Service,Informationsanfrage,Negativ,Telefon,Mittel,2023-03-20,67
7536,8260,2023-01-13,Speicher,Technisch,Kapazität gesunken,Neutral,Chat,Mittel,2023-01-13,150
7537,6028,2025-05-03,Speicher,Technisch,Kapazität gesunken,Neutral,Email,Mittel,2025-05-17,57
7538,7719,2023-11-15,Rechnung,Abrechnung,Abschlag anpassen,Neutral,Email,Niedrig,2023-11-17,44
7539,14400,2024-07-29,Allgemein,Service,Kontaktdaten ändern,Neutral,App,Mittel,2024-08-07,64
7540,7997,2024-03-17,Wallbox,E-Mobility,App-Verbindung unterbrochen,Neutral,App,Hoch,2024-03-20,198
7541,4936,2023-04-22,Rechnung,Abrechnung,Gutschrift angefragt,Neutral,Email,Niedrig,2023-05-03,119
7542,5563,2023-12-15,Allgemein,Service,Beschwerde,Negativ,Telefon,Hoch,2023-12-19,34
7543,14142,2023-05-17,Speicher,Technisch,Batteriespeicher Störung,Negativ,Chat,Hoch,2023-05-21,45
7544,9691,2024-03-29,Speicher,Technisch,Batteriespeicher Störung,Negativ,Chat,Hoch,2024-04-05,77
7545,19006,2024-01-06,Tarif,Vertrag,Ökostrom Umstellung,Neutral,Email,Hoch,2024-01-08,37
7546,13553,2023-12-14,Rechnung,Abrechnung,Abschlag anpassen,Neutral,Email,Mittel,2023-12-15,8
7547,1696,2024-11-04,Smart Meter,Installation,Smart Meter defekt,Negativ,Chat,Hoch,2024-11-04,189
7548,18926,2024-12-10,Tarif,Vertrag,Umzug melden,Neutral,App,Mittel,2024-12-17,83
7549,6593,2023-06-05,Wallbox,E-Mobility,App-Verbindung unterbrochen,Negativ,Chat,Mittel,2023-06-11,158
7550,1169,2023-08-07,Solar,Technisch,Solaranlage produziert nicht,Negativ,Chat,Hoch,2023-08-10,116
7551,1502,2023-10-23,Speicher,Technisch,Kapazität gesunken,Neutral,Telefon,Mittel,2023-11-02,39
7552,6390,2023-01-12,Wallbox,E-Mobility,App-Verbindung unterbrochen,Negativ,Email,Mittel,2023-01-23,198
7553,9697,2023-01-28,Solar,Technisch,Solaranlage produziert nicht,Negativ,Telefon,Niedrig,2023-02-03,143
7554,791,2023-03-09,Rechnung,Abrechnung,Rechnungsfrage,Neutral,Chat,Mittel,2023-03-22,133
7555,6685,2023-03-07,Wärmepumpe,Technisch,Fehlercode E01 angezeigt,Neutral,Telefon,Mittel,2023-03-11,200
7556,3830,2025-05-18,Tarif,Vertrag,Vertragsverlängerung,Neutral,App,Mittel,2025-05-24,37
7557,3652,2023-03-17,Smart Meter,Installation,Smart Meter Ablesung fehlerhaft,Negativ,Email,Mittel,2023-03-24,116
7558,18819,2024-01-31,Smart Meter,Installation,Smart Meter zeigt keine Daten,Neutral,Telefon,Niedrig,2024-02-09,121
7559,10248,2024-03-25,Solar,Technisch,Einspeisevergütung Frage,Neutral,Email,Mittel,2024-04-03,186
7560,16025,2023-03-07,Allgemein,Service,Lob,Positiv,App,Niedrig,2023-03-11,149
7561,3466,2023-04-17,Wallbox,E-Mobility,Wallbox defekt,Negativ,Chat,Mittel,2023-04-18,167
7562,7560,2023-07-30,Wärmepumpe,Technisch,Fehlercode E01 angezeigt,Neutral,Telefon,Niedrig,2023-08-08,155
7563,12524,2025-05-20,Solar,Technisch,Einspeisevergütung Frage,Neutral,App,Mittel,2025-05-22,189
7564,17017,2023-01-28,Wärmepumpe,Technisch,Wärmepumpe läuft nicht,Negativ,Email,Kritisch,2023-01-28,151
7565,8247,2024-03-03,Tarif,Vertrag,Vertragsverlängerung,Neutral,Chat,Mittel,2024-03-08,66
7566,13030,2023-09-20,Wärmepumpe,Technisch,Effizienz zu niedrig,Negativ,Telefon,Mittel,2023-10-01,199
7567,4451,2024-11-16,Tarif,Vertrag,Kündigung,Negativ,Telefon,Kritisch,2024-11-22,93
7568,8901,2023-09-10,Tarif,Vertrag,Preisgarantie Frage,Neutral,App,Niedrig,2023-09-22,39
7569,1499,2024-12-19,Speicher,Technisch,Batteriespeicher Störung,Negativ,Email,Mittel,2024-12-25,131
7570,8813,2025-02-17,Smart Meter,Installation,Smart Meter defekt,Negativ,Email,Hoch,2025-02-17,197
7571,2961,2024-12-28,Solar,Technisch,Einspeisevergütung Frage,Neutral,Email,Mittel,2025-01-01,73
7572,8956,2025-02-14,Smart Meter,Installation,Smart Meter Installation angefragt,Negativ,App,Niedrig,2025-02-25,134
7573,18398,2024-07-20,Tarif,Vertrag,Tarifwechsel angefragt,Neutral,App,Hoch,2024-07-25,156
7574,17936,2024-10-16,Tarif,Vertrag,Ökostrom Umstellung,Negativ,Telefon,Mittel,2024-10-27,113
7575,370,2024-12-19,Solar,Technisch,Solaranlage produziert nicht,Negativ,App,Hoch,2024-12-21,167
7576,74,2024-03-30,Wallbox,E-Mobility,Ladekarte Probleme,Neutral,Email,Mittel,2024-04-07,83
7577,13200,2024-12-14,Speicher,Technisch,Kapazität gesunken,Neutral,Email,Mittel,2024-12-19,39
7578,19451,2023-06-11,Wärmepumpe,Technisch,Geräuschentwicklung zu hoch,Negativ,App,Mittel,2023-06-20,22
7579,1055,2023-07-28,Rechnung,Abrechnung,Rechnungsfrage,Positiv,Chat,Niedrig,2023-07-31,35
7580,12765,2023-11-25,Tarif,Vertrag,Vertragsverlängerung,Neutral,Email,Mittel,2023-11-25,186
7581,8065,2025-06-17,Tarif,Vertrag,Umzug melden,Neutral,Email,Mittel,2025-06-21,104
7582,3038,2023-08-14,Speicher,Technisch,Speicher lädt nicht,Negativ,Email,Mittel,2023-08-23,22
7583,13025,2023-06-01,Tarif,Vertrag,Tarifwechsel angefragt,Neutral,App,Kritisch,2023-06-04,146
7584,13726,2023-11-25,Speicher,Technisch,Batteriespeicher Störung,Negativ,App,Mittel,2023-11-28,92
7585,10896,2025-06-05,Speicher,Technisch,Batteriespeicher Störung,Negativ,App,Mittel,2025-06-13,64
7586,16772,2025-05-16,Allgemein,Service,Lob,Positiv,Telefon,Niedrig,2025-05-17,113
7587,11160,2023-01-03,Speicher,Technisch,Kapazität gesunken,Neutral,Email,Mittel,2023-01-17,79
7588,12990,2023-02-20,Wärmepumpe,Technisch,Geräuschentwicklung zu hoch,Negativ,App,Mittel,2023-03-02,21
7589,16142,2024-05-06,Wärmepumpe,Technisch,Wärmepumpe läuft nicht,Negativ,Email,Hoch,2024-05-06,15
7590,19984,2023-04-26,Wärmepumpe,Technisch,Effizienz zu niedrig,Neutral,Telefon,Hoch,2023-04-26,155
7591,5820,2024-05-15,Solar,Technisch,Wechselrichter Fehler,Neutral,App,Mittel,2024-05-16,189
7592,4940,2024-11-03,Tarif,Vertrag,Vertragsverlängerung,Neutral,App,Mittel,2024-11-04,77
7593,8021,2023-11-13,Allgemein,Service,Informationsanfrage,Neutral,Chat,Mittel,2023-11-20,184
7594,12491,2023-08-20,Wärmepumpe,Technisch,Geräuschentwicklung zu hoch,Neutral,Email,Niedrig,2023-08-25,59
7595,10972,2025-02-06,Rechnung,Abrechnung,Gutschrift angefragt,Negativ,Telefon,Kritisch,2025-02-13,124
7596,3341,2023-04-30,Tarif,Vertrag,Ökostrom Umstellung,Neutral,Chat,Mittel,2023-05-14,125
7597,258,2023-10-26,Wärmepumpe,Technisch,Fehlercode E01 angezeigt,Neutral,Chat,Hoch,2023-10-27,118
7598,13155,2023-10-25,Allgemein,Service,Kontaktdaten ändern,Neutral,Email,Niedrig,2023-10-31,168
7599,11112,2023-07-29,Solar,Technisch,Monitoring nicht verfügbar,Negativ,App,Kritisch,2023-07-29,59
7600,17845,2024-12-19,Speicher,Technisch,Kapazität gesunken,Neutral,Chat,Niedrig,2024-12-28,76
7601,2045,2025-06-14,Speicher,Technisch,Kapazität gesunken,Positiv,App,Mittel,2025-06-25,176
7602,7529,2024-01-10,Wallbox,E-Mobility,Ladekarte Probleme,Neutral,Chat,Hoch,2024-01-13,73
7603,4490,2024-12-19,Wallbox,E-Mobility,App-Verbindung unterbrochen,Neutral,App,Mittel,2024-12-20,130
7604,15409,2023-12-07,Rechnung,Abrechnung,Rechnungsfrage,Neutral,Chat,Mittel,2023-12-20,195
7605,14420,2024-08-20,Wallbox,E-Mobility,Ladekarte Probleme,Negativ,Email,Mittel,2024-09-02,73
7606,3797,2023-01-11,Wallbox,E-Mobility,Wallbox lädt nicht,Negativ,Email,Mittel,2023-01-13,69
7607,5251,2024-06-10,Wallbox,E-Mobility,App-Verbindung unterbrochen,Neutral,Chat,Mittel,2024-06-14,95
7608,18625,2024-12-27,Allgemein,Service,Beschwerde,Negativ,Telefon,Hoch,2024-12-29,13
7609,8413,2024-09-16,Wärmepumpe,Technisch,Geräuschentwicklung zu hoch,Neutral,Email,Mittel,2024-09-25,82
7610,14954,2024-12-25,Smart Meter,Installation,Smart Meter Ablesung fehlerhaft,Neutral,Telefon,Mittel,2025-01-06,187
7611,8849,2023-08-20,Rechnung,Abrechnung,Abschlag anpassen,Neutral,Chat,Hoch,2023-08-20,167
7612,14985,2025-01-12,Speicher,Technisch,Speicher lädt nicht,Negativ,Telefon,Kritisch,2025-01-12,25
7613,8937,2024-09-10,Rechnung,Abrechnung,Gutschrift angefragt,Positiv,Email,Niedrig,2024-09-11,99
7614,18392,2024-09-14,Tarif,Vertrag,Vertragsverlängerung,Negativ,Telefon,Niedrig,2024-09-26,50
7615,6648,2023-04-11,Rechnung,Abrechnung,Gutschrift angefragt,Neutral,Telefon,Hoch,2023-04-15,168
7616,3770,2023-07-04,Solar,Technisch,Einspeisevergütung Frage,Neutral,Telefon,Niedrig,2023-07-04,188
7617,18760,2024-03-25,Rechnung,Abrechnung,Unstimmigkeit in Rechnung,Negativ,Email,Kritisch,2024-03-26,52
7618,12813,2024-07-28,Wärmepumpe,Technisch,Effizienz zu niedrig,Neutral,Chat,Niedrig,2024-08-11,117
7619,13490,2024-08-28,Tarif,Vertrag,Ökostrom Umstellung,Neutral,App,Hoch,2024-08-28,71
7620,10042,2025-02-15,Wärmepumpe,Technisch,Wartung angefragt,Negativ,App,Mittel,2025-02-27,137
7621,14073,2023-08-21,Smart Meter,Installation,Smart Meter Ablesung fehlerhaft,Neutral,Chat,Niedrig,2023-09-04,32
7622,12427,2024-12-15,Allgemein,Service,Beschwerde,Negativ,Chat,Hoch,2024-12-22,42
7623,10150,2024-01-14,Speicher,Technisch,Kapazität gesunken,Neutral,Email,Mittel,2024-01-14,33
7624,19852,2023-02-06,Wärmepumpe,Technisch,Wartung angefragt,Negativ,Email,Niedrig,2023-02-17,86
7625,2978,2024-05-05,Rechnung,Abrechnung,Rechnungsfrage,Neutral,Email,Niedrig,2024-05-06,188
7626,6470,2025-06-09,Smart Meter,Installation,Smart Meter App funktioniert nicht,Negativ,Telefon,Hoch,2025-06-09,198
7627,3718,2023-10-29,Solar,Technisch,Wechselrichter Fehler,Positiv,Telefon,Mittel,2023-11-10,76
7628,13950,2025-03-04,Wärmepumpe,Technisch,Effizienz zu niedrig,Neutral,App,Hoch,2025-03-11,166
7629,6593,2024-07-25,Speicher,Technisch,Speicher lädt nicht,Negativ,App,Mittel,2024-08-05,29
7630,2658,2023-06-12,Tarif,Vertrag,Vertragsverlängerung,Positiv,App,Niedrig,2023-06-15,182
7631,19116,2024-04-12,Smart Meter,Installation,Smart Meter defekt,Negativ,App,Mittel,2024-04-13,148
7632,8797,2024-06-28,Rechnung,Abrechnung,Zahlungsplan angefragt,Neutral,Telefon,Mittel,2024-07-03,120
7633,17947,2023-11-07,Allgemein,Service,Beschwerde,Negativ,Email,Mittel,2023-11-16,181
7634,5964,2025-02-01,Tarif,Vertrag,Tarifwechsel angefragt,Neutral,Chat,Niedrig,2025-02-08,87
7635,18211,2024-01-02,Speicher,Technisch,Speicher lädt nicht,Negativ,Telefon,Kritisch,2024-01-05,1
7636,3380,2025-01-01,Speicher,Technisch,Speicher lädt nicht,Negativ,Email,Hoch,2025-01-01,150
7637,1722,2024-11-21,Speicher,Technisch,Batteriespeicher Störung,Negativ,Email,Mittel,2024-12-01,199
7638,17287,2024-10-31,Speicher,Technisch,Speicher lädt nicht,Negativ,Chat,Mittel,2024-11-10,180
7639,19444,2024-11-27,Wärmepumpe,Technisch,Wartung angefragt,Neutral,Email,Mittel,2024-12-06,116
7640,3278,2025-02-24,Rechnung,Abrechnung,Abschlag zu hoch,Neutral,Telefon,Mittel,2025-02-25,199
7641,4660,2024-01-02,Wärmepumpe,Technisch,Effizienz zu niedrig,Neutral,Email,Mittel,2024-01-12,88
7642,2707,2023-11-18,Allgemein,Service,Allgemeine Anfrage,Negativ,Email,Niedrig,2023-11-21,20
7643,13471,2023-12-10,Tarif,Vertrag,Tarifwechsel angefragt,Neutral,App,Mittel,2023-12-18,4
7644,12124,2023-04-26,Wärmepumpe,Technisch,Geräuschentwicklung zu hoch,Neutral,Telefon,Niedrig,2023-04-28,65
7645,9996,2025-02-25,Rechnung,Abrechnung,Zahlungsplan angefragt,Neutral,App,Niedrig,2025-03-04,108
7646,9265,2023-09-18,Wallbox,E-Mobility,Wallbox defekt,Negativ,Telefon,Kritisch,2023-09-24,19
7647,6916,2024-08-10,Tarif,Vertrag,Vertragsverlängerung,Negativ,Chat,Mittel,2024-08-23,194
7648,1309,2025-04-04,Solar,Technisch,Monitoring nicht verfügbar,Negativ,Email,Hoch,2025-04-11,172
7649,7969,2024-07-21,Speicher,Technisch,Speicher lädt nicht,Negativ,Telefon,Niedrig,2024-07-22,21
7650,1273,2024-03-15,Allgemein,Service,Allgemeine Anfrage,Neutral,App,Niedrig,2024-03-24,50
7651,11118,2023-02-24,Smart Meter,Installation,Smart Meter Ablesung fehlerhaft,Neutral,Email,Mittel,2023-02-28,186
7652,6660,2024-01-08,Solar,Technisch,Solaranlage Ertrag niedrig,Negativ,Telefon,Niedrig,2024-01-10,148
7653,261,2025-06-17,Speicher,Technisch,Kapazität gesunken,Neutral,Telefon,Mittel,2025-06-19,113
7654,8524,2025-01-09,Wärmepumpe,Technisch,Wartung angefragt,Positiv,App,Mittel,2025-01-09,41
7655,15711,2024-02-14,Speicher,Technisch,Batteriespeicher Störung,Negativ,Telefon,Hoch,2024-02-20,34
7656,12280,2023-11-21,Solar,Technisch,Solaranlage Ertrag niedrig,Neutral,App,Niedrig,2023-11-29,153
7657,12308,2023-03-16,Speicher,Technisch,Kapazität gesunken,Negativ,Chat,Kritisch,2023-03-18,73
7658,8686,2024-07-22,Speicher,Technisch,Kapazität gesunken,Neutral,Chat,Mittel,2024-07-29,33
7659,15867,2023-11-17,Tarif,Vertrag,Tarifwechsel angefragt,Neutral,Email,Mittel,2023-11-24,171
7660,14356,2023-03-13,Speicher,Technisch,Batteriespeicher Störung,Negativ,Chat,Hoch,2023-03-15,131
7661,11800,2024-11-13,Wallbox,E-Mobility,Ladekarte Probleme,Negativ,App,Mittel,2024-11-24,77
7662,13380,2023-07-29,Rechnung,Abrechnung,Unstimmigkeit in Rechnung,Negativ,Email,Niedrig,2023-08-06,154
7663,4315,2023-06-25,Tarif,Vertrag,Tarifwechsel angefragt,Neutral,Telefon,Kritisch,2023-07-01,124
7664,2154,2024-06-27,Tarif,Vertrag,Umzug melden,Negativ,Telefon,Mittel,2024-06-27,23
7665,9338,2024-05-14,Wallbox,E-Mobility,App-Verbindung unterbrochen,Negativ,Chat,Hoch,2024-05-14,47
7666,10702,2023-06-11,Solar,Technisch,Wechselrichter Fehler,Neutral,Email,Mittel,2023-06-15,50
7667,12526,2025-02-10,Solar,Technisch,Solaranlage produziert nicht,Negativ,App,Kritisch,2025-02-13,163
7668,12823,2023-06-14,Rechnung,Abrechnung,Abschlag anpassen,Positiv,App,Mittel,2023-06-26,189
7669,6428,2024-05-28,Tarif,Vertrag,Vertragsverlängerung,Neutral,Chat,Mittel,2024-05-30,75
7670,2700,2025-02-18,Solar,Technisch,Solaranlage produziert nicht,Negativ,Email,Kritisch,2025-02-18,169
7671,18793,2024-03-17,Wärmepumpe,Technisch,Wärmepumpe Störung,Negativ,Email,Mittel,2024-03-17,134
7672,2649,2025-06-22,Solar,Technisch,Wechselrichter Fehler,Positiv,Chat,Kritisch,2025-06-25,160
7673,16189,2024-05-19,Tarif,Vertrag,Umzug melden,Neutral,App,Mittel,2024-05-29,43
7674,10105,2023-02-17,Tarif,Vertrag,Kündigung,Neutral,App,Mittel,2023-02-25,90
7675,18200,2023-02-09,Smart Meter,Installation,Smart Meter Ablesung fehlerhaft,Neutral,App,Mittel,2023-02-12,45
7676,5316,2025-06-21,Tarif,Vertrag,Tarifwechsel angefragt,Neutral,Telefon,Mittel,2025-07-03,116
7677,14501,2024-02-23,Allgemein,Service,Beschwerde,Negativ,Email,Mittel,2024-02-23,151
7678,6844,2023-06-04,Tarif,Vertrag,Vertragsverlängerung,Neutral,Chat,Mittel,2023-06-09,18
7679,7433,2023-05-11,Speicher,Technisch,Batteriespeicher Störung,Negativ,App,Hoch,2023-05-16,11
7680,6775,2024-12-08,Tarif,Vertrag,Kündigung,Neutral,Email,Hoch,2024-12-15,154
7681,15173,2023-11-10,Speicher,Technisch,Batteriespeicher Störung,Negativ,App,Hoch,2023-11-14,110
7682,8211,2024-05-27,Speicher,Technisch,Batteriespeicher Störung,Negativ,Telefon,Kritisch,2024-06-03,133
7683,19015,2023-06-26,Tarif,Vertrag,Kündigung,Neutral,Email,Niedrig,2023-06-29,95
7684,45,2025-04-15,Allgemein,Service,Allgemeine Anfrage,Positiv,App,Niedrig,2025-04-25,21
7685,11173,2023-12-19,Allgemein,Service,Lob,Positiv,Email,Niedrig,2023-12-29,70
7686,2117,2023-01-19,Wärmepumpe,Technisch,Wärmepumpe läuft nicht,Negativ,Email,Hoch,2023-01-23,70
7687,660,2023-05-21,Smart Meter,Installation,Smart Meter Installation angefragt,Neutral,Telefon,Mittel,2023-05-29,93
7688,17570,2025-06-21,Speicher,Technisch,Speicher lädt nicht,Negativ,Telefon,Hoch,2025-06-24,16
7689,1548,2023-02-22,Solar,Technisch,Solaranlage produziert nicht,Negativ,App,Hoch,2023-02-26,95
7690,5873,2023-07-04,Allgemein,Service,Kontaktdaten ändern,Neutral,Chat,Mittel,2023-07-09,128
7691,3148,2024-04-21,Smart Meter,Installation,Smart Meter Ablesung fehlerhaft,Neutral,Email,Mittel,2024-05-01,60
7692,1663,2025-03-27,Rechnung,Abrechnung,Abschlag anpassen,Neutral,App,Mittel,2025-03-30,63
7693,6140,2024-01-09,Allgemein,Service,Lob,Positiv,App,Niedrig,2024-01-14,82
7694,19827,2023-08-30,Allgemein,Service,Kontaktdaten ändern,Neutral,Email,Mittel,2023-08-31,133
7695,2913,2025-01-11,Speicher,Technisch,Speicher lädt nicht,Negativ,App,Hoch,2025-01-17,131
7696,18099,2024-06-25,Smart Meter,Installation,Smart Meter Ablesung fehlerhaft,Neutral,Email,Niedrig,2024-06-26,88
7697,10674,2024-06-21,Wärmepumpe,Technisch,Geräuschentwicklung zu hoch,Neutral,Telefon,Hoch,2024-06-21,14
7698,10476,2025-03-06,Wärmepumpe,Technisch,Wärmepumpe Störung,Negativ,Telefon,Hoch,2025-03-08,98
7699,16939,2025-01-13,Wärmepumpe,Technisch,Effizienz zu niedrig,Negativ,App,Kritisch,2025-01-20,107
7700,4689,2024-03-23,Rechnung,Abrechnung,Zahlungsplan angefragt,Neutral,Email,Mittel,2024-04-01,120
7701,6836,2025-03-11,Smart Meter,Installation,Smart Meter App funktioniert nicht,Negativ,Telefon,Mittel,2025-03-14,84
7702,16047,2023-11-07,Rechnung,Abrechnung,Zahlungsplan angefragt,Negativ,Chat,Kritisch,2023-11-12,1
7703,18882,2025-06-27,Rechnung,Abrechnung,Abschlag zu hoch,Negativ,Telefon,Hoch,2025-06-30,139
7704,14330,2025-04-22,Speicher,Technisch,Kapazität gesunken,Neutral,App,Mittel,2025-04-25,49
7705,1236,2024-12-02,Smart Meter,Installation,Smart Meter Ablesung fehlerhaft,Positiv,App,Niedrig,2024-12-03,37
7706,14542,2023-10-30,Tarif,Vertrag,Vertragsverlängerung,Negativ,App,Hoch,2023-11-06,132
7707,10252,2024-12-14,Smart Meter,Installation,Smart Meter Installation angefragt,Neutral,Chat,Mittel,2024-12-27,125
7708,10810,2024-08-04,Rechnung,Abrechnung,Rechnungsfrage,Negativ,App,Hoch,2024-08-11,52
7709,3460,2023-07-14,Allgemein,Service,Informationsanfrage,Neutral,Telefon,Niedrig,2023-07-16,123
7710,12541,2023-04-15,Allgemein,Service,Allgemeine Anfrage,Neutral,App,Mittel,2023-04-28,180
7711,14016,2024-03-19,Wärmepumpe,Technisch,Wärmepumpe Störung,Negativ,Email,Mittel,2024-03-31,173
7712,5500,2023-07-09,Smart Meter,Installation,Smart Meter App funktioniert nicht,Negativ,App,Hoch,2023-07-13,1
7713,15562,2024-04-19,Speicher,Technisch,Kapazität gesunken,Positiv,App,Mittel,2024-05-01,69
7714,755,2024-06-12,Smart Meter,Installation,Smart Meter Installation angefragt,Negativ,App,Niedrig,2024-06-14,68
7715,16776,2023-05-24,Wärmepumpe,Technisch,Wartung angefragt,Negativ,Chat,Mittel,2023-06-04,102
7716,18809,2024-11-29,Smart Meter,Installation,Smart Meter Installation angefragt,Negativ,Email,Hoch,2024-12-06,133
7717,5688,2025-01-12,Solar,Technisch,Monitoring nicht verfügbar,Negativ,Email,Kritisch,2025-01-19,141
7718,17292,2025-02-02,Solar,Technisch,Solaranlage produziert nicht,Negativ,App,Hoch,2025-02-05,75
7719,3951,2024-12-19,Solar,Technisch,Wechselrichter Fehler,Neutral,Telefon,Mittel,2025-01-02,3
7720,11861,2024-01-05,Rechnung,Abrechnung,Abschlag zu hoch,Neutral,App,Mittel,2024-01-09,84
7721,6777,2024-06-21,Tarif,Vertrag,Vertragsverlängerung,Negativ,Chat,Mittel,2024-07-05,171
7722,2503,2025-01-04,Allgemein,Service,Allgemeine Anfrage,Positiv,App,Mittel,2025-01-14,115
7723,19276,2024-12-24,Allgemein,Service,Informationsanfrage,Neutral,Telefon,Mittel,2024-12-28,112
7724,19394,2023-11-08,Smart Meter,Installation,Smart Meter Ablesung fehlerhaft,Positiv,Telefon,Kritisch,2023-11-08,187
7725,1220,2023-07-14,Wärmepumpe,Technisch,Effizienz zu niedrig,Neutral,App,Niedrig,2023-07-19,8
7726,14615,2023-07-10,Tarif,Vertrag,Preisgarantie Frage,Negativ,App,Mittel,2023-07-13,184
7727,7343,2023-09-16,Wärmepumpe,Technisch,Wärmepumpe läuft nicht,Negativ,Telefon,Mittel,2023-09-25,26
7728,16659,2024-09-19,Rechnung,Abrechnung,Abschlag anpassen,Neutral,Telefon,Mittel,2024-09-24,31
7729,8668,2024-12-22,Wärmepumpe,Technisch,Wärmepumpe läuft nicht,Negativ,Telefon,Mittel,2024-12-23,158
7730,16163,2025-04-20,Tarif,Vertrag,Vertragsverlängerung,Neutral,Chat,Mittel,2025-05-03,122
7731,17228,2023-04-24,Rechnung,Abrechnung,Abschlag zu hoch,Positiv,Email,Niedrig,2023-04-30,116
7732,4374,2023-06-20,Smart Meter,Installation,Smart Meter Installation angefragt,Positiv,Chat,Mittel,2023-06-27,60
7733,16508,2023-04-09,Allgemein,Service,Beschwerde,Negativ,Email,Hoch,2023-04-09,47
7734,6699,2024-11-27,Wärmepumpe,Technisch,Wärmepumpe Störung,Negativ,App,Kritisch,2024-12-02,85
7735,17913,2023-05-05,Solar,Technisch,Solaranlage produziert nicht,Negativ,Email,Mittel,2023-05-05,37
7736,16574,2024-11-16,Tarif,Vertrag,Kündigung,Neutral,Chat,Mittel,2024-11-17,89
7737,7003,2025-01-17,Rechnung,Abrechnung,Abschlag anpassen,Positiv,Chat,Niedrig,2025-01-31,107
7738,8198,2024-11-02,Allgemein,Service,Lob,Positiv,Chat,Niedrig,2024-11-14,69
7739,9111,2025-05-27,Smart Meter,Installation,Smart Meter zeigt keine Daten,Neutral,App,Mittel,2025-06-05,52
7740,2333,2023-05-22,Allgemein,Service,Allgemeine Anfrage,Positiv,Email,Hoch,2023-05-23,52
7741,1327,2023-08-03,Wallbox,E-Mobility,App-Verbindung unterbrochen,Positiv,Telefon,Mittel,2023-08-09,86
7742,5271,2023-07-02,Allgemein,Service,Beschwerde,Negativ,App,Hoch,2023-07-04,12
7743,15443,2025-02-08,Rechnung,Abrechnung,Gutschrift angefragt,Neutral,App,Mittel,2025-02-17,79
7744,16222,2024-09-26,Tarif,Vertrag,Umzug melden,Neutral,Chat,Mittel,2024-10-10,154
7745,17152,2023-07-21,Speicher,Technisch,Speicher lädt nicht,Negativ,Chat,Niedrig,2023-07-21,191
7746,8578,2025-04-09,Rechnung,Abrechnung,Rechnungsfrage,Neutral,App,Niedrig,2025-04-21,114
7747,16758,2023-01-07,Tarif,Vertrag,Preisgarantie Frage,Neutral,Telefon,Niedrig,2023-01-10,156
7748,5020,2024-05-11,Solar,Technisch,Solaranlage produziert nicht,Negativ,Email,Mittel,2024-05-20,25
7749,16496,2023-09-07,Rechnung,Abrechnung,Rechnungsfrage,Neutral,Email,Niedrig,2023-09-20,73
7750,1573,2024-03-22,Wärmepumpe,Technisch,Fehlercode E01 angezeigt,Negativ,Chat,Mittel,2024-03-22,72
7751,3836,2024-06-18,Smart Meter,Installation,Smart Meter zeigt keine Daten,Neutral,Chat,Mittel,2024-06-21,42
7752,6657,2023-01-08,Tarif,Vertrag,Tarifwechsel angefragt,Negativ,App,Mittel,2023-01-22,48
7753,14814,2024-09-04,Smart Meter,Installation,Smart Meter zeigt keine Daten,Neutral,App,Mittel,2024-09-16,56
7754,3350,2023-05-07,Solar,Technisch,Monitoring nicht verfügbar,Negativ,Chat,Hoch,2023-05-12,174
7755,11159,2023-08-30,Tarif,Vertrag,Kündigung,Negativ,App,Mittel,2023-09-04,157
7756,13188,2023-05-01,Rechnung,Abrechnung,Abschlag anpassen,Positiv,App,Mittel,2023-05-01,148
7757,101,2023-04-16,Speicher,Technisch,Kapazität gesunken,Neutral,Telefon,Hoch,2023-04-22,63
7758,3948,2024-10-10,Solar,Technisch,Solaranlage Ertrag niedrig,Neutral,Telefon,Mittel,2024-10-20,155
7759,7776,2023-02-06,Allgemein,Service,Informationsanfrage,Negativ,Telefon,Hoch,2023-02-10,63
7760,5219,2025-04-16,Tarif,Vertrag,Vertragsverlängerung,Neutral,Telefon,Mittel,2025-04-18,143
7761,3757,2023-08-19,Wallbox,E-Mobility,Wallbox lädt nicht,Negativ,Email,Mittel,2023-08-24,191
7762,13118,2023-04-07,Speicher,Technisch,Kapazität gesunken,Negativ,App,Hoch,2023-04-12,71
7763,1164,2024-03-08,Solar,Technisch,Wechselrichter Fehler,Positiv,App,Mittel,2024-03-16,149
7764,19439,2025-02-14,Smart Meter,Installation,Smart Meter Installation angefragt,Neutral,Chat,Mittel,2025-02-16,130
7765,8773,2023-02-20,Allgemein,Service,Lob,Positiv,Telefon,Niedrig,2023-03-05,100
7766,3570,2025-02-09,Allgemein,Service,Lob,Positiv,Telefon,Niedrig,2025-02-22,73
7767,12401,2025-03-12,Rechnung,Abrechnung,Abschlag anpassen,Positiv,Telefon,Niedrig,2025-03-25,136
7768,3285,2023-11-19,Wärmepumpe,Technisch,Fehlercode E01 angezeigt,Neutral,Email,Hoch,2023-11-26,42
7769,10832,2025-01-22,Allgemein,Service,Lob,Positiv,App,Niedrig,2025-02-05,81
7770,15110,2023-11-19,Smart Meter,Installation,Smart Meter defekt,Negativ,Chat,Kritisch,2023-11-20,57
7771,4776,2024-03-07,Wallbox,E-Mobility,Wallbox defekt,Negativ,Chat,Mittel,2024-03-19,1
7772,7459,2023-09-15,Speicher,Technisch,Speicher lädt nicht,Negativ,Email,Mittel,2023-09-20,134
7773,16357,2024-12-05,Wärmepumpe,Technisch,Wartung angefragt,Positiv,Telefon,Niedrig,2024-12-15,49
7774,10348,2024-05-10,Rechnung,Abrechnung,Gutschrift angefragt,Neutral,Chat,Hoch,2024-05-13,145
7775,5365,2024-09-26,Rechnung,Abrechnung,Abschlag anpassen,Neutral,App,Mittel,2024-10-08,185
7776,4962,2024-11-25,Allgemein,Service,Allgemeine Anfrage,Neutral,Telefon,Mittel,2024-12-08,91
7777,2210,2024-01-28,Tarif,Vertrag,Tarifwechsel angefragt,Neutral,Telefon,Mittel,2024-02-02,110
7778,7442,2024-04-29,Speicher,Technisch,Speicher lädt nicht,Negativ,Telefon,Mittel,2024-05-01,17
7779,7378,2025-04-18,Speicher,Technisch,Speicher lädt nicht,Negativ,Telefon,Kritisch,2025-04-19,85
7780,17553,2023-12-30,Speicher,Technisch,Batteriespeicher Störung,Negativ,Email,Hoch,2024-01-01,123
7781,11883,2023-08-09,Solar,Technisch,Solaranlage Ertrag niedrig,Neutral,App,Niedrig,2023-08-09,19
7782,11416,2024-10-27,Allgemein,Service,Informationsanfrage,Negativ,Email,Mittel,2024-10-29,178
7783,8336,2023-12-13,Allgemein,Service,Allgemeine Anfrage,Neutral,Chat,Mittel,2023-12-15,145
7784,17785,2024-09-01,Speicher,Technisch,Kapazität gesunken,Negativ,App,Kritisch,2024-09-07,138
7785,12479,2025-01-28,Wallbox,E-Mobility,App-Verbindung unterbrochen,Neutral,App,Hoch,2025-02-01,175
7786,18395,2024-04-14,Speicher,Technisch,Speicher lädt nicht,Negativ,App,Kritisch,2024-04-17,66
7787,4538,2023-11-26,Solar,Technisch,Einspeisevergütung Frage,Negativ,Telefon,Mittel,2023-12-04,60
7788,6887,2025-06-19,Rechnung,Abrechnung,Gutschrift angefragt,Neutral,App,Mittel,2025-06-20,178
7789,378,2023-11-11,Wallbox,E-Mobility,Wallbox defekt,Negativ,Email,Kritisch,2023-11-18,79
7790,10157,2023-03-30,Rechnung,Abrechnung,Unstimmigkeit in Rechnung,Neutral,Telefon,Niedrig,2023-04-03,113
7791,1767,2025-05-12,Solar,Technisch,Einspeisevergütung Frage,Neutral,Chat,Hoch,2025-05-14,121
7792,7089,2024-08-21,Allgemein,Service,Beschwerde,Negativ,App,Hoch,2024-08-21,200
7793,5912,2024-11-03,Smart Meter,Installation,Smart Meter App funktioniert nicht,Negativ,Chat,Niedrig,2024-11-13,178
7794,4561,2024-02-03,Rechnung,Abrechnung,Abschlag anpassen,Neutral,Chat,Mittel,2024-02-12,106
7795,219,2024-05-06,Smart Meter,Installation,Smart Meter Ablesung fehlerhaft,Neutral,App,Mittel,2024-05-08,105
7796,6252,2023-06-16,Smart Meter,Installation,Smart Meter App funktioniert nicht,Negativ,Telefon,Niedrig,2023-06-23,142
7797,1446,2023-10-24,Tarif,Vertrag,Preisgarantie Frage,Neutral,Chat,Mittel,2023-10-29,168
7798,10419,2023-11-18,Tarif,Vertrag,Tarifwechsel angefragt,Neutral,App,Mittel,2023-11-20,186
7799,3514,2024-09-18,Solar,Technisch,Solaranlage produziert nicht,Negativ,Chat,Kritisch,2024-09-25,71
7800,16954,2025-04-22,Tarif,Vertrag,Ökostrom Umstellung,Neutral,Telefon,Kritisch,2025-04-28,102
7801,17631,2024-12-06,Speicher,Technisch,Batteriespeicher Störung,Negativ,Email,Kritisch,2024-12-11,78
7802,2607,2023-08-11,Rechnung,Abrechnung,Abschlag zu hoch,Neutral,Telefon,Mittel,2023-08-13,175
7803,2007,2024-12-05,Solar,Technisch,Solaranlage produziert nicht,Negativ,Email,Mittel,2024-12-10,139
7804,5809,2024-03-17,Smart Meter,Installation,Smart Meter Installation angefragt,Neutral,Chat,Mittel,2024-03-28,49
7805,17047,2023-01-14,Rechnung,Abrechnung,Zahlungsplan angefragt,Neutral,App,Hoch,2023-01-14,120
7806,8846,2023-05-31,Tarif,Vertrag,Kündigung,Neutral,Telefon,Mittel,2023-06-14,95
7807,15852,2024-05-24,Rechnung,Abrechnung,Rechnungsfrage,Neutral,App,Mittel,2024-05-26,143
7808,11595,2023-04-06,Smart Meter,Installation,Smart Meter Ablesung fehlerhaft,Neutral,App,Mittel,2023-04-11,127
7809,19,2024-06-25,Smart Meter,Installation,Smart Meter zeigt keine Daten,Positiv,Telefon,Mittel,2024-06-25,63
7810,19241,2024-10-11,Wallbox,E-Mobility,App-Verbindung unterbrochen,Neutral,Email,Mittel,2024-10-19,200
7811,16330,2024-04-17,Rechnung,Abrechnung,Unstimmigkeit in Rechnung,Negativ,App,Mittel,2024-04-29,54
7812,1955,2025-05-06,Tarif,Vertrag,Umzug melden,Neutral,App,Hoch,2025-05-11,199
7813,5770,2023-10-25,Wallbox,E-Mobility,Wallbox defekt,Negativ,App,Hoch,2023-10-26,48
7814,11830,2024-06-21,Wallbox,E-Mobility,Ladekarte Probleme,Neutral,Telefon,Niedrig,2024-06-24,44
7815,2005,2024-04-10,Wärmepumpe,Technisch,Wärmepumpe Störung,Negativ,Email,Mittel,2024-04-21,118
7816,11279,2024-07-30,Allgemein,Service,Informationsanfrage,Positiv,Email,Hoch,2024-08-06,41
7817,14963,2023-11-22,Smart Meter,Installation,Smart Meter App funktioniert nicht,Negativ,Telefon,Mittel,2023-12-03,109
7818,13910,2023-12-07,Allgemein,Service,Beschwerde,Negativ,Chat,Mittel,2023-12-19,90
7819,7016,2024-03-15,Rechnung,Abrechnung,Zahlungsplan angefragt,Neutral,Email,Mittel,2024-03-20,11
7820,19478,2023-04-01,Tarif,Vertrag,Umzug melden,Neutral,App,Mittel,2023-04-03,105
7821,19249,2025-05-09,Smart Meter,Installation,Smart Meter Ablesung fehlerhaft,Neutral,Telefon,Mittel,2025-05-23,130
7822,6390,2024-10-28,Rechnung,Abrechnung,Abschlag anpassen,Neutral,Email,Mittel,2024-11-09,19
7823,5882,2023-06-30,Wallbox,E-Mobility,App-Verbindung unterbrochen,Neutral,Chat,Mittel,2023-07-02,55
7824,7264,2025-03-11,Solar,Technisch,Solaranlage Ertrag niedrig,Negativ,Chat,Mittel,2025-03-19,110
7825,12335,2024-02-15,Solar,Technisch,Wechselrichter Fehler,Neutral,Email,Niedrig,2024-02-17,141
7826,16296,2023-03-11,Tarif,Vertrag,Vertragsverlängerung,Positiv,Email,Niedrig,2023-03-16,38
7827,17456,2025-04-26,Tarif,Vertrag,Ökostrom Umstellung,Neutral,Email,Hoch,2025-05-03,150
7828,15031,2024-04-17,Wärmepumpe,Technisch,Fehlercode E01 angezeigt,Positiv,Telefon,Mittel,2024-04-29,163
7829,14580,2025-02-01,Tarif,Vertrag,Vertragsverlängerung,Positiv,App,Mittel,2025-02-03,192
7830,10498,2024-07-18,Smart Meter,Installation,Smart Meter Ablesung fehlerhaft,Neutral,App,Mittel,2024-07-20,59
7831,16003,2023-10-06,Wallbox,E-Mobility,Wallbox lädt nicht,Negativ,Chat,Kritisch,2023-10-11,154
7832,12492,2025-03-09,Smart Meter,Installation,Smart Meter defekt,Negativ,Chat,Mittel,2025-03-19,34
7833,12445,2025-02-02,Solar,Technisch,Monitoring nicht verfügbar,Negativ,Email,Hoch,2025-02-05,98
7834,7387,2024-09-28,Wallbox,E-Mobility,Wallbox lädt nicht,Negativ,Telefon,Mittel,2024-10-06,105
7835,13813,2024-03-27,Smart Meter,Installation,Smart Meter zeigt keine Daten,Positiv,Email,Mittel,2024-04-10,75
7836,13419,2024-05-04,Speicher,Technisch,Batteriespeicher Störung,Negativ,App,Kritisch,2024-05-07,157
7837,10108,2024-09-14,Rechnung,Abrechnung,Zahlungsplan angefragt,Neutral,Chat,Niedrig,2024-09-23,30
7838,19668,2024-09-18,Smart Meter,Installation,Smart Meter Installation angefragt,Neutral,Email,Hoch,2024-09-22,51
7839,7841,2025-03-05,Allgemein,Service,Lob,Positiv,Email,Niedrig,2025-03-16,161
7840,2784,2024-11-09,Wallbox,E-Mobility,Ladekarte Probleme,Neutral,Email,Mittel,2024-11-16,94
7841,16133,2023-06-30,Allgemein,Service,Informationsanfrage,Neutral,Email,Kritisch,2023-07-07,79
7842,14943,2025-05-03,Tarif,Vertrag,Ökostrom Umstellung,Negativ,Email,Niedrig,2025-05-17,134
7843,19999,2023-05-04,Smart Meter,Installation,Smart Meter App funktioniert nicht,Negativ,App,Niedrig,2023-05-04,3
7844,15410,2025-04-03,Rechnung,Abrechnung,Abschlag zu hoch,Neutral,Telefon,Hoch,2025-04-06,95
7845,7749,2023-08-19,Speicher,Technisch,Speicher lädt nicht,Negativ,Chat,Hoch,2023-08-22,29
7846,3758,2023-04-23,Solar,Technisch,Wechselrichter Fehler,Negativ,App,Mittel,2023-04-28,26
7847,13680,2023-10-11,Wallbox,E-Mobility,App-Verbindung unterbrochen,Neutral,Email,Mittel,2023-10-16,164
7848,9771,2024-11-19,Wärmepumpe,Technisch,Wärmepumpe Störung,Negativ,Telefon,Mittel,2024-11-26,134
7849,14319,2023-04-01,Wärmepumpe,Technisch,Wärmepumpe läuft nicht,Negativ,App,Niedrig,2023-04-01,176
7850,4973,2024-12-06,Solar,Technisch,Wechselrichter Fehler,Neutral,Chat,Mittel,2024-12-17,93
7851,4449,2024-08-25,Allgemein,Service,Beschwerde,Negativ,Email,Mittel,2024-09-05,130
7852,14349,2025-04-27,Solar,Technisch,Monitoring nicht verfügbar,Negativ,Chat,Mittel,2025-04-30,141
7853,17527,2023-01-02,Tarif,Vertrag,Kündigung,Neutral,App,Mittel,2023-01-04,2
7854,383,2023-09-05,Solar,Technisch,Einspeisevergütung Frage,Neutral,Chat,Mittel,2023-09-06,26
7855,5339,2023-10-01,Tarif,Vertrag,Ökostrom Umstellung,Negativ,Chat,Niedrig,2023-10-01,162
7856,17050,2024-08-21,Allgemein,Service,Kontaktdaten ändern,Neutral,Chat,Mittel,2024-08-21,8
7857,4740,2023-12-30,Wärmepumpe,Technisch,Fehlercode E01 angezeigt,Neutral,Chat,Mittel,2024-01-02,56
7858,15091,2024-04-23,Allgemein,Service,Beschwerde,Negativ,App,Kritisch,2024-04-25,32
7859,14858,2025-05-08,Tarif,Vertrag,Kündigung,Neutral,Email,Mittel,2025-05-11,61
7860,6804,2025-02-23,Tarif,Vertrag,Preisgarantie Frage,Neutral,Telefon,Hoch,2025-02-26,46
7861,1938,2024-03-15,Rechnung,Abrechnung,Abschlag zu hoch,Positiv,Chat,Niedrig,2024-03-28,133
7862,13765,2024-03-24,Smart Meter,Installation,Smart Meter defekt,Negativ,App,Mittel,2024-04-01,112
7863,4694,2023-11-17,Speicher,Technisch,Batteriespeicher Störung,Negativ,Telefon,Kritisch,2023-11-20,14
7864,16484,2024-09-10,Wärmepumpe,Technisch,Wärmepumpe Störung,Negativ,Telefon,Hoch,2024-09-16,14
7865,6813,2023-06-02,Smart Meter,Installation,Smart Meter Installation angefragt,Positiv,Telefon,Hoch,2023-06-09,2
7866,15493,2024-12-21,Smart Meter,Installation,Smart Meter zeigt keine Daten,Neutral,Email,Kritisch,2024-12-28,29
7867,6489,2024-09-25,Speicher,Technisch,Kapazität gesunken,Neutral,Chat,Mittel,2024-09-29,175
7868,8330,2023-05-16,Tarif,Vertrag,Kündigung,Neutral,Telefon,Mittel,2023-05-18,18
7869,16252,2025-06-25,Allgemein,Service,Beschwerde,Negativ,Chat,Mittel,2025-07-03,5
7870,15101,2023-05-03,Speicher,Technisch,Batteriespeicher Störung,Negativ,App,Kritisch,2023-05-03,107
7871,19187,2024-08-29,Speicher,Technisch,Speicher lädt nicht,Negativ,Chat,Hoch,2024-09-03,136
7872,2179,2023-12-06,Tarif,Vertrag,Umzug melden,Negativ,Email,Niedrig,2023-12-08,177
7873,18267,2024-08-11,Smart Meter,Installation,Smart Meter defekt,Negativ,App,Mittel,2024-08-18,156
7874,6269,2024-09-10,Rechnung,Abrechnung,Abschlag zu hoch,Negativ,App,Mittel,2024-09-20,15
7875,1526,2024-09-01,Solar,Technisch,Solaranlage Ertrag niedrig,Neutral,Chat,Mittel,2024-09-10,176
7876,15124,2024-10-05,Wärmepumpe,Technisch,Effizienz zu niedrig,Positiv,Email,Niedrig,2024-10-14,173
7877,13226,2023-02-17,Speicher,Technisch,Speicher lädt nicht,Negativ,Email,Hoch,2023-02-20,79
7878,17330,2023-11-26,Smart Meter,Installation,Smart Meter Installation angefragt,Neutral,Telefon,Mittel,2023-12-08,158
7879,6313,2023-12-17,Allgemein,Service,Allgemeine Anfrage,Neutral,Email,Mittel,2023-12-25,45
7880,16272,2024-09-24,Solar,Technisch,Wechselrichter Fehler,Positiv,Email,Mittel,2024-09-27,166
7881,9392,2023-01-13,Wärmepumpe,Technisch,Wartung angefragt,Negativ,Telefon,Mittel,2023-01-16,77
7882,19725,2024-10-24,Rechnung,Abrechnung,Gutschrift angefragt,Neutral,App,Kritisch,2024-10-28,188
7883,9581,2025-06-10,Solar,Technisch,Monitoring nicht verfügbar,Negativ,App,Hoch,2025-06-17,45
7884,5868,2023-12-21,Speicher,Technisch,Speicher lädt nicht,Negativ,Email,Mittel,2023-12-28,183
7885,16009,2025-03-27,Tarif,Vertrag,Umzug melden,Positiv,Email,Mittel,2025-04-02,176
7886,13611,2023-12-22,Tarif,Vertrag,Umzug melden,Negativ,Chat,Hoch,2023-12-27,66
7887,1306,2023-10-07,Wärmepumpe,Technisch,Effizienz zu niedrig,Neutral,Telefon,Niedrig,2023-10-11,132
7888,4027,2023-10-17,Rechnung,Abrechnung,Unstimmigkeit in Rechnung,Positiv,App,Mittel,2023-10-20,200
7889,11404,2025-05-24,Tarif,Vertrag,Preisgarantie Frage,Neutral,App,Mittel,2025-06-06,57
7890,1620,2025-04-01,Solar,Technisch,Wechselrichter Fehler,Neutral,Chat,Mittel,2025-04-14,174
7891,474,2025-06-12,Smart Meter,Installation,Smart Meter defekt,Negativ,Telefon,Kritisch,2025-06-16,75
7892,4548,2023-02-04,Wärmepumpe,Technisch,Fehlercode E01 angezeigt,Positiv,App,Niedrig,2023-02-08,157
7893,18051,2025-05-24,Wallbox,E-Mobility,Wallbox lädt nicht,Negativ,Telefon,Hoch,2025-05-31,198
7894,4451,2023-07-07,Allgemein,Service,Informationsanfrage,Neutral,Telefon,Mittel,2023-07-12,4
7895,10898,2024-03-02,Wärmepumpe,Technisch,Wärmepumpe Störung,Negativ,Email,Kritisch,2024-03-08,156
7896,576,2024-12-22,Tarif,Vertrag,Ökostrom Umstellung,Positiv,Chat,Kritisch,2024-12-28,15
7897,16844,2025-04-18,Wallbox,E-Mobility,Wallbox defekt,Negativ,App,Kritisch,2025-04-18,110
7898,1933,2025-05-07,Tarif,Vertrag,Vertragsverlängerung,Neutral,App,Kritisch,2025-05-07,33
7899,9249,2023-08-19,Smart Meter,Installation,Smart Meter Ablesung fehlerhaft,Neutral,App,Mittel,2023-09-01,114
7900,11547,2025-05-20,Smart Meter,Installation,Smart Meter App funktioniert nicht,Negativ,App,Kritisch,2025-05-24,152
7901,11582,2025-02-07,Allgemein,Service,Informationsanfrage,Negativ,Chat,Hoch,2025-02-13,151
7902,15135,2024-10-15,Wärmepumpe,Technisch,Geräuschentwicklung zu hoch,Neutral,App,Kritisch,2024-10-22,140
7903,5461,2024-06-21,Solar,Technisch,Wechselrichter Fehler,Neutral,Chat,Niedrig,2024-06-30,183
7904,10194,2023-07-06,Allgemein,Service,Informationsanfrage,Neutral,Chat,Mittel,2023-07-06,16
7905,9828,2024-05-21,Solar,Technisch,Wechselrichter Fehler,Positiv,Telefon,Mittel,2024-05-21,70
7906,6195,2024-11-14,Solar,Technisch,Solaranlage produziert nicht,Negativ,Telefon,Mittel,2024-11-28,111
7907,11809,2024-01-22,Speicher,Technisch,Kapazität gesunken,Neutral,Email,Mittel,2024-01-30,62
7908,12311,2023-09-28,Wallbox,E-Mobility,Wallbox lädt nicht,Negativ,Email,Mittel,2023-10-01,185
7909,1866,2023-01-13,Tarif,Vertrag,Preisgarantie Frage,Neutral,Email,Mittel,2023-01-15,1
7910,19214,2024-08-17,Tarif,Vertrag,Tarifwechsel angefragt,Neutral,Chat,Kritisch,2024-08-20,153
7911,7091,2023-05-06,Wärmepumpe,Technisch,Effizienz zu niedrig,Neutral,Telefon,Mittel,2023-05-13,33
7912,7735,2025-06-10,Smart Meter,Installation,Smart Meter defekt,Negativ,Email,Kritisch,2025-06-13,139
7913,9245,2025-01-30,Tarif,Vertrag,Vertragsverlängerung,Neutral,Email,Hoch,2025-01-31,36
7914,11958,2023-02-24,Speicher,Technisch,Kapazität gesunken,Negativ,Telefon,Mittel,2023-03-01,110
7915,11799,2024-07-01,Tarif,Vertrag,Tarifwechsel angefragt,Negativ,Telefon,Mittel,2024-07-08,131
7916,6941,2023-03-15,Tarif,Vertrag,Umzug melden,Negativ,App,Niedrig,2023-03-20,2
7917,18342,2025-05-20,Speicher,Technisch,Speicher lädt nicht,Negativ,Chat,Mittel,2025-05-24,83
7918,8897,2025-04-13,Allgemein,Service,Kontaktdaten ändern,Positiv,Chat,Hoch,2025-04-18,49
7919,2101,2023-06-18,Allgemein,Service,Lob,Positiv,Chat,Niedrig,2023-06-18,131
7920,9012,2025-05-02,Wallbox,E-Mobility,Wallbox Installation angefragt,Neutral,Telefon,Mittel,2025-05-08,40
7921,2784,2023-05-06,Solar,Technisch,Solaranlage produziert nicht,Negativ,Telefon,Kritisch,2023-05-12,88
7922,577,2024-12-12,Solar,Technisch,Wechselrichter Fehler,Positiv,App,Mittel,2024-12-26,130
7923,512,2024-01-16,Rechnung,Abrechnung,Abschlag zu hoch,Negativ,Email,Mittel,2024-01-25,137
7924,7628,2025-01-22,Allgemein,Service,Kontaktdaten ändern,Neutral,Email,Mittel,2025-01-23,22
7925,17184,2024-04-01,Allgemein,Service,Beschwerde,Negativ,App,Hoch,2024-04-07,141
7926,9081,2023-09-12,Wallbox,E-Mobility,Wallbox defekt,Negativ,Chat,Hoch,2023-09-16,120
7927,5580,2023-09-07,Speicher,Technisch,Speicher lädt nicht,Negativ,Email,Kritisch,2023-09-11,178
7928,5135,2023-07-29,Solar,Technisch,Solaranlage Ertrag niedrig,Neutral,Telefon,Niedrig,2023-08-07,121
7929,14592,2023-09-28,Speicher,Technisch,Batteriespeicher Störung,Negativ,Chat,Mittel,2023-10-04,48
7930,6004,2025-05-29,Wallbox,E-Mobility,Wallbox defekt,Negativ,Telefon,Hoch,2025-06-02,37
7931,1058,2023-05-22,Speicher,Technisch,Speicher lädt nicht,Negativ,Chat,Kritisch,2023-05-28,86
7932,14209,2023-12-13,Speicher,Technisch,Kapazität gesunken,Neutral,Telefon,Hoch,2023-12-19,49
7933,19482,2025-05-12,Solar,Technisch,Solaranlage produziert nicht,Negativ,Chat,Hoch,2025-05-15,65
7934,16859,2024-06-01,Smart Meter,Installation,Smart Meter App funktioniert nicht,Negativ,Email,Kritisch,2024-06-05,197
7935,12786,2025-06-02,Wärmepumpe,Technisch,Fehlercode E01 angezeigt,Neutral,App,Mittel,2025-06-11,159
7936,7938,2023-04-11,Speicher,Technisch,Batteriespeicher Störung,Negativ,Chat,Hoch,2023-04-16,91
7937,1707,2023-07-01,Wärmepumpe,Technisch,Fehlercode E01 angezeigt,Neutral,Chat,Kritisch,2023-07-04,56
7938,15755,2025-02-14,Speicher,Technisch,Kapazität gesunken,Neutral,Telefon,Mittel,2025-02-24,187
7939,2471,2023-09-06,Speicher,Technisch,Batteriespeicher Störung,Negativ,Email,Kritisch,2023-09-11,155
7940,18628,2025-04-19,Smart Meter,Installation,Smart Meter defekt,Negativ,Email,Hoch,2025-04-20,57
7941,14656,2023-12-31,Allgemein,Service,Informationsanfrage,Neutral,Telefon,Kritisch,2024-01-04,118
7942,17266,2024-12-30,Tarif,Vertrag,Vertragsverlängerung,Neutral,Chat,Niedrig,2025-01-12,5
7943,8209,2025-01-23,Wärmepumpe,Technisch,Wartung angefragt,Neutral,Telefon,Hoch,2025-01-30,34
7944,7308,2024-05-11,Smart Meter,Installation,Smart Meter Ablesung fehlerhaft,Neutral,Email,Mittel,2024-05-18,63
7945,13869,2023-10-26,Rechnung,Abrechnung,Abschlag anpassen,Neutral,Telefon,Niedrig,2023-10-31,73
7946,2868,2024-10-26,Speicher,Technisch,Kapazität gesunken,Positiv,App,Hoch,2024-10-27,111
7947,2035,2024-09-21,Wärmepumpe,Technisch,Wärmepumpe Störung,Negativ,App,Kritisch,2024-09-23,197
7948,3145,2023-07-08,Wärmepumpe,Technisch,Wärmepumpe Störung,Negativ,App,Hoch,2023-07-08,51
7949,19896,2024-06-25,Solar,Technisch,Monitoring nicht verfügbar,Negativ,Chat,Niedrig,2024-06-28,9
7950,7165,2024-12-29,Wallbox,E-Mobility,Ladekarte Probleme,Neutral,Email,Mittel,2025-01-04,96
7951,4651,2024-05-23,Wärmepumpe,Technisch,Fehlercode E01 angezeigt,Neutral,Telefon,Mittel,2024-05-24,131
7952,5797,2023-04-27,Allgemein,Service,Allgemeine Anfrage,Neutral,App,Niedrig,2023-04-28,74
7953,8866,2024-06-26,Speicher,Technisch,Batteriespeicher Störung,Negativ,Chat,Hoch,2024-06-30,187
7954,19220,2025-02-15,Tarif,Vertrag,Vertragsverlängerung,Neutral,Email,Kritisch,2025-02-15,125
7955,44,2023-12-13,Smart Meter,Installation,Smart Meter Ablesung fehlerhaft,Neutral,Chat,Hoch,2023-12-17,80
7956,11917,2024-03-22,Speicher,Technisch,Speicher lädt nicht,Negativ,App,Niedrig,2024-03-26,158
7957,14502,2024-06-17,Allgemein,Service,Lob,Positiv,Telefon,Niedrig,2024-06-25,145
7958,862,2025-04-08,Solar,Technisch,Einspeisevergütung Frage,Neutral,Chat,Mittel,2025-04-15,51
7959,18787,2023-04-22,Solar,Technisch,Einspeisevergütung Frage,Neutral,App,Mittel,2023-04-25,149
7960,11234,2023-11-16,Wärmepumpe,Technisch,Wartung angefragt,Neutral,Telefon,Mittel,2023-11-16,186
7961,13067,2024-06-18,Allgemein,Service,Allgemeine Anfrage,Neutral,Chat,Mittel,2024-06-23,155
7962,1511,2023-09-14,Allgemein,Service,Kontaktdaten ändern,Neutral,Chat,Mittel,2023-09-27,32
7963,173,2023-04-11,Tarif,Vertrag,Ökostrom Umstellung,Negativ,Email,Niedrig,2023-04-13,174
7964,10186,2025-04-10,Wallbox,E-Mobility,Ladekarte Probleme,Neutral,Telefon,Mittel,2025-04-21,75
7965,4895,2024-07-16,Solar,Technisch,Solaranlage Ertrag niedrig,Negativ,Telefon,Hoch,2024-07-21,149
7966,13618,2024-05-08,Solar,Technisch,Wechselrichter Fehler,Neutral,Telefon,Niedrig,2024-05-13,48
7967,15210,2024-07-28,Allgemein,Service,Allgemeine Anfrage,Negativ,Email,Niedrig,2024-07-31,134
7968,218,2023-07-04,Speicher,Technisch,Kapazität gesunken,Neutral,App,Mittel,2023-07-13,199
7969,16239,2023-05-09,Wärmepumpe,Technisch,Wartung angefragt,Neutral,Telefon,Niedrig,2023-05-13,91
7970,18464,2024-12-05,Solar,Technisch,Solaranlage Ertrag niedrig,Positiv,App,Niedrig,2024-12-19,181
7971,8012,2025-05-27,Smart Meter,Installation,Smart Meter App funktioniert nicht,Negativ,Telefon,Mittel,2025-06-10,19
7972,222,2023-03-13,Smart Meter,Installation,Smart Meter App funktioniert nicht,Negativ,Email,Niedrig,2023-03-18,34
7973,17053,2023-03-11,Allgemein,Service,Lob,Positiv,Email,Niedrig,2023-03-17,82
7974,588,2023-04-07,Smart Meter,Installation,Smart Meter zeigt keine Daten,Neutral,Email,Niedrig,2023-04-08,48
7975,16153,2023-11-01,Allgemein,Service,Lob,Positiv,App,Niedrig,2023-11-10,5
7976,63,2023-09-29,Wallbox,E-Mobility,Wallbox defekt,Negativ,Email,Mittel,2023-10-03,134
7977,172,2024-05-21,Allgemein,Service,Allgemeine Anfrage,Neutral,Email,Hoch,2024-05-23,121
7978,5985,2023-08-06,Allgemein,Service,Kontaktdaten ändern,Positiv,Email,Kritisch,2023-08-10,194
7979,8959,2025-05-13,Wärmepumpe,Technisch,Wärmepumpe Störung,Negativ,Chat,Hoch,2025-05-15,118
7980,13150,2023-01-20,Solar,Technisch,Einspeisevergütung Frage,Positiv,Telefon,Mittel,2023-02-01,77
7981,2863,2024-09-07,Wallbox,E-Mobility,Wallbox defekt,Negativ,App,Hoch,2024-09-14,75
7982,8479,2023-10-02,Smart Meter,Installation,Smart Meter zeigt keine Daten,Neutral,App,Hoch,2023-10-09,56
7983,3133,2024-03-23,Tarif,Vertrag,Umzug melden,Neutral,Email,Mittel,2024-03-23,72
7984,8785,2024-12-31,Wärmepumpe,Technisch,Geräuschentwicklung zu hoch,Neutral,Email,Mittel,2025-01-07,110
7985,16242,2025-01-13,Wärmepumpe,Technisch,Geräuschentwicklung zu hoch,Neutral,Email,Hoch,2025-01-13,197
7986,18424,2024-12-27,Wallbox,E-Mobility,Wallbox Installation angefragt,Neutral,Email,Mittel,2025-01-06,157
7987,4465,2023-03-21,Speicher,Technisch,Kapazität gesunken,Neutral,App,Niedrig,2023-03-26,161
7988,6968,2024-01-06,Allgemein,Service,Allgemeine Anfrage,Neutral,App,Mittel,2024-01-13,82
7989,13799,2024-09-24,Wallbox,E-Mobility,Wallbox defekt,Negativ,Telefon,Hoch,2024-09-27,57
7990,3728,2024-07-17,Allgemein,Service,Allgemeine Anfrage,Neutral,Telefon,Niedrig,2024-07-31,80
7991,10248,2023-08-09,Rechnung,Abrechnung,Zahlungsplan angefragt,Neutral,Telefon,Mittel,2023-08-12,43
7992,11550,2024-05-26,Wärmepumpe,Technisch,Wärmepumpe läuft nicht,Negativ,App,Hoch,2024-05-30,167
7993,9380,2023-11-06,Wärmepumpe,Technisch,Wärmepumpe Störung,Negativ,App,Kritisch,2023-11-07,13
7994,4678,2023-08-15,Wärmepumpe,Technisch,Geräuschentwicklung zu hoch,Neutral,Telefon,Mittel,2023-08-21,62
7995,4835,2024-02-11,Speicher,Technisch,Kapazität gesunken,Negativ,Chat,Niedrig,2024-02-12,132
7996,3077,2024-10-16,Speicher,Technisch,Kapazität gesunken,Negativ,Chat,Mittel,2024-10-17,197
7997,2829,2024-06-06,Speicher,Technisch,Speicher lädt nicht,Negativ,Email,Mittel,2024-06-19,43
7998,17069,2024-04-02,Rechnung,Abrechnung,Gutschrift angefragt,Neutral,Chat,Niedrig,2024-04-13,27
7999,13696,2023-08-13,Speicher,Technisch,Kapazität gesunken,Positiv,Telefon,Mittel,2023-08-16,126
8000,15454,2023-03-01,Allgemein,Service,Beschwerde,Negativ,Email,Hoch,2023-03-02,188
8001,5482,2024-02-23,Wärmepumpe,Technisch,Effizienz zu niedrig,Neutral,App,Mittel,2024-02-29,172
8002,2753,2024-01-22,Tarif,Vertrag,Kündigung,Negativ,Telefon,Hoch,2024-01-27,45
8003,8505,2023-08-04,Allgemein,Service,Lob,Positiv,Telefon,Niedrig,2023-08-04,124
8004,15948,2023-06-11,Rechnung,Abrechnung,Gutschrift angefragt,Neutral,Chat,Niedrig,2023-06-14,41
8005,13782,2023-03-13,Smart Meter,Installation,Smart Meter defekt,Negativ,Telefon,Niedrig,2023-03-19,104
8006,19295,2024-05-17,Smart Meter,Installation,Smart Meter defekt,Negativ,Email,Mittel,2024-05-28,126
8007,19190,2023-10-12,Rechnung,Abrechnung,Zahlungsplan angefragt,Neutral,App,Niedrig,2023-10-13,190
8008,7333,2024-07-23,Smart Meter,Installation,Smart Meter App funktioniert nicht,Negativ,App,Mittel,2024-08-02,98
8009,3609,2025-01-26,Allgemein,Service,Lob,Positiv,Telefon,Niedrig,2025-02-02,56
8010,2254,2025-01-05,Tarif,Vertrag,Preisgarantie Frage,Negativ,Telefon,Mittel,2025-01-11,14
8011,8801,2025-04-24,Solar,Technisch,Solaranlage produziert nicht,Negativ,App,Mittel,2025-05-05,166
8012,10546,2023-01-20,Wallbox,E-Mobility,Wallbox Installation angefragt,Positiv,Telefon,Mittel,2023-01-21,97
8013,9240,2024-12-18,Solar,Technisch,Solaranlage produziert nicht,Negativ,App,Hoch,2024-12-25,148
8014,14035,2024-07-15,Wärmepumpe,Technisch,Wärmepumpe läuft nicht,Negativ,Email,Hoch,2024-07-22,74
8015,15892,2023-04-29,Speicher,Technisch,Batteriespeicher Störung,Negativ,App,Hoch,2023-05-02,103
8016,10434,2024-07-18,Allgemein,Service,Lob,Positiv,Telefon,Niedrig,2024-07-29,15
8017,2790,2023-11-14,Solar,Technisch,Solaranlage produziert nicht,Negativ,Telefon,Mittel,2023-11-22,193
8018,13058,2024-06-04,Rechnung,Abrechnung,Gutschrift angefragt,Neutral,Telefon,Niedrig,2024-06-09,26
8019,19100,2024-03-20,Solar,Technisch,Solaranlage Ertrag niedrig,Neutral,Telefon,Niedrig,2024-03-28,69
8020,14446,2023-07-15,Rechnung,Abrechnung,Gutschrift angefragt,Positiv,App,Mittel,2023-07-17,5
8021,2421,2024-08-02,Wärmepumpe,Technisch,Wärmepumpe Störung,Negativ,Telefon,Kritisch,2024-08-03,71
8022,10755,2024-09-26,Allgemein,Service,Allgemeine Anfrage,Neutral,Email,Mittel,2024-10-08,173
8023,8723,2024-01-14,Smart Meter,Installation,Smart Meter Installation angefragt,Negativ,Email,Mittel,2024-01-24,111
8024,10799,2023-06-03,Wärmepumpe,Technisch,Wärmepumpe Störung,Negativ,Telefon,Kritisch,2023-06-08,34
8025,9765,2023-07-06,Solar,Technisch,Wechselrichter Fehler,Positiv,Chat,Hoch,2023-07-07,91
8026,3388,2023-07-09,Solar,Technisch,Solaranlage Ertrag niedrig,Neutral,Email,Mittel,2023-07-16,126
8027,8232,2023-06-01,Tarif,Vertrag,Ökostrom Umstellung,Negativ,Chat,Niedrig,2023-06-09,90
8028,8,2023-09-04,Smart Meter,Installation,Smart Meter defekt,Negativ,Chat,Kritisch,2023-09-06,52
8029,11244,2023-06-29,Wallbox,E-Mobility,App-Verbindung unterbrochen,Neutral,Telefon,Mittel,2023-07-04,94
8030,15937,2023-12-09,Tarif,Vertrag,Ökostrom Umstellung,Neutral,Chat,Mittel,2023-12-23,55
8031,1297,2025-02-12,Wärmepumpe,Technisch,Effizienz zu niedrig,Neutral,Email,Mittel,2025-02-13,18
8032,3254,2024-05-01,Smart Meter,Installation,Smart Meter Installation angefragt,Negativ,App,Hoch,2024-05-07,113
8033,12580,2024-03-03,Tarif,Vertrag,Preisgarantie Frage,Positiv,Telefon,Niedrig,2024-03-08,62
8034,17885,2023-06-15,Wallbox,E-Mobility,App-Verbindung unterbrochen,Negativ,App,Niedrig,2023-06-22,37
8035,1949,2023-04-19,Tarif,Vertrag,Preisgarantie Frage,Negativ,App,Niedrig,2023-05-03,176
8036,14150,2024-03-24,Solar,Technisch,Monitoring nicht verfügbar,Negativ,App,Hoch,2024-03-29,169
8037,6205,2023-02-20,Rechnung,Abrechnung,Zahlungsplan angefragt,Neutral,Email,Mittel,2023-02-25,157
8038,5969,2024-06-20,Wärmepumpe,Technisch,Wartung angefragt,Neutral,App,Kritisch,2024-06-22,86
8039,15272,2023-07-05,Rechnung,Abrechnung,Unstimmigkeit in Rechnung,Neutral,Chat,Mittel,2023-07-17,123
8040,3915,2024-12-05,Speicher,Technisch,Kapazität gesunken,Positiv,Chat,Hoch,2024-12-09,163
8041,17819,2024-03-22,Speicher,Technisch,Batteriespeicher Störung,Negativ,Email,Mittel,2024-04-02,154
8042,17413,2024-05-01,Wärmepumpe,Technisch,Wartung angefragt,Neutral,App,Niedrig,2024-05-14,59
8043,12393,2023-08-13,Rechnung,Abrechnung,Gutschrift angefragt,Neutral,Telefon,Mittel,2023-08-16,120
8044,16286,2023-07-29,Solar,Technisch,Solaranlage produziert nicht,Negativ,App,Kritisch,2023-08-05,51
8045,4214,2023-04-15,Solar,Technisch,Solaranlage produziert nicht,Negativ,Chat,Hoch,2023-04-17,192
8046,12601,2023-08-27,Rechnung,Abrechnung,Gutschrift angefragt,Positiv,App,Niedrig,2023-09-10,94
8047,4857,2025-01-26,Solar,Technisch,Einspeisevergütung Frage,Neutral,Telefon,Mittel,2025-02-02,90
8048,12287,2023-11-27,Wallbox,E-Mobility,Wallbox Installation angefragt,Negativ,App,Niedrig,2023-12-06,108
8049,15023,2025-06-22,Rechnung,Abrechnung,Abschlag zu hoch,Neutral,Chat,Niedrig,2025-06-28,153
8050,15429,2024-12-03,Tarif,Vertrag,Kündigung,Neutral,App,Mittel,2024-12-12,199
8051,12097,2023-02-05,Wallbox,E-Mobility,Ladekarte Probleme,Neutral,App,Niedrig,2023-02-08,69
8052,10787,2023-10-23,Wärmepumpe,Technisch,Effizienz zu niedrig,Neutral,Email,Hoch,2023-10-29,155
8053,18238,2025-04-16,Solar,Technisch,Solaranlage produziert nicht,Negativ,Telefon,Kritisch,2025-04-17,194
8054,4862,2024-05-29,Smart Meter,Installation,Smart Meter App funktioniert nicht,Negativ,Email,Mittel,2024-05-31,25
8055,2996,2023-05-05,Rechnung,Abrechnung,Unstimmigkeit in Rechnung,Negativ,App,Hoch,2023-05-12,140
8056,12040,2025-04-07,Smart Meter,Installation,Smart Meter defekt,Negativ,App,Mittel,2025-04-13,186
8057,10765,2023-05-17,Allgemein,Service,Beschwerde,Negativ,Chat,Mittel,2023-05-25,174
8058,15232,2024-12-16,Wallbox,E-Mobility,Ladekarte Probleme,Neutral,App,Mittel,2024-12-16,82
8059,10677,2024-04-02,Solar,Technisch,Solaranlage produziert nicht,Negativ,Chat,Niedrig,2024-04-13,119
8060,14733,2024-03-19,Wärmepumpe,Technisch,Wärmepumpe Störung,Negativ,Chat,Hoch,2024-03-21,169
8061,9732,2023-02-10,Tarif,Vertrag,Preisgarantie Frage,Neutral,Email,Mittel,2023-02-20,168
8062,6909,2025-04-12,Allgemein,Service,Lob,Positiv,Chat,Niedrig,2025-04-23,141
8063,17077,2025-01-29,Wallbox,E-Mobility,Wallbox lädt nicht,Negativ,App,Niedrig,2025-01-30,4
8064,14857,2024-08-05,Tarif,Vertrag,Ökostrom Umstellung,Neutral,Telefon,Hoch,2024-08-05,9
8065,7281,2024-07-02,Tarif,Vertrag,Umzug melden,Negativ,Chat,Niedrig,2024-07-15,181
8066,2417,2025-01-09,Allgemein,Service,Lob,Positiv,Email,Niedrig,2025-01-21,128
8067,18429,2023-07-18,Allgemein,Service,Beschwerde,Negativ,Chat,Niedrig,2023-07-20,129
8068,7396,2024-05-19,Wallbox,E-Mobility,Wallbox lädt nicht,Negativ,Email,Hoch,2024-05-25,166
8069,5631,2024-04-10,Tarif,Vertrag,Kündigung,Neutral,App,Mittel,2024-04-22,86
8070,714,2023-10-15,Wallbox,E-Mobility,Wallbox lädt nicht,Negativ,App,Mittel,2023-10-29,59
8071,11291,2023-10-24,Speicher,Technisch,Speicher lädt nicht,Negativ,Telefon,Hoch,2023-10-28,66
8072,4072,2023-12-21,Wallbox,E-Mobility,Wallbox Installation angefragt,Neutral,Email,Mittel,2024-01-02,161
8073,16576,2024-03-15,Wärmepumpe,Technisch,Geräuschentwicklung zu hoch,Positiv,Chat,Mittel,2024-03-16,123
8074,936,2025-06-09,Allgemein,Service,Beschwerde,Negativ,Email,Kritisch,2025-06-09,42
8075,17995,2023-06-05,Wärmepumpe,Technisch,Geräuschentwicklung zu hoch,Neutral,Telefon,Mittel,2023-06-16,144
8076,13852,2025-05-23,Solar,Technisch,Einspeisevergütung Frage,Negativ,Email,Hoch,2025-05-30,82
8077,2688,2024-03-13,Solar,Technisch,Einspeisevergütung Frage,Neutral,App,Niedrig,2024-03-20,70
8078,16028,2025-01-04,Solar,Technisch,Einspeisevergütung Frage,Negativ,Telefon,Mittel,2025-01-11,144
8079,13063,2023-06-27,Allgemein,Service,Allgemeine Anfrage,Neutral,Chat,Niedrig,2023-07-09,183
8080,8705,2024-06-27,Solar,Technisch,Solaranlage Ertrag niedrig,Neutral,Telefon,Mittel,2024-06-30,41
8081,7956,2023-10-07,Rechnung,Abrechnung,Zahlungsplan angefragt,Negativ,Telefon,Hoch,2023-10-11,9
8082,18063,2025-03-06,Speicher,Technisch,Speicher lädt nicht,Negativ,Telefon,Mittel,2025-03-09,144
8083,13964,2024-06-23,Tarif,Vertrag,Vertragsverlängerung,Neutral,Chat,Hoch,2024-06-28,142
8084,19194,2023-08-27,Wärmepumpe,Technisch,Wärmepumpe läuft nicht,Negativ,App,Mittel,2023-09-06,183
8085,15136,2024-01-04,Wärmepumpe,Technisch,Wartung angefragt,Positiv,Email,Niedrig,2024-01-06,94
8086,16220,2023-09-02,Solar,Technisch,Solaranlage Ertrag niedrig,Neutral,Chat,Kritisch,2023-09-05,111
8087,8676,2025-04-13,Wallbox,E-Mobility,Wallbox lädt nicht,Negativ,Telefon,Hoch,2025-04-17,119
8088,13915,2024-02-27,Solar,Technisch,Solaranlage produziert nicht,Negativ,Chat,Hoch,2024-02-29,45
8089,17229,2024-11-22,Tarif,Vertrag,Preisgarantie Frage,Neutral,Telefon,Mittel,2024-12-02,160
8090,3251,2024-06-23,Rechnung,Abrechnung,Unstimmigkeit in Rechnung,Neutral,App,Hoch,2024-06-25,106
8091,9207,2025-02-05,Smart Meter,Installation,Smart Meter Installation angefragt,Neutral,Chat,Hoch,2025-02-09,139
8092,12219,2023-08-03,Solar,Technisch,Solaranlage Ertrag niedrig,Positiv,Chat,Mittel,2023-08-14,5
8093,11908,2025-05-21,Tarif,Vertrag,Tarifwechsel angefragt,Negativ,Email,Mittel,2025-05-27,197
8094,18336,2024-12-11,Smart Meter,Installation,Smart Meter Ablesung fehlerhaft,Positiv,App,Mittel,2024-12-18,199
8095,4084,2023-10-14,Rechnung,Abrechnung,Zahlungsplan angefragt,Neutral,App,Kritisch,2023-10-14,57
8096,10311,2024-05-14,Tarif,Vertrag,Vertragsverlängerung,Neutral,Email,Hoch,2024-05-18,25
8097,16399,2024-09-25,Wallbox,E-Mobility,Wallbox Installation angefragt,Neutral,App,Mittel,2024-10-05,61
8098,6443,2023-02-09,Wärmepumpe,Technisch,Wartung angefragt,Positiv,App,Hoch,2023-02-12,86
8099,12856,2024-04-20,Rechnung,Abrechnung,Abschlag zu hoch,Positiv,Chat,Mittel,2024-04-24,121
8100,7558,2024-08-15,Tarif,Vertrag,Tarifwechsel angefragt,Negativ,Telefon,Niedrig,2024-08-15,142
8101,6360,2023-07-13,Rechnung,Abrechnung,Abschlag zu hoch,Neutral,App,Niedrig,2023-07-17,187
8102,1283,2024-07-01,Wärmepumpe,Technisch,Fehlercode E01 angezeigt,Neutral,Telefon,Mittel,2024-07-04,36
8103,16043,2023-06-24,Solar,Technisch,Einspeisevergütung Frage,Neutral,Telefon,Mittel,2023-07-01,136
8104,9526,2023-12-28,Solar,Technisch,Solaranlage produziert nicht,Negativ,Telefon,Hoch,2023-12-31,23
8105,11524,2023-01-02,Speicher,Technisch,Batteriespeicher Störung,Negativ,App,Mittel,2023-01-08,4
8106,9892,2024-03-31,Wärmepumpe,Technisch,Wärmepumpe Störung,Negativ,Chat,Hoch,2024-04-04,177
8107,5079,2024-11-15,Wärmepumpe,Technisch,Geräuschentwicklung zu hoch,Positiv,App,Mittel,2024-11-16,66
8108,10692,2024-04-12,Wallbox,E-Mobility,App-Verbindung unterbrochen,Neutral,Email,Kritisch,2024-04-18,58
8109,15477,2024-12-02,Wallbox,E-Mobility,App-Verbindung unterbrochen,Negativ,Chat,Kritisch,2024-12-05,152
8110,15432,2023-10-24,Smart Meter,Installation,Smart Meter zeigt keine Daten,Neutral,Chat,Mittel,2023-11-07,44
8111,10067,2023-04-17,Wallbox,E-Mobility,Wallbox lädt nicht,Negativ,App,Kritisch,2023-04-17,187
8112,7394,2024-01-31,Speicher,Technisch,Speicher lädt nicht,Negativ,Telefon,Kritisch,2024-01-31,177
8113,128,2024-12-31,Tarif,Vertrag,Tarifwechsel angefragt,Neutral,Email,Hoch,2025-01-06,62
8114,10449,2024-04-23,Smart Meter,Installation,Smart Meter Installation angefragt,Neutral,Email,Mittel,2024-05-07,87
8115,16379,2023-09-26,Solar,Technisch,Einspeisevergütung Frage,Neutral,Telefon,Hoch,2023-09-27,99
8116,7533,2023-08-06,Wallbox,E-Mobility,Wallbox defekt,Negativ,App,Mittel,2023-08-19,17
8117,595,2023-09-24,Allgemein,Service,Kontaktdaten ändern,Neutral,Email,Kritisch,2023-09-27,128
8118,170,2024-05-01,Wallbox,E-Mobility,Wallbox lädt nicht,Negativ,App,Hoch,2024-05-07,15
8119,18891,2025-05-13,Speicher,Technisch,Kapazität gesunken,Neutral,Email,Mittel,2025-05-18,161
8120,4047,2025-01-08,Speicher,Technisch,Kapazität gesunken,Neutral,Email,Mittel,2025-01-17,194
8121,11332,2024-10-08,Speicher,Technisch,Kapazität gesunken,Negativ,Chat,Mittel,2024-10-18,148
8122,4698,2024-09-15,Solar,Technisch,Monitoring nicht verfügbar,Negativ,Email,Hoch,2024-09-18,197
8123,15626,2024-09-12,Smart Meter,Installation,Smart Meter Ablesung fehlerhaft,Neutral,Chat,Mittel,2024-09-16,115
8124,4193,2025-06-16,Solar,Technisch,Wechselrichter Fehler,Positiv,Chat,Mittel,2025-06-23,171
8125,11031,2023-08-04,Solar,Technisch,Wechselrichter Fehler,Neutral,Email,Hoch,2023-08-09,124
8126,6436,2024-11-28,Rechnung,Abrechnung,Abschlag anpassen,Neutral,Chat,Hoch,2024-11-30,127
8127,14559,2024-12-02,Tarif,Vertrag,Umzug melden,Negativ,Chat,Niedrig,2024-12-06,20
8128,19254,2025-02-01,Rechnung,Abrechnung,Zahlungsplan angefragt,Neutral,Telefon,Niedrig,2025-02-10,168
8129,734,2023-11-29,Wärmepumpe,Technisch,Wärmepumpe Störung,Negativ,Chat,Hoch,2023-12-06,63
8130,13916,2025-04-19,Rechnung,Abrechnung,Abschlag zu hoch,Neutral,App,Mittel,2025-04-24,120
8131,16945,2023-03-16,Speicher,Technisch,Speicher lädt nicht,Negativ,App,Hoch,2023-03-16,119
8132,3569,2023-03-22,Wärmepumpe,Technisch,Wartung angefragt,Positiv,Chat,Mittel,2023-03-25,86
8133,18952,2024-08-07,Wallbox,E-Mobility,Wallbox defekt,Negativ,App,Hoch,2024-08-09,8
8134,587,2023-02-15,Smart Meter,Installation,Smart Meter defekt,Negativ,Email,Niedrig,2023-02-20,131
8135,7073,2025-05-13,Wallbox,E-Mobility,Wallbox Installation angefragt,Negativ,Telefon,Mittel,2025-05-19,47
8136,14536,2024-12-29,Wärmepumpe,Technisch,Wärmepumpe läuft nicht,Negativ,App,Kritisch,2024-12-31,140
8137,9703,2023-03-14,Allgemein,Service,Kontaktdaten ändern,Positiv,Email,Mittel,2023-03-28,187
8138,1089,2024-12-14,Tarif,Vertrag,Tarifwechsel angefragt,Neutral,Chat,Mittel,2024-12-17,193
8139,3815,2023-01-12,Speicher,Technisch,Batteriespeicher Störung,Negativ,Chat,Mittel,2023-01-20,165
8140,14615,2024-04-19,Wärmepumpe,Technisch,Wartung angefragt,Neutral,Telefon,Niedrig,2024-05-03,2
8141,11613,2024-06-16,Wärmepumpe,Technisch,Wärmepumpe Störung,Negativ,App,Kritisch,2024-06-18,67
8142,13438,2024-01-07,Allgemein,Service,Lob,Positiv,Telefon,Niedrig,2024-01-12,191
8143,8678,2025-04-17,Smart Meter,Installation,Smart Meter Ablesung fehlerhaft,Positiv,Email,Mittel,2025-04-22,106
8144,12727,2023-09-15,Wärmepumpe,Technisch,Wärmepumpe läuft nicht,Negativ,Telefon,Niedrig,2023-09-15,186
8145,10499,2023-04-13,Speicher,Technisch,Batteriespeicher Störung,Negativ,Telefon,Hoch,2023-04-18,198
8146,12785,2025-01-31,Wallbox,E-Mobility,Ladekarte Probleme,Neutral,Telefon,Mittel,2025-02-05,136
8147,12131,2024-11-11,Rechnung,Abrechnung,Rechnungsfrage,Neutral,Email,Mittel,2024-11-19,76
8148,9028,2023-04-18,Allgemein,Service,Allgemeine Anfrage,Negativ,App,Mittel,2023-04-29,42
8149,13680,2023-05-07,Wärmepumpe,Technisch,Wartung angefragt,Negativ,App,Hoch,2023-05-07,106
8150,16431,2023-03-11,Allgemein,Service,Allgemeine Anfrage,Neutral,Telefon,Niedrig,2023-03-23,153
8151,15621,2024-11-13,Speicher,Technisch,Kapazität gesunken,Neutral,Email,Hoch,2024-11-20,132
8152,16029,2024-10-15,Rechnung,Abrechnung,Abschlag anpassen,Positiv,Telefon,Kritisch,2024-10-15,59
8153,2151,2024-10-19,Solar,Technisch,Solaranlage Ertrag niedrig,Neutral,Chat,Mittel,2024-10-29,118
8154,17797,2023-09-21,Wärmepumpe,Technisch,Geräuschentwicklung zu hoch,Neutral,App,Niedrig,2023-09-24,51
8155,6359,2024-10-14,Allgemein,Service,Informationsanfrage,Neutral,App,Niedrig,2024-10-16,141
8156,8346,2025-04-28,Wärmepumpe,Technisch,Wärmepumpe läuft nicht,Negativ,Email,Kritisch,2025-05-04,116
8157,9782,2023-10-02,Rechnung,Abrechnung,Rechnungsfrage,Neutral,Email,Hoch,2023-10-02,1
8158,15444,2023-08-05,Rechnung,Abrechnung,Zahlungsplan angefragt,Neutral,Telefon,Hoch,2023-08-06,50
8159,7152,2023-10-21,Tarif,Vertrag,Ökostrom Umstellung,Neutral,Telefon,Niedrig,2023-10-23,50
8160,3921,2025-03-31,Solar,Technisch,Solaranlage Ertrag niedrig,Neutral,Telefon,Mittel,2025-04-08,199
8161,16718,2023-06-25,Smart Meter,Installation,Smart Meter App funktioniert nicht,Negativ,Telefon,Niedrig,2023-07-06,137
8162,12108,2023-05-25,Allgemein,Service,Lob,Positiv,Email,Niedrig,2023-06-06,110
8163,474,2024-10-07,Speicher,Technisch,Kapazität gesunken,Neutral,Telefon,Mittel,2024-10-11,43
8164,11429,2023-05-02,Rechnung,Abrechnung,Abschlag anpassen,Neutral,App,Hoch,2023-05-02,25
8165,1607,2024-10-25,Allgemein,Service,Allgemeine Anfrage,Neutral,Telefon,Mittel,2024-10-26,16
8166,6743,2023-09-06,Tarif,Vertrag,Tarifwechsel angefragt,Neutral,App,Hoch,2023-09-09,93
8167,10666,2024-12-16,Speicher,Technisch,Kapazität gesunken,Neutral,App,Mittel,2024-12-21,48
8168,2329,2025-06-24,Rechnung,Abrechnung,Unstimmigkeit in Rechnung,Neutral,Telefon,Niedrig,2025-07-02,24
8169,13964,2025-01-13,Wallbox,E-Mobility,Wallbox lädt nicht,Negativ,Email,Hoch,2025-01-15,111
8170,1999,2024-12-18,Allgemein,Service,Lob,Positiv,Telefon,Niedrig,2025-01-01,116
8171,12749,2025-03-30,Allgemein,Service,Informationsanfrage,Neutral,Chat,Mittel,2025-04-07,181
8172,14080,2024-09-08,Wärmepumpe,Technisch,Wartung angefragt,Neutral,App,Mittel,2024-09-18,158
8173,13123,2024-08-04,Speicher,Technisch,Batteriespeicher Störung,Negativ,App,Hoch,2024-08-10,52
8174,4574,2024-10-31,Wärmepumpe,Technisch,Wärmepumpe läuft nicht,Negativ,Telefon,Kritisch,2024-11-04,71
8175,17494,2024-05-02,Speicher,Technisch,Speicher lädt nicht,Negativ,Email,Kritisch,2024-05-09,1
8176,7021,2025-02-19,Smart Meter,Installation,Smart Meter Installation angefragt,Negativ,Chat,Mittel,2025-02-27,187
8177,7508,2023-04-19,Speicher,Technisch,Speicher lädt nicht,Negativ,App,Mittel,2023-04-22,94
8178,14447,2024-08-25,Wärmepumpe,Technisch,Geräuschentwicklung zu hoch,Neutral,Email,Mittel,2024-09-01,188
8179,345,2023-01-27,Solar,Technisch,Einspeisevergütung Frage,Neutral,Telefon,Mittel,2023-01-30,114
8180,4946,2023-05-09,Smart Meter,Installation,Smart Meter Installation angefragt,Positiv,Chat,Mittel,2023-05-15,96
8181,7480,2024-03-29,Allgemein,Service,Kontaktdaten ändern,Neutral,Telefon,Mittel,2024-04-12,141
8182,4500,2024-05-11,Tarif,Vertrag,Tarifwechsel angefragt,Negativ,Email,Mittel,2024-05-15,40
8183,1365,2023-11-15,Rechnung,Abrechnung,Gutschrift angefragt,Neutral,App,Mittel,2023-11-26,139
8184,16466,2023-09-16,Allgemein,Service,Allgemeine Anfrage,Neutral,Chat,Mittel,2023-09-16,189
8185,7306,2025-02-11,Wärmepumpe,Technisch,Wartung angefragt,Neutral,App,Hoch,2025-02-14,50
8186,19396,2025-02-13,Tarif,Vertrag,Ökostrom Umstellung,Neutral,App,Niedrig,2025-02-25,139
8187,3282,2024-12-07,Tarif,Vertrag,Preisgarantie Frage,Neutral,App,Hoch,2024-12-10,81
8188,12102,2023-11-27,Wallbox,E-Mobility,Ladekarte Probleme,Negativ,App,Hoch,2023-12-03,109
8189,15134,2024-07-06,Smart Meter,Installation,Smart Meter zeigt keine Daten,Positiv,Chat,Hoch,2024-07-09,164
8190,2138,2024-12-12,Solar,Technisch,Solaranlage Ertrag niedrig,Neutral,Telefon,Mittel,2024-12-16,30
8191,19552,2023-01-11,Speicher,Technisch,Batteriespeicher Störung,Negativ,Email,Kritisch,2023-01-12,11
8192,19733,2023-04-04,Rechnung,Abrechnung,Gutschrift angefragt,Neutral,App,Mittel,2023-04-07,175
8193,12596,2023-10-31,Wallbox,E-Mobility,Ladekarte Probleme,Neutral,Email,Hoch,2023-11-03,107
8194,8617,2023-10-05,Wallbox,E-Mobility,Ladekarte Probleme,Negativ,Email,Mittel,2023-10-12,44
8195,9610,2024-09-13,Wallbox,E-Mobility,Wallbox lädt nicht,Negativ,Chat,Hoch,2024-09-19,40
8196,2870,2023-12-30,Wallbox,E-Mobility,Wallbox Installation angefragt,Positiv,Chat,Niedrig,2024-01-02,67
8197,15632,2023-05-15,Rechnung,Abrechnung,Gutschrift angefragt,Neutral,Chat,Mittel,2023-05-18,39
8198,12125,2023-11-04,Tarif,Vertrag,Vertragsverlängerung,Neutral,App,Mittel,2023-11-11,105
8199,18011,2023-02-07,Rechnung,Abrechnung,Rechnungsfrage,Positiv,App,Niedrig,2023-02-14,27
8200,11748,2024-03-06,Solar,Technisch,Einspeisevergütung Frage,Neutral,Telefon,Mittel,2024-03-18,168
8201,12648,2025-05-03,Wärmepumpe,Technisch,Wartung angefragt,Neutral,Chat,Mittel,2025-05-11,159
8202,431,2025-01-01,Tarif,Vertrag,Ökostrom Umstellung,Negativ,Telefon,Hoch,2025-01-04,134
8203,1790,2023-10-28,Wallbox,E-Mobility,App-Verbindung unterbrochen,Neutral,App,Mittel,2023-11-08,30
8204,18217,2023-04-24,Tarif,Vertrag,Kündigung,Neutral,Chat,Mittel,2023-05-04,198
8205,14060,2023-01-14,Solar,Technisch,Monitoring nicht verfügbar,Negativ,Email,Kritisch,2023-01-21,59
8206,431,2025-04-04,Wärmepumpe,Technisch,Fehlercode E01 angezeigt,Neutral,Chat,Hoch,2025-04-07,194
8207,6767,2024-12-24,Solar,Technisch,Monitoring nicht verfügbar,Negativ,Telefon,Niedrig,2024-12-24,27
8208,11702,2025-04-03,Wärmepumpe,Technisch,Wärmepumpe läuft nicht,Negativ,App,Mittel,2025-04-08,83
8209,13082,2023-12-30,Speicher,Technisch,Speicher lädt nicht,Negativ,App,Mittel,2024-01-12,157
8210,10298,2023-02-15,Allgemein,Service,Beschwerde,Negativ,Telefon,Niedrig,2023-02-16,75
8211,83,2024-04-06,Tarif,Vertrag,Ökostrom Umstellung,Neutral,Telefon,Mittel,2024-04-13,171
8212,4188,2024-11-06,Tarif,Vertrag,Vertragsverlängerung,Negativ,Telefon,Mittel,2024-11-18,195
8213,15907,2024-06-02,Wärmepumpe,Technisch,Geräuschentwicklung zu hoch,Neutral,Telefon,Mittel,2024-06-06,184
8214,14723,2024-09-19,Smart Meter,Installation,Smart Meter App funktioniert nicht,Negativ,Chat,Kritisch,2024-09-19,52
8215,2145,2023-04-14,Rechnung,Abrechnung,Gutschrift angefragt,Neutral,App,Hoch,2023-04-20,109
8216,7391,2025-03-20,Allgemein,Service,Allgemeine Anfrage,Positiv,Chat,Hoch,2025-03-25,18
8217,9048,2023-10-24,Speicher,Technisch,Batteriespeicher Störung,Negativ,Email,Mittel,2023-10-28,165
8218,7451,2023-03-07,Smart Meter,Installation,Smart Meter defekt,Negativ,Telefon,Kritisch,2023-03-11,82
8219,17805,2023-01-31,Tarif,Vertrag,Tarifwechsel angefragt,Neutral,Email,Niedrig,2023-02-07,22
8220,11731,2024-05-25,Wärmepumpe,Technisch,Effizienz zu niedrig,Negativ,Email,Niedrig,2024-05-25,50
8221,12283,2023-12-11,Tarif,Vertrag,Vertragsverlängerung,Neutral,App,Mittel,2023-12-19,134
8222,8001,2023-01-07,Wallbox,E-Mobility,Wallbox defekt,Negativ,Email,Niedrig,2023-01-14,159
8223,12898,2023-12-31,Wärmepumpe,Technisch,Fehlercode E01 angezeigt,Negativ,Chat,Hoch,2024-01-01,106
8224,16564,2024-08-04,Allgemein,Service,Allgemeine Anfrage,Neutral,Email,Niedrig,2024-08-10,193
8225,19383,2024-10-24,Smart Meter,Installation,Smart Meter defekt,Negativ,Chat,Kritisch,2024-10-25,106
8226,1147,2025-06-19,Smart Meter,Installation,Smart Meter App funktioniert nicht,Negativ,Telefon,Hoch,2025-06-23,121
8227,8241,2024-01-30,Allgemein,Service,Beschwerde,Negativ,Email,Hoch,2024-01-31,122
8228,11156,2024-05-30,Tarif,Vertrag,Kündigung,Positiv,Email,Hoch,2024-06-05,160
8229,2621,2023-04-08,Wärmepumpe,Technisch,Geräuschentwicklung zu hoch,Neutral,App,Niedrig,2023-04-22,96
8230,5198,2023-10-16,Wärmepumpe,Technisch,Fehlercode E01 angezeigt,Neutral,Chat,Mittel,2023-10-28,25
8231,5117,2024-08-21,Rechnung,Abrechnung,Zahlungsplan angefragt,Negativ,App,Hoch,2024-08-27,49
8232,5432,2023-08-06,Wärmepumpe,Technisch,Wartung angefragt,Neutral,App,Hoch,2023-08-07,12
8233,2819,2025-03-11,Allgemein,Service,Allgemeine Anfrage,Neutral,Chat,Niedrig,2025-03-24,45
8234,16641,2024-06-24,Speicher,Technisch,Batteriespeicher Störung,Negativ,Email,Kritisch,2024-06-27,29
8235,17046,2023-12-22,Smart Meter,Installation,Smart Meter zeigt keine Daten,Neutral,Telefon,Mittel,2023-12-24,102
8236,18660,2023-08-03,Speicher,Technisch,Batteriespeicher Störung,Negativ,App,Hoch,2023-08-10,100
8237,5853,2023-06-02,Tarif,Vertrag,Vertragsverlängerung,Neutral,Telefon,Mittel,2023-06-13,42
8238,6066,2024-10-29,Wärmepumpe,Technisch,Wärmepumpe läuft nicht,Negativ,Email,Niedrig,2024-11-09,186
8239,15857,2024-06-03,Solar,Technisch,Solaranlage produziert nicht,Negativ,App,Kritisch,2024-06-05,151
8240,16166,2024-07-28,Speicher,Technisch,Batteriespeicher Störung,Negativ,Chat,Kritisch,2024-08-01,40
8241,17261,2023-12-16,Allgemein,Service,Beschwerde,Negativ,App,Hoch,2023-12-18,93
8242,18914,2023-02-18,Wallbox,E-Mobility,App-Verbindung unterbrochen,Positiv,Email,Hoch,2023-02-24,4
8243,7727,2024-11-27,Solar,Technisch,Solaranlage Ertrag niedrig,Negativ,App,Niedrig,2024-12-08,63
8244,10194,2024-11-10,Speicher,Technisch,Kapazität gesunken,Neutral,Telefon,Niedrig,2024-11-13,43
8245,818,2025-05-15,Solar,Technisch,Einspeisevergütung Frage,Neutral,Email,Mittel,2025-05-24,193
8246,4369,2024-07-20,Speicher,Technisch,Batteriespeicher Störung,Negativ,Email,Hoch,2024-07-22,170
8247,7850,2023-10-01,Smart Meter,Installation,Smart Meter App funktioniert nicht,Negativ,Chat,Kritisch,2023-10-05,177
8248,9102,2023-08-11,Speicher,Technisch,Speicher lädt nicht,Negativ,Telefon,Niedrig,2023-08-11,58
8249,9048,2024-05-25,Solar,Technisch,Monitoring nicht verfügbar,Negativ,Email,Hoch,2024-05-31,83
8250,3342,2023-05-12,Rechnung,Abrechnung,Abschlag anpassen,Negativ,Chat,Hoch,2023-05-16,190
8251,17191,2025-02-01,Wallbox,E-Mobility,Wallbox Installation angefragt,Negativ,Email,Mittel,2025-02-10,193
8252,13729,2023-04-12,Smart Meter,Installation,Smart Meter defekt,Negativ,Telefon,Mittel,2023-04-14,101
8253,8499,2023-10-29,Solar,Technisch,Solaranlage Ertrag niedrig,Neutral,Email,Mittel,2023-11-03,168
8254,2675,2023-07-27,Smart Meter,Installation,Smart Meter zeigt keine Daten,Positiv,Telefon,Niedrig,2023-07-29,106
8255,357,2025-05-01,Smart Meter,Installation,Smart Meter App funktioniert nicht,Negativ,App,Kritisch,2025-05-07,110
8256,15034,2023-08-04,Wallbox,E-Mobility,App-Verbindung unterbrochen,Negativ,Telefon,Kritisch,2023-08-11,161
8257,3855,2025-02-05,Tarif,Vertrag,Kündigung,Positiv,Email,Kritisch,2025-02-12,65
8258,3222,2025-06-28,Rechnung,Abrechnung,Rechnungsfrage,Neutral,Telefon,Niedrig,2025-07-02,199
8259,16508,2023-02-26,Smart Meter,Installation,Smart Meter defekt,Negativ,App,Hoch,2023-02-27,93
8260,19864,2024-11-28,Smart Meter,Installation,Smart Meter zeigt keine Daten,Negativ,Telefon,Niedrig,2024-12-01,82
8261,18911,2025-04-15,Speicher,Technisch,Speicher lädt nicht,Negativ,Telefon,Mittel,2025-04-15,73
8262,5798,2025-03-30,Rechnung,Abrechnung,Unstimmigkeit in Rechnung,Negativ,Email,Niedrig,2025-03-30,108
8263,12619,2023-05-09,Speicher,Technisch,Kapazität gesunken,Neutral,App,Niedrig,2023-05-17,56
8264,18050,2025-02-10,Tarif,Vertrag,Vertragsverlängerung,Negativ,App,Mittel,2025-02-16,37
8265,17313,2023-08-21,Smart Meter,Installation,Smart Meter Installation angefragt,Neutral,Chat,Hoch,2023-08-26,5
8266,5318,2023-11-01,Rechnung,Abrechnung,Zahlungsplan angefragt,Neutral,Email,Niedrig,2023-11-08,79
8267,4434,2024-04-01,Wallbox,E-Mobility,Wallbox defekt,Negativ,Email,Mittel,2024-04-09,17
8268,2098,2024-02-04,Allgemein,Service,Allgemeine Anfrage,Neutral,Chat,Mittel,2024-02-06,112
8269,22,2023-06-17,Tarif,Vertrag,Kündigung,Positiv,App,Niedrig,2023-06-19,2
8270,15280,2024-08-25,Wallbox,E-Mobility,Wallbox lädt nicht,Negativ,Email,Hoch,2024-08-30,17
8271,10672,2024-06-02,Wärmepumpe,Technisch,Geräuschentwicklung zu hoch,Neutral,App,Niedrig,2024-06-10,101
8272,5825,2023-02-17,Smart Meter,Installation,Smart Meter Ablesung fehlerhaft,Neutral,Chat,Niedrig,2023-02-27,156
8273,773,2025-01-25,Wärmepumpe,Technisch,Wartung angefragt,Neutral,App,Mittel,2025-02-01,117
8274,14131,2024-07-07,Solar,Technisch,Solaranlage Ertrag niedrig,Neutral,Email,Mittel,2024-07-16,60
8275,3729,2025-05-12,Wärmepumpe,Technisch,Wärmepumpe läuft nicht,Negativ,Chat,Kritisch,2025-05-18,102
8276,6743,2023-04-28,Allgemein,Service,Allgemeine Anfrage,Negativ,Email,Mittel,2023-04-28,26
8277,10345,2024-07-27,Rechnung,Abrechnung,Gutschrift angefragt,Neutral,Telefon,Niedrig,2024-08-07,85
8278,1572,2024-03-10,Tarif,Vertrag,Kündigung,Neutral,Email,Niedrig,2024-03-12,163
8279,13982,2023-08-20,Rechnung,Abrechnung,Rechnungsfrage,Neutral,Chat,Mittel,2023-08-22,15
8280,1495,2023-09-17,Solar,Technisch,Solaranlage Ertrag niedrig,Positiv,Telefon,Mittel,2023-09-24,54
8281,5533,2025-03-03,Speicher,Technisch,Batteriespeicher Störung,Negativ,Telefon,Niedrig,2025-03-06,6
8282,3447,2023-07-12,Speicher,Technisch,Speicher lädt nicht,Negativ,Chat,Mittel,2023-07-25,91
8283,236,2023-05-18,Solar,Technisch,Solaranlage produziert nicht,Negativ,Email,Hoch,2023-05-25,60
8284,5004,2024-11-04,Rechnung,Abrechnung,Zahlungsplan angefragt,Neutral,Telefon,Mittel,2024-11-07,73
8285,15358,2024-10-17,Rechnung,Abrechnung,Gutschrift angefragt,Neutral,Email,Niedrig,2024-10-29,126
8286,12861,2023-03-01,Solar,Technisch,Einspeisevergütung Frage,Neutral,Chat,Hoch,2023-03-01,46
8287,9962,2023-11-11,Wallbox,E-Mobility,Ladekarte Probleme,Neutral,Chat,Mittel,2023-11-25,198
8288,8567,2025-04-10,Speicher,Technisch,Batteriespeicher Störung,Negativ,Telefon,Kritisch,2025-04-13,147
8289,4925,2025-05-07,Wallbox,E-Mobility,Wallbox defekt,Negativ,App,Kritisch,2025-05-13,163
8290,17946,2024-03-29,Wärmepumpe,Technisch,Fehlercode E01 angezeigt,Neutral,Chat,Niedrig,2024-04-02,80
8291,2619,2023-10-08,Wärmepumpe,Technisch,Geräuschentwicklung zu hoch,Negativ,Email,Niedrig,2023-10-16,9
8292,15031,2023-07-15,Speicher,Technisch,Kapazität gesunken,Positiv,App,Hoch,2023-07-22,18
8293,2826,2025-02-09,Solar,Technisch,Solaranlage Ertrag niedrig,Neutral,App,Mittel,2025-02-09,85
8294,15810,2024-02-12,Wärmepumpe,Technisch,Wartung angefragt,Neutral,Chat,Mittel,2024-02-20,60
8295,2014,2023-12-09,Solar,Technisch,Monitoring nicht verfügbar,Negativ,Telefon,Mittel,2023-12-16,137
8296,11333,2024-12-29,Solar,Technisch,Einspeisevergütung Frage,Negativ,Email,Mittel,2024-12-30,78
8297,18715,2023-04-16,Solar,Technisch,Monitoring nicht verfügbar,Negativ,Email,Hoch,2023-04-16,93
8298,15325,2024-06-05,Allgemein,Service,Allgemeine Anfrage,Negativ,App,Mittel,2024-06-10,136
8299,13627,2023-06-16,Wärmepumpe,Technisch,Wärmepumpe Störung,Negativ,Telefon,Hoch,2023-06-20,49
8300,17954,2023-02-21,Wärmepumpe,Technisch,Wartung angefragt,Negativ,App,Niedrig,2023-02-27,57
8301,10397,2023-03-08,Allgemein,Service,Lob,Positiv,Chat,Niedrig,2023-03-10,82
8302,15368,2024-05-04,Wallbox,E-Mobility,Wallbox defekt,Negativ,Telefon,Hoch,2024-05-09,176
8303,13265,2023-05-13,Wärmepumpe,Technisch,Effizienz zu niedrig,Neutral,Chat,Hoch,2023-05-15,165
8304,5082,2024-07-16,Smart Meter,Installation,Smart Meter zeigt keine Daten,Neutral,Email,Mittel,2024-07-18,32
8305,13710,2025-01-12,Wärmepumpe,Technisch,Wärmepumpe Störung,Negativ,Email,Mittel,2025-01-14,22
8306,11952,2023-09-19,Allgemein,Service,Lob,Positiv,Email,Niedrig,2023-09-25,77
8307,11379,2024-05-08,Rechnung,Abrechnung,Unstimmigkeit in Rechnung,Neutral,Chat,Kritisch,2024-05-15,29
8308,10645,2023-05-18,Rechnung,Abrechnung,Unstimmigkeit in Rechnung,Neutral,Email,Mittel,2023-05-19,32
8309,18503,2023-02-16,Wärmepumpe,Technisch,Wärmepumpe läuft nicht,Negativ,Telefon,Hoch,2023-02-17,195
8310,14173,2024-11-02,Speicher,Technisch,Batteriespeicher Störung,Negativ,Chat,Hoch,2024-11-05,159
8311,18288,2023-03-19,Solar,Technisch,Monitoring nicht verfügbar,Negativ,Chat,Mittel,2023-03-23,45
8312,622,2025-01-16,Allgemein,Service,Kontaktdaten ändern,Neutral,Email,Mittel,2025-01-29,181
8313,1009,2024-11-14,Tarif,Vertrag,Kündigung,Negativ,Chat,Hoch,2024-11-17,155
8314,12308,2024-01-27,Tarif,Vertrag,Vertragsverlängerung,Neutral,Telefon,Mittel,2024-01-29,156
8315,19210,2024-03-02,Speicher,Technisch,Batteriespeicher Störung,Negativ,Telefon,Mittel,2024-03-12,83
8316,13659,2025-03-22,Tarif,Vertrag,Vertragsverlängerung,Negativ,Email,Hoch,2025-03-25,184
8317,5511,2024-02-09,Allgemein,Service,Lob,Positiv,Telefon,Niedrig,2024-02-09,47
8318,14752,2024-04-11,Tarif,Vertrag,Umzug melden,Neutral,App,Mittel,2024-04-23,142
8319,7968,2024-02-04,Wärmepumpe,Technisch,Geräuschentwicklung zu hoch,Neutral,Chat,Mittel,2024-02-10,15
8320,13110,2023-12-13,Wärmepumpe,Technisch,Wärmepumpe läuft nicht,Negativ,Email,Hoch,2023-12-19,71
8321,3349,2023-01-28,Tarif,Vertrag,Preisgarantie Frage,Neutral,Telefon,Hoch,2023-01-28,74
8322,2633,2023-05-17,Solar,Technisch,Solaranlage produziert nicht,Negativ,Chat,Niedrig,2023-05-30,53
8323,12589,2024-12-13,Solar,Technisch,Solaranlage produziert nicht,Negativ,Telefon,Hoch,2024-12-18,170
8324,2221,2024-04-08,Tarif,Vertrag,Ökostrom Umstellung,Neutral,Email,Mittel,2024-04-22,160
8325,314,2023-06-07,Rechnung,Abrechnung,Zahlungsplan angefragt,Negativ,Telefon,Mittel,2023-06-09,84
8326,593,2023-08-25,Allgemein,Service,Kontaktdaten ändern,Positiv,Telefon,Hoch,2023-08-27,74
8327,15318,2025-06-05,Solar,Technisch,Wechselrichter Fehler,Neutral,Email,Niedrig,2025-06-17,10
8328,13721,2023-07-16,Smart Meter,Installation,Smart Meter App funktioniert nicht,Negativ,App,Mittel,2023-07-21,65
8329,5866,2024-02-21,Rechnung,Abrechnung,Zahlungsplan angefragt,Positiv,App,Mittel,2024-02-25,169
8330,6597,2023-08-05,Wallbox,E-Mobility,App-Verbindung unterbrochen,Neutral,Telefon,Mittel,2023-08-14,97
8331,3087,2024-04-01,Smart Meter,Installation,Smart Meter Ablesung fehlerhaft,Neutral,App,Niedrig,2024-04-10,32
8332,11245,2025-01-09,Solar,Technisch,Solaranlage produziert nicht,Negativ,Chat,Hoch,2025-01-10,2
8333,4700,2025-05-04,Solar,Technisch,Solaranlage produziert nicht,Negativ,Chat,Hoch,2025-05-08,56
8334,17081,2023-08-07,Smart Meter,Installation,Smart Meter Ablesung fehlerhaft,Neutral,Telefon,Niedrig,2023-08-11,41
8335,2449,2023-03-05,Smart Meter,Installation,Smart Meter Ablesung fehlerhaft,Neutral,Email,Mittel,2023-03-12,116
8336,6319,2025-06-23,Solar,Technisch,Solaranlage produziert nicht,Negativ,App,Hoch,2025-06-29,155
8337,6700,2024-03-16,Wallbox,E-Mobility,Wallbox defekt,Negativ,Email,Mittel,2024-03-30,62
8338,7412,2025-01-07,Smart Meter,Installation,Smart Meter Ablesung fehlerhaft,Neutral,Email,Mittel,2025-01-20,31
8339,3214,2023-05-27,Allgemein,Service,Allgemeine Anfrage,Neutral,Telefon,Mittel,2023-06-10,96
8340,5555,2025-06-05,Allgemein,Service,Beschwerde,Negativ,App,Mittel,2025-06-09,100
8341,13430,2025-03-14,Rechnung,Abrechnung,Unstimmigkeit in Rechnung,Positiv,Telefon,Mittel,2025-03-27,119
8342,3688,2024-10-27,Rechnung,Abrechnung,Zahlungsplan angefragt,Neutral,Email,Niedrig,2024-11-09,95
8343,9687,2024-04-26,Allgemein,Service,Informationsanfrage,Negativ,App,Niedrig,2024-04-26,174
8344,16385,2024-01-04,Allgemein,Service,Informationsanfrage,Neutral,Email,Niedrig,2024-01-04,143
8345,14030,2024-05-23,Tarif,Vertrag,Preisgarantie Frage,Neutral,Email,Hoch,2024-05-30,161
8346,4622,2023-02-22,Tarif,Vertrag,Kündigung,Neutral,Telefon,Mittel,2023-03-08,46
8347,9560,2024-12-11,Smart Meter,Installation,Smart Meter Installation angefragt,Neutral,Email,Niedrig,2024-12-23,81
8348,13403,2023-02-01,Wärmepumpe,Technisch,Effizienz zu niedrig,Negativ,App,Niedrig,2023-02-03,117
8349,70,2023-04-29,Wärmepumpe,Technisch,Fehlercode E01 angezeigt,Positiv,Email,Mittel,2023-05-13,80
8350,2777,2023-04-18,Rechnung,Abrechnung,Unstimmigkeit in Rechnung,Neutral,Chat,Mittel,2023-04-25,128
8351,18930,2024-10-24,Smart Meter,Installation,Smart Meter defekt,Negativ,Telefon,Kritisch,2024-10-24,118
8352,1728,2024-01-23,Rechnung,Abrechnung,Zahlungsplan angefragt,Neutral,Email,Mittel,2024-02-03,42
8353,16265,2025-04-14,Tarif,Vertrag,Tarifwechsel angefragt,Neutral,App,Kritisch,2025-04-15,171
8354,4737,2023-08-11,Allgemein,Service,Lob,Positiv,Telefon,Niedrig,2023-08-14,160
8355,12260,2023-05-20,Rechnung,Abrechnung,Zahlungsplan angefragt,Negativ,Chat,Niedrig,2023-05-29,180
8356,510,2025-01-02,Smart Meter,Installation,Smart Meter defekt,Negativ,App,Hoch,2025-01-04,110
8357,7637,2024-11-16,Smart Meter,Installation,Smart Meter zeigt keine Daten,Neutral,Email,Mittel,2024-11-23,4
8358,14538,2024-04-03,Wärmepumpe,Technisch,Fehlercode E01 angezeigt,Positiv,Chat,Mittel,2024-04-09,153
8359,3087,2023-09-16,Smart Meter,Installation,Smart Meter Installation angefragt,Negativ,Telefon,Niedrig,2023-09-16,53
8360,17553,2024-03-14,Allgemein,Service,Lob,Positiv,App,Niedrig,2024-03-26,2
8361,5093,2024-10-17,Wärmepumpe,Technisch,Wärmepumpe Störung,Negativ,Chat,Hoch,2024-10-20,98
8362,1361,2024-02-01,Allgemein,Service,Beschwerde,Negativ,Chat,Hoch,2024-02-05,142
8363,11164,2024-10-16,Smart Meter,Installation,Smart Meter Ablesung fehlerhaft,Neutral,Telefon,Niedrig,2024-10-22,16
8364,12678,2023-06-30,Tarif,Vertrag,Preisgarantie Frage,Neutral,Chat,Niedrig,2023-07-02,168
8365,14745,2023-10-06,Tarif,Vertrag,Umzug melden,Neutral,Chat,Kritisch,2023-10-12,58
8366,9453,2024-09-03,Tarif,Vertrag,Ökostrom Umstellung,Negativ,App,Hoch,2024-09-05,166
8367,375,2024-04-25,Allgemein,Service,Kontaktdaten ändern,Negativ,Telefon,Mittel,2024-04-30,56
8368,18202,2024-05-16,Wärmepumpe,Technisch,Wartung angefragt,Positiv,Telefon,Mittel,2024-05-23,6
8369,18187,2024-09-07,Speicher,Technisch,Kapazität gesunken,Positiv,Telefon,Mittel,2024-09-20,179
8370,3329,2023-08-20,Wärmepumpe,Technisch,Fehlercode E01 angezeigt,Neutral,Email,Mittel,2023-09-02,125
8371,3245,2023-06-07,Solar,Technisch,Solaranlage produziert nicht,Negativ,Telefon,Hoch,2023-06-08,118
8372,17929,2023-03-02,Tarif,Vertrag,Umzug melden,Neutral,Email,Hoch,2023-03-03,59
8373,2409,2024-03-16,Smart Meter,Installation,Smart Meter zeigt keine Daten,Neutral,Email,Mittel,2024-03-26,126
8374,11958,2023-11-04,Rechnung,Abrechnung,Abschlag zu hoch,Negativ,Chat,Mittel,2023-11-06,168
8375,1765,2023-07-25,Wärmepumpe,Technisch,Wartung angefragt,Neutral,Telefon,Mittel,2023-07-25,158
8376,4448,2023-06-21,Wärmepumpe,Technisch,Fehlercode E01 angezeigt,Negativ,Chat,Hoch,2023-06-21,95
8377,16088,2023-07-13,Speicher,Technisch,Speicher lädt nicht,Negativ,Chat,Mittel,2023-07-18,69
8378,5573,2024-05-04,Allgemein,Service,Informationsanfrage,Positiv,Chat,Niedrig,2024-05-09,105
8379,3032,2023-09-11,Wallbox,E-Mobility,Wallbox lädt nicht,Negativ,Chat,Hoch,2023-09-15,66
8380,6516,2025-01-16,Smart Meter,Installation,Smart Meter Ablesung fehlerhaft,Neutral,Chat,Mittel,2025-01-19,124
8381,4481,2024-02-05,Allgemein,Service,Allgemeine Anfrage,Neutral,App,Mittel,2024-02-06,178
8382,2135,2024-10-10,Allgemein,Service,Beschwerde,Negativ,App,Mittel,2024-10-12,189
8383,13655,2023-01-22,Solar,Technisch,Solaranlage produziert nicht,Negativ,Telefon,Mittel,2023-02-02,142
8384,7920,2025-04-17,Speicher,Technisch,Kapazität gesunken,Negativ,Telefon,Mittel,2025-04-30,195
8385,1567,2023-03-26,Solar,Technisch,Monitoring nicht verfügbar,Negativ,App,Hoch,2023-03-26,28
8386,13341,2023-03-31,Speicher,Technisch,Batteriespeicher Störung,Negativ,Chat,Mittel,2023-04-09,22
8387,10439,2025-04-16,Speicher,Technisch,Batteriespeicher Störung,Negativ,App,Mittel,2025-04-16,84
8388,13691,2024-12-11,Speicher,Technisch,Speicher lädt nicht,Negativ,Telefon,Hoch,2024-12-16,184
8389,19816,2024-03-31,Speicher,Technisch,Speicher lädt nicht,Negativ,Chat,Niedrig,2024-04-13,31
8390,8230,2023-04-25,Speicher,Technisch,Kapazität gesunken,Neutral,Chat,Hoch,2023-04-28,116
8391,8477,2023-04-07,Tarif,Vertrag,Vertragsverlängerung,Neutral,App,Hoch,2023-04-12,38
8392,16718,2024-04-08,Tarif,Vertrag,Ökostrom Umstellung,Neutral,Email,Mittel,2024-04-11,71
8393,15136,2024-10-03,Smart Meter,Installation,Smart Meter Installation angefragt,Neutral,App,Mittel,2024-10-15,192
8394,18296,2025-02-26,Rechnung,Abrechnung,Zahlungsplan angefragt,Negativ,Email,Hoch,2025-03-03,193
8395,8512,2025-05-08,Solar,Technisch,Solaranlage produziert nicht,Negativ,Telefon,Hoch,2025-05-10,116
8396,9264,2025-02-10,Speicher,Technisch,Speicher lädt nicht,Negativ,App,Hoch,2025-02-16,109
8397,15045,2023-12-06,Allgemein,Service,Lob,Positiv,App,Niedrig,2023-12-08,109
8398,3632,2023-11-01,Wallbox,E-Mobility,Wallbox lädt nicht,Negativ,Chat,Hoch,2023-11-01,102
8399,9032,2023-06-15,Smart Meter,Installation,Smart Meter defekt,Negativ,App,Mittel,2023-06-25,131
8400,3694,2023-04-05,Speicher,Technisch,Batteriespeicher Störung,Negativ,App,Mittel,2023-04-06,108
8401,16416,2023-10-04,Tarif,Vertrag,Tarifwechsel angefragt,Negativ,Chat,Niedrig,2023-10-18,79
8402,3685,2023-02-19,Solar,Technisch,Wechselrichter Fehler,Neutral,Chat,Mittel,2023-02-24,129
8403,14424,2024-12-26,Solar,Technisch,Monitoring nicht verfügbar,Negativ,Chat,Hoch,2024-12-26,81
8404,9171,2023-01-18,Speicher,Technisch,Batteriespeicher Störung,Negativ,Telefon,Mittel,2023-01-22,35
8405,13450,2024-01-26,Speicher,Technisch,Kapazität gesunken,Neutral,App,Kritisch,2024-01-28,49
8406,7202,2024-02-08,Allgemein,Service,Lob,Positiv,App,Niedrig,2024-02-13,113
8407,19462,2024-03-26,Wallbox,E-Mobility,Ladekarte Probleme,Neutral,Telefon,Niedrig,2024-04-02,193
8408,17694,2024-06-07,Smart Meter,Installation,Smart Meter Ablesung fehlerhaft,Neutral,Email,Hoch,2024-06-13,125
8409,9092,2025-03-01,Wallbox,E-Mobility,App-Verbindung unterbrochen,Neutral,App,Mittel,2025-03-07,56
8410,12268,2024-10-20,Speicher,Technisch,Speicher lädt nicht,Negativ,Email,Mittel,2024-10-21,179
8411,17237,2024-05-29,Smart Meter,Installation,Smart Meter Installation angefragt,Neutral,Telefon,Niedrig,2024-06-08,138
8412,13447,2024-10-03,Smart Meter,Installation,Smart Meter zeigt keine Daten,Neutral,Chat,Hoch,2024-10-05,172
8413,16240,2023-07-20,Wärmepumpe,Technisch,Effizienz zu niedrig,Neutral,App,Niedrig,2023-08-03,87
8414,14176,2023-01-02,Wärmepumpe,Technisch,Wartung angefragt,Neutral,Telefon,Niedrig,2023-01-08,87
8415,19141,2024-01-30,Rechnung,Abrechnung,Abschlag zu hoch,Positiv,Email,Niedrig,2024-02-13,102
8416,13531,2023-03-28,Allgemein,Service,Lob,Positiv,App,Niedrig,2023-03-31,152
8417,17849,2023-07-13,Allgemein,Service,Allgemeine Anfrage,Neutral,Telefon,Hoch,2023-07-14,64
8418,17995,2023-03-10,Wallbox,E-Mobility,Wallbox lädt nicht,Negativ,Chat,Hoch,2023-03-16,82
8419,1186,2025-04-01,Tarif,Vertrag,Tarifwechsel angefragt,Neutral,Email,Niedrig,2025-04-15,13
8420,5126,2024-02-19,Wärmepumpe,Technisch,Wärmepumpe Störung,Negativ,App,Hoch,2024-02-22,140
8421,12205,2025-06-25,Wallbox,E-Mobility,App-Verbindung unterbrochen,Positiv,App,Mittel,2025-06-28,28
8422,3507,2023-07-24,Wärmepumpe,Technisch,Geräuschentwicklung zu hoch,Positiv,Telefon,Niedrig,2023-08-06,166
8423,9113,2023-08-05,Smart Meter,Installation,Smart Meter Installation angefragt,Neutral,Chat,Mittel,2023-08-05,56
8424,1511,2023-01-01,Wallbox,E-Mobility,Wallbox lädt nicht,Negativ,App,Kritisch,2023-01-01,67
8425,10714,2024-10-03,Allgemein,Service,Lob,Positiv,App,Niedrig,2024-10-11,49
8426,10336,2023-12-11,Solar,Technisch,Wechselrichter Fehler,Neutral,Chat,Hoch,2023-12-14,105
8427,2039,2024-08-25,Smart Meter,Installation,Smart Meter Installation angefragt,Neutral,Chat,Hoch,2024-08-29,101
8428,6937,2023-09-12,Solar,Technisch,Solaranlage produziert nicht,Negativ,App,Mittel,2023-09-24,199
8429,3356,2023-06-04,Allgemein,Service,Allgemeine Anfrage,Neutral,App,Niedrig,2023-06-09,172
8430,6701,2024-04-23,Rechnung,Abrechnung,Zahlungsplan angefragt,Negativ,Telefon,Mittel,2024-04-29,21
8431,12304,2025-04-28,Solar,Technisch,Wechselrichter Fehler,Neutral,App,Niedrig,2025-05-04,154
8432,14359,2024-07-27,Rechnung,Abrechnung,Rechnungsfrage,Positiv,App,Mittel,2024-08-01,111
8433,5041,2023-04-19,Solar,Technisch,Solaranlage Ertrag niedrig,Negativ,Chat,Hoch,2023-04-19,19
8434,10276,2025-04-19,Wallbox,E-Mobility,Wallbox defekt,Negativ,Chat,Niedrig,2025-04-29,88
8435,16038,2024-12-31,Wallbox,E-Mobility,Ladekarte Probleme,Positiv,Chat,Mittel,2025-01-07,173
8436,2349,2023-03-24,Tarif,Vertrag,Umzug melden,Neutral,Email,Mittel,2023-03-31,16
8437,8138,2025-04-09,Smart Meter,Installation,Smart Meter Installation angefragt,Neutral,Chat,Niedrig,2025-04-09,114
8438,4898,2024-11-04,Allgemein,Service,Allgemeine Anfrage,Negativ,App,Mittel,2024-11-09,96
8439,17205,2024-12-28,Rechnung,Abrechnung,Zahlungsplan angefragt,Neutral,Chat,Mittel,2025-01-11,170
8440,6961,2023-08-28,Rechnung,Abrechnung,Abschlag anpassen,Neutral,App,Mittel,2023-08-29,12
8441,11993,2024-05-22,Smart Meter,Installation,Smart Meter Installation angefragt,Neutral,Email,Niedrig,2024-05-30,36
8442,14788,2023-07-06,Allgemein,Service,Beschwerde,Negativ,App,Hoch,2023-07-13,76
8443,6045,2023-07-19,Wallbox,E-Mobility,Wallbox lädt nicht,Negativ,Chat,Hoch,2023-07-21,175
8444,2097,2023-01-18,Wärmepumpe,Technisch,Effizienz zu niedrig,Neutral,App,Mittel,2023-01-24,136
8445,11777,2023-06-08,Wärmepumpe,Technisch,Effizienz zu niedrig,Neutral,App,Mittel,2023-06-18,83
8446,6684,2024-09-02,Allgemein,Service,Beschwerde,Negativ,Email,Mittel,2024-09-04,78
8447,2673,2023-05-11,Wärmepumpe,Technisch,Fehlercode E01 angezeigt,Neutral,App,Niedrig,2023-05-14,138
8448,12396,2024-08-17,Wallbox,E-Mobility,App-Verbindung unterbrochen,Neutral,Email,Hoch,2024-08-17,53
8449,18392,2023-08-21,Smart Meter,Installation,Smart Meter zeigt keine Daten,Neutral,Email,Mittel,2023-08-25,43
8450,1018,2025-06-28,Solar,Technisch,Einspeisevergütung Frage,Neutral,Chat,Mittel,2025-07-07,140
8451,18486,2023-06-17,Tarif,Vertrag,Preisgarantie Frage,Neutral,Chat,Mittel,2023-06-22,190
8452,15835,2023-01-11,Wallbox,E-Mobility,Wallbox lädt nicht,Negativ,Telefon,Mittel,2023-01-11,122
8453,2209,2025-04-12,Solar,Technisch,Einspeisevergütung Frage,Neutral,Telefon,Niedrig,2025-04-24,73
8454,2446,2024-07-05,Smart Meter,Installation,Smart Meter zeigt keine Daten,Neutral,Telefon,Mittel,2024-07-14,197
8455,6477,2024-02-01,Allgemein,Service,Lob,Positiv,Email,Niedrig,2024-02-02,88
8456,7028,2023-08-25,Solar,Technisch,Monitoring nicht verfügbar,Negativ,Email,Hoch,2023-08-26,178
8457,11563,2023-12-28,Wärmepumpe,Technisch,Wärmepumpe läuft nicht,Negativ,Chat,Kritisch,2023-12-30,143
8458,3580,2023-01-23,Wärmepumpe,Technisch,Fehlercode E01 angezeigt,Neutral,Email,Mittel,2023-01-30,103
8459,4211,2024-04-17,Rechnung,Abrechnung,Rechnungsfrage,Neutral,Email,Mittel,2024-05-01,51
8460,4811,2023-01-02,Wärmepumpe,Technisch,Wärmepumpe Störung,Negativ,Email,Hoch,2023-01-06,77
8461,5259,2024-01-09,Allgemein,Service,Kontaktdaten ändern,Neutral,Telefon,Niedrig,2024-01-13,182
8462,8535,2023-03-27,Tarif,Vertrag,Vertragsverlängerung,Neutral,Email,Niedrig,2023-04-10,55
8463,13516,2023-12-31,Wallbox,E-Mobility,Wallbox defekt,Negativ,Email,Kritisch,2024-01-05,194
8464,18263,2023-07-21,Wallbox,E-Mobility,Wallbox Installation angefragt,Neutral,Email,Kritisch,2023-07-23,2
8465,920,2024-12-02,Wärmepumpe,Technisch,Wärmepumpe läuft nicht,Negativ,Chat,Hoch,2024-12-05,39
8466,14762,2024-04-18,Wallbox,E-Mobility,Ladekarte Probleme,Negativ,Telefon,Niedrig,2024-04-19,9
8467,2353,2023-08-19,Smart Meter,Installation,Smart Meter defekt,Negativ,Email,Hoch,2023-08-25,197
8468,17768,2023-09-11,Wärmepumpe,Technisch,Wärmepumpe läuft nicht,Negativ,Chat,Kritisch,2023-09-13,73
8469,15669,2023-02-13,Speicher,Technisch,Kapazität gesunken,Neutral,Telefon,Hoch,2023-02-13,79
8470,1630,2023-10-02,Solar,Technisch,Monitoring nicht verfügbar,Negativ,Chat,Mittel,2023-10-06,40
8471,16483,2024-02-03,Solar,Technisch,Solaranlage Ertrag niedrig,Neutral,App,Niedrig,2024-02-10,26
8472,19622,2023-07-07,Rechnung,Abrechnung,Abschlag zu hoch,Neutral,Email,Niedrig,2023-07-13,13
8473,13922,2023-07-21,Wallbox,E-Mobility,Wallbox Installation angefragt,Neutral,Chat,Hoch,2023-07-25,23
8474,12782,2024-03-31,Wallbox,E-Mobility,Ladekarte Probleme,Neutral,App,Niedrig,2024-04-13,105
8475,18754,2023-10-15,Solar,Technisch,Solaranlage Ertrag niedrig,Neutral,App,Mittel,2023-10-22,20
8476,16171,2024-02-12,Allgemein,Service,Kontaktdaten ändern,Positiv,Chat,Hoch,2024-02-16,152
8477,5175,2024-04-27,Tarif,Vertrag,Kündigung,Neutral,Email,Mittel,2024-05-10,55
8478,11406,2023-01-23,Smart Meter,Installation,Smart Meter App funktioniert nicht,Negativ,Email,Hoch,2023-01-28,89
8479,13580,2024-02-04,Allgemein,Service,Beschwerde,Negativ,App,Kritisch,2024-02-10,39
8480,8860,2024-03-13,Rechnung,Abrechnung,Abschlag anpassen,Neutral,Chat,Niedrig,2024-03-23,28
8481,14321,2023-10-12,Smart Meter,Installation,Smart Meter defekt,Negativ,Telefon,Hoch,2023-10-13,11
8482,12165,2023-03-22,Solar,Technisch,Einspeisevergütung Frage,Neutral,Email,Mittel,2023-04-04,110
8483,14852,2024-02-17,Wärmepumpe,Technisch,Wartung angefragt,Neutral,Telefon,Mittel,2024-02-25,28
8484,13770,2024-12-14,Smart Meter,Installation,Smart Meter defekt,Negativ,Telefon,Kritisch,2024-12-15,156
8485,9794,2025-04-08,Wärmepumpe,Technisch,Wärmepumpe Störung,Negativ,App,Kritisch,2025-04-10,136
8486,14700,2023-02-24,Smart Meter,Installation,Smart Meter App funktioniert nicht,Negativ,App,Mittel,2023-03-07,168
8487,13351,2023-11-13,Allgemein,Service,Beschwerde,Negativ,Email,Mittel,2023-11-26,20
8488,11877,2024-06-06,Solar,Technisch,Monitoring nicht verfügbar,Negativ,Chat,Mittel,2024-06-17,139
8489,5511,2025-05-01,Rechnung,Abrechnung,Unstimmigkeit in Rechnung,Neutral,App,Niedrig,2025-05-12,98
8490,7752,2025-06-02,Wärmepumpe,Technisch,Wartung angefragt,Neutral,Chat,Niedrig,2025-06-11,39
8491,2595,2024-03-31,Wallbox,E-Mobility,App-Verbindung unterbrochen,Neutral,Chat,Mittel,2024-03-31,170
8492,15354,2023-01-31,Tarif,Vertrag,Preisgarantie Frage,Positiv,Telefon,Mittel,2023-02-13,190
8493,7260,2024-10-10,Wallbox,E-Mobility,Wallbox lädt nicht,Negativ,App,Hoch,2024-10-13,105
8494,12078,2024-11-22,Tarif,Vertrag,Tarifwechsel angefragt,Positiv,Chat,Mittel,2024-11-23,102
8495,4183,2023-05-28,Smart Meter,Installation,Smart Meter App funktioniert nicht,Negativ,App,Niedrig,2023-05-31,112
8496,16732,2024-07-31,Allgemein,Service,Lob,Positiv,Telefon,Niedrig,2024-08-12,35
8497,11775,2025-06-23,Speicher,Technisch,Batteriespeicher Störung,Negativ,App,Mittel,2025-06-25,171
8498,7059,2025-04-12,Speicher,Technisch,Speicher lädt nicht,Negativ,App,Mittel,2025-04-15,12
8499,8731,2024-02-10,Wallbox,E-Mobility,App-Verbindung unterbrochen,Negativ,Telefon,Mittel,2024-02-17,95
8500,544,2024-07-26,Allgemein,Service,Allgemeine Anfrage,Neutral,Chat,Niedrig,2024-07-26,55
8501,14857,2024-05-02,Solar,Technisch,Solaranlage produziert nicht,Negativ,Telefon,Kritisch,2024-05-03,2
8502,1805,2024-05-26,Rechnung,Abrechnung,Gutschrift angefragt,Negativ,Telefon,Hoch,2024-05-28,76
8503,3154,2023-03-02,Smart Meter,Installation,Smart Meter App funktioniert nicht,Negativ,Telefon,Mittel,2023-03-12,53
8504,872,2025-03-08,Rechnung,Abrechnung,Zahlungsplan angefragt,Negativ,Chat,Mittel,2025-03-08,31
8505,10008,2024-02-08,Tarif,Vertrag,Vertragsverlängerung,Neutral,Email,Hoch,2024-02-09,45
8506,19506,2023-02-20,Solar,Technisch,Solaranlage produziert nicht,Negativ,Chat,Hoch,2023-02-22,79
8507,19372,2025-01-11,Tarif,Vertrag,Vertragsverlängerung,Neutral,Email,Mittel,2025-01-21,137
8508,3631,2023-06-03,Allgemein,Service,Kontaktdaten ändern,Neutral,Email,Mittel,2023-06-05,141
8509,13185,2025-02-27,Wärmepumpe,Technisch,Wärmepumpe Störung,Negativ,Telefon,Hoch,2025-03-06,1
8510,7112,2025-05-01,Wallbox,E-Mobility,Wallbox lädt nicht,Negativ,App,Hoch,2025-05-03,67
8511,12593,2025-04-16,Wallbox,E-Mobility,Ladekarte Probleme,Neutral,Telefon,Mittel,2025-04-28,13
8512,8809,2023-04-24,Solar,Technisch,Wechselrichter Fehler,Neutral,Telefon,Mittel,2023-04-29,144
8513,18129,2025-05-17,Solar,Technisch,Wechselrichter Fehler,Negativ,Chat,Hoch,2025-05-19,8
8514,8465,2023-05-22,Speicher,Technisch,Batteriespeicher Störung,Negativ,App,Hoch,2023-05-23,68
8515,15744,2023-06-07,Speicher,Technisch,Batteriespeicher Störung,Negativ,Telefon,Kritisch,2023-06-09,20
8516,12248,2023-07-29,Speicher,Technisch,Batteriespeicher Störung,Negativ,Email,Kritisch,2023-08-03,80
8517,1200,2023-09-02,Solar,Technisch,Monitoring nicht verfügbar,Negativ,Telefon,Mittel,2023-09-16,176
8518,5288,2023-11-08,Tarif,Vertrag,Tarifwechsel angefragt,Negativ,Telefon,Niedrig,2023-11-13,104
8519,14216,2025-01-11,Wallbox,E-Mobility,Ladekarte Probleme,Negativ,Telefon,Mittel,2025-01-25,10
8520,11045,2025-01-30,Rechnung,Abrechnung,Abschlag anpassen,Neutral,App,Mittel,2025-02-11,53
8521,250,2024-07-26,Wallbox,E-Mobility,Wallbox Installation angefragt,Positiv,Telefon,Mittel,2024-08-07,95
8522,15033,2024-02-11,Wallbox,E-Mobility,App-Verbindung unterbrochen,Neutral,Chat,Mittel,2024-02-22,16
8523,12304,2024-04-26,Allgemein,Service,Beschwerde,Negativ,Email,Kritisch,2024-04-28,43
8524,14754,2023-07-07,Tarif,Vertrag,Preisgarantie Frage,Negativ,App,Mittel,2023-07-16,81
8525,9504,2023-01-14,Tarif,Vertrag,Preisgarantie Frage,Negativ,Telefon,Mittel,2023-01-21,20
8526,4983,2023-05-19,Rechnung,Abrechnung,Zahlungsplan angefragt,Neutral,Email,Mittel,2023-05-19,70
8527,15317,2025-02-14,Allgemein,Service,Kontaktdaten ändern,Neutral,Email,Niedrig,2025-02-27,171
8528,15537,2023-07-18,Wärmepumpe,Technisch,Wärmepumpe läuft nicht,Negativ,App,Niedrig,2023-07-25,53
8529,13856,2024-06-29,Allgemein,Service,Kontaktdaten ändern,Neutral,App,Mittel,2024-07-01,189
8530,3753,2023-06-01,Speicher,Technisch,Kapazität gesunken,Positiv,Telefon,Hoch,2023-06-01,4
8531,6364,2024-06-29,Rechnung,Abrechnung,Unstimmigkeit in Rechnung,Negativ,App,Kritisch,2024-07-06,170
8532,4534,2025-03-26,Solar,Technisch,Wechselrichter Fehler,Neutral,App,Niedrig,2025-04-02,42
8533,7638,2023-04-30,Rechnung,Abrechnung,Rechnungsfrage,Neutral,Email,Niedrig,2023-05-02,117
8534,15541,2023-08-19,Solar,Technisch,Monitoring nicht verfügbar,Negativ,Telefon,Niedrig,2023-08-30,104
8535,10970,2024-11-14,Rechnung,Abrechnung,Unstimmigkeit in Rechnung,Negativ,Email,Niedrig,2024-11-15,144
8536,3637,2023-03-06,Wallbox,E-Mobility,Wallbox lädt nicht,Negativ,Email,Hoch,2023-03-08,151
8537,11276,2024-04-19,Wärmepumpe,Technisch,Geräuschentwicklung zu hoch,Neutral,App,Niedrig,2024-04-23,197
8538,2701,2025-01-29,Allgemein,Service,Beschwerde,Negativ,Email,Hoch,2025-01-31,57
8539,11876,2024-09-22,Rechnung,Abrechnung,Gutschrift angefragt,Neutral,Telefon,Mittel,2024-09-28,185
8540,7247,2023-05-05,Allgemein,Service,Lob,Positiv,Chat,Niedrig,2023-05-18,110
8541,18090,2025-04-28,Allgemein,Service,Kontaktdaten ändern,Neutral,Telefon,Niedrig,2025-05-06,172
8542,246,2025-02-17,Smart Meter,Installation,Smart Meter zeigt keine Daten,Positiv,Email,Niedrig,2025-02-23,17
8543,18718,2023-11-15,Tarif,Vertrag,Tarifwechsel angefragt,Neutral,Telefon,Niedrig,2023-11-18,134
8544,13207,2025-01-08,Smart Meter,Installation,Smart Meter defekt,Negativ,Email,Mittel,2025-01-09,90
8545,5968,2023-01-26,Allgemein,Service,Lob,Positiv,Chat,Niedrig,2023-01-31,199
8546,16452,2024-01-11,Speicher,Technisch,Batteriespeicher Störung,Negativ,Chat,Niedrig,2024-01-15,74
8547,129,2023-09-10,Wärmepumpe,Technisch,Geräuschentwicklung zu hoch,Neutral,Telefon,Niedrig,2023-09-11,81
8548,19516,2025-01-04,Smart Meter,Installation,Smart Meter zeigt keine Daten,Negativ,App,Mittel,2025-01-04,169
8549,17681,2025-02-08,Speicher,Technisch,Batteriespeicher Störung,Negativ,Email,Kritisch,2025-02-12,82
8550,4366,2024-11-11,Tarif,Vertrag,Tarifwechsel angefragt,Neutral,Email,Niedrig,2024-11-19,5
8551,18110,2024-05-11,Wallbox,E-Mobility,Wallbox defekt,Negativ,Chat,Mittel,2024-05-19,85
8552,13909,2023-09-05,Smart Meter,Installation,Smart Meter defekt,Negativ,Email,Kritisch,2023-09-05,91
8553,7277,2023-01-04,Wärmepumpe,Technisch,Wartung angefragt,Positiv,Chat,Mittel,2023-01-04,73
8554,16282,2024-06-01,Rechnung,Abrechnung,Abschlag zu hoch,Negativ,Chat,Mittel,2024-06-09,90
8555,3947,2025-06-28,Tarif,Vertrag,Vertragsverlängerung,Negativ,Email,Mittel,2025-07-08,21
8556,13135,2024-11-06,Speicher,Technisch,Speicher lädt nicht,Negativ,Telefon,Niedrig,2024-11-15,11
8557,19022,2023-05-11,Rechnung,Abrechnung,Zahlungsplan angefragt,Neutral,Telefon,Niedrig,2023-05-19,126
8558,2606,2024-08-29,Wärmepumpe,Technisch,Fehlercode E01 angezeigt,Negativ,Email,Niedrig,2024-09-10,171
8559,13391,2025-05-14,Allgemein,Service,Allgemeine Anfrage,Neutral,App,Mittel,2025-05-24,173
8560,15539,2025-04-14,Wärmepumpe,Technisch,Wärmepumpe läuft nicht,Negativ,Chat,Hoch,2025-04-18,160
8561,7674,2023-09-12,Tarif,Vertrag,Ökostrom Umstellung,Neutral,Telefon,Mittel,2023-09-20,114
8562,7585,2023-06-04,Allgemein,Service,Lob,Positiv,Email,Niedrig,2023-06-07,48
8563,6219,2023-01-02,Rechnung,Abrechnung,Abschlag zu hoch,Neutral,App,Mittel,2023-01-12,56
8564,15960,2023-04-29,Wallbox,E-Mobility,Wallbox lädt nicht,Negativ,App,Mittel,2023-05-01,30
8565,347,2025-01-30,Solar,Technisch,Solaranlage Ertrag niedrig,Negativ,Email,Mittel,2025-01-30,19
8566,6514,2023-11-28,Tarif,Vertrag,Preisgarantie Frage,Neutral,App,Niedrig,2023-12-03,161
8567,19819,2024-06-27,Speicher,Technisch,Kapazität gesunken,Neutral,App,Mittel,2024-06-27,120
8568,16485,2025-03-27,Wärmepumpe,Technisch,Effizienz zu niedrig,Negativ,App,Niedrig,2025-03-27,8
8569,13301,2024-07-02,Wallbox,E-Mobility,App-Verbindung unterbrochen,Positiv,Telefon,Niedrig,2024-07-09,167
8570,13377,2023-10-08,Tarif,Vertrag,Ökostrom Umstellung,Neutral,Telefon,Hoch,2023-10-13,113
8571,14445,2023-05-13,Allgemein,Service,Informationsanfrage,Neutral,Email,Niedrig,2023-05-25,63
8572,16465,2024-02-12,Allgemein,Service,Lob,Positiv,Telefon,Niedrig,2024-02-12,56
8573,4308,2024-12-10,Smart Meter,Installation,Smart Meter Ablesung fehlerhaft,Negativ,Email,Niedrig,2024-12-20,151
8574,5155,2025-03-06,Speicher,Technisch,Speicher lädt nicht,Negativ,App,Hoch,2025-03-08,138
8575,4700,2024-06-06,Solar,Technisch,Monitoring nicht verfügbar,Negativ,Chat,Mittel,2024-06-16,47
8576,4418,2023-10-01,Wärmepumpe,Technisch,Fehlercode E01 angezeigt,Neutral,Chat,Hoch,2023-10-02,148
8577,13167,2023-09-20,Tarif,Vertrag,Tarifwechsel angefragt,Neutral,App,Niedrig,2023-09-24,104
8578,10133,2023-12-08,Speicher,Technisch,Batteriespeicher Störung,Negativ,App,Mittel,2023-12-22,70
8579,9769,2024-11-04,Speicher,Technisch,Speicher lädt nicht,Negativ,Telefon,Mittel,2024-11-08,195
8580,2756,2024-04-04,Wärmepumpe,Technisch,Wärmepumpe Störung,Negativ,Telefon,Kritisch,2024-04-10,37
8581,14219,2023-03-16,Tarif,Vertrag,Preisgarantie Frage,Neutral,Chat,Niedrig,2023-03-28,194
8582,9901,2024-03-03,Tarif,Vertrag,Tarifwechsel angefragt,Neutral,Chat,Mittel,2024-03-09,25
8583,1706,2024-11-10,Smart Meter,Installation,Smart Meter Installation angefragt,Neutral,App,Kritisch,2024-11-10,95
8584,3509,2025-02-01,Speicher,Technisch,Kapazität gesunken,Negativ,App,Niedrig,2025-02-11,26
8585,4032,2024-06-06,Allgemein,Service,Kontaktdaten ändern,Negativ,App,Niedrig,2024-06-18,123
8586,5619,2024-12-22,Wärmepumpe,Technisch,Effizienz zu niedrig,Negativ,Telefon,Mittel,2024-12-30,83
8587,6746,2024-06-19,Tarif,Vertrag,Ökostrom Umstellung,Positiv,Email,Mittel,2024-07-03,137
8588,14516,2024-01-11,Solar,Technisch,Solaranlage Ertrag niedrig,Neutral,Email,Mittel,2024-01-17,111
8589,10536,2024-03-05,Tarif,Vertrag,Preisgarantie Frage,Neutral,App,Niedrig,2024-03-15,123
8590,12412,2025-01-03,Solar,Technisch,Wechselrichter Fehler,Neutral,Chat,Mittel,2025-01-14,20
8591,13013,2023-07-27,Wärmepumpe,Technisch,Wärmepumpe läuft nicht,Negativ,Email,Hoch,2023-07-28,130
8592,6255,2023-08-31,Wallbox,E-Mobility,Ladekarte Probleme,Neutral,App,Mittel,2023-09-12,127
8593,8726,2023-08-04,Allgemein,Service,Lob,Positiv,Chat,Niedrig,2023-08-17,184
8594,11298,2024-07-10,Wärmepumpe,Technisch,Geräuschentwicklung zu hoch,Neutral,Chat,Kritisch,2024-07-10,124
8595,9925,2024-01-04,Smart Meter,Installation,Smart Meter zeigt keine Daten,Neutral,Telefon,Mittel,2024-01-18,61
8596,10179,2024-06-27,Speicher,Technisch,Speicher lädt nicht,Negativ,App,Hoch,2024-07-01,104
8597,4903,2023-03-07,Tarif,Vertrag,Umzug melden,Positiv,App,Niedrig,2023-03-13,177
8598,6217,2025-05-18,Allgemein,Service,Lob,Positiv,Email,Niedrig,2025-05-20,4
8599,4535,2024-07-20,Allgemein,Service,Beschwerde,Negativ,Telefon,Hoch,2024-07-26,187
8600,8109,2024-03-22,Tarif,Vertrag,Umzug melden,Positiv,Telefon,Mittel,2024-03-30,172
8601,2563,2023-11-02,Rechnung,Abrechnung,Unstimmigkeit in Rechnung,Neutral,Chat,Hoch,2023-11-07,54
8602,196,2023-05-18,Tarif,Vertrag,Vertragsverlängerung,Neutral,Telefon,Niedrig,2023-05-29,136
8603,17004,2023-03-18,Allgemein,Service,Kontaktdaten ändern,Negativ,App,Mittel,2023-03-24,85
8604,17799,2023-11-24,Wärmepumpe,Technisch,Geräuschentwicklung zu hoch,Neutral,Telefon,Mittel,2023-12-05,104
8605,18167,2023-04-29,Tarif,Vertrag,Umzug melden,Neutral,App,Mittel,2023-05-05,26
8606,14802,2024-12-30,Wallbox,E-Mobility,Wallbox defekt,Negativ,Chat,Mittel,2025-01-01,192
8607,12656,2025-04-15,Solar,Technisch,Solaranlage Ertrag niedrig,Negativ,Telefon,Hoch,2025-04-20,174
8608,8817,2024-01-18,Wärmepumpe,Technisch,Effizienz zu niedrig,Neutral,Email,Mittel,2024-01-21,171
8609,11702,2024-05-17,Solar,Technisch,Monitoring nicht verfügbar,Negativ,Chat,Hoch,2024-05-22,37
8610,10614,2025-01-01,Smart Meter,Installation,Smart Meter App funktioniert nicht,Negativ,Email,Mittel,2025-01-14,189
8611,15323,2024-05-05,Rechnung,Abrechnung,Gutschrift angefragt,Negativ,Chat,Hoch,2024-05-09,61
8612,1436,2024-06-05,Speicher,Technisch,Batteriespeicher Störung,Negativ,App,Mittel,2024-06-09,133
8613,13933,2024-01-30,Rechnung,Abrechnung,Unstimmigkeit in Rechnung,Negativ,Email,Kritisch,2024-02-06,146
8614,5956,2024-05-17,Allgemein,Service,Allgemeine Anfrage,Positiv,Telefon,Niedrig,2024-05-19,170
8615,18799,2024-09-12,Speicher,Technisch,Speicher lädt nicht,Negativ,App,Mittel,2024-09-20,85
8616,17952,2024-08-30,Wallbox,E-Mobility,Wallbox lädt nicht,Negativ,Telefon,Hoch,2024-09-02,164
8617,5444,2025-03-23,Tarif,Vertrag,Preisgarantie Frage,Positiv,Email,Kritisch,2025-03-26,166
8618,16747,2023-03-27,Solar,Technisch,Monitoring nicht verfügbar,Negativ,Telefon,Kritisch,2023-03-31,12
8619,18398,2024-02-22,Wärmepumpe,Technisch,Fehlercode E01 angezeigt,Positiv,App,Mittel,2024-02-26,46
8620,17465,2023-05-14,Tarif,Vertrag,Preisgarantie Frage,Negativ,Chat,Kritisch,2023-05-21,74
8621,8721,2024-01-21,Smart Meter,Installation,Smart Meter Ablesung fehlerhaft,Negativ,Telefon,Mittel,2024-01-25,79
8622,5387,2025-05-23,Solar,Technisch,Solaranlage produziert nicht,Negativ,Chat,Mittel,2025-06-06,142
8623,18307,2023-05-16,Speicher,Technisch,Speicher lädt nicht,Negativ,Telefon,Kritisch,2023-05-22,25
8624,7738,2024-02-20,Speicher,Technisch,Speicher lädt nicht,Negativ,App,Mittel,2024-02-23,6
8625,16047,2023-12-26,Speicher,Technisch,Speicher lädt nicht,Negativ,App,Mittel,2023-12-29,27
8626,13205,2023-03-22,Tarif,Vertrag,Preisgarantie Frage,Neutral,Chat,Mittel,2023-03-30,72
8627,6645,2025-06-04,Wallbox,E-Mobility,Ladekarte Probleme,Neutral,App,Niedrig,2025-06-17,8
8628,9574,2023-01-20,Smart Meter,Installation,Smart Meter zeigt keine Daten,Positiv,Email,Mittel,2023-02-03,19
8629,16419,2024-05-08,Smart Meter,Installation,Smart Meter Installation angefragt,Neutral,Chat,Niedrig,2024-05-20,119
8630,1461,2023-05-05,Tarif,Vertrag,Kündigung,Neutral,Telefon,Mittel,2023-05-06,195
8631,13654,2024-04-24,Tarif,Vertrag,Kündigung,Neutral,Email,Mittel,2024-04-29,177
8632,7873,2024-10-10,Wärmepumpe,Technisch,Fehlercode E01 angezeigt,Neutral,Chat,Niedrig,2024-10-12,65
8633,6768,2023-06-22,Tarif,Vertrag,Tarifwechsel angefragt,Neutral,Telefon,Hoch,2023-06-26,89
8634,925,2024-07-21,Speicher,Technisch,Batteriespeicher Störung,Negativ,App,Mittel,2024-07-25,196
8635,8288,2023-10-17,Wärmepumpe,Technisch,Geräuschentwicklung zu hoch,Neutral,App,Niedrig,2023-10-25,37
8636,12517,2024-09-20,Solar,Technisch,Wechselrichter Fehler,Negativ,Email,Hoch,2024-09-20,83
8637,18327,2024-03-01,Rechnung,Abrechnung,Zahlungsplan angefragt,Positiv,Telefon,Niedrig,2024-03-08,6
8638,17448,2023-04-08,Allgemein,Service,Lob,Positiv,Chat,Niedrig,2023-04-14,180
8639,263,2023-04-07,Solar,Technisch,Wechselrichter Fehler,Positiv,Chat,Mittel,2023-04-11,197
8640,15459,2024-07-22,Smart Meter,Installation,Smart Meter zeigt keine Daten,Positiv,Email,Hoch,2024-07-25,41
8641,11455,2024-04-22,Tarif,Vertrag,Preisgarantie Frage,Neutral,Telefon,Kritisch,2024-04-22,110
8642,16196,2024-03-26,Solar,Technisch,Einspeisevergütung Frage,Neutral,Email,Mittel,2024-03-28,113
8643,7380,2023-11-22,Solar,Technisch,Wechselrichter Fehler,Neutral,Email,Mittel,2023-11-27,41
8644,6772,2023-07-12,Wallbox,E-Mobility,Wallbox defekt,Negativ,Telefon,Mittel,2023-07-18,191
8645,3273,2025-04-13,Speicher,Technisch,Batteriespeicher Störung,Negativ,App,Mittel,2025-04-22,180
8646,2525,2024-03-30,Speicher,Technisch,Batteriespeicher Störung,Negativ,Chat,Niedrig,2024-04-08,97
8647,18431,2025-05-16,Rechnung,Abrechnung,Zahlungsplan angefragt,Neutral,App,Kritisch,2025-05-18,71
8648,19115,2023-12-31,Wallbox,E-Mobility,Wallbox lädt nicht,Negativ,Telefon,Niedrig,2024-01-04,9
8649,3813,2023-05-31,Wallbox,E-Mobility,Wallbox Installation angefragt,Neutral,App,Kritisch,2023-06-06,101
8650,14912,2024-03-10,Allgemein,Service,Beschwerde,Negativ,App,Mittel,2024-03-23,63
8651,7577,2023-08-19,Wärmepumpe,Technisch,Geräuschentwicklung zu hoch,Neutral,Chat,Mittel,2023-08-28,117
8652,11913,2023-11-01,Speicher,Technisch,Kapazität gesunken,Neutral,Chat,Mittel,2023-11-07,80
8653,11890,2024-05-04,Tarif,Vertrag,Vertragsverlängerung,Neutral,Telefon,Mittel,2024-05-11,151
8654,19873,2023-07-09,Allgemein,Service,Lob,Positiv,Email,Niedrig,2023-07-11,1
8655,5863,2023-02-17,Wallbox,E-Mobility,Ladekarte Probleme,Neutral,App,Mittel,2023-02-17,32
8656,15467,2024-11-07,Wallbox,E-Mobility,Wallbox Installation angefragt,Neutral,Email,Niedrig,2024-11-15,33
8657,4515,2023-05-17,Allgemein,Service,Lob,Positiv,Email,Niedrig,2023-05-24,161
8658,10371,2023-02-28,Speicher,Technisch,Kapazität gesunken,Positiv,Email,Mittel,2023-03-02,195
8659,6111,2024-02-19,Rechnung,Abrechnung,Gutschrift angefragt,Neutral,Chat,Niedrig,2024-02-24,109
8660,6242,2024-08-24,Wärmepumpe,Technisch,Effizienz zu niedrig,Neutral,App,Niedrig,2024-09-06,200
8661,3001,2025-05-10,Wärmepumpe,Technisch,Fehlercode E01 angezeigt,Neutral,Chat,Mittel,2025-05-23,32
8662,9006,2024-08-07,Wärmepumpe,Technisch,Fehlercode E01 angezeigt,Negativ,Chat,Mittel,2024-08-10,53
8663,12224,2024-06-22,Wallbox,E-Mobility,Ladekarte Probleme,Positiv,App,Niedrig,2024-07-04,26
8664,16651,2024-12-03,Wärmepumpe,Technisch,Fehlercode E01 angezeigt,Neutral,App,Mittel,2024-12-12,150
8665,9815,2025-01-19,Wallbox,E-Mobility,App-Verbindung unterbrochen,Neutral,Email,Mittel,2025-02-02,120
8666,11566,2023-12-22,Smart Meter,Installation,Smart Meter zeigt keine Daten,Positiv,Telefon,Mittel,2024-01-01,131
8667,12507,2024-03-27,Solar,Technisch,Wechselrichter Fehler,Neutral,Telefon,Mittel,2024-04-03,107
8668,9654,2023-03-17,Allgemein,Service,Lob,Positiv,Chat,Niedrig,2023-03-17,92
8669,3730,2024-12-10,Wallbox,E-Mobility,App-Verbindung unterbrochen,Neutral,Chat,Mittel,2024-12-13,108
8670,13485,2025-01-02,Wallbox,E-Mobility,Ladekarte Probleme,Positiv,Email,Mittel,2025-01-06,118
8671,5003,2025-06-03,Speicher,Technisch,Batteriespeicher Störung,Negativ,Telefon,Hoch,2025-06-05,54
8672,12914,2024-11-28,Wärmepumpe,Technisch,Effizienz zu niedrig,Neutral,Email,Niedrig,2024-11-30,165
8673,17018,2024-07-13,Allgemein,Service,Informationsanfrage,Positiv,App,Mittel,2024-07-15,171
8674,759,2024-08-03,Solar,Technisch,Solaranlage produziert nicht,Negativ,Email,Mittel,2024-08-09,122
8675,8829,2025-03-12,Rechnung,Abrechnung,Unstimmigkeit in Rechnung,Neutral,Chat,Niedrig,2025-03-24,102
8676,15572,2023-01-04,Smart Meter,Installation,Smart Meter Installation angefragt,Neutral,Email,Niedrig,2023-01-11,119
8677,7212,2023-01-08,Wallbox,E-Mobility,Wallbox defekt,Negativ,Telefon,Mittel,2023-01-09,46
8678,11147,2025-05-15,Wallbox,E-Mobility,Wallbox Installation angefragt,Negativ,Telefon,Hoch,2025-05-21,38
8679,16706,2024-02-20,Speicher,Technisch,Batteriespeicher Störung,Negativ,Email,Mittel,2024-03-03,92
8680,6298,2025-06-06,Wärmepumpe,Technisch,Wärmepumpe Störung,Negativ,App,Mittel,2025-06-18,176
8681,1463,2025-05-23,Smart Meter,Installation,Smart Meter zeigt keine Daten,Neutral,Email,Hoch,2025-05-26,128
8682,8917,2024-04-27,Tarif,Vertrag,Kündigung,Negativ,Email,Niedrig,2024-05-05,58
8683,7120,2023-04-05,Tarif,Vertrag,Vertragsverlängerung,Positiv,Chat,Mittel,2023-04-12,105
8684,8594,2024-01-24,Rechnung,Abrechnung,Abschlag zu hoch,Neutral,Email,Niedrig,2024-02-01,76
8685,5893,2024-11-23,Solar,Technisch,Wechselrichter Fehler,Neutral,Telefon,Mittel,2024-11-28,40
8686,2363,2025-03-03,Solar,Technisch,Solaranlage Ertrag niedrig,Neutral,App,Niedrig,2025-03-08,36
8687,17076,2023-01-06,Smart Meter,Installation,Smart Meter Ablesung fehlerhaft,Neutral,Telefon,Niedrig,2023-01-12,156
8688,4285,2025-05-12,Wallbox,E-Mobility,Wallbox lädt nicht,Negativ,Telefon,Hoch,2025-05-13,65
8689,1785,2024-02-25,Speicher,Technisch,Speicher lädt nicht,Negativ,Email,Hoch,2024-02-25,67
8690,4435,2023-01-31,Tarif,Vertrag,Vertragsverlängerung,Positiv,Email,Kritisch,2023-02-06,6
8691,15291,2024-06-30,Wärmepumpe,Technisch,Wärmepumpe läuft nicht,Negativ,Email,Mittel,2024-07-04,148
8692,2147,2024-08-21,Allgemein,Service,Informationsanfrage,Neutral,Email,Hoch,2024-08-25,56
8693,13318,2025-06-22,Smart Meter,Installation,Smart Meter Installation angefragt,Neutral,Chat,Mittel,2025-06-23,17
8694,11369,2023-02-19,Allgemein,Service,Lob,Positiv,App,Niedrig,2023-02-28,29
8695,17940,2024-05-29,Rechnung,Abrechnung,Abschlag anpassen,Neutral,Telefon,Mittel,2024-05-30,115
8696,19533,2023-12-17,Wärmepumpe,Technisch,Wartung angefragt,Neutral,Telefon,Mittel,2023-12-23,133
8697,1661,2024-06-27,Speicher,Technisch,Kapazität gesunken,Negativ,Email,Mittel,2024-07-09,32
8698,11029,2023-09-24,Speicher,Technisch,Batteriespeicher Störung,Negativ,Email,Niedrig,2023-09-26,61
8699,11400,2024-09-17,Solar,Technisch,Monitoring nicht verfügbar,Negativ,Email,Mittel,2024-09-22,157
8700,4575,2024-12-30,Tarif,Vertrag,Kündigung,Neutral,Telefon,Niedrig,2025-01-09,152
8701,2123,2023-03-11,Speicher,Technisch,Speicher lädt nicht,Negativ,Email,Hoch,2023-03-17,107
8702,1811,2024-04-03,Smart Meter,Installation,Smart Meter zeigt keine Daten,Neutral,Telefon,Hoch,2024-04-10,111
8703,7457,2024-08-20,Allgemein,Service,Informationsanfrage,Neutral,Telefon,Mittel,2024-08-28,75
8704,17617,2023-04-26,Solar,Technisch,Solaranlage produziert nicht,Negativ,App,Kritisch,2023-04-26,185
8705,583,2024-05-17,Wärmepumpe,Technisch,Effizienz zu niedrig,Neutral,Telefon,Hoch,2024-05-17,12
8706,11913,2024-04-03,Tarif,Vertrag,Preisgarantie Frage,Negativ,Email,Niedrig,2024-04-14,125
8707,6872,2025-06-03,Solar,Technisch,Monitoring nicht verfügbar,Negativ,App,Niedrig,2025-06-08,186
8708,13218,2024-12-30,Tarif,Vertrag,Vertragsverlängerung,Positiv,App,Niedrig,2025-01-06,5
8709,12825,2025-01-07,Rechnung,Abrechnung,Abschlag anpassen,Positiv,Email,Mittel,2025-01-20,64
8710,16849,2024-10-23,Rechnung,Abrechnung,Unstimmigkeit in Rechnung,Neutral,Telefon,Mittel,2024-11-06,199
8711,2857,2023-10-23,Tarif,Vertrag,Ökostrom Umstellung,Neutral,Telefon,Niedrig,2023-10-26,34
8712,15641,2024-08-02,Tarif,Vertrag,Preisgarantie Frage,Neutral,App,Kritisch,2024-08-04,172
8713,12280,2023-05-15,Wallbox,E-Mobility,Wallbox defekt,Negativ,App,Hoch,2023-05-18,77
8714,16689,2025-06-21,Smart Meter,Installation,Smart Meter App funktioniert nicht,Negativ,Email,Mittel,2025-07-02,189
8715,17898,2025-06-04,Solar,Technisch,Monitoring nicht verfügbar,Negativ,App,Niedrig,2025-06-15,58
8716,15613,2023-08-08,Rechnung,Abrechnung,Abschlag zu hoch,Neutral,Email,Niedrig,2023-08-14,179
8717,813,2023-10-28,Rechnung,Abrechnung,Gutschrift angefragt,Neutral,Chat,Niedrig,2023-10-28,104
8718,9627,2024-08-24,Tarif,Vertrag,Tarifwechsel angefragt,Neutral,Email,Mittel,2024-09-02,122
8719,16447,2023-10-30,Allgemein,Service,Informationsanfrage,Neutral,Email,Niedrig,2023-11-09,73
8720,11472,2024-06-29,Tarif,Vertrag,Ökostrom Umstellung,Negativ,Chat,Mittel,2024-07-02,139
8721,3395,2024-11-04,Speicher,Technisch,Kapazität gesunken,Neutral,Email,Mittel,2024-11-04,74
8722,15626,2023-11-24,Wärmepumpe,Technisch,Wärmepumpe läuft nicht,Negativ,App,Hoch,2023-11-26,78
8723,15638,2025-05-30,Rechnung,Abrechnung,Zahlungsplan angefragt,Negativ,Email,Niedrig,2025-06-12,49
8724,16513,2023-01-15,Wallbox,E-Mobility,Wallbox Installation angefragt,Positiv,Chat,Niedrig,2023-01-20,179
8725,7086,2024-10-03,Rechnung,Abrechnung,Abschlag anpassen,Neutral,Chat,Niedrig,2024-10-10,198
8726,1692,2023-02-12,Wärmepumpe,Technisch,Fehlercode E01 angezeigt,Neutral,Email,Niedrig,2023-02-25,61
8727,13920,2024-08-21,Wärmepumpe,Technisch,Effizienz zu niedrig,Neutral,Chat,Mittel,2024-08-27,139
8728,11381,2023-09-04,Smart Meter,Installation,Smart Meter Ablesung fehlerhaft,Neutral,Telefon,Hoch,2023-09-11,21
8729,5423,2024-11-27,Speicher,Technisch,Kapazität gesunken,Neutral,Telefon,Mittel,2024-11-27,126
8730,3256,2025-01-09,Smart Meter,Installation,Smart Meter App funktioniert nicht,Negativ,Telefon,Mittel,2025-01-21,73
8731,19968,2024-02-29,Speicher,Technisch,Batteriespeicher Störung,Negativ,Email,Mittel,2024-03-05,153
8732,14146,2024-12-05,Speicher,Technisch,Speicher lädt nicht,Negativ,Email,Mittel,2024-12-06,131
8733,11192,2023-08-17,Solar,Technisch,Solaranlage produziert nicht,Negativ,App,Mittel,2023-08-20,165
8734,19569,2023-11-29,Wärmepumpe,Technisch,Wartung angefragt,Positiv,Email,Hoch,2023-12-02,128
8735,12773,2024-01-31,Speicher,Technisch,Kapazität gesunken,Neutral,App,Niedrig,2024-02-13,138
8736,2959,2023-11-30,Smart Meter,Installation,Smart Meter Ablesung fehlerhaft,Neutral,Email,Niedrig,2023-12-02,7
8737,19989,2024-10-08,Rechnung,Abrechnung,Rechnungsfrage,Positiv,App,Hoch,2024-10-14,192
8738,11827,2023-02-03,Wallbox,E-Mobility,Wallbox defekt,Negativ,Telefon,Hoch,2023-02-07,55
8739,57,2025-06-05,Tarif,Vertrag,Tarifwechsel angefragt,Neutral,App,Mittel,2025-06-18,179
8740,11866,2024-09-03,Solar,Technisch,Einspeisevergütung Frage,Positiv,Email,Mittel,2024-09-16,28
8741,300,2024-06-16,Solar,Technisch,Wechselrichter Fehler,Positiv,Email,Mittel,2024-06-21,23
8742,8359,2024-12-26,Tarif,Vertrag,Preisgarantie Frage,Negativ,Email,Niedrig,2025-01-02,78
8743,17180,2025-04-04,Smart Meter,Installation,Smart Meter Installation angefragt,Neutral,App,Mittel,2025-04-06,86
8744,716,2023-06-07,Rechnung,Abrechnung,Unstimmigkeit in Rechnung,Negativ,Telefon,Mittel,2023-06-09,102
8745,7102,2023-04-20,Allgemein,Service,Informationsanfrage,Neutral,App,Mittel,2023-05-01,41
8746,7361,2023-02-10,Speicher,Technisch,Speicher lädt nicht,Negativ,App,Mittel,2023-02-19,195
8747,10152,2025-03-20,Rechnung,Abrechnung,Abschlag zu hoch,Negativ,Telefon,Niedrig,2025-03-26,194
8748,10492,2024-08-14,Wallbox,E-Mobility,App-Verbindung unterbrochen,Neutral,Chat,Mittel,2024-08-14,89
8749,8173,2023-05-11,Allgemein,Service,Kontaktdaten ändern,Neutral,App,Niedrig,2023-05-12,45
8750,16504,2024-09-05,Speicher,Technisch,Kapazität gesunken,Positiv,Telefon,Niedrig,2024-09-13,93
8751,8660,2025-02-08,Solar,Technisch,Einspeisevergütung Frage,Neutral,Chat,Hoch,2025-02-13,51
8752,12187,2024-06-03,Solar,Technisch,Solaranlage Ertrag niedrig,Positiv,App,Niedrig,2024-06-12,8
8753,15039,2023-08-31,Solar,Technisch,Einspeisevergütung Frage,Neutral,App,Niedrig,2023-09-02,178
8754,16427,2024-06-13,Speicher,Technisch,Speicher lädt nicht,Negativ,App,Hoch,2024-06-17,122
8755,17209,2023-06-19,Speicher,Technisch,Batteriespeicher Störung,Negativ,Telefon,Hoch,2023-06-25,77
8756,12167,2024-03-11,Smart Meter,Installation,Smart Meter App funktioniert nicht,Negativ,Email,Hoch,2024-03-18,25
8757,14037,2024-08-11,Speicher,Technisch,Batteriespeicher Störung,Negativ,Email,Hoch,2024-08-11,152
8758,677,2024-01-31,Rechnung,Abrechnung,Zahlungsplan angefragt,Positiv,Email,Hoch,2024-01-31,115
8759,8123,2025-04-08,Smart Meter,Installation,Smart Meter Installation angefragt,Neutral,Chat,Mittel,2025-04-18,91
8760,1714,2023-12-17,Tarif,Vertrag,Umzug melden,Neutral,Chat,Hoch,2023-12-17,124
8761,18905,2025-04-16,Tarif,Vertrag,Vertragsverlängerung,Neutral,Telefon,Mittel,2025-04-18,66
8762,6575,2024-01-12,Allgemein,Service,Informationsanfrage,Neutral,App,Niedrig,2024-01-25,104
8763,19594,2023-06-04,Allgemein,Service,Allgemeine Anfrage,Positiv,Chat,Hoch,2023-06-05,186
8764,14819,2024-06-14,Solar,Technisch,Solaranlage Ertrag niedrig,Neutral,Telefon,Mittel,2024-06-27,21
8765,16818,2025-04-12,Smart Meter,Installation,Smart Meter defekt,Negativ,Email,Mittel,2025-04-20,82
8766,6000,2024-03-10,Solar,Technisch,Solaranlage produziert nicht,Negativ,App,Kritisch,2024-03-10,37
8767,12954,2025-02-16,Rechnung,Abrechnung,Zahlungsplan angefragt,Negativ,Telefon,Mittel,2025-02-17,18
8768,7780,2025-06-07,Wärmepumpe,Technisch,Wärmepumpe läuft nicht,Negativ,Chat,Mittel,2025-06-11,151
8769,1546,2024-04-21,Tarif,Vertrag,Kündigung,Neutral,Email,Mittel,2024-04-27,125
8770,2345,2024-12-25,Allgemein,Service,Informationsanfrage,Neutral,Telefon,Mittel,2024-12-28,154
8771,16793,2023-09-29,Allgemein,Service,Allgemeine Anfrage,Positiv,App,Niedrig,2023-10-10,23
8772,9697,2024-10-01,Allgemein,Service,Lob,Positiv,Chat,Niedrig,2024-10-07,37
8773,17726,2025-04-13,Allgemein,Service,Kontaktdaten ändern,Neutral,Chat,Mittel,2025-04-16,56
8774,17900,2025-01-19,Wärmepumpe,Technisch,Effizienz zu niedrig,Positiv,Chat,Mittel,2025-01-24,136
8775,13622,2024-11-07,Wallbox,E-Mobility,Wallbox Installation angefragt,Neutral,Telefon,Niedrig,2024-11-16,103
8776,8467,2023-11-15,Wärmepumpe,Technisch,Geräuschentwicklung zu hoch,Neutral,App,Mittel,2023-11-26,118
8777,4493,2024-02-08,Allgemein,Service,Lob,Positiv,Email,Niedrig,2024-02-15,131
8778,19351,2023-07-28,Tarif,Vertrag,Vertragsverlängerung,Negativ,App,Niedrig,2023-07-31,59
8779,12255,2024-04-03,Wallbox,E-Mobility,App-Verbindung unterbrochen,Neutral,Chat,Mittel,2024-04-11,170
8780,2004,2024-08-09,Solar,Technisch,Wechselrichter Fehler,Neutral,Telefon,Mittel,2024-08-21,162
8781,8235,2025-06-04,Wärmepumpe,Technisch,Wärmepumpe Störung,Negativ,Chat,Kritisch,2025-06-05,118
8782,16746,2025-04-23,Allgemein,Service,Informationsanfrage,Neutral,Telefon,Mittel,2025-05-05,180
8783,9476,2023-07-28,Smart Meter,Installation,Smart Meter Installation angefragt,Neutral,Chat,Niedrig,2023-08-10,28
8784,12324,2023-11-15,Tarif,Vertrag,Ökostrom Umstellung,Negativ,Email,Mittel,2023-11-22,18
8785,9691,2023-06-09,Wärmepumpe,Technisch,Wartung angefragt,Negativ,App,Kritisch,2023-06-15,63
8786,11799,2025-02-04,Allgemein,Service,Beschwerde,Negativ,Chat,Hoch,2025-02-11,135
8787,15197,2024-10-14,Allgemein,Service,Kontaktdaten ändern,Positiv,Telefon,Mittel,2024-10-25,198
8788,8389,2025-03-03,Smart Meter,Installation,Smart Meter defekt,Negativ,Chat,Mittel,2025-03-05,88
8789,13627,2025-05-15,Rechnung,Abrechnung,Rechnungsfrage,Positiv,Email,Mittel,2025-05-19,77
8790,10436,2023-06-24,Wallbox,E-Mobility,Ladekarte Probleme,Neutral,App,Mittel,2023-07-03,186
8791,1649,2025-04-12,Smart Meter,Installation,Smart Meter Installation angefragt,Neutral,Email,Mittel,2025-04-24,174
8792,2049,2025-05-30,Tarif,Vertrag,Kündigung,Neutral,App,Hoch,2025-05-31,198
8793,6480,2024-03-17,Rechnung,Abrechnung,Gutschrift angefragt,Neutral,Email,Mittel,2024-03-24,138
8794,3334,2024-12-30,Wallbox,E-Mobility,Wallbox lädt nicht,Negativ,Telefon,Mittel,2025-01-08,104
8795,4478,2023-09-14,Allgemein,Service,Beschwerde,Negativ,Telefon,Kritisch,2023-09-19,178
8796,16005,2023-01-18,Wärmepumpe,Technisch,Wärmepumpe läuft nicht,Negativ,Telefon,Hoch,2023-01-19,27
8797,1802,2023-02-07,Smart Meter,Installation,Smart Meter Installation angefragt,Neutral,App,Mittel,2023-02-19,128
8798,9914,2025-02-13,Wärmepumpe,Technisch,Wartung angefragt,Neutral,App,Niedrig,2025-02-21,123
8799,17931,2024-03-30,Solar,Technisch,Wechselrichter Fehler,Positiv,Chat,Niedrig,2024-04-11,159
8800,16765,2024-05-20,Smart Meter,Installation,Smart Meter zeigt keine Daten,Neutral,Email,Niedrig,2024-05-25,132
8801,19471,2025-01-06,Speicher,Technisch,Kapazität gesunken,Negativ,Telefon,Mittel,2025-01-06,121
8802,13250,2023-09-13,Rechnung,Abrechnung,Abschlag anpassen,Neutral,Telefon,Kritisch,2023-09-15,180
8803,3236,2024-07-13,Speicher,Technisch,Batteriespeicher Störung,Negativ,Email,Mittel,2024-07-13,2
8804,14915,2024-06-03,Smart Meter,Installation,Smart Meter Installation angefragt,Negativ,Chat,Niedrig,2024-06-07,69
8805,14123,2023-12-29,Speicher,Technisch,Speicher lädt nicht,Negativ,Chat,Mittel,2024-01-11,54
8806,11416,2024-05-31,Speicher,Technisch,Kapazität gesunken,Neutral,Chat,Mittel,2024-06-10,119
8807,1512,2024-09-26,Solar,Technisch,Solaranlage produziert nicht,Negativ,Telefon,Mittel,2024-10-06,114
8808,10074,2023-04-17,Wärmepumpe,Technisch,Wärmepumpe läuft nicht,Negativ,Chat,Kritisch,2023-04-19,129
8809,3162,2024-11-11,Wallbox,E-Mobility,Wallbox lädt nicht,Negativ,Chat,Mittel,2024-11-15,1
8810,4295,2024-12-07,Wallbox,E-Mobility,Wallbox Installation angefragt,Neutral,Email,Mittel,2024-12-21,118
8811,9587,2023-01-16,Speicher,Technisch,Batteriespeicher Störung,Negativ,Chat,Mittel,2023-01-19,31
8812,12791,2023-10-06,Wärmepumpe,Technisch,Wärmepumpe Störung,Negativ,App,Hoch,2023-10-09,28
8813,5088,2023-09-30,Solar,Technisch,Einspeisevergütung Frage,Positiv,Chat,Mittel,2023-10-09,145
8814,12995,2025-05-15,Allgemein,Service,Lob,Positiv,App,Niedrig,2025-05-20,192
8815,5985,2023-11-09,Tarif,Vertrag,Umzug melden,Neutral,Telefon,Kritisch,2023-11-14,25
8816,2024,2023-02-11,Smart Meter,Installation,Smart Meter Installation angefragt,Neutral,Telefon,Niedrig,2023-02-21,141
8817,12187,2023-02-27,Speicher,Technisch,Speicher lädt nicht,Negativ,Email,Hoch,2023-03-06,41
8818,8257,2023-06-21,Allgemein,Service,Informationsanfrage,Neutral,App,Hoch,2023-06-21,143
8819,9727,2024-11-29,Allgemein,Service,Beschwerde,Negativ,Telefon,Niedrig,2024-12-02,154
8820,9644,2024-07-31,Allgemein,Service,Informationsanfrage,Neutral,Email,Niedrig,2024-08-02,188
8821,18230,2024-09-23,Tarif,Vertrag,Vertragsverlängerung,Neutral,Email,Niedrig,2024-10-02,44
8822,9338,2024-06-27,Allgemein,Service,Kontaktdaten ändern,Negativ,Email,Niedrig,2024-07-08,12
8823,4796,2023-07-27,Wallbox,E-Mobility,Wallbox lädt nicht,Negativ,App,Kritisch,2023-08-02,2
8824,18265,2023-10-06,Wärmepumpe,Technisch,Effizienz zu niedrig,Neutral,App,Mittel,2023-10-12,7
8825,14053,2023-10-14,Smart Meter,Installation,Smart Meter Installation angefragt,Neutral,Chat,Mittel,2023-10-16,67
8826,1559,2024-06-14,Wärmepumpe,Technisch,Wärmepumpe läuft nicht,Negativ,Telefon,Niedrig,2024-06-23,77
8827,15975,2025-01-04,Wärmepumpe,Technisch,Wärmepumpe läuft nicht,Negativ,Telefon,Hoch,2025-01-06,172
8828,11150,2024-12-21,Smart Meter,Installation,Smart Meter App funktioniert nicht,Negativ,App,Hoch,2024-12-23,128
8829,4032,2023-01-31,Tarif,Vertrag,Ökostrom Umstellung,Neutral,App,Mittel,2023-02-11,151
8830,2417,2024-09-04,Tarif,Vertrag,Vertragsverlängerung,Positiv,Chat,Mittel,2024-09-04,96
8831,18540,2025-02-09,Smart Meter,Installation,Smart Meter defekt,Negativ,Telefon,Niedrig,2025-02-13,1
8832,5787,2024-11-02,Wallbox,E-Mobility,Wallbox defekt,Negativ,Telefon,Mittel,2024-11-09,42
8833,1484,2023-06-30,Allgemein,Service,Lob,Positiv,App,Niedrig,2023-07-05,76
8834,1158,2023-08-22,Tarif,Vertrag,Ökostrom Umstellung,Neutral,App,Hoch,2023-08-25,9
8835,10068,2023-08-24,Wärmepumpe,Technisch,Wärmepumpe Störung,Negativ,Telefon,Kritisch,2023-08-26,105
8836,6149,2024-08-04,Solar,Technisch,Wechselrichter Fehler,Positiv,Email,Mittel,2024-08-12,169
8837,5703,2025-05-05,Smart Meter,Installation,Smart Meter defekt,Negativ,Telefon,Niedrig,2025-05-12,60
8838,8474,2025-06-05,Allgemein,Service,Informationsanfrage,Neutral,Email,Mittel,2025-06-18,4
8839,4945,2023-05-28,Wallbox,E-Mobility,App-Verbindung unterbrochen,Negativ,Telefon,Hoch,2023-06-03,120
8840,1012,2025-01-05,Tarif,Vertrag,Tarifwechsel angefragt,Neutral,Email,Mittel,2025-01-11,136
8841,9025,2024-04-25,Solar,Technisch,Monitoring nicht verfügbar,Negativ,Chat,Mittel,2024-05-05,121
8842,10456,2024-02-06,Tarif,Vertrag,Kündigung,Neutral,Telefon,Hoch,2024-02-06,185
8843,17553,2024-01-23,Smart Meter,Installation,Smart Meter Ablesung fehlerhaft,Neutral,App,Niedrig,2024-01-24,122
8844,17819,2023-09-02,Allgemein,Service,Beschwerde,Negativ,App,Mittel,2023-09-04,3
8845,56,2024-03-22,Solar,Technisch,Wechselrichter Fehler,Neutral,App,Mittel,2024-04-01,130
8846,5641,2024-05-04,Allgemein,Service,Beschwerde,Negativ,Chat,Hoch,2024-05-07,78
8847,3928,2023-12-06,Rechnung,Abrechnung,Rechnungsfrage,Neutral,Email,Mittel,2023-12-13,111
8848,18314,2025-04-24,Wallbox,E-Mobility,Wallbox Installation angefragt,Negativ,Chat,Mittel,2025-04-26,166
8849,8663,2025-04-13,Solar,Technisch,Solaranlage produziert nicht,Negativ,Email,Hoch,2025-04-13,63
8850,17295,2025-02-22,Tarif,Vertrag,Vertragsverlängerung,Neutral,Email,Mittel,2025-02-24,56
8851,14351,2025-06-06,Rechnung,Abrechnung,Abschlag anpassen,Positiv,App,Hoch,2025-06-08,65
8852,17156,2023-08-02,Solar,Technisch,Einspeisevergütung Frage,Neutral,Telefon,Mittel,2023-08-04,68
8853,12126,2023-07-30,Tarif,Vertrag,Tarifwechsel angefragt,Neutral,Chat,Mittel,2023-08-08,193
8854,11910,2025-01-28,Wärmepumpe,Technisch,Fehlercode E01 angezeigt,Neutral,App,Hoch,2025-01-28,146
8855,15488,2023-06-10,Rechnung,Abrechnung,Abschlag anpassen,Negativ,Email,Niedrig,2023-06-17,194
8856,15673,2024-05-04,Wärmepumpe,Technisch,Wartung angefragt,Neutral,Email,Hoch,2024-05-06,137
8857,13521,2025-04-02,Speicher,Technisch,Kapazität gesunken,Positiv,Telefon,Mittel,2025-04-07,15
8858,15202,2024-07-24,Wärmepumpe,Technisch,Effizienz zu niedrig,Negativ,Email,Hoch,2024-07-29,53
8859,12619,2023-07-09,Allgemein,Service,Informationsanfrage,Neutral,Telefon,Mittel,2023-07-16,3
8860,15813,2023-03-24,Wallbox,E-Mobility,Wallbox lädt nicht,Negativ,Email,Hoch,2023-03-24,60
8861,4337,2025-04-26,Tarif,Vertrag,Tarifwechsel angefragt,Neutral,App,Mittel,2025-04-28,149
8862,14834,2024-08-05,Wallbox,E-Mobility,App-Verbindung unterbrochen,Neutral,Telefon,Mittel,2024-08-06,81
8863,19693,2023-02-26,Tarif,Vertrag,Kündigung,Positiv,App,Mittel,2023-02-26,178
8864,16526,2023-01-11,Tarif,Vertrag,Umzug melden,Neutral,Email,Hoch,2023-01-16,96
8865,5600,2023-07-14,Tarif,Vertrag,Kündigung,Neutral,App,Hoch,2023-07-17,178
8866,11079,2023-05-24,Solar,Technisch,Solaranlage produziert nicht,Negativ,Chat,Kritisch,2023-05-27,100
8867,1017,2024-11-02,Allgemein,Service,Informationsanfrage,Neutral,Email,Mittel,2024-11-03,44
8868,14206,2024-05-03,Allgemein,Service,Allgemeine Anfrage,Negativ,Email,Mittel,2024-05-06,7
8869,15063,2024-06-30,Smart Meter,Installation,Smart Meter Installation angefragt,Positiv,Email,Hoch,2024-07-05,159
8870,11302,2025-01-17,Wallbox,E-Mobility,Wallbox lädt nicht,Negativ,Telefon,Kritisch,2025-01-18,169
8871,5792,2025-06-23,Rechnung,Abrechnung,Rechnungsfrage,Neutral,Telefon,Mittel,2025-07-03,53
8872,3875,2023-08-08,Tarif,Vertrag,Kündigung,Neutral,App,Niedrig,2023-08-12,132
8873,11425,2024-12-30,Allgemein,Service,Allgemeine Anfrage,Neutral,Email,Mittel,2025-01-02,39
8874,18324,2023-07-02,Wallbox,E-Mobility,App-Verbindung unterbrochen,Neutral,Email,Niedrig,2023-07-07,140
8875,16105,2023-11-12,Wallbox,E-Mobility,App-Verbindung unterbrochen,Negativ,App,Mittel,2023-11-15,138
8876,16232,2024-11-26,Smart Meter,Installation,Smart Meter Ablesung fehlerhaft,Positiv,Telefon,Hoch,2024-11-27,192
8877,3699,2025-02-07,Wärmepumpe,Technisch,Wärmepumpe Störung,Negativ,App,Mittel,2025-02-19,47
8878,4500,2023-06-04,Wärmepumpe,Technisch,Wärmepumpe Störung,Negativ,Chat,Niedrig,2023-06-06,14
8879,8761,2024-08-04,Wärmepumpe,Technisch,Wärmepumpe läuft nicht,Negativ,Chat,Hoch,2024-08-07,98
8880,771,2024-12-19,Allgemein,Service,Kontaktdaten ändern,Negativ,Email,Hoch,2024-12-21,104
8881,10789,2024-01-19,Speicher,Technisch,Kapazität gesunken,Negativ,Telefon,Niedrig,2024-01-20,82
8882,7781,2023-03-16,Solar,Technisch,Solaranlage produziert nicht,Negativ,Telefon,Hoch,2023-03-22,158
8883,4449,2023-12-26,Rechnung,Abrechnung,Abschlag zu hoch,Negativ,Chat,Mittel,2024-01-06,163
8884,8359,2024-04-11,Smart Meter,Installation,Smart Meter Ablesung fehlerhaft,Neutral,App,Mittel,2024-04-25,117
8885,12996,2023-09-09,Rechnung,Abrechnung,Rechnungsfrage,Negativ,App,Niedrig,2023-09-21,140
8886,3789,2023-09-23,Allgemein,Service,Beschwerde,Negativ,Telefon,Kritisch,2023-09-28,27
8887,7287,2023-07-16,Speicher,Technisch,Speicher lädt nicht,Negativ,Chat,Mittel,2023-07-25,166
8888,10895,2023-10-11,Wärmepumpe,Technisch,Wärmepumpe läuft nicht,Negativ,Telefon,Kritisch,2023-10-11,157
8889,407,2025-04-07,Rechnung,Abrechnung,Unstimmigkeit in Rechnung,Neutral,Telefon,Hoch,2025-04-11,51
8890,2179,2023-03-19,Allgemein,Service,Lob,Positiv,Telefon,Niedrig,2023-04-01,59
8891,18223,2023-03-19,Rechnung,Abrechnung,Gutschrift angefragt,Neutral,Telefon,Niedrig,2023-04-02,55
8892,8298,2025-04-26,Solar,Technisch,Solaranlage Ertrag niedrig,Neutral,Telefon,Hoch,2025-04-30,51
8893,2918,2023-01-08,Rechnung,Abrechnung,Abschlag anpassen,Neutral,Telefon,Hoch,2023-01-10,94
8894,9928,2023-09-14,Allgemein,Service,Kontaktdaten ändern,Neutral,Telefon,Niedrig,2023-09-19,171
8895,3152,2025-06-08,Tarif,Vertrag,Tarifwechsel angefragt,Neutral,Telefon,Kritisch,2025-06-14,13
8896,137,2024-03-15,Speicher,Technisch,Batteriespeicher Störung,Negativ,App,Mittel,2024-03-15,133
8897,11821,2025-05-28,Tarif,Vertrag,Ökostrom Umstellung,Negativ,Telefon,Mittel,2025-05-31,54
8898,13790,2024-05-16,Wallbox,E-Mobility,App-Verbindung unterbrochen,Neutral,Email,Hoch,2024-05-20,152
8899,8891,2024-06-06,Smart Meter,Installation,Smart Meter zeigt keine Daten,Neutral,Telefon,Mittel,2024-06-14,195
8900,17784,2024-01-02,Wärmepumpe,Technisch,Fehlercode E01 angezeigt,Neutral,Email,Niedrig,2024-01-16,178
8901,14081,2024-11-08,Allgemein,Service,Lob,Positiv,App,Niedrig,2024-11-21,64
8902,13868,2025-03-09,Rechnung,Abrechnung,Gutschrift angefragt,Negativ,App,Kritisch,2025-03-13,146
8903,12655,2023-12-28,Tarif,Vertrag,Vertragsverlängerung,Neutral,Chat,Mittel,2023-12-28,89
8904,18549,2024-09-02,Rechnung,Abrechnung,Abschlag anpassen,Neutral,Telefon,Mittel,2024-09-11,106
8905,12945,2023-11-20,Speicher,Technisch,Speicher lädt nicht,Negativ,Chat,Hoch,2023-11-22,80
8906,10189,2024-08-26,Allgemein,Service,Kontaktdaten ändern,Neutral,Email,Mittel,2024-09-08,107
8907,9480,2023-08-01,Wärmepumpe,Technisch,Wärmepumpe Störung,Negativ,Telefon,Kritisch,2023-08-04,32
8908,16221,2025-01-03,Wallbox,E-Mobility,Wallbox lädt nicht,Negativ,Telefon,Mittel,2025-01-06,89
8909,13759,2025-03-31,Speicher,Technisch,Kapazität gesunken,Neutral,Chat,Mittel,2025-04-02,174
8910,2745,2024-10-12,Solar,Technisch,Solaranlage produziert nicht,Negativ,Telefon,Mittel,2024-10-24,175
8911,15579,2023-01-19,Allgemein,Service,Lob,Positiv,Chat,Niedrig,2023-01-24,22
8912,5848,2024-10-15,Solar,Technisch,Monitoring nicht verfügbar,Negativ,Email,Hoch,2024-10-19,28
8913,15118,2024-05-19,Smart Meter,Installation,Smart Meter App funktioniert nicht,Negativ,Chat,Hoch,2024-05-22,38
8914,16947,2023-12-20,Speicher,Technisch,Kapazität gesunken,Neutral,Email,Mittel,2023-12-24,8
8915,14176,2023-03-19,Rechnung,Abrechnung,Rechnungsfrage,Neutral,Email,Hoch,2023-03-19,180
8916,4849,2024-01-25,Rechnung,Abrechnung,Abschlag zu hoch,Neutral,Telefon,Niedrig,2024-02-05,156
8917,410,2024-05-29,Wärmepumpe,Technisch,Fehlercode E01 angezeigt,Neutral,App,Kritisch,2024-06-01,108
8918,16967,2025-03-19,Tarif,Vertrag,Vertragsverlängerung,Neutral,Email,Niedrig,2025-03-22,54
8919,3185,2023-09-21,Tarif,Vertrag,Umzug melden,Positiv,Telefon,Hoch,2023-09-28,2
8920,18784,2024-06-20,Wallbox,E-Mobility,Ladekarte Probleme,Neutral,Email,Kritisch,2024-06-23,107
8921,9229,2025-03-27,Allgemein,Service,Kontaktdaten ändern,Neutral,Telefon,Niedrig,2025-03-29,91
8922,19125,2023-08-28,Smart Meter,Installation,Smart Meter Ablesung fehlerhaft,Neutral,Chat,Mittel,2023-09-01,121
8923,13648,2023-08-09,Wallbox,E-Mobility,App-Verbindung unterbrochen,Neutral,Telefon,Mittel,2023-08-20,73
8924,5649,2023-12-31,Wärmepumpe,Technisch,Fehlercode E01 angezeigt,Neutral,App,Mittel,2024-01-09,50
8925,690,2024-11-02,Speicher,Technisch,Kapazität gesunken,Negativ,Chat,Mittel,2024-11-16,4
8926,19348,2024-03-16,Tarif,Vertrag,Tarifwechsel angefragt,Neutral,Chat,Mittel,2024-03-16,191
8927,15933,2023-12-18,Solar,Technisch,Solaranlage Ertrag niedrig,Positiv,App,Mittel,2023-12-21,162
8928,18986,2023-08-10,Rechnung,Abrechnung,Gutschrift angefragt,Neutral,App,Mittel,2023-08-14,165
8929,18692,2025-03-05,Rechnung,Abrechnung,Unstimmigkeit in Rechnung,Neutral,App,Mittel,2025-03-12,76
8930,6817,2024-02-21,Solar,Technisch,Einspeisevergütung Frage,Neutral,Telefon,Hoch,2024-02-23,44
8931,14437,2024-01-14,Allgemein,Service,Informationsanfrage,Neutral,Telefon,Hoch,2024-01-16,156
8932,19061,2023-09-06,Wallbox,E-Mobility,App-Verbindung unterbrochen,Neutral,Email,Mittel,2023-09-17,114
8933,16219,2023-08-07,Solar,Technisch,Solaranlage Ertrag niedrig,Negativ,Telefon,Mittel,2023-08-12,131
8934,11177,2024-07-08,Solar,Technisch,Solaranlage produziert nicht,Negativ,App,Mittel,2024-07-17,117
8935,7662,2024-07-01,Solar,Technisch,Solaranlage Ertrag niedrig,Neutral,App,Hoch,2024-07-04,93
8936,19973,2024-06-08,Rechnung,Abrechnung,Rechnungsfrage,Negativ,App,Mittel,2024-06-21,152
8937,3032,2024-06-08,Rechnung,Abrechnung,Rechnungsfrage,Neutral,App,Niedrig,2024-06-16,135
8938,7189,2024-05-20,Allgemein,Service,Beschwerde,Negativ,Email,Niedrig,2024-05-26,198
8939,16528,2024-03-31,Speicher,Technisch,Speicher lädt nicht,Negativ,Email,Kritisch,2024-04-04,112
8940,12536,2023-05-20,Allgemein,Service,Kontaktdaten ändern,Neutral,App,Mittel,2023-05-26,194
8941,14197,2025-05-04,Rechnung,Abrechnung,Abschlag zu hoch,Negativ,App,Mittel,2025-05-04,19
8942,121,2025-06-15,Allgemein,Service,Lob,Positiv,Telefon,Niedrig,2025-06-27,164
8943,10276,2023-08-10,Allgemein,Service,Allgemeine Anfrage,Neutral,Email,Mittel,2023-08-19,190
8944,9747,2025-05-22,Tarif,Vertrag,Kündigung,Neutral,Telefon,Niedrig,2025-05-23,48
8945,8320,2025-01-24,Smart Meter,Installation,Smart Meter Ablesung fehlerhaft,Neutral,Chat,Mittel,2025-01-31,88
8946,4197,2023-07-08,Wärmepumpe,Technisch,Effizienz zu niedrig,Negativ,App,Mittel,2023-07-20,134
8947,13746,2024-04-09,Wärmepumpe,Technisch,Wärmepumpe läuft nicht,Negativ,Chat,Hoch,2024-04-10,120
8948,13749,2023-02-05,Allgemein,Service,Lob,Positiv,App,Niedrig,2023-02-19,177
8949,14786,2025-03-08,Wallbox,E-Mobility,Wallbox defekt,Negativ,Telefon,Mittel,2025-03-22,35
8950,5062,2023-12-02,Smart Meter,Installation,Smart Meter App funktioniert nicht,Negativ,Chat,Mittel,2023-12-14,176
8951,15346,2023-10-10,Solar,Technisch,Wechselrichter Fehler,Neutral,Chat,Niedrig,2023-10-23,93
8952,2451,2024-03-15,Rechnung,Abrechnung,Rechnungsfrage,Positiv,Chat,Mittel,2024-03-29,120
8953,15138,2023-05-19,Solar,Technisch,Solaranlage Ertrag niedrig,Neutral,Email,Hoch,2023-05-19,195
8954,13897,2024-08-20,Wärmepumpe,Technisch,Wartung angefragt,Positiv,Email,Hoch,2024-08-23,172
8955,7847,2023-08-02,Solar,Technisch,Wechselrichter Fehler,Neutral,Email,Niedrig,2023-08-03,168
8956,6588,2024-03-12,Rechnung,Abrechnung,Rechnungsfrage,Positiv,Chat,Niedrig,2024-03-23,20
8957,5586,2024-06-08,Allgemein,Service,Beschwerde,Negativ,Telefon,Kritisch,2024-06-12,5
8958,10917,2024-03-22,Smart Meter,Installation,Smart Meter App funktioniert nicht,Negativ,Chat,Mittel,2024-04-01,111
8959,6128,2025-05-29,Tarif,Vertrag,Kündigung,Neutral,Chat,Niedrig,2025-06-06,136
8960,16979,2025-05-03,Tarif,Vertrag,Ökostrom Umstellung,Neutral,Telefon,Mittel,2025-05-05,9
8961,6808,2023-05-04,Smart Meter,Installation,Smart Meter App funktioniert nicht,Negativ,Chat,Niedrig,2023-05-16,198
8962,14788,2025-05-19,Speicher,Technisch,Speicher lädt nicht,Negativ,Chat,Hoch,2025-05-26,73
8963,157,2023-05-28,Speicher,Technisch,Speicher lädt nicht,Negativ,Email,Hoch,2023-06-02,32
8964,19416,2024-05-01,Smart Meter,Installation,Smart Meter App funktioniert nicht,Negativ,Telefon,Hoch,2024-05-07,104
8965,5046,2023-06-05,Speicher,Technisch,Speicher lädt nicht,Negativ,Email,Kritisch,2023-06-08,171
8966,15353,2024-12-01,Speicher,Technisch,Kapazität gesunken,Positiv,Telefon,Mittel,2024-12-04,2
8967,13221,2023-01-15,Tarif,Vertrag,Umzug melden,Neutral,Telefon,Hoch,2023-01-20,140
8968,2255,2025-02-10,Wärmepumpe,Technisch,Fehlercode E01 angezeigt,Neutral,Telefon,Mittel,2025-02-21,21
8969,16140,2023-06-02,Smart Meter,Installation,Smart Meter Ablesung fehlerhaft,Neutral,Telefon,Mittel,2023-06-03,151
8970,3667,2023-09-06,Rechnung,Abrechnung,Abschlag zu hoch,Neutral,Telefon,Niedrig,2023-09-07,158
8971,7004,2025-01-08,Allgemein,Service,Kontaktdaten ändern,Negativ,App,Niedrig,2025-01-10,92
8972,15323,2024-05-17,Solar,Technisch,Solaranlage Ertrag niedrig,Neutral,Email,Kritisch,2024-05-22,183
8973,1460,2023-08-12,Solar,Technisch,Einspeisevergütung Frage,Positiv,Telefon,Mittel,2023-08-17,70
8974,17153,2023-02-10,Smart Meter,Installation,Smart Meter zeigt keine Daten,Neutral,App,Mittel,2023-02-13,161
8975,8534,2023-08-15,Wärmepumpe,Technisch,Wartung angefragt,Neutral,Email,Mittel,2023-08-27,105
8976,8630,2024-12-14,Tarif,Vertrag,Tarifwechsel angefragt,Neutral,Telefon,Niedrig,2024-12-27,51
8977,1751,2024-01-24,Allgemein,Service,Beschwerde,Negativ,Telefon,Mittel,2024-02-06,42
8978,15956,2025-06-12,Speicher,Technisch,Speicher lädt nicht,Negativ,Email,Mittel,2025-06-15,164
8979,13943,2025-04-01,Wallbox,E-Mobility,App-Verbindung unterbrochen,Neutral,Telefon,Niedrig,2025-04-04,134
8980,14986,2024-04-28,Rechnung,Abrechnung,Unstimmigkeit in Rechnung,Neutral,Chat,Niedrig,2024-05-01,21
8981,1511,2023-04-26,Allgemein,Service,Lob,Positiv,Telefon,Niedrig,2023-05-03,105
8982,5127,2024-06-25,Allgemein,Service,Informationsanfrage,Neutral,Chat,Hoch,2024-07-02,115
8983,5541,2023-01-29,Speicher,Technisch,Batteriespeicher Störung,Negativ,App,Hoch,2023-02-03,63
8984,3694,2025-02-07,Wallbox,E-Mobility,Ladekarte Probleme,Negativ,Email,Kritisch,2025-02-11,104
8985,4342,2023-02-08,Speicher,Technisch,Batteriespeicher Störung,Negativ,Email,Hoch,2023-02-13,22
8986,11340,2024-10-27,Speicher,Technisch,Speicher lädt nicht,Negativ,Telefon,Mittel,2024-11-01,102
8987,13407,2024-05-02,Smart Meter,Installation,Smart Meter zeigt keine Daten,Negativ,Chat,Mittel,2024-05-16,83
8988,19642,2023-05-09,Wärmepumpe,Technisch,Wärmepumpe läuft nicht,Negativ,Email,Hoch,2023-05-11,43
8989,12347,2024-02-24,Allgemein,Service,Beschwerde,Negativ,Email,Niedrig,2024-02-26,95
8990,19612,2025-03-21,Solar,Technisch,Einspeisevergütung Frage,Positiv,Chat,Mittel,2025-03-21,28
8991,3717,2023-12-26,Smart Meter,Installation,Smart Meter App funktioniert nicht,Negativ,Chat,Mittel,2024-01-02,183
8992,18792,2025-05-18,Wallbox,E-Mobility,App-Verbindung unterbrochen,Neutral,Chat,Hoch,2025-05-23,55
8993,967,2023-04-20,Smart Meter,Installation,Smart Meter App funktioniert nicht,Negativ,Telefon,Mittel,2023-04-26,105
8994,11938,2024-09-17,Tarif,Vertrag,Preisgarantie Frage,Negativ,Telefon,Mittel,2024-09-30,53
8995,13014,2023-07-30,Wärmepumpe,Technisch,Wärmepumpe läuft nicht,Negativ,App,Hoch,2023-08-02,63
8996,4287,2023-09-26,Tarif,Vertrag,Tarifwechsel angefragt,Neutral,Email,Mittel,2023-10-10,167
8997,12068,2024-07-20,Wärmepumpe,Technisch,Wärmepumpe Störung,Negativ,Email,Hoch,2024-07-21,93
8998,19104,2023-12-13,Wärmepumpe,Technisch,Geräuschentwicklung zu hoch,Positiv,App,Mittel,2023-12-17,4
8999,17908,2024-05-17,Wallbox,E-Mobility,Wallbox defekt,Negativ,Chat,Mittel,2024-05-29,62
9000,14380,2024-07-17,Solar,Technisch,Wechselrichter Fehler,Negativ,Telefon,Mittel,2024-07-18,20
9001,16805,2024-02-13,Rechnung,Abrechnung,Abschlag zu hoch,Neutral,Telefon,Mittel,2024-02-20,76
9002,18949,2023-01-28,Wallbox,E-Mobility,Wallbox defekt,Negativ,Telefon,Mittel,2023-01-31,58
9003,16449,2024-01-29,Wärmepumpe,Technisch,Effizienz zu niedrig,Neutral,Email,Mittel,2024-02-10,80
9004,14822,2024-12-02,Rechnung,Abrechnung,Abschlag zu hoch,Neutral,Email,Hoch,2024-12-07,42
9005,7926,2023-03-08,Wallbox,E-Mobility,Wallbox lädt nicht,Negativ,Email,Kritisch,2023-03-12,57
9006,2876,2024-03-02,Smart Meter,Installation,Smart Meter defekt,Negativ,App,Niedrig,2024-03-08,27
9007,10713,2023-05-15,Solar,Technisch,Solaranlage produziert nicht,Negativ,Email,Kritisch,2023-05-21,155
9008,9184,2024-05-06,Wärmepumpe,Technisch,Geräuschentwicklung zu hoch,Positiv,Chat,Niedrig,2024-05-13,47
9009,19348,2024-08-30,Smart Meter,Installation,Smart Meter defekt,Negativ,Chat,Niedrig,2024-09-02,45
9010,18415,2024-11-08,Solar,Technisch,Wechselrichter Fehler,Neutral,Chat,Mittel,2024-11-18,12
9011,12763,2023-05-25,Tarif,Vertrag,Ökostrom Umstellung,Neutral,Chat,Niedrig,2023-06-06,43
9012,15100,2023-06-12,Wallbox,E-Mobility,Wallbox lädt nicht,Negativ,Telefon,Hoch,2023-06-12,107
9013,7723,2023-12-03,Speicher,Technisch,Speicher lädt nicht,Negativ,Chat,Kritisch,2023-12-10,90
9014,12612,2024-09-30,Allgemein,Service,Informationsanfrage,Neutral,App,Mittel,2024-10-08,58
9015,13738,2024-11-19,Smart Meter,Installation,Smart Meter Installation angefragt,Neutral,Telefon,Hoch,2024-11-21,86
9016,4636,2023-07-28,Rechnung,Abrechnung,Abschlag anpassen,Neutral,Chat,Mittel,2023-08-07,47
9017,6825,2023-07-23,Smart Meter,Installation,Smart Meter zeigt keine Daten,Neutral,Chat,Niedrig,2023-08-02,73
9018,3404,2023-05-17,Tarif,Vertrag,Kündigung,Negativ,Email,Niedrig,2023-05-20,105
9019,13937,2024-02-28,Tarif,Vertrag,Preisgarantie Frage,Neutral,Chat,Niedrig,2024-02-28,156
9020,1065,2024-11-11,Tarif,Vertrag,Ökostrom Umstellung,Neutral,App,Mittel,2024-11-18,158
9021,641,2024-03-11,Solar,Technisch,Einspeisevergütung Frage,Neutral,App,Niedrig,2024-03-11,26
9022,16973,2024-11-10,Tarif,Vertrag,Ökostrom Umstellung,Neutral,App,Mittel,2024-11-19,136
9023,12893,2025-02-17,Wallbox,E-Mobility,Ladekarte Probleme,Negativ,Email,Kritisch,2025-02-19,87
9024,17889,2025-04-26,Rechnung,Abrechnung,Abschlag zu hoch,Neutral,Email,Hoch,2025-04-28,37
9025,13493,2023-07-11,Smart Meter,Installation,Smart Meter App funktioniert nicht,Negativ,Email,Mittel,2023-07-14,80
9026,6653,2023-06-15,Allgemein,Service,Kontaktdaten ändern,Neutral,App,Mittel,2023-06-19,76
9027,8716,2023-02-09,Tarif,Vertrag,Kündigung,Neutral,Email,Hoch,2023-02-09,174
9028,14597,2024-06-02,Tarif,Vertrag,Umzug melden,Negativ,Chat,Niedrig,2024-06-02,198
9029,10895,2023-07-13,Wallbox,E-Mobility,Wallbox defekt,Negativ,Telefon,Hoch,2023-07-19,96
9030,19361,2024-06-26,Speicher,Technisch,Batteriespeicher Störung,Negativ,Telefon,Niedrig,2024-07-05,101
9031,17849,2024-04-12,Smart Meter,Installation,Smart Meter App funktioniert nicht,Negativ,App,Kritisch,2024-04-17,60
9032,15877,2023-12-04,Tarif,Vertrag,Kündigung,Neutral,App,Mittel,2023-12-15,20
9033,18995,2023-06-26,Speicher,Technisch,Kapazität gesunken,Positiv,Telefon,Kritisch,2023-06-28,124
9034,14922,2024-01-07,Wärmepumpe,Technisch,Wärmepumpe läuft nicht,Negativ,App,Mittel,2024-01-17,51
9035,10105,2024-09-16,Wallbox,E-Mobility,App-Verbindung unterbrochen,Negativ,Chat,Niedrig,2024-09-26,33
9036,2292,2025-05-07,Smart Meter,Installation,Smart Meter App funktioniert nicht,Negativ,Chat,Mittel,2025-05-16,93
9037,15093,2023-05-04,Rechnung,Abrechnung,Gutschrift angefragt,Negativ,Email,Mittel,2023-05-14,64
9038,19372,2024-12-18,Rechnung,Abrechnung,Rechnungsfrage,Neutral,App,Mittel,2024-12-25,55
9039,15342,2023-08-19,Allgemein,Service,Beschwerde,Negativ,App,Mittel,2023-09-01,93
9040,282,2023-11-29,Wallbox,E-Mobility,Wallbox defekt,Negativ,Chat,Hoch,2023-12-06,39
9041,4146,2023-03-15,Smart Meter,Installation,Smart Meter zeigt keine Daten,Neutral,Telefon,Mittel,2023-03-24,151
9042,13728,2023-10-16,Smart Meter,Installation,Smart Meter App funktioniert nicht,Negativ,App,Niedrig,2023-10-23,147
9043,19846,2025-05-31,Solar,Technisch,Solaranlage Ertrag niedrig,Neutral,Chat,Mittel,2025-06-11,33
9044,13806,2023-06-28,Solar,Technisch,Solaranlage produziert nicht,Negativ,Telefon,Niedrig,2023-07-01,18
9045,13637,2023-08-16,Smart Meter,Installation,Smart Meter zeigt keine Daten,Neutral,Email,Mittel,2023-08-26,28
9046,8014,2023-11-06,Allgemein,Service,Informationsanfrage,Negativ,Chat,Mittel,2023-11-07,125
9047,1932,2024-03-25,Wallbox,E-Mobility,Wallbox defekt,Negativ,Telefon,Mittel,2024-03-31,104
9048,5050,2023-04-22,Smart Meter,Installation,Smart Meter App funktioniert nicht,Negativ,Chat,Hoch,2023-04-24,181
9049,7880,2024-05-09,Speicher,Technisch,Batteriespeicher Störung,Negativ,Chat,Kritisch,2024-05-15,142
9050,19642,2024-08-20,Wallbox,E-Mobility,Wallbox lädt nicht,Negativ,Email,Mittel,2024-09-01,8
9051,12655,2023-11-09,Rechnung,Abrechnung,Abschlag anpassen,Neutral,Chat,Niedrig,2023-11-19,193
9052,5718,2024-01-27,Solar,Technisch,Solaranlage produziert nicht,Negativ,App,Kritisch,2024-01-29,56
9053,5802,2025-02-13,Smart Meter,Installation,Smart Meter App funktioniert nicht,Negativ,Telefon,Hoch,2025-02-17,131
9054,15307,2023-09-18,Allgemein,Service,Allgemeine Anfrage,Neutral,App,Mittel,2023-09-23,136
9055,18076,2023-05-23,Wallbox,E-Mobility,App-Verbindung unterbrochen,Neutral,App,Mittel,2023-05-30,167
9056,4799,2025-01-19,Tarif,Vertrag,Preisgarantie Frage,Neutral,App,Niedrig,2025-01-21,11
9057,17193,2025-01-08,Rechnung,Abrechnung,Abschlag zu hoch,Neutral,Telefon,Mittel,2025-01-08,108
9058,18839,2024-08-09,Wallbox,E-Mobility,Wallbox Installation angefragt,Negativ,Telefon,Niedrig,2024-08-22,112
9059,4127,2023-07-21,Solar,Technisch,Einspeisevergütung Frage,Neutral,Telefon,Mittel,2023-07-29,86
9060,1524,2024-04-08,Solar,Technisch,Solaranlage produziert nicht,Negativ,Email,Mittel,2024-04-08,99
9061,6251,2024-12-05,Wärmepumpe,Technisch,Wärmepumpe läuft nicht,Negativ,Chat,Niedrig,2024-12-06,186
9062,7890,2025-05-12,Rechnung,Abrechnung,Abschlag zu hoch,Negativ,Chat,Niedrig,2025-05-12,121
9063,2436,2023-04-14,Wallbox,E-Mobility,Ladekarte Probleme,Negativ,Telefon,Niedrig,2023-04-25,95
9064,11824,2024-08-02,Allgemein,Service,Allgemeine Anfrage,Negativ,Telefon,Hoch,2024-08-08,190
9065,7224,2025-04-16,Wärmepumpe,Technisch,Geräuschentwicklung zu hoch,Neutral,Telefon,Niedrig,2025-04-23,85
9066,10428,2024-05-11,Solar,Technisch,Wechselrichter Fehler,Neutral,Telefon,Niedrig,2024-05-11,58
9067,2667,2024-03-01,Speicher,Technisch,Speicher lädt nicht,Negativ,App,Kritisch,2024-03-06,33
9068,2430,2023-10-12,Allgemein,Service,Lob,Positiv,Telefon,Niedrig,2023-10-23,47
9069,2117,2024-06-19,Wärmepumpe,Technisch,Geräuschentwicklung zu hoch,Neutral,Email,Mittel,2024-06-20,170
9070,4206,2024-02-19,Speicher,Technisch,Speicher lädt nicht,Negativ,Telefon,Mittel,2024-02-21,161
9071,18890,2024-01-10,Wallbox,E-Mobility,Wallbox defekt,Negativ,Chat,Kritisch,2024-01-14,137
9072,10139,2023-01-15,Wärmepumpe,Technisch,Wärmepumpe Störung,Negativ,Email,Hoch,2023-01-22,75
9073,2517,2023-05-05,Tarif,Vertrag,Ökostrom Umstellung,Neutral,Chat,Mittel,2023-05-13,177
9074,7508,2023-03-21,Wallbox,E-Mobility,Wallbox Installation angefragt,Positiv,Telefon,Niedrig,2023-03-30,34
9075,9032,2023-01-16,Solar,Technisch,Solaranlage Ertrag niedrig,Neutral,Email,Kritisch,2023-01-16,63
9076,12289,2023-04-12,Tarif,Vertrag,Vertragsverlängerung,Neutral,Telefon,Niedrig,2023-04-14,154
9077,18359,2023-01-23,Allgemein,Service,Allgemeine Anfrage,Neutral,Email,Niedrig,2023-01-28,68
9078,14193,2024-07-06,Tarif,Vertrag,Tarifwechsel angefragt,Neutral,Chat,Niedrig,2024-07-11,4
9079,4815,2025-06-08,Smart Meter,Installation,Smart Meter Installation angefragt,Negativ,Telefon,Mittel,2025-06-12,45
9080,4145,2023-05-18,Tarif,Vertrag,Tarifwechsel angefragt,Positiv,Email,Mittel,2023-05-22,99
9081,18147,2024-08-31,Wallbox,E-Mobility,Wallbox lädt nicht,Negativ,Email,Niedrig,2024-09-08,5
9082,5473,2024-08-12,Rechnung,Abrechnung,Gutschrift angefragt,Positiv,App,Hoch,2024-08-15,117
9083,5319,2024-07-02,Speicher,Technisch,Batteriespeicher Störung,Negativ,Chat,Kritisch,2024-07-09,52
9084,11889,2023-10-23,Smart Meter,Installation,Smart Meter zeigt keine Daten,Negativ,Email,Niedrig,2023-11-06,68
9085,14946,2025-02-27,Allgemein,Service,Kontaktdaten ändern,Neutral,Email,Mittel,2025-03-12,9
9086,3714,2023-12-31,Allgemein,Service,Allgemeine Anfrage,Neutral,Telefon,Mittel,2024-01-11,49
9087,13639,2024-03-19,Rechnung,Abrechnung,Gutschrift angefragt,Negativ,Chat,Kritisch,2024-03-25,160
9088,16564,2024-01-03,Wallbox,E-Mobility,Wallbox defekt,Negativ,Email,Kritisch,2024-01-04,6
9089,7849,2024-01-24,Rechnung,Abrechnung,Unstimmigkeit in Rechnung,Positiv,Chat,Niedrig,2024-01-27,194
9090,19599,2023-01-18,Wallbox,E-Mobility,Wallbox defekt,Negativ,Chat,Hoch,2023-01-25,128
9091,918,2024-07-14,Speicher,Technisch,Speicher lädt nicht,Negativ,Chat,Hoch,2024-07-20,160
9092,12617,2023-10-31,Wallbox,E-Mobility,App-Verbindung unterbrochen,Negativ,Telefon,Hoch,2023-11-06,16
9093,17595,2024-07-11,Speicher,Technisch,Batteriespeicher Störung,Negativ,Chat,Mittel,2024-07-16,16
9094,5496,2023-12-04,Solar,Technisch,Solaranlage Ertrag niedrig,Neutral,Email,Mittel,2023-12-04,7
9095,17043,2023-01-22,Wärmepumpe,Technisch,Fehlercode E01 angezeigt,Neutral,App,Mittel,2023-01-26,102
9096,9430,2024-08-02,Speicher,Technisch,Batteriespeicher Störung,Negativ,Chat,Niedrig,2024-08-08,13
9097,11297,2024-10-25,Tarif,Vertrag,Vertragsverlängerung,Neutral,Telefon,Mittel,2024-10-28,108
9098,13299,2024-09-10,Allgemein,Service,Beschwerde,Negativ,Chat,Kritisch,2024-09-16,25
9099,6187,2024-02-24,Tarif,Vertrag,Vertragsverlängerung,Negativ,Email,Niedrig,2024-03-02,47
9100,15696,2024-03-16,Smart Meter,Installation,Smart Meter zeigt keine Daten,Neutral,Chat,Mittel,2024-03-28,172
9101,17763,2023-05-16,Allgemein,Service,Allgemeine Anfrage,Neutral,Email,Niedrig,2023-05-24,98
9102,5380,2023-04-20,Solar,Technisch,Wechselrichter Fehler,Positiv,Chat,Mittel,2023-04-25,192
9103,8418,2023-05-19,Wallbox,E-Mobility,Wallbox lädt nicht,Negativ,Email,Hoch,2023-05-24,82
9104,16357,2025-01-18,Rechnung,Abrechnung,Abschlag anpassen,Neutral,Telefon,Niedrig,2025-01-29,144
9105,12172,2024-06-07,Solar,Technisch,Solaranlage produziert nicht,Negativ,Telefon,Kritisch,2024-06-10,58
9106,9994,2024-04-05,Rechnung,Abrechnung,Abschlag anpassen,Neutral,Chat,Mittel,2024-04-16,31
9107,12616,2024-08-07,Allgemein,Service,Kontaktdaten ändern,Positiv,Email,Hoch,2024-08-13,30
9108,10068,2024-02-23,Allgemein,Service,Allgemeine Anfrage,Positiv,Chat,Mittel,2024-02-28,49
9109,1049,2023-05-01,Allgemein,Service,Allgemeine Anfrage,Neutral,App,Niedrig,2023-05-09,70
9110,15694,2023-06-17,Smart Meter,Installation,Smart Meter Installation angefragt,Positiv,Chat,Niedrig,2023-06-21,41
9111,7706,2023-03-16,Rechnung,Abrechnung,Rechnungsfrage,Negativ,Email,Niedrig,2023-03-19,35
9112,2627,2023-03-14,Tarif,Vertrag,Umzug melden,Negativ,App,Niedrig,2023-03-24,186
9113,5201,2025-06-11,Wallbox,E-Mobility,Ladekarte Probleme,Neutral,Telefon,Niedrig,2025-06-20,104
9114,8583,2024-01-19,Wärmepumpe,Technisch,Wärmepumpe Störung,Negativ,Chat,Mittel,2024-01-21,147
9115,16708,2024-09-09,Rechnung,Abrechnung,Unstimmigkeit in Rechnung,Neutral,Telefon,Mittel,2024-09-18,53
9116,8768,2023-04-28,Speicher,Technisch,Batteriespeicher Störung,Negativ,Chat,Kritisch,2023-04-28,24
9117,9153,2023-05-09,Tarif,Vertrag,Vertragsverlängerung,Neutral,Telefon,Mittel,2023-05-17,37
9118,1970,2024-06-17,Speicher,Technisch,Kapazität gesunken,Neutral,Chat,Niedrig,2024-06-30,27
9119,12495,2025-03-16,Smart Meter,Installation,Smart Meter zeigt keine Daten,Negativ,Chat,Hoch,2025-03-20,176
9120,1273,2025-05-21,Speicher,Technisch,Speicher lädt nicht,Negativ,Telefon,Mittel,2025-06-03,182
9121,3062,2024-01-17,Smart Meter,Installation,Smart Meter Installation angefragt,Neutral,Telefon,Niedrig,2024-01-31,75
9122,15799,2024-07-21,Rechnung,Abrechnung,Rechnungsfrage,Neutral,App,Niedrig,2024-07-28,140
9123,678,2023-10-30,Smart Meter,Installation,Smart Meter Installation angefragt,Negativ,App,Niedrig,2023-11-11,103
9124,12923,2024-06-24,Speicher,Technisch,Speicher lädt nicht,Negativ,Chat,Hoch,2024-06-24,55
9125,18685,2023-07-09,Rechnung,Abrechnung,Rechnungsfrage,Negativ,Telefon,Hoch,2023-07-13,186
9126,17651,2023-03-20,Tarif,Vertrag,Kündigung,Neutral,Chat,Niedrig,2023-04-01,142
9127,8023,2024-02-10,Rechnung,Abrechnung,Abschlag zu hoch,Neutral,App,Mittel,2024-02-17,26
9128,9182,2023-11-24,Allgemein,Service,Kontaktdaten ändern,Neutral,App,Hoch,2023-11-29,144
9129,6882,2024-03-31,Wallbox,E-Mobility,Wallbox defekt,Negativ,Telefon,Mittel,2024-04-13,8
9130,8713,2025-01-03,Rechnung,Abrechnung,Zahlungsplan angefragt,Neutral,Telefon,Mittel,2025-01-10,34
9131,14496,2024-10-12,Rechnung,Abrechnung,Zahlungsplan angefragt,Neutral,Telefon,Niedrig,2024-10-16,137
9132,9537,2023-07-10,Smart Meter,Installation,Smart Meter Ablesung fehlerhaft,Positiv,Email,Niedrig,2023-07-19,17
9133,3608,2025-02-25,Allgemein,Service,Informationsanfrage,Positiv,App,Mittel,2025-03-02,48
9134,7633,2024-05-08,Rechnung,Abrechnung,Abschlag anpassen,Neutral,Email,Niedrig,2024-05-08,13
9135,5622,2024-12-08,Allgemein,Service,Kontaktdaten ändern,Neutral,Email,Niedrig,2024-12-19,19
9136,13216,2023-06-26,Tarif,Vertrag,Preisgarantie Frage,Neutral,Chat,Mittel,2023-07-03,110
9137,13676,2024-11-26,Smart Meter,Installation,Smart Meter Installation angefragt,Positiv,Telefon,Hoch,2024-11-26,17
9138,19775,2023-04-10,Wallbox,E-Mobility,App-Verbindung unterbrochen,Positiv,App,Mittel,2023-04-15,51
9139,13159,2024-06-05,Allgemein,Service,Lob,Positiv,Chat,Niedrig,2024-06-08,190
9140,16767,2024-09-05,Speicher,Technisch,Speicher lädt nicht,Negativ,Telefon,Mittel,2024-09-07,11
9141,14599,2023-06-08,Wallbox,E-Mobility,Wallbox Installation angefragt,Neutral,App,Mittel,2023-06-16,136
9142,5811,2023-01-04,Rechnung,Abrechnung,Zahlungsplan angefragt,Neutral,Chat,Hoch,2023-01-08,11
9143,18787,2023-05-01,Solar,Technisch,Solaranlage Ertrag niedrig,Positiv,Email,Niedrig,2023-05-07,153
9144,3460,2023-12-08,Rechnung,Abrechnung,Abschlag zu hoch,Neutral,App,Hoch,2023-12-15,18
9145,8036,2025-05-01,Speicher,Technisch,Kapazität gesunken,Neutral,Chat,Mittel,2025-05-09,36
9146,1367,2023-07-03,Wärmepumpe,Technisch,Wärmepumpe läuft nicht,Negativ,Telefon,Hoch,2023-07-03,150
9147,626,2025-05-08,Allgemein,Service,Lob,Positiv,App,Niedrig,2025-05-09,12
9148,16871,2025-06-08,Tarif,Vertrag,Preisgarantie Frage,Negativ,App,Niedrig,2025-06-15,130
9149,18679,2024-11-08,Speicher,Technisch,Speicher lädt nicht,Negativ,Telefon,Hoch,2024-11-13,130
9150,17843,2025-01-05,Wärmepumpe,Technisch,Wartung angefragt,Neutral,Email,Niedrig,2025-01-16,94
9151,17807,2024-01-13,Tarif,Vertrag,Umzug melden,Negativ,Email,Hoch,2024-01-13,102
9152,2682,2023-06-24,Smart Meter,Installation,Smart Meter zeigt keine Daten,Neutral,Chat,Niedrig,2023-07-01,13
9153,9253,2024-04-24,Wärmepumpe,Technisch,Geräuschentwicklung zu hoch,Neutral,App,Niedrig,2024-05-04,93
9154,1935,2023-11-13,Wallbox,E-Mobility,App-Verbindung unterbrochen,Neutral,Email,Niedrig,2023-11-18,31
9155,10257,2023-08-28,Tarif,Vertrag,Tarifwechsel angefragt,Neutral,Email,Niedrig,2023-08-29,111
9156,2414,2023-11-09,Speicher,Technisch,Kapazität gesunken,Neutral,App,Niedrig,2023-11-13,137
9157,16988,2024-06-14,Speicher,Technisch,Speicher lädt nicht,Negativ,Telefon,Mittel,2024-06-23,54
9158,16663,2024-11-29,Speicher,Technisch,Speicher lädt nicht,Negativ,Telefon,Hoch,2024-11-30,73
9159,13217,2025-03-04,Tarif,Vertrag,Ökostrom Umstellung,Neutral,App,Hoch,2025-03-08,117
9160,15725,2023-12-21,Smart Meter,Installation,Smart Meter Ablesung fehlerhaft,Neutral,Email,Mittel,2023-12-24,118
9161,15146,2023-07-06,Smart Meter,Installation,Smart Meter Installation angefragt,Neutral,App,Mittel,2023-07-10,197
9162,6703,2024-11-27,Rechnung,Abrechnung,Gutschrift angefragt,Neutral,Email,Mittel,2024-12-08,81
9163,19041,2023-02-21,Wärmepumpe,Technisch,Wärmepumpe Störung,Negativ,Chat,Kritisch,2023-02-27,191
9164,17391,2023-11-22,Smart Meter,Installation,Smart Meter defekt,Negativ,Email,Kritisch,2023-11-23,51
9165,14552,2023-03-29,Tarif,Vertrag,Kündigung,Neutral,App,Niedrig,2023-04-09,50
9166,18992,2023-03-27,Speicher,Technisch,Kapazität gesunken,Neutral,App,Mittel,2023-03-28,126
9167,18939,2024-02-28,Solar,Technisch,Einspeisevergütung Frage,Neutral,Email,Kritisch,2024-03-02,177
9168,11260,2024-04-01,Tarif,Vertrag,Kündigung,Negativ,Chat,Mittel,2024-04-01,161
9169,18980,2023-05-10,Wärmepumpe,Technisch,Wärmepumpe Störung,Negativ,Email,Mittel,2023-05-23,11
9170,12299,2024-07-09,Allgemein,Service,Kontaktdaten ändern,Neutral,Email,Hoch,2024-07-14,1
9171,5474,2024-01-21,Wärmepumpe,Technisch,Wärmepumpe läuft nicht,Negativ,Telefon,Niedrig,2024-01-22,37
9172,11255,2023-07-11,Smart Meter,Installation,Smart Meter zeigt keine Daten,Negativ,App,Mittel,2023-07-25,134
9173,16656,2025-01-13,Wärmepumpe,Technisch,Effizienz zu niedrig,Neutral,Chat,Hoch,2025-01-20,6
9174,5361,2024-12-25,Rechnung,Abrechnung,Rechnungsfrage,Neutral,Telefon,Mittel,2025-01-05,77
9175,3272,2024-06-08,Allgemein,Service,Allgemeine Anfrage,Neutral,Chat,Niedrig,2024-06-21,31
9176,9072,2023-03-27,Wärmepumpe,Technisch,Effizienz zu niedrig,Neutral,Telefon,Hoch,2023-04-03,70
9177,15700,2025-06-09,Allgemein,Service,Lob,Positiv,Chat,Niedrig,2025-06-16,24
9178,7625,2024-04-24,Tarif,Vertrag,Ökostrom Umstellung,Neutral,Email,Niedrig,2024-04-24,158
9179,14292,2024-01-21,Wallbox,E-Mobility,Wallbox lädt nicht,Negativ,App,Hoch,2024-01-23,108
9180,4279,2024-01-28,Allgemein,Service,Informationsanfrage,Positiv,App,Hoch,2024-02-02,2
9181,6695,2024-12-17,Wallbox,E-Mobility,Ladekarte Probleme,Neutral,App,Mittel,2024-12-30,181
9182,8820,2025-02-22,Rechnung,Abrechnung,Rechnungsfrage,Neutral,Email,Mittel,2025-03-07,2
9183,161,2025-05-02,Solar,Technisch,Monitoring nicht verfügbar,Negativ,Email,Hoch,2025-05-06,107
9184,12451,2024-06-27,Smart Meter,Installation,Smart Meter Installation angefragt,Neutral,App,Niedrig,2024-07-06,76
9185,39,2024-05-27,Speicher,Technisch,Kapazität gesunken,Positiv,Email,Mittel,2024-06-06,68
9186,13798,2023-12-28,Speicher,Technisch,Kapazität gesunken,Neutral,Telefon,Niedrig,2024-01-09,162
9187,10029,2024-07-18,Speicher,Technisch,Speicher lädt nicht,Negativ,Email,Kritisch,2024-07-19,30
9188,10771,2024-03-07,Solar,Technisch,Solaranlage Ertrag niedrig,Negativ,Email,Mittel,2024-03-10,194
9189,14890,2023-04-01,Speicher,Technisch,Batteriespeicher Störung,Negativ,Email,Hoch,2023-04-05,126
9190,16170,2024-05-31,Smart Meter,Installation,Smart Meter Ablesung fehlerhaft,Neutral,Chat,Mittel,2024-06-12,65
9191,11883,2024-03-31,Speicher,Technisch,Batteriespeicher Störung,Negativ,Email,Mittel,2024-04-11,93
9192,19609,2025-03-04,Solar,Technisch,Solaranlage produziert nicht,Negativ,Email,Kritisch,2025-03-09,27
9193,3547,2023-10-18,Wärmepumpe,Technisch,Effizienz zu niedrig,Positiv,Email,Mittel,2023-10-25,29
9194,6277,2024-03-08,Rechnung,Abrechnung,Rechnungsfrage,Neutral,Telefon,Mittel,2024-03-22,78
9195,2411,2024-02-11,Wärmepumpe,Technisch,Wartung angefragt,Neutral,Telefon,Niedrig,2024-02-24,115
9196,1108,2025-03-06,Smart Meter,Installation,Smart Meter App funktioniert nicht,Negativ,Chat,Hoch,2025-03-10,122
9197,17670,2023-08-26,Smart Meter,Installation,Smart Meter defekt,Negativ,App,Hoch,2023-08-28,23
9198,16805,2025-03-14,Wärmepumpe,Technisch,Wartung angefragt,Neutral,App,Niedrig,2025-03-24,27
9199,12682,2024-08-07,Speicher,Technisch,Kapazität gesunken,Negativ,Telefon,Mittel,2024-08-18,101
9200,2572,2023-09-23,Rechnung,Abrechnung,Zahlungsplan angefragt,Negativ,App,Niedrig,2023-09-23,71
9201,5560,2025-03-30,Solar,Technisch,Wechselrichter Fehler,Negativ,Telefon,Hoch,2025-04-01,62
9202,11074,2023-08-28,Smart Meter,Installation,Smart Meter defekt,Negativ,Telefon,Mittel,2023-08-29,125
9203,19308,2023-08-05,Speicher,Technisch,Kapazität gesunken,Neutral,App,Niedrig,2023-08-10,50
9204,9956,2024-09-02,Rechnung,Abrechnung,Abschlag zu hoch,Positiv,Telefon,Hoch,2024-09-07,6
9205,10051,2023-07-29,Tarif,Vertrag,Kündigung,Positiv,Email,Mittel,2023-08-05,82
9206,17952,2023-01-23,Tarif,Vertrag,Preisgarantie Frage,Neutral,App,Mittel,2023-02-06,47
9207,5687,2023-04-03,Allgemein,Service,Beschwerde,Negativ,Chat,Niedrig,2023-04-08,111
9208,1898,2024-08-25,Smart Meter,Installation,Smart Meter Installation angefragt,Neutral,Telefon,Mittel,2024-09-05,160
9209,5846,2024-03-01,Allgemein,Service,Informationsanfrage,Neutral,Chat,Niedrig,2024-03-05,79
9210,8821,2024-12-15,Solar,Technisch,Einspeisevergütung Frage,Neutral,Chat,Mittel,2024-12-26,132
9211,8110,2025-04-11,Solar,Technisch,Wechselrichter Fehler,Neutral,Chat,Niedrig,2025-04-19,26
9212,19452,2023-07-30,Wallbox,E-Mobility,Wallbox Installation angefragt,Negativ,Email,Mittel,2023-08-12,10
9213,3842,2024-03-25,Speicher,Technisch,Kapazität gesunken,Neutral,Chat,Mittel,2024-03-31,105
9214,16645,2024-06-16,Wärmepumpe,Technisch,Fehlercode E01 angezeigt,Neutral,Email,Mittel,2024-06-20,168
9215,7132,2025-03-27,Solar,Technisch,Solaranlage produziert nicht,Negativ,App,Hoch,2025-04-02,87
9216,8098,2024-10-21,Speicher,Technisch,Batteriespeicher Störung,Negativ,Telefon,Hoch,2024-10-21,1
9217,8253,2024-10-20,Solar,Technisch,Monitoring nicht verfügbar,Negativ,App,Hoch,2024-10-22,78
9218,14414,2024-02-29,Tarif,Vertrag,Tarifwechsel angefragt,Negativ,Email,Mittel,2024-03-09,111
9219,6608,2023-09-19,Solar,Technisch,Wechselrichter Fehler,Neutral,App,Mittel,2023-09-23,21
9220,5370,2024-05-09,Wallbox,E-Mobility,Wallbox Installation angefragt,Negativ,Email,Hoch,2024-05-14,136
9221,16763,2023-11-02,Tarif,Vertrag,Ökostrom Umstellung,Negativ,App,Hoch,2023-11-05,58
9222,8610,2025-06-22,Wärmepumpe,Technisch,Wartung angefragt,Neutral,Chat,Niedrig,2025-07-03,64
9223,1109,2025-04-09,Wallbox,E-Mobility,App-Verbindung unterbrochen,Positiv,Email,Niedrig,2025-04-10,52
9224,3585,2024-12-30,Tarif,Vertrag,Vertragsverlängerung,Neutral,Chat,Mittel,2025-01-03,48
9225,6189,2023-08-02,Tarif,Vertrag,Vertragsverlängerung,Neutral,App,Niedrig,2023-08-10,135
9226,2539,2023-02-14,Smart Meter,Installation,Smart Meter Installation angefragt,Neutral,Telefon,Hoch,2023-02-17,184
9227,17807,2024-01-04,Solar,Technisch,Monitoring nicht verfügbar,Negativ,Email,Kritisch,2024-01-09,119
9228,8952,2024-12-26,Smart Meter,Installation,Smart Meter zeigt keine Daten,Neutral,App,Niedrig,2025-01-07,157
9229,4280,2025-01-02,Speicher,Technisch,Speicher lädt nicht,Negativ,Email,Niedrig,2025-01-13,103
9230,11612,2025-01-29,Wärmepumpe,Technisch,Geräuschentwicklung zu hoch,Neutral,App,Mittel,2025-02-01,119
9231,9453,2023-07-02,Solar,Technisch,Monitoring nicht verfügbar,Negativ,Chat,Mittel,2023-07-08,67
9232,16534,2024-04-15,Wärmepumpe,Technisch,Wärmepumpe läuft nicht,Negativ,Email,Hoch,2024-04-18,129
9233,11921,2024-08-23,Wallbox,E-Mobility,Wallbox defekt,Negativ,App,Hoch,2024-08-29,132
9234,17986,2024-10-31,Wärmepumpe,Technisch,Wärmepumpe läuft nicht,Negativ,Telefon,Kritisch,2024-11-05,16
9235,18150,2024-12-11,Solar,Technisch,Wechselrichter Fehler,Neutral,Email,Mittel,2024-12-21,137
9236,9790,2025-01-04,Rechnung,Abrechnung,Abschlag anpassen,Negativ,Chat,Niedrig,2025-01-05,166
9237,13515,2023-05-10,Speicher,Technisch,Speicher lädt nicht,Negativ,Chat,Hoch,2023-05-16,125
9238,3952,2024-06-21,Wallbox,E-Mobility,Wallbox lädt nicht,Negativ,Chat,Kritisch,2024-06-27,39
9239,19052,2023-06-01,Smart Meter,Installation,Smart Meter App funktioniert nicht,Negativ,Telefon,Hoch,2023-06-02,40
9240,2937,2024-07-04,Solar,Technisch,Einspeisevergütung Frage,Neutral,App,Hoch,2024-07-07,114
9241,5862,2023-03-17,Smart Meter,Installation,Smart Meter zeigt keine Daten,Neutral,App,Mittel,2023-03-25,121
9242,4919,2025-03-09,Allgemein,Service,Allgemeine Anfrage,Neutral,Telefon,Niedrig,2025-03-17,71
9243,8309,2024-05-19,Tarif,Vertrag,Tarifwechsel angefragt,Neutral,App,Mittel,2024-05-31,198
9244,7390,2024-09-19,Allgemein,Service,Allgemeine Anfrage,Neutral,Chat,Mittel,2024-09-29,19
9245,11115,2024-05-16,Rechnung,Abrechnung,Rechnungsfrage,Positiv,Telefon,Mittel,2024-05-28,7
9246,11605,2024-01-08,Rechnung,Abrechnung,Abschlag anpassen,Neutral,Telefon,Mittel,2024-01-14,112
9247,6625,2025-02-11,Tarif,Vertrag,Umzug melden,Neutral,App,Mittel,2025-02-24,17
9248,16642,2023-11-03,Wallbox,E-Mobility,Wallbox lädt nicht,Negativ,App,Mittel,2023-11-10,1
9249,76,2024-06-18,Wallbox,E-Mobility,Wallbox defekt,Negativ,Telefon,Mittel,2024-07-01,58
9250,18540,2023-07-05,Speicher,Technisch,Batteriespeicher Störung,Negativ,Email,Hoch,2023-07-10,71
9251,11966,2023-04-03,Tarif,Vertrag,Umzug melden,Negativ,Telefon,Hoch,2023-04-03,34
9252,13306,2024-02-08,Smart Meter,Installation,Smart Meter App funktioniert nicht,Negativ,Email,Hoch,2024-02-10,99
9253,16923,2023-02-18,Solar,Technisch,Solaranlage produziert nicht,Negativ,Telefon,Hoch,2023-02-23,22
9254,10455,2024-04-06,Smart Meter,Installation,Smart Meter Installation angefragt,Neutral,Email,Niedrig,2024-04-20,89
9255,13221,2023-06-15,Wärmepumpe,Technisch,Geräuschentwicklung zu hoch,Positiv,App,Niedrig,2023-06-15,26
9256,11053,2023-09-21,Allgemein,Service,Lob,Positiv,Telefon,Niedrig,2023-09-22,136
9257,9380,2024-03-14,Speicher,Technisch,Speicher lädt nicht,Negativ,Chat,Hoch,2024-03-17,133
9258,2457,2024-08-01,Wallbox,E-Mobility,Wallbox Installation angefragt,Neutral,App,Hoch,2024-08-03,47
9259,15513,2025-05-22,Wallbox,E-Mobility,Ladekarte Probleme,Neutral,Email,Mittel,2025-05-30,182
9260,4560,2023-09-22,Tarif,Vertrag,Kündigung,Negativ,App,Niedrig,2023-09-29,102
9261,6595,2023-04-21,Rechnung,Abrechnung,Unstimmigkeit in Rechnung,Neutral,Email,Mittel,2023-04-23,24
9262,8926,2024-05-05,Wallbox,E-Mobility,Wallbox Installation angefragt,Neutral,App,Niedrig,2024-05-15,135
9263,8352,2023-08-12,Allgemein,Service,Allgemeine Anfrage,Neutral,Chat,Mittel,2023-08-19,73
9264,9675,2023-09-14,Wallbox,E-Mobility,Ladekarte Probleme,Neutral,Telefon,Hoch,2023-09-14,109
9265,7446,2023-02-09,Tarif,Vertrag,Kündigung,Positiv,App,Niedrig,2023-02-17,183
9266,5450,2023-12-10,Speicher,Technisch,Kapazität gesunken,Positiv,Email,Mittel,2023-12-22,170
9267,984,2024-01-21,Allgemein,Service,Beschwerde,Negativ,Telefon,Hoch,2024-01-26,105
9268,11609,2024-08-30,Smart Meter,Installation,Smart Meter Ablesung fehlerhaft,Neutral,Telefon,Mittel,2024-09-10,145
9269,14517,2025-05-04,Wallbox,E-Mobility,Wallbox defekt,Negativ,Email,Hoch,2025-05-04,186
9270,5870,2023-12-14,Wärmepumpe,Technisch,Geräuschentwicklung zu hoch,Neutral,App,Niedrig,2023-12-19,33
9271,18721,2025-02-04,Solar,Technisch,Wechselrichter Fehler,Neutral,App,Niedrig,2025-02-14,140
9272,11979,2025-03-27,Rechnung,Abrechnung,Zahlungsplan angefragt,Positiv,Email,Hoch,2025-03-31,156
9273,4711,2024-09-10,Smart Meter,Installation,Smart Meter zeigt keine Daten,Neutral,App,Mittel,2024-09-20,91
9274,5976,2024-07-25,Solar,Technisch,Wechselrichter Fehler,Neutral,Email,Mittel,2024-08-02,74
9275,1365,2024-01-29,Smart Meter,Installation,Smart Meter App funktioniert nicht,Negativ,Telefon,Hoch,2024-02-03,169
9276,4808,2024-12-17,Allgemein,Service,Allgemeine Anfrage,Neutral,Email,Niedrig,2024-12-23,26
9277,19311,2023-01-23,Tarif,Vertrag,Tarifwechsel angefragt,Negativ,Email,Hoch,2023-01-30,68
9278,1029,2025-04-14,Wallbox,E-Mobility,Wallbox defekt,Negativ,Email,Hoch,2025-04-20,174
9279,14214,2023-08-20,Wärmepumpe,Technisch,Wärmepumpe Störung,Negativ,Email,Mittel,2023-09-03,193
9280,1503,2024-01-17,Tarif,Vertrag,Umzug melden,Neutral,App,Mittel,2024-01-31,182
9281,19540,2023-04-28,Rechnung,Abrechnung,Rechnungsfrage,Neutral,Chat,Kritisch,2023-05-01,136
9282,1170,2023-05-11,Speicher,Technisch,Batteriespeicher Störung,Negativ,Email,Kritisch,2023-05-11,194
9283,4828,2024-07-05,Wärmepumpe,Technisch,Effizienz zu niedrig,Positiv,Email,Mittel,2024-07-10,170
9284,5881,2024-11-19,Allgemein,Service,Beschwerde,Negativ,App,Hoch,2024-11-22,51
9285,1269,2025-01-04,Solar,Technisch,Solaranlage produziert nicht,Negativ,Chat,Kritisch,2025-01-10,197
9286,10507,2024-11-04,Allgemein,Service,Allgemeine Anfrage,Negativ,Telefon,Mittel,2024-11-18,122
9287,11246,2025-01-15,Speicher,Technisch,Batteriespeicher Störung,Negativ,App,Kritisch,2025-01-21,83
9288,19269,2023-09-04,Speicher,Technisch,Batteriespeicher Störung,Negativ,Email,Kritisch,2023-09-10,24
9289,10247,2024-03-17,Solar,Technisch,Solaranlage Ertrag niedrig,Positiv,Chat,Mittel,2024-03-28,4
9290,10757,2023-03-18,Solar,Technisch,Wechselrichter Fehler,Neutral,App,Niedrig,2023-03-24,66
9291,1724,2023-07-13,Allgemein,Service,Informationsanfrage,Negativ,Telefon,Hoch,2023-07-17,18
9292,17652,2024-12-31,Smart Meter,Installation,Smart Meter App funktioniert nicht,Negativ,Email,Mittel,2025-01-08,15
9293,2310,2024-12-24,Wärmepumpe,Technisch,Effizienz zu niedrig,Neutral,App,Mittel,2024-12-29,128
9294,7691,2025-04-14,Allgemein,Service,Lob,Positiv,Chat,Niedrig,2025-04-23,131
9295,5452,2023-02-25,Speicher,Technisch,Kapazität gesunken,Positiv,App,Niedrig,2023-03-03,152
9296,6949,2025-01-10,Allgemein,Service,Allgemeine Anfrage,Neutral,Telefon,Mittel,2025-01-12,17
9297,12516,2024-05-15,Tarif,Vertrag,Kündigung,Neutral,Telefon,Niedrig,2024-05-25,198
9298,8178,2025-04-05,Wallbox,E-Mobility,Wallbox lädt nicht,Negativ,Chat,Hoch,2025-04-06,76
9299,4060,2023-04-29,Wärmepumpe,Technisch,Wartung angefragt,Neutral,Email,Hoch,2023-05-02,161
9300,15709,2024-08-01,Smart Meter,Installation,Smart Meter zeigt keine Daten,Negativ,App,Niedrig,2024-08-08,154
9301,4016,2023-08-25,Solar,Technisch,Solaranlage produziert nicht,Negativ,Email,Niedrig,2023-09-05,39
9302,10438,2024-11-23,Wärmepumpe,Technisch,Fehlercode E01 angezeigt,Neutral,Telefon,Mittel,2024-11-26,164
9303,16135,2023-07-14,Allgemein,Service,Informationsanfrage,Neutral,Email,Niedrig,2023-07-27,185
9304,5913,2024-04-20,Tarif,Vertrag,Tarifwechsel angefragt,Neutral,App,Hoch,2024-04-26,62
9305,15472,2024-10-20,Wallbox,E-Mobility,Ladekarte Probleme,Neutral,Email,Niedrig,2024-11-02,130
9306,8990,2023-04-09,Allgemein,Service,Allgemeine Anfrage,Neutral,Telefon,Hoch,2023-04-10,100
9307,8939,2023-08-09,Speicher,Technisch,Speicher lädt nicht,Negativ,Telefon,Hoch,2023-08-12,131
9308,1432,2023-01-14,Tarif,Vertrag,Kündigung,Negativ,Chat,Hoch,2023-01-20,113
9309,10577,2025-03-11,Wallbox,E-Mobility,Ladekarte Probleme,Negativ,App,Mittel,2025-03-16,50
9310,14806,2023-04-11,Wärmepumpe,Technisch,Effizienz zu niedrig,Neutral,Email,Niedrig,2023-04-15,107
9311,13524,2023-02-18,Rechnung,Abrechnung,Zahlungsplan angefragt,Positiv,Email,Niedrig,2023-03-04,200
9312,12424,2024-08-13,Wallbox,E-Mobility,Wallbox lädt nicht,Negativ,Chat,Hoch,2024-08-19,57
9313,14482,2023-01-25,Rechnung,Abrechnung,Zahlungsplan angefragt,Negativ,Email,Mittel,2023-01-29,58
9314,17324,2025-05-22,Allgemein,Service,Beschwerde,Negativ,Email,Mittel,2025-06-02,131
9315,1212,2023-10-16,Allgemein,Service,Kontaktdaten ändern,Neutral,Chat,Mittel,2023-10-21,123
9316,15056,2023-03-23,Smart Meter,Installation,Smart Meter App funktioniert nicht,Negativ,Email,Kritisch,2023-03-24,118
9317,811,2024-09-05,Tarif,Vertrag,Ökostrom Umstellung,Neutral,Chat,Mittel,2024-09-15,18
9318,6717,2024-04-08,Smart Meter,Installation,Smart Meter defekt,Negativ,Telefon,Hoch,2024-04-11,183
9319,5691,2023-07-30,Solar,Technisch,Solaranlage Ertrag niedrig,Neutral,Email,Mittel,2023-08-01,132
9320,1497,2024-11-05,Wallbox,E-Mobility,Ladekarte Probleme,Positiv,App,Mittel,2024-11-08,57
9321,4705,2024-08-12,Wärmepumpe,Technisch,Wartung angefragt,Neutral,Chat,Kritisch,2024-08-17,41
9322,12575,2024-07-31,Speicher,Technisch,Speicher lädt nicht,Negativ,Telefon,Hoch,2024-08-05,178
9323,3956,2023-05-27,Allgemein,Service,Allgemeine Anfrage,Positiv,App,Kritisch,2023-05-30,18
9324,11345,2023-04-05,Solar,Technisch,Wechselrichter Fehler,Neutral,App,Mittel,2023-04-18,185
9325,8784,2023-08-16,Wärmepumpe,Technisch,Fehlercode E01 angezeigt,Negativ,Telefon,Mittel,2023-08-26,82
9326,18231,2025-03-24,Allgemein,Service,Lob,Positiv,Chat,Niedrig,2025-04-03,121
9327,8399,2025-02-03,Rechnung,Abrechnung,Zahlungsplan angefragt,Neutral,Telefon,Mittel,2025-02-08,64
9328,10548,2023-01-11,Allgemein,Service,Beschwerde,Negativ,Chat,Hoch,2023-01-12,168
9329,9286,2023-11-20,Tarif,Vertrag,Vertragsverlängerung,Neutral,Chat,Niedrig,2023-11-22,172
9330,12867,2023-06-01,Allgemein,Service,Allgemeine Anfrage,Neutral,Chat,Mittel,2023-06-05,101
9331,6440,2023-09-03,Rechnung,Abrechnung,Abschlag zu hoch,Neutral,Telefon,Niedrig,2023-09-06,33
9332,19480,2024-12-14,Tarif,Vertrag,Vertragsverlängerung,Neutral,Telefon,Niedrig,2024-12-18,85
9333,9968,2024-09-22,Wallbox,E-Mobility,Wallbox defekt,Negativ,Chat,Hoch,2024-09-26,40
9334,7778,2024-11-07,Smart Meter,Installation,Smart Meter Installation angefragt,Neutral,Telefon,Niedrig,2024-11-16,7
9335,8643,2024-12-19,Allgemein,Service,Informationsanfrage,Positiv,Telefon,Niedrig,2024-12-21,23
9336,6428,2024-11-10,Allgemein,Service,Beschwerde,Negativ,Email,Mittel,2024-11-17,193
9337,14324,2023-01-02,Wallbox,E-Mobility,App-Verbindung unterbrochen,Neutral,Chat,Mittel,2023-01-06,42
9338,14077,2024-08-10,Allgemein,Service,Beschwerde,Negativ,Email,Kritisch,2024-08-14,47
9339,1277,2023-04-27,Solar,Technisch,Solaranlage produziert nicht,Negativ,Email,Kritisch,2023-05-03,84
9340,15977,2024-07-09,Speicher,Technisch,Kapazität gesunken,Neutral,App,Niedrig,2024-07-17,42
9341,10713,2024-05-29,Rechnung,Abrechnung,Unstimmigkeit in Rechnung,Negativ,Telefon,Niedrig,2024-06-08,41
9342,4199,2023-12-27,Speicher,Technisch,Speicher lädt nicht,Negativ,Telefon,Hoch,2023-12-29,132
9343,12467,2025-02-19,Smart Meter,Installation,Smart Meter App funktioniert nicht,Negativ,Chat,Kritisch,2025-02-21,16
9344,8363,2023-11-07,Wallbox,E-Mobility,Wallbox defekt,Negativ,Chat,Niedrig,2023-11-16,79
9345,2728,2024-12-26,Wärmepumpe,Technisch,Fehlercode E01 angezeigt,Neutral,Chat,Mittel,2025-01-08,49
9346,12922,2025-01-04,Tarif,Vertrag,Vertragsverlängerung,Neutral,App,Mittel,2025-01-12,52
9347,5837,2023-05-27,Wallbox,E-Mobility,Ladekarte Probleme,Neutral,Telefon,Niedrig,2023-05-30,11
9348,7893,2024-10-25,Wärmepumpe,Technisch,Geräuschentwicklung zu hoch,Negativ,Chat,Hoch,2024-10-30,137
9349,19925,2024-03-25,Tarif,Vertrag,Ökostrom Umstellung,Neutral,Chat,Mittel,2024-04-02,32
9350,12966,2023-02-18,Allgemein,Service,Kontaktdaten ändern,Neutral,Telefon,Mittel,2023-03-04,139
9351,6543,2023-11-12,Smart Meter,Installation,Smart Meter App funktioniert nicht,Negativ,Email,Kritisch,2023-11-13,140
9352,7150,2024-04-02,Wärmepumpe,Technisch,Wärmepumpe läuft nicht,Negativ,Chat,Mittel,2024-04-04,2
9353,16950,2024-11-10,Solar,Technisch,Monitoring nicht verfügbar,Negativ,Email,Hoch,2024-11-14,53
9354,13773,2024-04-21,Solar,Technisch,Solaranlage produziert nicht,Negativ,App,Hoch,2024-04-27,39
9355,4784,2023-12-22,Tarif,Vertrag,Umzug melden,Neutral,Email,Hoch,2023-12-27,132
9356,17494,2023-06-10,Tarif,Vertrag,Ökostrom Umstellung,Neutral,Chat,Kritisch,2023-06-13,48
9357,14932,2024-02-24,Tarif,Vertrag,Kündigung,Neutral,App,Mittel,2024-02-29,186
9358,2187,2024-12-13,Rechnung,Abrechnung,Unstimmigkeit in Rechnung,Negativ,Telefon,Kritisch,2024-12-14,96
9359,14997,2024-01-18,Tarif,Vertrag,Ökostrom Umstellung,Negativ,Chat,Mittel,2024-01-19,121
9360,17775,2024-06-21,Wallbox,E-Mobility,App-Verbindung unterbrochen,Negativ,App,Hoch,2024-06-21,195
9361,13804,2025-04-18,Solar,Technisch,Wechselrichter Fehler,Neutral,Email,Mittel,2025-04-23,69
9362,16038,2024-08-09,Solar,Technisch,Solaranlage Ertrag niedrig,Neutral,Telefon,Kritisch,2024-08-16,76
9363,14565,2023-03-02,Tarif,Vertrag,Ökostrom Umstellung,Neutral,Chat,Niedrig,2023-03-11,147
9364,13807,2024-06-13,Wärmepumpe,Technisch,Geräuschentwicklung zu hoch,Neutral,App,Mittel,2024-06-16,154
9365,18828,2023-08-28,Speicher,Technisch,Batteriespeicher Störung,Negativ,Chat,Kritisch,2023-08-30,43
9366,7823,2024-03-23,Solar,Technisch,Solaranlage produziert nicht,Negativ,Email,Hoch,2024-03-24,178
9367,12589,2024-08-16,Wallbox,E-Mobility,App-Verbindung unterbrochen,Neutral,Email,Mittel,2024-08-16,18
9368,3351,2024-01-26,Rechnung,Abrechnung,Gutschrift angefragt,Neutral,App,Hoch,2024-01-29,75
9369,17205,2023-06-17,Wallbox,E-Mobility,Wallbox defekt,Negativ,Email,Mittel,2023-06-18,59
9370,7483,2024-08-17,Wärmepumpe,Technisch,Wärmepumpe läuft nicht,Negativ,Telefon,Hoch,2024-08-23,188
9371,1594,2025-03-16,Smart Meter,Installation,Smart Meter Installation angefragt,Neutral,Telefon,Niedrig,2025-03-19,175
9372,5281,2023-03-11,Wallbox,E-Mobility,Wallbox defekt,Negativ,Telefon,Hoch,2023-03-18,28
9373,11602,2023-02-23,Wallbox,E-Mobility,Wallbox Installation angefragt,Negativ,Chat,Mittel,2023-03-01,58
9374,17920,2023-03-03,Tarif,Vertrag,Vertragsverlängerung,Neutral,Chat,Hoch,2023-03-04,152
9375,12160,2024-08-03,Speicher,Technisch,Kapazität gesunken,Neutral,App,Mittel,2024-08-13,81
9376,17680,2024-07-09,Solar,Technisch,Einspeisevergütung Frage,Negativ,App,Niedrig,2024-07-23,50
9377,1441,2023-05-14,Tarif,Vertrag,Ökostrom Umstellung,Neutral,App,Hoch,2023-05-21,104
9378,18791,2024-09-14,Rechnung,Abrechnung,Abschlag zu hoch,Positiv,Email,Hoch,2024-09-17,152
9379,12514,2025-01-25,Smart Meter,Installation,Smart Meter Ablesung fehlerhaft,Neutral,App,Hoch,2025-01-30,161
9380,1425,2023-07-28,Speicher,Technisch,Speicher lädt nicht,Negativ,App,Hoch,2023-07-28,115
9381,6422,2025-02-18,Wallbox,E-Mobility,App-Verbindung unterbrochen,Neutral,Email,Mittel,2025-02-21,163
9382,7878,2023-12-18,Speicher,Technisch,Speicher lädt nicht,Negativ,Telefon,Mittel,2023-12-27,121
9383,19251,2024-02-27,Wärmepumpe,Technisch,Effizienz zu niedrig,Neutral,App,Hoch,2024-02-29,17
9384,2432,2025-06-14,Wärmepumpe,Technisch,Fehlercode E01 angezeigt,Neutral,App,Mittel,2025-06-24,151
9385,15166,2023-12-27,Wallbox,E-Mobility,App-Verbindung unterbrochen,Neutral,Telefon,Mittel,2024-01-03,192
9386,10765,2024-03-30,Wärmepumpe,Technisch,Fehlercode E01 angezeigt,Neutral,Chat,Niedrig,2024-04-05,135
9387,18945,2025-03-25,Wallbox,E-Mobility,App-Verbindung unterbrochen,Neutral,Chat,Hoch,2025-03-28,122
9388,17110,2024-03-07,Tarif,Vertrag,Preisgarantie Frage,Neutral,App,Niedrig,2024-03-19,112
9389,13854,2024-03-03,Solar,Technisch,Monitoring nicht verfügbar,Negativ,Email,Kritisch,2024-03-05,44
9390,11622,2025-05-05,Wärmepumpe,Technisch,Wärmepumpe läuft nicht,Negativ,Telefon,Kritisch,2025-05-07,53
9391,11151,2024-10-20,Solar,Technisch,Wechselrichter Fehler,Neutral,Email,Mittel,2024-10-20,133
9392,8529,2023-08-05,Tarif,Vertrag,Vertragsverlängerung,Neutral,Telefon,Niedrig,2023-08-16,166
9393,1437,2025-03-25,Speicher,Technisch,Kapazität gesunken,Neutral,App,Mittel,2025-03-29,40
9394,17225,2025-03-11,Speicher,Technisch,Batteriespeicher Störung,Negativ,Email,Hoch,2025-03-18,158
9395,1492,2025-03-27,Smart Meter,Installation,Smart Meter Installation angefragt,Neutral,Telefon,Hoch,2025-04-02,194
9396,12480,2023-12-06,Smart Meter,Installation,Smart Meter defekt,Negativ,Email,Mittel,2023-12-13,55
9397,2952,2024-09-23,Speicher,Technisch,Kapazität gesunken,Positiv,Chat,Niedrig,2024-10-07,37
9398,3784,2023-01-01,Smart Meter,Installation,Smart Meter zeigt keine Daten,Neutral,App,Hoch,2023-01-06,106
9399,610,2025-02-20,Smart Meter,Installation,Smart Meter Ablesung fehlerhaft,Neutral,Email,Kritisch,2025-02-27,92
9400,2753,2024-04-05,Solar,Technisch,Solaranlage produziert nicht,Negativ,Email,Hoch,2024-04-07,193
9401,4506,2023-11-10,Solar,Technisch,Solaranlage Ertrag niedrig,Negativ,Telefon,Hoch,2023-11-13,156
9402,12947,2025-04-13,Rechnung,Abrechnung,Abschlag zu hoch,Neutral,Email,Mittel,2025-04-18,9
9403,6975,2024-05-23,Wallbox,E-Mobility,Wallbox Installation angefragt,Neutral,Email,Hoch,2024-05-26,54
9404,3528,2024-03-05,Solar,Technisch,Monitoring nicht verfügbar,Negativ,Telefon,Mittel,2024-03-05,174
9405,10524,2023-04-01,Wallbox,E-Mobility,Ladekarte Probleme,Positiv,Telefon,Niedrig,2023-04-06,13
9406,15014,2024-12-25,Wärmepumpe,Technisch,Effizienz zu niedrig,Positiv,Email,Mittel,2024-12-29,195
9407,1406,2024-05-26,Solar,Technisch,Wechselrichter Fehler,Negativ,Email,Niedrig,2024-05-30,126
9408,12719,2024-01-13,Solar,Technisch,Wechselrichter Fehler,Neutral,Email,Mittel,2024-01-24,174
9409,18837,2023-10-20,Smart Meter,Installation,Smart Meter defekt,Negativ,Chat,Hoch,2023-10-21,25
9410,15830,2024-05-19,Solar,Technisch,Einspeisevergütung Frage,Neutral,Chat,Mittel,2024-05-28,96
9411,1332,2024-11-10,Wallbox,E-Mobility,Wallbox Installation angefragt,Positiv,Chat,Mittel,2024-11-21,97
9412,11212,2023-06-03,Rechnung,Abrechnung,Rechnungsfrage,Neutral,Telefon,Hoch,2023-06-04,62
9413,18941,2024-01-11,Tarif,Vertrag,Preisgarantie Frage,Neutral,Telefon,Niedrig,2024-01-20,19
9414,1817,2025-06-17,Smart Meter,Installation,Smart Meter zeigt keine Daten,Negativ,Telefon,Hoch,2025-06-17,4
9415,6009,2024-02-10,Rechnung,Abrechnung,Zahlungsplan angefragt,Neutral,Email,Mittel,2024-02-10,153
9416,10356,2024-10-17,Wallbox,E-Mobility,Wallbox defekt,Negativ,Chat,Mittel,2024-10-20,172
9417,6099,2023-04-26,Smart Meter,Installation,Smart Meter App funktioniert nicht,Negativ,Chat,Hoch,2023-04-26,22
9418,2745,2024-10-20,Solar,Technisch,Einspeisevergütung Frage,Positiv,Chat,Hoch,2024-10-24,105
9419,15539,2024-09-07,Wallbox,E-Mobility,Wallbox Installation angefragt,Neutral,Email,Mittel,2024-09-14,49
9420,7679,2025-04-21,Tarif,Vertrag,Tarifwechsel angefragt,Neutral,App,Hoch,2025-04-21,183
9421,18950,2023-05-24,Wallbox,E-Mobility,Ladekarte Probleme,Positiv,Telefon,Mittel,2023-05-29,168
9422,15596,2023-10-08,Smart Meter,Installation,Smart Meter defekt,Negativ,Telefon,Hoch,2023-10-08,61
9423,8757,2023-11-10,Speicher,Technisch,Batteriespeicher Störung,Negativ,Chat,Mittel,2023-11-18,105
9424,10282,2023-12-04,Allgemein,Service,Allgemeine Anfrage,Positiv,Chat,Mittel,2023-12-10,115
9425,15506,2023-01-03,Speicher,Technisch,Speicher lädt nicht,Negativ,App,Kritisch,2023-01-07,32
9426,13599,2024-11-27,Wärmepumpe,Technisch,Geräuschentwicklung zu hoch,Positiv,Chat,Mittel,2024-12-09,83
9427,1216,2024-12-15,Tarif,Vertrag,Ökostrom Umstellung,Neutral,Telefon,Niedrig,2024-12-27,114
9428,15335,2024-06-20,Speicher,Technisch,Batteriespeicher Störung,Negativ,Email,Mittel,2024-07-02,6
9429,9938,2023-11-25,Speicher,Technisch,Kapazität gesunken,Neutral,Telefon,Mittel,2023-12-03,159
9430,4450,2024-03-18,Wärmepumpe,Technisch,Geräuschentwicklung zu hoch,Neutral,Telefon,Mittel,2024-03-18,40
9431,1294,2023-08-15,Speicher,Technisch,Batteriespeicher Störung,Negativ,Chat,Mittel,2023-08-15,126
9432,10676,2023-04-06,Smart Meter,Installation,Smart Meter zeigt keine Daten,Negativ,App,Hoch,2023-04-09,96
9433,18904,2023-05-29,Speicher,Technisch,Speicher lädt nicht,Negativ,Chat,Mittel,2023-06-11,64
9434,18603,2023-12-06,Wärmepumpe,Technisch,Geräuschentwicklung zu hoch,Neutral,Telefon,Hoch,2023-12-09,90
9435,14319,2024-01-16,Wärmepumpe,Technisch,Wärmepumpe Störung,Negativ,App,Kritisch,2024-01-23,127
9436,13310,2023-01-14,Tarif,Vertrag,Ökostrom Umstellung,Positiv,Telefon,Mittel,2023-01-21,158
9437,5446,2023-02-08,Speicher,Technisch,Speicher lädt nicht,Negativ,App,Hoch,2023-02-11,9
9438,18628,2024-10-28,Wallbox,E-Mobility,App-Verbindung unterbrochen,Positiv,Chat,Mittel,2024-10-31,9
9439,4173,2024-08-12,Tarif,Vertrag,Ökostrom Umstellung,Positiv,Email,Niedrig,2024-08-13,41
9440,15113,2024-01-03,Wärmepumpe,Technisch,Fehlercode E01 angezeigt,Negativ,Email,Niedrig,2024-01-06,144
9441,19076,2023-05-09,Wallbox,E-Mobility,Wallbox defekt,Negativ,App,Mittel,2023-05-11,187
9442,4725,2023-09-18,Smart Meter,Installation,Smart Meter Ablesung fehlerhaft,Neutral,App,Mittel,2023-09-20,167
9443,3010,2024-12-01,Wallbox,E-Mobility,Wallbox lädt nicht,Negativ,Email,Mittel,2024-12-14,44
9444,17545,2024-07-12,Tarif,Vertrag,Preisgarantie Frage,Neutral,Email,Niedrig,2024-07-22,140
9445,16927,2025-01-05,Wärmepumpe,Technisch,Fehlercode E01 angezeigt,Negativ,Chat,Niedrig,2025-01-07,181
9446,19642,2025-03-03,Speicher,Technisch,Batteriespeicher Störung,Negativ,App,Hoch,2025-03-06,84
9447,8767,2025-05-13,Speicher,Technisch,Kapazität gesunken,Neutral,Chat,Mittel,2025-05-22,67
9448,13406,2024-11-12,Wärmepumpe,Technisch,Geräuschentwicklung zu hoch,Neutral,App,Niedrig,2024-11-12,177
9449,19080,2025-04-29,Smart Meter,Installation,Smart Meter Ablesung fehlerhaft,Negativ,Chat,Niedrig,2025-05-12,138
9450,381,2024-02-26,Wallbox,E-Mobility,Wallbox Installation angefragt,Neutral,Email,Mittel,2024-03-03,174
9451,2349,2023-05-30,Solar,Technisch,Einspeisevergütung Frage,Positiv,Chat,Mittel,2023-06-01,142
9452,8256,2023-03-05,Tarif,Vertrag,Preisgarantie Frage,Positiv,App,Mittel,2023-03-14,198
9453,15867,2024-12-20,Smart Meter,Installation,Smart Meter Installation angefragt,Negativ,Telefon,Hoch,2024-12-24,199
9454,8781,2024-01-28,Wärmepumpe,Technisch,Wartung angefragt,Neutral,Telefon,Mittel,2024-01-31,66
9455,5166,2024-05-19,Smart Meter,Installation,Smart Meter defekt,Negativ,Email,Kritisch,2024-05-24,180
9456,276,2023-10-07,Rechnung,Abrechnung,Rechnungsfrage,Negativ,Chat,Mittel,2023-10-08,109
9457,15727,2024-04-21,Speicher,Technisch,Kapazität gesunken,Neutral,App,Niedrig,2024-04-28,80
9458,14293,2024-07-29,Wallbox,E-Mobility,Ladekarte Probleme,Neutral,Chat,Mittel,2024-08-01,26
9459,14662,2025-01-19,Allgemein,Service,Beschwerde,Negativ,Chat,Hoch,2025-01-19,46
9460,6661,2023-06-30,Smart Meter,Installation,Smart Meter App funktioniert nicht,Negativ,Email,Niedrig,2023-07-07,2
9461,14756,2024-07-11,Smart Meter,Installation,Smart Meter App funktioniert nicht,Negativ,Email,Mittel,2024-07-18,126
9462,13881,2024-04-11,Wärmepumpe,Technisch,Wärmepumpe läuft nicht,Negativ,Chat,Mittel,2024-04-14,81
9463,16559,2024-06-12,Speicher,Technisch,Batteriespeicher Störung,Negativ,App,Hoch,2024-06-13,115
9464,11239,2023-12-17,Speicher,Technisch,Kapazität gesunken,Neutral,Email,Mittel,2023-12-28,139
9465,6189,2023-08-19,Tarif,Vertrag,Vertragsverlängerung,Neutral,Email,Niedrig,2023-08-26,108
9466,17951,2024-07-27,Speicher,Technisch,Kapazität gesunken,Neutral,Telefon,Mittel,2024-07-31,30
9467,17704,2024-11-07,Solar,Technisch,Monitoring nicht verfügbar,Negativ,Email,Niedrig,2024-11-13,51
9468,19672,2023-04-21,Solar,Technisch,Solaranlage Ertrag niedrig,Neutral,Telefon,Mittel,2023-04-26,40
9469,826,2024-04-16,Wallbox,E-Mobility,Wallbox lädt nicht,Negativ,App,Hoch,2024-04-22,60
9470,96,2024-03-03,Wallbox,E-Mobility,Ladekarte Probleme,Negativ,App,Kritisch,2024-03-07,184
9471,8306,2024-04-09,Speicher,Technisch,Batteriespeicher Störung,Negativ,Email,Mittel,2024-04-09,118
9472,15043,2023-03-01,Speicher,Technisch,Speicher lädt nicht,Negativ,Telefon,Kritisch,2023-03-02,68
9473,10777,2023-06-06,Wärmepumpe,Technisch,Wärmepumpe Störung,Negativ,App,Mittel,2023-06-19,29
9474,10864,2025-01-23,Wärmepumpe,Technisch,Effizienz zu niedrig,Neutral,Telefon,Mittel,2025-01-29,117
9475,15557,2023-04-28,Rechnung,Abrechnung,Abschlag anpassen,Neutral,Chat,Niedrig,2023-05-11,43
9476,10200,2024-02-08,Solar,Technisch,Solaranlage Ertrag niedrig,Neutral,Email,Niedrig,2024-02-09,2
9477,8464,2025-04-03,Speicher,Technisch,Speicher lädt nicht,Negativ,App,Hoch,2025-04-04,80
9478,8924,2023-02-25,Rechnung,Abrechnung,Rechnungsfrage,Neutral,Chat,Mittel,2023-03-01,87
9479,2914,2024-04-29,Wallbox,E-Mobility,Wallbox lädt nicht,Negativ,App,Hoch,2024-05-01,14
9480,11726,2023-06-09,Solar,Technisch,Wechselrichter Fehler,Neutral,Telefon,Niedrig,2023-06-18,69
9481,15307,2025-04-16,Speicher,Technisch,Kapazität gesunken,Neutral,App,Niedrig,2025-04-22,160
9482,6339,2023-10-15,Wärmepumpe,Technisch,Wärmepumpe läuft nicht,Negativ,Chat,Mittel,2023-10-26,10
9483,4634,2024-08-19,Wärmepumpe,Technisch,Effizienz zu niedrig,Neutral,App,Hoch,2024-08-20,158
9484,9187,2023-09-26,Solar,Technisch,Wechselrichter Fehler,Neutral,Chat,Hoch,2023-10-03,30
9485,6831,2024-06-05,Allgemein,Service,Beschwerde,Negativ,Email,Mittel,2024-06-13,48
9486,19229,2023-08-01,Solar,Technisch,Monitoring nicht verfügbar,Negativ,Email,Hoch,2023-08-06,136
9487,5178,2024-05-07,Allgemein,Service,Lob,Positiv,Telefon,Niedrig,2024-05-16,33
9488,6726,2025-06-27,Wärmepumpe,Technisch,Fehlercode E01 angezeigt,Negativ,Telefon,Niedrig,2025-07-09,162
9489,3293,2024-06-13,Rechnung,Abrechnung,Unstimmigkeit in Rechnung,Neutral,App,Mittel,2024-06-19,192
9490,17074,2023-06-20,Rechnung,Abrechnung,Rechnungsfrage,Negativ,Chat,Niedrig,2023-06-23,174
9491,15990,2024-02-06,Rechnung,Abrechnung,Zahlungsplan angefragt,Neutral,Email,Niedrig,2024-02-16,72
9492,11500,2024-09-28,Solar,Technisch,Wechselrichter Fehler,Positiv,App,Niedrig,2024-09-29,25
9493,18443,2025-02-14,Wärmepumpe,Technisch,Geräuschentwicklung zu hoch,Neutral,App,Kritisch,2025-02-15,23
9494,16885,2025-04-10,Allgemein,Service,Kontaktdaten ändern,Neutral,Chat,Niedrig,2025-04-24,76
9495,14572,2024-07-17,Wallbox,E-Mobility,Wallbox defekt,Negativ,Chat,Hoch,2024-07-17,97
9496,13977,2023-12-05,Solar,Technisch,Solaranlage produziert nicht,Negativ,Telefon,Niedrig,2023-12-14,133
9497,2269,2024-05-23,Smart Meter,Installation,Smart Meter zeigt keine Daten,Positiv,Telefon,Mittel,2024-05-25,148
9498,9734,2024-04-07,Smart Meter,Installation,Smart Meter zeigt keine Daten,Negativ,Email,Niedrig,2024-04-15,150
9499,11394,2023-04-06,Solar,Technisch,Solaranlage Ertrag niedrig,Neutral,App,Niedrig,2023-04-14,27
9500,19056,2023-10-01,Wallbox,E-Mobility,App-Verbindung unterbrochen,Neutral,Chat,Kritisch,2023-10-02,13
9501,791,2024-06-26,Wärmepumpe,Technisch,Geräuschentwicklung zu hoch,Positiv,App,Niedrig,2024-07-01,51
9502,5756,2024-07-06,Allgemein,Service,Beschwerde,Negativ,Chat,Hoch,2024-07-06,110
9503,16057,2024-12-03,Wallbox,E-Mobility,Wallbox defekt,Negativ,Telefon,Kritisch,2024-12-04,69
9504,1837,2023-11-15,Wärmepumpe,Technisch,Effizienz zu niedrig,Neutral,Email,Niedrig,2023-11-29,41
9505,4070,2023-03-27,Speicher,Technisch,Batteriespeicher Störung,Negativ,Chat,Kritisch,2023-04-03,186
9506,17298,2023-11-13,Allgemein,Service,Informationsanfrage,Negativ,Email,Niedrig,2023-11-17,185
9507,6290,2023-11-13,Allgemein,Service,Allgemeine Anfrage,Negativ,Email,Niedrig,2023-11-27,200
9508,13872,2025-03-24,Allgemein,Service,Beschwerde,Negativ,Telefon,Kritisch,2025-03-28,121
9509,13038,2024-01-01,Speicher,Technisch,Batteriespeicher Störung,Negativ,App,Mittel,2024-01-13,149
9510,16126,2023-03-17,Tarif,Vertrag,Vertragsverlängerung,Negativ,Chat,Niedrig,2023-03-19,92
9511,10335,2025-04-05,Smart Meter,Installation,Smart Meter App funktioniert nicht,Negativ,Email,Hoch,2025-04-08,117
9512,4854,2023-08-02,Solar,Technisch,Solaranlage produziert nicht,Negativ,Telefon,Kritisch,2023-08-04,169
9513,3864,2024-07-20,Wallbox,E-Mobility,Wallbox defekt,Negativ,App,Kritisch,2024-07-23,92
9514,673,2023-04-21,Speicher,Technisch,Speicher lädt nicht,Negativ,Email,Niedrig,2023-05-03,187
9515,14901,2025-03-01,Wärmepumpe,Technisch,Fehlercode E01 angezeigt,Negativ,Chat,Mittel,2025-03-05,70
9516,18413,2023-01-12,Speicher,Technisch,Kapazität gesunken,Positiv,App,Mittel,2023-01-19,196
9517,14487,2023-02-16,Tarif,Vertrag,Umzug melden,Negativ,Chat,Niedrig,2023-02-25,144
9518,7745,2024-06-04,Speicher,Technisch,Speicher lädt nicht,Negativ,App,Hoch,2024-06-07,192
9519,11665,2024-11-04,Smart Meter,Installation,Smart Meter Installation angefragt,Neutral,App,Niedrig,2024-11-07,81
9520,12260,2024-01-12,Rechnung,Abrechnung,Gutschrift angefragt,Neutral,App,Hoch,2024-01-14,177
9521,1689,2023-04-10,Allgemein,Service,Lob,Positiv,Telefon,Niedrig,2023-04-10,200
9522,2146,2023-09-25,Wallbox,E-Mobility,App-Verbindung unterbrochen,Neutral,Email,Mittel,2023-10-05,180
9523,8451,2023-07-08,Tarif,Vertrag,Preisgarantie Frage,Neutral,Telefon,Niedrig,2023-07-08,101
9524,17893,2023-11-02,Speicher,Technisch,Speicher lädt nicht,Negativ,Email,Hoch,2023-11-05,152
9525,6472,2024-06-24,Wallbox,E-Mobility,Wallbox defekt,Negativ,App,Mittel,2024-06-27,32
9526,2678,2025-05-13,Wallbox,E-Mobility,Wallbox defekt,Negativ,Chat,Hoch,2025-05-14,105
9527,19940,2023-01-06,Solar,Technisch,Solaranlage produziert nicht,Negativ,Telefon,Hoch,2023-01-12,10
9528,18050,2024-03-29,Speicher,Technisch,Batteriespeicher Störung,Negativ,App,Mittel,2024-03-30,197
9529,12186,2024-02-16,Rechnung,Abrechnung,Zahlungsplan angefragt,Neutral,Email,Mittel,2024-02-19,97
9530,11488,2024-10-01,Wallbox,E-Mobility,Wallbox lädt nicht,Negativ,Chat,Niedrig,2024-10-08,175
9531,19989,2023-09-18,Wallbox,E-Mobility,App-Verbindung unterbrochen,Positiv,App,Mittel,2023-09-19,137
9532,6506,2023-07-03,Smart Meter,Installation,Smart Meter defekt,Negativ,Chat,Hoch,2023-07-10,3
9533,10246,2024-01-01,Smart Meter,Installation,Smart Meter defekt,Negativ,App,Mittel,2024-01-06,200
9534,3773,2023-06-03,Wallbox,E-Mobility,Ladekarte Probleme,Neutral,App,Niedrig,2023-06-10,132
9535,16758,2024-03-02,Wärmepumpe,Technisch,Geräuschentwicklung zu hoch,Positiv,Email,Hoch,2024-03-07,47
9536,5349,2023-11-16,Speicher,Technisch,Speicher lädt nicht,Negativ,Telefon,Mittel,2023-11-16,127
9537,19341,2024-03-28,Tarif,Vertrag,Preisgarantie Frage,Neutral,Email,Mittel,2024-04-08,144
9538,7156,2023-03-24,Tarif,Vertrag,Vertragsverlängerung,Negativ,Telefon,Mittel,2023-03-30,158
9539,14156,2024-01-17,Tarif,Vertrag,Ökostrom Umstellung,Positiv,App,Mittel,2024-01-28,122
9540,2707,2024-08-20,Speicher,Technisch,Batteriespeicher Störung,Negativ,Email,Mittel,2024-08-23,129
9541,19026,2023-07-01,Tarif,Vertrag,Vertragsverlängerung,Neutral,Email,Mittel,2023-07-14,61
9542,6507,2024-01-10,Tarif,Vertrag,Tarifwechsel angefragt,Neutral,Chat,Mittel,2024-01-11,39
9543,9381,2024-05-13,Allgemein,Service,Kontaktdaten ändern,Neutral,Chat,Niedrig,2024-05-13,155
9544,5155,2024-03-27,Allgemein,Service,Lob,Positiv,Telefon,Niedrig,2024-04-02,193
9545,123,2023-08-20,Allgemein,Service,Kontaktdaten ändern,Neutral,Chat,Niedrig,2023-08-28,53
9546,1737,2024-05-29,Wärmepumpe,Technisch,Geräuschentwicklung zu hoch,Neutral,Telefon,Niedrig,2024-06-11,94
9547,1580,2023-11-08,Smart Meter,Installation,Smart Meter zeigt keine Daten,Neutral,Chat,Niedrig,2023-11-17,167
9548,976,2023-11-07,Wallbox,E-Mobility,Wallbox lädt nicht,Negativ,Email,Hoch,2023-11-07,127
9549,15915,2024-10-24,Wärmepumpe,Technisch,Wärmepumpe läuft nicht,Negativ,App,Kritisch,2024-10-26,8
9550,6973,2024-09-17,Solar,Technisch,Einspeisevergütung Frage,Neutral,Chat,Niedrig,2024-09-19,111
9551,11286,2025-05-19,Tarif,Vertrag,Vertragsverlängerung,Neutral,Email,Hoch,2025-05-22,70
9552,3059,2023-03-22,Allgemein,Service,Kontaktdaten ändern,Negativ,Telefon,Mittel,2023-03-24,75
9553,17863,2023-10-27,Wärmepumpe,Technisch,Geräuschentwicklung zu hoch,Negativ,Email,Niedrig,2023-11-08,168
9554,3529,2024-06-21,Allgemein,Service,Allgemeine Anfrage,Neutral,Email,Hoch,2024-06-24,103
9555,6768,2024-02-13,Solar,Technisch,Einspeisevergütung Frage,Neutral,Chat,Mittel,2024-02-23,75
9556,10619,2024-01-13,Speicher,Technisch,Batteriespeicher Störung,Negativ,Chat,Mittel,2024-01-16,42
9557,14263,2024-01-28,Allgemein,Service,Allgemeine Anfrage,Neutral,App,Niedrig,2024-02-02,121
9558,11882,2025-02-27,Wärmepumpe,Technisch,Fehlercode E01 angezeigt,Neutral,Chat,Hoch,2025-03-06,9
9559,516,2025-05-26,Allgemein,Service,Kontaktdaten ändern,Neutral,Telefon,Mittel,2025-05-28,157
9560,10882,2025-02-13,Tarif,Vertrag,Kündigung,Neutral,Chat,Mittel,2025-02-21,6
9561,7237,2025-06-26,Tarif,Vertrag,Umzug melden,Neutral,Email,Mittel,2025-07-10,37
9562,14641,2023-02-21,Solar,Technisch,Wechselrichter Fehler,Neutral,App,Mittel,2023-03-07,20
9563,11189,2023-06-11,Rechnung,Abrechnung,Rechnungsfrage,Neutral,Email,Mittel,2023-06-16,75
9564,1931,2025-02-20,Rechnung,Abrechnung,Abschlag anpassen,Neutral,Email,Niedrig,2025-03-01,64
9565,12619,2024-05-30,Smart Meter,Installation,Smart Meter App funktioniert nicht,Negativ,App,Kritisch,2024-06-05,107
9566,10793,2025-04-17,Wärmepumpe,Technisch,Wärmepumpe läuft nicht,Negativ,Email,Hoch,2025-04-21,31
9567,6786,2025-02-08,Smart Meter,Installation,Smart Meter App funktioniert nicht,Negativ,App,Kritisch,2025-02-09,15
9568,15310,2024-12-18,Allgemein,Service,Lob,Positiv,Chat,Niedrig,2024-12-22,79
9569,7000,2023-02-10,Rechnung,Abrechnung,Abschlag zu hoch,Neutral,Chat,Mittel,2023-02-24,17
9570,19907,2024-04-19,Rechnung,Abrechnung,Zahlungsplan angefragt,Neutral,Chat,Niedrig,2024-04-20,175
9571,5062,2025-01-31,Wallbox,E-Mobility,Ladekarte Probleme,Neutral,App,Niedrig,2025-02-04,154
9572,2781,2023-08-01,Smart Meter,Installation,Smart Meter defekt,Negativ,Chat,Hoch,2023-08-08,149
9573,12516,2023-10-11,Smart Meter,Installation,Smart Meter Installation angefragt,Neutral,Email,Mittel,2023-10-14,17
9574,16633,2024-03-20,Wärmepumpe,Technisch,Wärmepumpe läuft nicht,Negativ,Telefon,Hoch,2024-03-24,188
9575,17481,2024-10-10,Wallbox,E-Mobility,Wallbox defekt,Negativ,Telefon,Mittel,2024-10-14,91
9576,6857,2023-03-12,Rechnung,Abrechnung,Zahlungsplan angefragt,Neutral,Telefon,Mittel,2023-03-23,96
9577,5724,2024-05-24,Smart Meter,Installation,Smart Meter defekt,Negativ,Email,Kritisch,2024-05-31,181
9578,6632,2023-06-21,Allgemein,Service,Allgemeine Anfrage,Negativ,App,Mittel,2023-06-26,6
9579,1626,2023-09-13,Solar,Technisch,Wechselrichter Fehler,Negativ,Email,Mittel,2023-09-27,102
9580,10333,2023-05-15,Wärmepumpe,Technisch,Geräuschentwicklung zu hoch,Neutral,Telefon,Kritisch,2023-05-22,88
9581,16187,2023-08-16,Tarif,Vertrag,Ökostrom Umstellung,Negativ,Email,Mittel,2023-08-26,79
9582,16257,2025-06-08,Smart Meter,Installation,Smart Meter Ablesung fehlerhaft,Neutral,Telefon,Niedrig,2025-06-22,34
9583,14848,2024-07-06,Rechnung,Abrechnung,Unstimmigkeit in Rechnung,Positiv,Chat,Mittel,2024-07-19,57
9584,8354,2024-04-01,Wärmepumpe,Technisch,Geräuschentwicklung zu hoch,Positiv,Email,Niedrig,2024-04-05,2
9585,39,2023-10-11,Smart Meter,Installation,Smart Meter Ablesung fehlerhaft,Negativ,Telefon,Mittel,2023-10-24,188
9586,4221,2024-10-21,Smart Meter,Installation,Smart Meter zeigt keine Daten,Negativ,Chat,Niedrig,2024-10-25,127
9587,15239,2023-02-18,Smart Meter,Installation,Smart Meter zeigt keine Daten,Neutral,Telefon,Niedrig,2023-02-27,31
9588,16749,2025-01-03,Allgemein,Service,Beschwerde,Negativ,Email,Mittel,2025-01-05,157
9589,5483,2024-05-16,Speicher,Technisch,Batteriespeicher Störung,Negativ,App,Hoch,2024-05-19,173
9590,19816,2024-11-22,Wallbox,E-Mobility,Wallbox defekt,Negativ,Chat,Hoch,2024-11-25,43
9591,2705,2023-02-12,Rechnung,Abrechnung,Abschlag anpassen,Negativ,Email,Niedrig,2023-02-26,138
9592,1685,2024-05-17,Smart Meter,Installation,Smart Meter Ablesung fehlerhaft,Neutral,App,Mittel,2024-05-29,172
9593,18502,2023-03-01,Wärmepumpe,Technisch,Geräuschentwicklung zu hoch,Negativ,Email,Mittel,2023-03-11,34
9594,8739,2024-06-24,Tarif,Vertrag,Kündigung,Neutral,App,Mittel,2024-07-01,168
9595,233,2023-05-20,Smart Meter,Installation,Smart Meter zeigt keine Daten,Neutral,App,Mittel,2023-05-25,96
9596,10207,2023-02-10,Allgemein,Service,Informationsanfrage,Neutral,Chat,Niedrig,2023-02-22,150
9597,9615,2024-10-24,Wärmepumpe,Technisch,Wärmepumpe läuft nicht,Negativ,Email,Hoch,2024-10-29,166
9598,3291,2024-12-30,Wallbox,E-Mobility,Ladekarte Probleme,Neutral,Telefon,Niedrig,2024-12-31,18
9599,1498,2023-07-18,Speicher,Technisch,Speicher lädt nicht,Negativ,Telefon,Kritisch,2023-07-23,123
9600,15321,2024-11-01,Tarif,Vertrag,Umzug melden,Neutral,App,Mittel,2024-11-11,159
9601,1734,2024-08-08,Allgemein,Service,Informationsanfrage,Positiv,Chat,Mittel,2024-08-21,25
9602,14431,2024-05-31,Allgemein,Service,Informationsanfrage,Neutral,Email,Niedrig,2024-06-13,66
9603,16414,2025-05-25,Wallbox,E-Mobility,App-Verbindung unterbrochen,Neutral,Telefon,Niedrig,2025-06-04,115
9604,17847,2025-04-28,Solar,Technisch,Einspeisevergütung Frage,Neutral,Chat,Mittel,2025-05-10,20
9605,11967,2024-01-04,Rechnung,Abrechnung,Abschlag anpassen,Neutral,App,Mittel,2024-01-11,89
9606,2935,2025-01-27,Wallbox,E-Mobility,Ladekarte Probleme,Neutral,App,Hoch,2025-01-28,144
9607,12657,2025-03-30,Solar,Technisch,Monitoring nicht verfügbar,Negativ,App,Mittel,2025-04-07,55
9608,16657,2023-04-26,Wallbox,E-Mobility,Wallbox lädt nicht,Negativ,Email,Hoch,2023-04-27,66
9609,5225,2025-05-30,Speicher,Technisch,Batteriespeicher Störung,Negativ,Email,Mittel,2025-06-13,49
9610,3346,2023-05-31,Allgemein,Service,Informationsanfrage,Neutral,App,Mittel,2023-06-08,66
9611,18620,2024-02-03,Tarif,Vertrag,Kündigung,Positiv,Email,Niedrig,2024-02-03,163
9612,14361,2023-03-28,Wärmepumpe,Technisch,Effizienz zu niedrig,Neutral,Telefon,Mittel,2023-04-10,158
9613,14609,2023-10-14,Allgemein,Service,Informationsanfrage,Neutral,Email,Niedrig,2023-10-18,48
9614,3068,2023-05-30,Tarif,Vertrag,Kündigung,Positiv,App,Niedrig,2023-06-07,43
9615,10967,2025-02-25,Speicher,Technisch,Batteriespeicher Störung,Negativ,App,Mittel,2025-03-06,139
9616,2837,2023-07-15,Speicher,Technisch,Speicher lädt nicht,Negativ,App,Hoch,2023-07-17,128
9617,13234,2025-02-20,Tarif,Vertrag,Vertragsverlängerung,Neutral,Chat,Niedrig,2025-02-23,46
9618,16120,2024-11-23,Rechnung,Abrechnung,Rechnungsfrage,Neutral,Email,Niedrig,2024-11-26,73
9619,779,2023-10-27,Smart Meter,Installation,Smart Meter zeigt keine Daten,Neutral,Telefon,Hoch,2023-10-27,111
9620,4490,2025-06-08,Smart Meter,Installation,Smart Meter Ablesung fehlerhaft,Neutral,Chat,Mittel,2025-06-13,182
9621,13387,2024-02-07,Smart Meter,Installation,Smart Meter zeigt keine Daten,Negativ,App,Mittel,2024-02-08,114
9622,6264,2024-03-06,Smart Meter,Installation,Smart Meter App funktioniert nicht,Negativ,Email,Niedrig,2024-03-09,33
9623,17552,2025-03-07,Allgemein,Service,Lob,Positiv,Chat,Niedrig,2025-03-20,54
9624,3765,2024-06-29,Speicher,Technisch,Speicher lädt nicht,Negativ,Telefon,Kritisch,2024-06-29,171
9625,4511,2024-10-30,Smart Meter,Installation,Smart Meter App funktioniert nicht,Negativ,App,Kritisch,2024-11-06,66
9626,11370,2023-01-27,Wärmepumpe,Technisch,Wärmepumpe Störung,Negativ,App,Mittel,2023-01-27,2
9627,8201,2024-01-16,Wärmepumpe,Technisch,Fehlercode E01 angezeigt,Positiv,App,Mittel,2024-01-19,96
9628,4042,2023-12-14,Rechnung,Abrechnung,Abschlag zu hoch,Positiv,App,Mittel,2023-12-24,129
9629,11917,2025-05-24,Speicher,Technisch,Speicher lädt nicht,Negativ,App,Mittel,2025-05-29,51
9630,12468,2024-06-03,Tarif,Vertrag,Kündigung,Negativ,App,Mittel,2024-06-07,60
9631,11039,2025-01-22,Smart Meter,Installation,Smart Meter zeigt keine Daten,Neutral,App,Mittel,2025-01-26,171
9632,9119,2023-08-31,Tarif,Vertrag,Preisgarantie Frage,Negativ,App,Mittel,2023-09-06,194
9633,542,2023-04-23,Solar,Technisch,Solaranlage produziert nicht,Negativ,Email,Kritisch,2023-04-28,69
9634,7863,2025-04-05,Wärmepumpe,Technisch,Wärmepumpe läuft nicht,Negativ,App,Mittel,2025-04-17,150
9635,15367,2023-11-01,Wallbox,E-Mobility,Wallbox Installation angefragt,Neutral,Chat,Niedrig,2023-11-13,31
9636,19882,2024-12-01,Solar,Technisch,Solaranlage produziert nicht,Negativ,App,Hoch,2024-12-04,40
9637,12327,2024-04-08,Wallbox,E-Mobility,Wallbox lädt nicht,Negativ,App,Hoch,2024-04-12,127
9638,9458,2023-06-16,Solar,Technisch,Solaranlage produziert nicht,Negativ,Chat,Mittel,2023-06-27,76
9639,16869,2025-02-20,Allgemein,Service,Kontaktdaten ändern,Neutral,Chat,Hoch,2025-02-23,5
9640,11598,2024-10-06,Allgemein,Service,Kontaktdaten ändern,Neutral,Telefon,Mittel,2024-10-14,35
9641,525,2023-01-09,Wallbox,E-Mobility,Ladekarte Probleme,Neutral,Chat,Niedrig,2023-01-09,177
9642,14566,2023-05-14,Wärmepumpe,Technisch,Effizienz zu niedrig,Negativ,Telefon,Hoch,2023-05-20,66
9643,17040,2025-05-31,Rechnung,Abrechnung,Gutschrift angefragt,Neutral,Chat,Mittel,2025-06-08,147
9644,1517,2024-11-28,Smart Meter,Installation,Smart Meter App funktioniert nicht,Negativ,App,Mittel,2024-12-08,195
9645,19420,2024-06-13,Rechnung,Abrechnung,Unstimmigkeit in Rechnung,Neutral,Telefon,Mittel,2024-06-16,33
9646,13260,2024-01-16,Solar,Technisch,Monitoring nicht verfügbar,Negativ,App,Hoch,2024-01-22,9
9647,1550,2025-01-05,Wärmepumpe,Technisch,Wartung angefragt,Positiv,Email,Niedrig,2025-01-16,43
9648,19870,2024-12-09,Smart Meter,Installation,Smart Meter zeigt keine Daten,Positiv,Email,Mittel,2024-12-13,180
9649,3772,2023-04-16,Allgemein,Service,Lob,Positiv,App,Niedrig,2023-04-18,80
9650,8637,2023-06-08,Rechnung,Abrechnung,Abschlag zu hoch,Neutral,Telefon,Niedrig,2023-06-21,28
9651,13646,2024-10-25,Smart Meter,Installation,Smart Meter zeigt keine Daten,Negativ,Chat,Niedrig,2024-11-03,164
9652,2920,2024-04-26,Smart Meter,Installation,Smart Meter App funktioniert nicht,Negativ,Email,Hoch,2024-04-30,147
9653,3593,2024-12-13,Allgemein,Service,Allgemeine Anfrage,Neutral,Telefon,Niedrig,2024-12-27,153
9654,5217,2024-07-21,Speicher,Technisch,Kapazität gesunken,Positiv,App,Niedrig,2024-07-29,135
9655,18437,2023-07-28,Speicher,Technisch,Speicher lädt nicht,Negativ,Telefon,Hoch,2023-07-29,57
9656,7551,2024-03-10,Speicher,Technisch,Batteriespeicher Störung,Negativ,Chat,Hoch,2024-03-16,102
9657,18219,2023-11-09,Smart Meter,Installation,Smart Meter defekt,Negativ,App,Hoch,2023-11-14,9
9658,4071,2025-05-28,Solar,Technisch,Wechselrichter Fehler,Neutral,Chat,Niedrig,2025-06-02,149
9659,1560,2023-08-07,Wallbox,E-Mobility,Wallbox Installation angefragt,Neutral,App,Hoch,2023-08-08,106
9660,3100,2024-07-18,Tarif,Vertrag,Preisgarantie Frage,Negativ,Chat,Hoch,2024-07-20,23
9661,1717,2025-01-11,Smart Meter,Installation,Smart Meter Ablesung fehlerhaft,Neutral,App,Mittel,2025-01-20,3
9662,9146,2023-03-29,Speicher,Technisch,Batteriespeicher Störung,Negativ,Telefon,Hoch,2023-04-05,145
9663,9797,2025-06-04,Solar,Technisch,Wechselrichter Fehler,Negativ,Chat,Mittel,2025-06-08,73
9664,13968,2024-12-19,Wärmepumpe,Technisch,Wartung angefragt,Negativ,App,Niedrig,2024-12-28,195
9665,4899,2023-12-24,Allgemein,Service,Lob,Positiv,Telefon,Niedrig,2023-12-30,151
9666,14354,2023-06-13,Smart Meter,Installation,Smart Meter App funktioniert nicht,Negativ,App,Mittel,2023-06-19,19
9667,9730,2023-06-11,Solar,Technisch,Einspeisevergütung Frage,Neutral,Email,Mittel,2023-06-23,182
9668,7713,2024-04-08,Rechnung,Abrechnung,Abschlag zu hoch,Positiv,App,Mittel,2024-04-13,98
9669,5058,2025-01-01,Tarif,Vertrag,Tarifwechsel angefragt,Neutral,Chat,Hoch,2025-01-08,195
9670,2682,2023-11-12,Wallbox,E-Mobility,Wallbox defekt,Negativ,App,Mittel,2023-11-23,120
9671,1469,2025-05-22,Allgemein,Service,Kontaktdaten ändern,Neutral,Chat,Niedrig,2025-05-26,43
9672,1328,2023-01-12,Speicher,Technisch,Kapazität gesunken,Neutral,App,Hoch,2023-01-16,147
9673,1392,2024-11-29,Solar,Technisch,Solaranlage Ertrag niedrig,Neutral,Chat,Niedrig,2024-11-29,196
9674,19380,2025-03-29,Solar,Technisch,Einspeisevergütung Frage,Neutral,Telefon,Hoch,2025-04-01,128
9675,3739,2025-04-11,Allgemein,Service,Informationsanfrage,Neutral,Chat,Niedrig,2025-04-13,3
9676,8892,2023-12-31,Smart Meter,Installation,Smart Meter zeigt keine Daten,Neutral,App,Niedrig,2024-01-14,103
9677,11661,2023-12-05,Wärmepumpe,Technisch,Wärmepumpe läuft nicht,Negativ,App,Hoch,2023-12-12,12
9678,1159,2024-08-28,Rechnung,Abrechnung,Unstimmigkeit in Rechnung,Negativ,App,Mittel,2024-09-04,142
9679,10220,2024-08-06,Smart Meter,Installation,Smart Meter Installation angefragt,Neutral,Email,Mittel,2024-08-14,17
9680,14551,2024-10-15,Tarif,Vertrag,Ökostrom Umstellung,Neutral,Email,Mittel,2024-10-25,178
9681,15422,2024-08-04,Tarif,Vertrag,Umzug melden,Negativ,Chat,Hoch,2024-08-10,27
9682,13612,2024-03-13,Rechnung,Abrechnung,Zahlungsplan angefragt,Positiv,App,Mittel,2024-03-15,41
9683,7275,2024-03-14,Rechnung,Abrechnung,Abschlag zu hoch,Neutral,App,Hoch,2024-03-17,37
9684,15610,2024-10-20,Smart Meter,Installation,Smart Meter zeigt keine Daten,Neutral,Telefon,Hoch,2024-10-26,182
9685,18554,2023-02-04,Wallbox,E-Mobility,Wallbox defekt,Negativ,Email,Hoch,2023-02-06,136
9686,10658,2025-06-16,Smart Meter,Installation,Smart Meter zeigt keine Daten,Neutral,Chat,Mittel,2025-06-29,68
9687,2165,2025-06-24,Rechnung,Abrechnung,Abschlag anpassen,Neutral,App,Mittel,2025-06-26,62
9688,17901,2024-05-28,Solar,Technisch,Monitoring nicht verfügbar,Negativ,Chat,Kritisch,2024-05-29,37
9689,9243,2023-04-25,Speicher,Technisch,Kapazität gesunken,Positiv,Telefon,Mittel,2023-05-07,44
9690,17077,2023-09-16,Smart Meter,Installation,Smart Meter App funktioniert nicht,Negativ,Email,Hoch,2023-09-20,157
9691,11712,2025-06-03,Wärmepumpe,Technisch,Wärmepumpe läuft nicht,Negativ,Chat,Hoch,2025-06-10,197
9692,2418,2024-11-10,Tarif,Vertrag,Umzug melden,Neutral,Chat,Niedrig,2024-11-18,198
9693,7867,2023-08-30,Solar,Technisch,Solaranlage Ertrag niedrig,Neutral,Telefon,Niedrig,2023-09-09,95
9694,8112,2023-04-25,Solar,Technisch,Solaranlage Ertrag niedrig,Neutral,Telefon,Mittel,2023-04-30,44
9695,9537,2024-10-18,Rechnung,Abrechnung,Abschlag anpassen,Neutral,Chat,Kritisch,2024-10-24,107
9696,19429,2025-05-08,Solar,Technisch,Monitoring nicht verfügbar,Negativ,Chat,Hoch,2025-05-08,17
9697,8824,2023-01-24,Allgemein,Service,Allgemeine Anfrage,Neutral,App,Hoch,2023-01-25,176
9698,586,2023-06-12,Smart Meter,Installation,Smart Meter zeigt keine Daten,Neutral,App,Mittel,2023-06-22,27
9699,8861,2025-03-11,Speicher,Technisch,Kapazität gesunken,Positiv,Telefon,Mittel,2025-03-14,140
9700,18812,2025-02-14,Wärmepumpe,Technisch,Effizienz zu niedrig,Negativ,App,Niedrig,2025-02-14,116
9701,1191,2024-04-24,Wallbox,E-Mobility,Wallbox Installation angefragt,Neutral,Email,Mittel,2024-05-02,22
9702,6535,2023-02-17,Tarif,Vertrag,Vertragsverlängerung,Neutral,Telefon,Niedrig,2023-02-27,79
9703,4899,2023-09-23,Speicher,Technisch,Kapazität gesunken,Negativ,App,Niedrig,2023-10-05,57
9704,19139,2025-01-31,Speicher,Technisch,Batteriespeicher Störung,Negativ,Chat,Mittel,2025-02-06,53
9705,14271,2024-12-18,Allgemein,Service,Kontaktdaten ändern,Neutral,Email,Hoch,2024-12-23,40
9706,11614,2025-03-26,Allgemein,Service,Allgemeine Anfrage,Negativ,App,Mittel,2025-04-06,48
9707,3775,2023-04-24,Allgemein,Service,Kontaktdaten ändern,Neutral,App,Mittel,2023-04-29,56
9708,6884,2025-01-17,Allgemein,Service,Kontaktdaten ändern,Neutral,Telefon,Kritisch,2025-01-23,96
9709,3441,2025-02-19,Smart Meter,Installation,Smart Meter Installation angefragt,Neutral,Telefon,Mittel,2025-02-28,196
9710,8233,2024-06-20,Solar,Technisch,Wechselrichter Fehler,Neutral,Chat,Mittel,2024-06-22,18
9711,3792,2024-08-03,Smart Meter,Installation,Smart Meter App funktioniert nicht,Negativ,App,Mittel,2024-08-06,56
9712,4058,2024-01-07,Speicher,Technisch,Speicher lädt nicht,Negativ,App,Hoch,2024-01-14,174
9713,6649,2024-03-30,Allgemein,Service,Beschwerde,Negativ,Telefon,Mittel,2024-04-06,30
9714,13768,2023-05-06,Allgemein,Service,Kontaktdaten ändern,Negativ,Email,Mittel,2023-05-13,118
9715,19597,2024-03-16,Wärmepumpe,Technisch,Geräuschentwicklung zu hoch,Positiv,App,Mittel,2024-03-16,32
9716,5824,2024-04-02,Rechnung,Abrechnung,Gutschrift angefragt,Neutral,App,Mittel,2024-04-12,64
9717,13065,2025-01-09,Wärmepumpe,Technisch,Wärmepumpe Störung,Negativ,App,Kritisch,2025-01-14,194
9718,12783,2023-04-08,Rechnung,Abrechnung,Abschlag anpassen,Positiv,App,Mittel,2023-04-13,116
9719,17266,2025-01-01,Tarif,Vertrag,Ökostrom Umstellung,Neutral,App,Hoch,2025-01-06,133
9720,19904,2025-05-25,Wärmepumpe,Technisch,Geräuschentwicklung zu hoch,Neutral,Telefon,Kritisch,2025-05-28,80
9721,14038,2023-05-13,Wärmepumpe,Technisch,Wärmepumpe läuft nicht,Negativ,Email,Hoch,2023-05-20,87
9722,17490,2025-06-15,Wärmepumpe,Technisch,Effizienz zu niedrig,Neutral,Email,Niedrig,2025-06-19,98
9723,16422,2024-04-18,Wärmepumpe,Technisch,Wartung angefragt,Positiv,Telefon,Mittel,2024-04-19,110
9724,6296,2023-08-19,Wallbox,E-Mobility,Wallbox Installation angefragt,Neutral,Chat,Hoch,2023-08-19,37
9725,10668,2024-12-20,Allgemein,Service,Informationsanfrage,Positiv,App,Niedrig,2025-01-02,45
9726,12028,2023-09-04,Speicher,Technisch,Speicher lädt nicht,Negativ,Telefon,Hoch,2023-09-05,199
9727,13272,2023-06-06,Tarif,Vertrag,Preisgarantie Frage,Negativ,Telefon,Hoch,2023-06-09,104
9728,10044,2024-07-23,Wärmepumpe,Technisch,Fehlercode E01 angezeigt,Positiv,App,Mittel,2024-07-24,108
9729,18059,2023-11-11,Solar,Technisch,Einspeisevergütung Frage,Neutral,App,Hoch,2023-11-13,71
9730,18598,2024-10-17,Tarif,Vertrag,Vertragsverlängerung,Negativ,App,Niedrig,2024-10-24,113
9731,15638,2023-11-16,Smart Meter,Installation,Smart Meter zeigt keine Daten,Neutral,Chat,Niedrig,2023-11-20,193
9732,14129,2023-11-01,Rechnung,Abrechnung,Zahlungsplan angefragt,Neutral,Email,Mittel,2023-11-04,110
9733,15206,2023-09-16,Smart Meter,Installation,Smart Meter Ablesung fehlerhaft,Neutral,Email,Mittel,2023-09-26,157
9734,2435,2023-12-20,Allgemein,Service,Kontaktdaten ändern,Neutral,Email,Mittel,2023-12-28,4
9735,5492,2024-07-23,Wärmepumpe,Technisch,Wärmepumpe Störung,Negativ,Email,Mittel,2024-07-26,3
9736,4584,2024-11-09,Speicher,Technisch,Speicher lädt nicht,Negativ,Chat,Hoch,2024-11-10,115
9737,8733,2025-03-13,Wärmepumpe,Technisch,Geräuschentwicklung zu hoch,Positiv,Email,Mittel,2025-03-17,23
9738,11932,2024-09-04,Rechnung,Abrechnung,Rechnungsfrage,Neutral,Telefon,Mittel,2024-09-15,26
9739,16219,2024-11-15,Wallbox,E-Mobility,App-Verbindung unterbrochen,Negativ,App,Mittel,2024-11-27,197
9740,5234,2023-07-15,Allgemein,Service,Lob,Positiv,Email,Niedrig,2023-07-25,142
9741,1070,2024-06-03,Solar,Technisch,Solaranlage Ertrag niedrig,Positiv,App,Mittel,2024-06-12,92
9742,8640,2024-06-09,Rechnung,Abrechnung,Gutschrift angefragt,Negativ,App,Mittel,2024-06-12,83
9743,17193,2023-01-31,Tarif,Vertrag,Umzug melden,Negativ,Chat,Mittel,2023-02-04,112
9744,8784,2023-04-11,Wärmepumpe,Technisch,Fehlercode E01 angezeigt,Positiv,Chat,Hoch,2023-04-13,104
9745,10969,2025-05-12,Tarif,Vertrag,Kündigung,Neutral,Email,Mittel,2025-05-26,1
9746,3974,2025-05-21,Wärmepumpe,Technisch,Wartung angefragt,Neutral,Email,Niedrig,2025-05-27,117
9747,917,2024-10-23,Solar,Technisch,Wechselrichter Fehler,Negativ,App,Hoch,2024-10-28,66
9748,9863,2023-11-13,Wärmepumpe,Technisch,Effizienz zu niedrig,Negativ,App,Niedrig,2023-11-16,66
9749,16847,2023-03-19,Rechnung,Abrechnung,Abschlag anpassen,Neutral,Email,Hoch,2023-03-25,20
9750,5602,2024-07-22,Allgemein,Service,Lob,Positiv,App,Niedrig,2024-07-27,136
9751,6071,2023-05-13,Wallbox,E-Mobility,Wallbox lädt nicht,Negativ,Chat,Hoch,2023-05-15,177
9752,9799,2024-01-11,Wallbox,E-Mobility,Wallbox defekt,Negativ,Email,Hoch,2024-01-13,28
9753,12975,2025-02-07,Wärmepumpe,Technisch,Wartung angefragt,Neutral,App,Hoch,2025-02-09,151
9754,5654,2024-09-21,Speicher,Technisch,Batteriespeicher Störung,Negativ,App,Hoch,2024-09-28,105
9755,8582,2024-12-03,Rechnung,Abrechnung,Zahlungsplan angefragt,Neutral,Chat,Kritisch,2024-12-03,188
9756,9002,2024-10-18,Tarif,Vertrag,Tarifwechsel angefragt,Neutral,Chat,Niedrig,2024-10-29,134
9757,6219,2024-03-24,Smart Meter,Installation,Smart Meter App funktioniert nicht,Negativ,Email,Kritisch,2024-03-31,153
9758,10053,2024-06-18,Solar,Technisch,Solaranlage produziert nicht,Negativ,Telefon,Mittel,2024-06-21,189
9759,16210,2024-03-26,Solar,Technisch,Solaranlage produziert nicht,Negativ,Email,Kritisch,2024-04-02,144
9760,7082,2023-08-19,Smart Meter,Installation,Smart Meter Installation angefragt,Neutral,Email,Mittel,2023-08-23,90
9761,10186,2024-10-01,Wärmepumpe,Technisch,Effizienz zu niedrig,Neutral,App,Niedrig,2024-10-15,191
9762,4174,2024-07-01,Allgemein,Service,Kontaktdaten ändern,Neutral,App,Mittel,2024-07-02,41
9763,17327,2024-10-07,Tarif,Vertrag,Vertragsverlängerung,Neutral,Telefon,Niedrig,2024-10-11,181
9764,7617,2025-02-12,Smart Meter,Installation,Smart Meter Ablesung fehlerhaft,Positiv,Telefon,Mittel,2025-02-13,195
9765,2712,2025-03-26,Smart Meter,Installation,Smart Meter defekt,Negativ,Telefon,Hoch,2025-04-01,11
9766,10511,2024-05-29,Rechnung,Abrechnung,Unstimmigkeit in Rechnung,Neutral,Telefon,Mittel,2024-06-03,136
9767,126,2025-05-24,Speicher,Technisch,Batteriespeicher Störung,Negativ,Chat,Mittel,2025-05-28,97
9768,10575,2023-12-12,Wärmepumpe,Technisch,Wartung angefragt,Positiv,App,Niedrig,2023-12-23,92
9769,1016,2024-08-05,Wärmepumpe,Technisch,Fehlercode E01 angezeigt,Neutral,Telefon,Mittel,2024-08-11,95
9770,18715,2023-04-04,Smart Meter,Installation,Smart Meter Installation angefragt,Neutral,Telefon,Kritisch,2023-04-10,107
9771,9529,2025-03-12,Allgemein,Service,Beschwerde,Negativ,Telefon,Kritisch,2025-03-13,161
9772,15838,2024-06-12,Rechnung,Abrechnung,Abschlag zu hoch,Neutral,Email,Hoch,2024-06-15,123
9773,11596,2023-04-16,Wärmepumpe,Technisch,Effizienz zu niedrig,Neutral,App,Mittel,2023-04-17,116
9774,9188,2024-09-11,Speicher,Technisch,Speicher lädt nicht,Negativ,Telefon,Niedrig,2024-09-14,133
9775,14231,2025-06-16,Wallbox,E-Mobility,Wallbox lädt nicht,Negativ,Chat,Niedrig,2025-06-19,164
9776,7715,2023-07-18,Smart Meter,Installation,Smart Meter App funktioniert nicht,Negativ,App,Mittel,2023-07-23,91
9777,15824,2024-06-03,Rechnung,Abrechnung,Abschlag anpassen,Negativ,Email,Niedrig,2024-06-07,152
9778,6539,2025-01-02,Allgemein,Service,Beschwerde,Negativ,Telefon,Hoch,2025-01-02,84
9779,6719,2023-10-16,Speicher,Technisch,Kapazität gesunken,Neutral,Email,Niedrig,2023-10-29,54
9780,4568,2023-06-16,Rechnung,Abrechnung,Abschlag zu hoch,Positiv,Email,Kritisch,2023-06-21,83
9781,18470,2023-05-14,Wärmepumpe,Technisch,Effizienz zu niedrig,Positiv,Telefon,Hoch,2023-05-20,5
9782,14654,2024-10-09,Tarif,Vertrag,Kündigung,Neutral,Email,Hoch,2024-10-13,181
9783,6969,2025-03-15,Wärmepumpe,Technisch,Fehlercode E01 angezeigt,Neutral,Telefon,Hoch,2025-03-18,133
9784,4457,2023-01-05,Rechnung,Abrechnung,Abschlag zu hoch,Neutral,Telefon,Mittel,2023-01-13,81
9785,19882,2023-03-21,Wärmepumpe,Technisch,Effizienz zu niedrig,Negativ,Chat,Mittel,2023-04-02,39
9786,7491,2023-06-03,Rechnung,Abrechnung,Zahlungsplan angefragt,Neutral,Email,Mittel,2023-06-05,8
9787,14566,2023-02-15,Speicher,Technisch,Kapazität gesunken,Negativ,Telefon,Mittel,2023-02-24,60
9788,13284,2023-01-19,Wärmepumpe,Technisch,Fehlercode E01 angezeigt,Neutral,Email,Niedrig,2023-01-28,44
9789,2221,2024-04-24,Allgemein,Service,Beschwerde,Negativ,App,Niedrig,2024-05-02,33
9790,1116,2023-12-09,Wärmepumpe,Technisch,Fehlercode E01 angezeigt,Neutral,Chat,Mittel,2023-12-12,154
9791,303,2023-07-01,Speicher,Technisch,Kapazität gesunken,Negativ,Email,Mittel,2023-07-08,1
9792,9717,2023-11-13,Wallbox,E-Mobility,Wallbox lädt nicht,Negativ,Telefon,Kritisch,2023-11-15,50
9793,12893,2023-07-21,Tarif,Vertrag,Vertragsverlängerung,Neutral,Chat,Niedrig,2023-08-02,185
9794,5660,2025-04-30,Wallbox,E-Mobility,Wallbox lädt nicht,Negativ,Chat,Mittel,2025-05-01,47
9795,4955,2025-06-06,Wärmepumpe,Technisch,Wartung angefragt,Negativ,Email,Mittel,2025-06-16,157
9796,16789,2024-02-07,Wallbox,E-Mobility,Ladekarte Probleme,Neutral,Email,Niedrig,2024-02-11,139
9797,6126,2023-07-30,Allgemein,Service,Kontaktdaten ändern,Neutral,Email,Mittel,2023-08-13,101
9798,4631,2024-06-15,Rechnung,Abrechnung,Rechnungsfrage,Positiv,Telefon,Niedrig,2024-06-15,85
9799,2960,2025-02-11,Allgemein,Service,Lob,Positiv,App,Niedrig,2025-02-18,117
9800,4110,2023-01-04,Wallbox,E-Mobility,Wallbox defekt,Negativ,Telefon,Mittel,2023-01-04,151
9801,6184,2023-03-14,Wallbox,E-Mobility,Wallbox defekt,Negativ,Chat,Kritisch,2023-03-18,74
9802,4700,2023-09-22,Rechnung,Abrechnung,Rechnungsfrage,Negativ,App,Mittel,2023-10-01,158
9803,4649,2023-09-02,Wallbox,E-Mobility,Wallbox Installation angefragt,Neutral,Email,Niedrig,2023-09-16,18
9804,426,2023-02-14,Wärmepumpe,Technisch,Effizienz zu niedrig,Negativ,App,Kritisch,2023-02-17,192
9805,8713,2023-06-13,Wallbox,E-Mobility,App-Verbindung unterbrochen,Neutral,Telefon,Mittel,2023-06-13,188
9806,3953,2024-10-12,Smart Meter,Installation,Smart Meter App funktioniert nicht,Negativ,Telefon,Hoch,2024-10-12,107
9807,17724,2023-05-14,Wärmepumpe,Technisch,Wärmepumpe läuft nicht,Negativ,Email,Hoch,2023-05-20,97
9808,8030,2024-08-12,Wallbox,E-Mobility,Wallbox lädt nicht,Negativ,Email,Mittel,2024-08-21,32
9809,6845,2025-06-03,Solar,Technisch,Monitoring nicht verfügbar,Negativ,App,Mittel,2025-06-15,133
9810,5617,2025-06-27,Allgemein,Service,Kontaktdaten ändern,Negativ,Chat,Niedrig,2025-07-02,163
9811,8522,2024-08-23,Rechnung,Abrechnung,Abschlag zu hoch,Neutral,Email,Mittel,2024-08-27,28
9812,12916,2024-01-20,Rechnung,Abrechnung,Zahlungsplan angefragt,Neutral,Telefon,Niedrig,2024-01-31,182
9813,19835,2023-05-05,Tarif,Vertrag,Ökostrom Umstellung,Neutral,App,Hoch,2023-05-05,172
9814,526,2025-06-24,Wallbox,E-Mobility,App-Verbindung unterbrochen,Neutral,Telefon,Mittel,2025-07-02,104
9815,14938,2024-11-10,Wärmepumpe,Technisch,Wartung angefragt,Neutral,Telefon,Mittel,2024-11-14,70
9816,18612,2025-04-09,Wärmepumpe,Technisch,Wärmepumpe Störung,Negativ,Chat,Hoch,2025-04-11,86
9817,5685,2025-02-21,Allgemein,Service,Kontaktdaten ändern,Neutral,App,Niedrig,2025-03-07,11
9818,13006,2025-01-06,Allgemein,Service,Allgemeine Anfrage,Neutral,Telefon,Mittel,2025-01-13,134
9819,16424,2025-05-27,Tarif,Vertrag,Ökostrom Umstellung,Neutral,App,Mittel,2025-06-01,99
9820,11159,2024-03-13,Speicher,Technisch,Speicher lädt nicht,Negativ,Chat,Mittel,2024-03-23,75
9821,19549,2024-04-26,Smart Meter,Installation,Smart Meter zeigt keine Daten,Positiv,Telefon,Niedrig,2024-05-04,174
9822,1646,2025-05-12,Tarif,Vertrag,Vertragsverlängerung,Neutral,Email,Mittel,2025-05-20,123
9823,9583,2023-08-19,Speicher,Technisch,Kapazität gesunken,Neutral,App,Mittel,2023-08-27,151
9824,12069,2023-12-26,Rechnung,Abrechnung,Unstimmigkeit in Rechnung,Neutral,Email,Mittel,2024-01-05,91
9825,17847,2023-06-23,Smart Meter,Installation,Smart Meter Installation angefragt,Neutral,Chat,Niedrig,2023-07-05,54
9826,10738,2023-01-18,Speicher,Technisch,Kapazität gesunken,Negativ,Telefon,Niedrig,2023-01-29,10
9827,19653,2023-07-11,Wärmepumpe,Technisch,Wartung angefragt,Neutral,Email,Mittel,2023-07-18,161
9828,3364,2025-03-31,Wärmepumpe,Technisch,Fehlercode E01 angezeigt,Negativ,Telefon,Mittel,2025-03-31,49
9829,19585,2025-05-17,Allgemein,Service,Kontaktdaten ändern,Positiv,Email,Niedrig,2025-05-24,74
9830,19274,2024-03-03,Solar,Technisch,Wechselrichter Fehler,Neutral,App,Kritisch,2024-03-03,183
9831,18429,2024-04-08,Solar,Technisch,Einspeisevergütung Frage,Neutral,Chat,Niedrig,2024-04-18,66
9832,6296,2025-01-25,Smart Meter,Installation,Smart Meter defekt,Negativ,Chat,Mittel,2025-01-26,106
9833,1939,2024-03-01,Solar,Technisch,Monitoring nicht verfügbar,Negativ,Email,Mittel,2024-03-06,126
9834,1558,2024-03-19,Wallbox,E-Mobility,Wallbox Installation angefragt,Neutral,Telefon,Mittel,2024-03-19,185
9835,19205,2024-11-18,Wärmepumpe,Technisch,Wärmepumpe Störung,Negativ,App,Niedrig,2024-11-22,196
9836,1899,2023-03-26,Solar,Technisch,Einspeisevergütung Frage,Neutral,App,Kritisch,2023-03-31,74
9837,7528,2024-03-04,Allgemein,Service,Informationsanfrage,Neutral,Chat,Niedrig,2024-03-16,113
9838,6609,2024-09-13,Smart Meter,Installation,Smart Meter zeigt keine Daten,Neutral,Email,Mittel,2024-09-24,14
9839,16708,2023-07-29,Smart Meter,Installation,Smart Meter defekt,Negativ,Email,Hoch,2023-07-29,100
9840,19853,2023-02-25,Wallbox,E-Mobility,App-Verbindung unterbrochen,Neutral,Chat,Mittel,2023-03-09,139
9841,18239,2024-05-11,Tarif,Vertrag,Ökostrom Umstellung,Negativ,Telefon,Mittel,2024-05-21,185
9842,5502,2024-12-13,Wallbox,E-Mobility,App-Verbindung unterbrochen,Neutral,Email,Kritisch,2024-12-19,88
9843,8244,2024-09-18,Allgemein,Service,Lob,Positiv,Telefon,Niedrig,2024-09-29,122
9844,16340,2025-06-22,Wärmepumpe,Technisch,Effizienz zu niedrig,Positiv,Email,Mittel,2025-07-03,144
9845,2492,2023-08-28,Allgemein,Service,Lob,Positiv,Chat,Niedrig,2023-08-28,30
9846,12490,2023-04-14,Allgemein,Service,Beschwerde,Negativ,Email,Hoch,2023-04-16,147
9847,12960,2024-01-14,Wallbox,E-Mobility,Ladekarte Probleme,Neutral,Telefon,Niedrig,2024-01-21,157
9848,1511,2024-04-29,Solar,Technisch,Einspeisevergütung Frage,Neutral,Email,Hoch,2024-05-01,106
9849,10828,2025-03-09,Allgemein,Service,Beschwerde,Negativ,Telefon,Hoch,2025-03-13,116
9850,1544,2024-06-06,Rechnung,Abrechnung,Zahlungsplan angefragt,Neutral,Telefon,Mittel,2024-06-11,144
9851,1015,2024-06-29,Tarif,Vertrag,Umzug melden,Neutral,Telefon,Mittel,2024-07-11,4
9852,2074,2024-05-14,Wärmepumpe,Technisch,Wartung angefragt,Negativ,App,Mittel,2024-05-28,13
9853,2792,2024-11-05,Rechnung,Abrechnung,Unstimmigkeit in Rechnung,Negativ,Telefon,Niedrig,2024-11-12,184
9854,6081,2023-11-26,Wärmepumpe,Technisch,Wärmepumpe läuft nicht,Negativ,Email,Mittel,2023-12-07,46
9855,1384,2024-06-28,Speicher,Technisch,Kapazität gesunken,Neutral,App,Kritisch,2024-06-29,191
9856,2434,2023-08-22,Allgemein,Service,Allgemeine Anfrage,Negativ,Chat,Hoch,2023-08-27,32
9857,15891,2024-11-21,Solar,Technisch,Einspeisevergütung Frage,Neutral,Telefon,Niedrig,2024-11-24,98
9858,8731,2023-11-05,Speicher,Technisch,Batteriespeicher Störung,Negativ,Telefon,Mittel,2023-11-17,126
9859,7640,2024-06-16,Solar,Technisch,Einspeisevergütung Frage,Positiv,App,Mittel,2024-06-27,170
9860,12703,2023-10-27,Allgemein,Service,Beschwerde,Negativ,App,Kritisch,2023-10-27,86
9861,18221,2025-02-07,Allgemein,Service,Lob,Positiv,Telefon,Niedrig,2025-02-20,91
9862,15945,2024-06-25,Solar,Technisch,Solaranlage produziert nicht,Negativ,Telefon,Niedrig,2024-06-28,131
9863,4473,2024-03-26,Solar,Technisch,Solaranlage Ertrag niedrig,Neutral,App,Mittel,2024-04-04,166
9864,11013,2023-03-02,Wärmepumpe,Technisch,Wärmepumpe läuft nicht,Negativ,Telefon,Hoch,2023-03-02,162
9865,11678,2025-06-02,Tarif,Vertrag,Tarifwechsel angefragt,Neutral,Telefon,Mittel,2025-06-14,44
9866,13315,2024-12-10,Allgemein,Service,Kontaktdaten ändern,Neutral,App,Niedrig,2024-12-12,5
9867,15050,2023-04-17,Solar,Technisch,Wechselrichter Fehler,Negativ,Chat,Mittel,2023-04-23,185
9868,4125,2025-01-16,Allgemein,Service,Allgemeine Anfrage,Neutral,App,Niedrig,2025-01-19,9
9869,2806,2024-03-14,Wallbox,E-Mobility,Wallbox defekt,Negativ,Email,Mittel,2024-03-21,166
9870,3369,2024-10-24,Wallbox,E-Mobility,App-Verbindung unterbrochen,Neutral,Email,Mittel,2024-10-27,98
9871,7564,2023-08-14,Wallbox,E-Mobility,Ladekarte Probleme,Positiv,Telefon,Mittel,2023-08-16,156
9872,8683,2023-02-03,Wärmepumpe,Technisch,Wartung angefragt,Negativ,Telefon,Niedrig,2023-02-08,49
9873,1342,2023-07-31,Allgemein,Service,Kontaktdaten ändern,Negativ,Email,Mittel,2023-08-08,136
9874,4603,2024-04-26,Wallbox,E-Mobility,App-Verbindung unterbrochen,Negativ,Email,Hoch,2024-04-30,30
9875,6972,2023-07-25,Wärmepumpe,Technisch,Wärmepumpe Störung,Negativ,Telefon,Mittel,2023-07-29,159
9876,3906,2023-11-28,Wärmepumpe,Technisch,Wartung angefragt,Neutral,Chat,Mittel,2023-11-28,76
9877,5620,2024-10-18,Allgemein,Service,Informationsanfrage,Neutral,Chat,Mittel,2024-10-19,42
9878,3533,2025-03-01,Wärmepumpe,Technisch,Wärmepumpe läuft nicht,Negativ,Chat,Hoch,2025-03-02,174
9879,10040,2024-06-08,Wallbox,E-Mobility,Wallbox Installation angefragt,Negativ,Email,Mittel,2024-06-12,46
9880,12140,2023-07-31,Smart Meter,Installation,Smart Meter defekt,Negativ,Email,Hoch,2023-08-07,23
9881,14821,2024-09-21,Speicher,Technisch,Speicher lädt nicht,Negativ,Telefon,Niedrig,2024-09-29,85
9882,5613,2024-05-03,Tarif,Vertrag,Umzug melden,Neutral,Email,Kritisch,2024-05-06,185
9883,5641,2024-09-21,Rechnung,Abrechnung,Zahlungsplan angefragt,Neutral,Email,Mittel,2024-09-27,12
9884,11902,2025-06-23,Wärmepumpe,Technisch,Effizienz zu niedrig,Positiv,Chat,Hoch,2025-06-29,92
9885,15712,2025-02-11,Wallbox,E-Mobility,Wallbox Installation angefragt,Positiv,Telefon,Mittel,2025-02-15,180
9886,4845,2024-02-27,Wärmepumpe,Technisch,Wärmepumpe Störung,Negativ,App,Hoch,2024-03-04,132
9887,13461,2025-02-20,Tarif,Vertrag,Umzug melden,Neutral,Email,Mittel,2025-03-01,12
9888,2873,2023-04-15,Wärmepumpe,Technisch,Effizienz zu niedrig,Neutral,Chat,Mittel,2023-04-16,130
9889,6856,2025-01-01,Tarif,Vertrag,Vertragsverlängerung,Positiv,App,Niedrig,2025-01-04,128
9890,12706,2024-01-06,Wärmepumpe,Technisch,Wärmepumpe läuft nicht,Negativ,Telefon,Kritisch,2024-01-08,20
9891,19562,2024-01-17,Wärmepumpe,Technisch,Geräuschentwicklung zu hoch,Negativ,Telefon,Niedrig,2024-01-20,131
9892,6288,2023-01-02,Speicher,Technisch,Speicher lädt nicht,Negativ,Telefon,Mittel,2023-01-02,56
9893,14129,2023-12-12,Rechnung,Abrechnung,Gutschrift angefragt,Neutral,Chat,Mittel,2023-12-17,1
9894,15368,2024-09-29,Smart Meter,Installation,Smart Meter App funktioniert nicht,Negativ,Chat,Hoch,2024-10-01,154
9895,4348,2025-06-08,Solar,Technisch,Solaranlage produziert nicht,Negativ,Telefon,Mittel,2025-06-11,28
9896,12409,2025-06-27,Tarif,Vertrag,Vertragsverlängerung,Neutral,Email,Mittel,2025-07-08,49
9897,16471,2023-08-25,Smart Meter,Installation,Smart Meter App funktioniert nicht,Negativ,Telefon,Niedrig,2023-09-02,117
9898,1796,2023-09-22,Rechnung,Abrechnung,Zahlungsplan angefragt,Neutral,Email,Mittel,2023-09-25,56
9899,1799,2024-02-04,Rechnung,Abrechnung,Unstimmigkeit in Rechnung,Neutral,Telefon,Niedrig,2024-02-13,200
9900,11082,2024-07-25,Speicher,Technisch,Speicher lädt nicht,Negativ,Chat,Hoch,2024-07-30,165
9901,8664,2025-02-02,Allgemein,Service,Allgemeine Anfrage,Negativ,Chat,Mittel,2025-02-10,94
9902,2739,2024-06-10,Speicher,Technisch,Batteriespeicher Störung,Negativ,Email,Mittel,2024-06-16,40
9903,14957,2024-04-20,Smart Meter,Installation,Smart Meter defekt,Negativ,Email,Niedrig,2024-04-24,182
9904,339,2023-02-24,Tarif,Vertrag,Preisgarantie Frage,Neutral,App,Niedrig,2023-03-02,120
9905,14048,2024-02-06,Speicher,Technisch,Batteriespeicher Störung,Negativ,Telefon,Mittel,2024-02-14,145
9906,272,2023-05-17,Solar,Technisch,Solaranlage produziert nicht,Negativ,Email,Mittel,2023-05-27,79
9907,19797,2025-03-17,Speicher,Technisch,Speicher lädt nicht,Negativ,Chat,Mittel,2025-03-30,168
9908,19308,2023-10-05,Smart Meter,Installation,Smart Meter defekt,Negativ,Chat,Kritisch,2023-10-07,47
9909,7606,2023-09-03,Rechnung,Abrechnung,Rechnungsfrage,Neutral,Email,Niedrig,2023-09-06,126
9910,18712,2023-07-25,Solar,Technisch,Solaranlage Ertrag niedrig,Positiv,App,Niedrig,2023-08-01,188
9911,1910,2024-03-23,Allgemein,Service,Lob,Positiv,Email,Niedrig,2024-03-30,110
9912,6148,2025-05-30,Allgemein,Service,Kontaktdaten ändern,Neutral,Telefon,Mittel,2025-06-02,79
9913,6309,2024-03-30,Smart Meter,Installation,Smart Meter Installation angefragt,Neutral,App,Niedrig,2024-04-10,41
9914,9585,2025-06-21,Wärmepumpe,Technisch,Wärmepumpe läuft nicht,Negativ,Telefon,Hoch,2025-06-25,49
9915,1933,2023-11-06,Wallbox,E-Mobility,Wallbox Installation angefragt,Neutral,Chat,Niedrig,2023-11-06,83
9916,3047,2024-05-02,Rechnung,Abrechnung,Zahlungsplan angefragt,Neutral,Telefon,Hoch,2024-05-02,28
9917,643,2025-06-07,Speicher,Technisch,Batteriespeicher Störung,Negativ,Email,Hoch,2025-06-13,182
9918,4812,2024-09-23,Wärmepumpe,Technisch,Geräuschentwicklung zu hoch,Negativ,Telefon,Mittel,2024-10-04,97
9919,2076,2025-03-26,Allgemein,Service,Informationsanfrage,Neutral,Chat,Niedrig,2025-04-06,200
9920,13811,2023-01-20,Wärmepumpe,Technisch,Geräuschentwicklung zu hoch,Negativ,Chat,Mittel,2023-01-21,31
9921,14479,2025-06-09,Allgemein,Service,Informationsanfrage,Negativ,Chat,Niedrig,2025-06-16,65
9922,17612,2023-12-28,Speicher,Technisch,Kapazität gesunken,Positiv,Email,Kritisch,2024-01-01,120
9923,14238,2023-12-27,Tarif,Vertrag,Kündigung,Neutral,Chat,Mittel,2024-01-04,9
9924,4709,2025-05-16,Solar,Technisch,Solaranlage produziert nicht,Negativ,Telefon,Niedrig,2025-05-18,139
9925,9177,2023-10-27,Tarif,Vertrag,Vertragsverlängerung,Neutral,Email,Niedrig,2023-10-27,153
9926,17845,2024-01-14,Rechnung,Abrechnung,Abschlag anpassen,Negativ,App,Mittel,2024-01-21,68
9927,8515,2024-03-27,Solar,Technisch,Solaranlage Ertrag niedrig,Negativ,Telefon,Kritisch,2024-04-03,193
9928,205,2025-05-19,Wärmepumpe,Technisch,Wartung angefragt,Negativ,Telefon,Mittel,2025-05-23,96
9929,553,2024-07-12,Wallbox,E-Mobility,App-Verbindung unterbrochen,Positiv,Chat,Niedrig,2024-07-26,14
9930,19281,2025-06-21,Allgemein,Service,Informationsanfrage,Neutral,Telefon,Mittel,2025-07-05,65
9931,13964,2024-03-03,Speicher,Technisch,Speicher lädt nicht,Negativ,Email,Mittel,2024-03-12,193
9932,1533,2025-06-26,Allgemein,Service,Beschwerde,Negativ,Chat,Hoch,2025-06-28,54
9933,9014,2023-12-16,Speicher,Technisch,Kapazität gesunken,Neutral,App,Hoch,2023-12-17,115
9934,1024,2025-05-10,Wallbox,E-Mobility,Wallbox lädt nicht,Negativ,Email,Mittel,2025-05-19,187
9935,3307,2023-05-30,Speicher,Technisch,Speicher lädt nicht,Negativ,Telefon,Niedrig,2023-06-06,58
9936,15302,2025-06-24,Speicher,Technisch,Kapazität gesunken,Neutral,Email,Mittel,2025-06-25,163
9937,13057,2025-05-30,Smart Meter,Installation,Smart Meter Ablesung fehlerhaft,Neutral,Telefon,Mittel,2025-05-31,139
9938,15682,2023-12-11,Wärmepumpe,Technisch,Geräuschentwicklung zu hoch,Neutral,Telefon,Mittel,2023-12-17,35
9939,15920,2024-05-12,Rechnung,Abrechnung,Abschlag zu hoch,Neutral,App,Kritisch,2024-05-14,27
9940,14785,2023-12-16,Wallbox,E-Mobility,App-Verbindung unterbrochen,Neutral,Email,Mittel,2023-12-26,142
9941,10627,2023-05-02,Rechnung,Abrechnung,Abschlag zu hoch,Neutral,Telefon,Niedrig,2023-05-16,159
9942,17207,2025-03-31,Wärmepumpe,Technisch,Fehlercode E01 angezeigt,Neutral,Telefon,Niedrig,2025-03-31,118
9943,15617,2025-01-09,Smart Meter,Installation,Smart Meter App funktioniert nicht,Negativ,Telefon,Hoch,2025-01-11,79
9944,7814,2024-02-08,Wärmepumpe,Technisch,Geräuschentwicklung zu hoch,Neutral,Telefon,Niedrig,2024-02-22,13
9945,13561,2024-12-01,Wallbox,E-Mobility,Wallbox lädt nicht,Negativ,Chat,Hoch,2024-12-07,113
9946,1695,2025-02-10,Solar,Technisch,Wechselrichter Fehler,Negativ,Email,Niedrig,2025-02-22,29
9947,1097,2024-01-17,Wärmepumpe,Technisch,Effizienz zu niedrig,Neutral,App,Kritisch,2024-01-22,174
9948,12779,2024-03-17,Tarif,Vertrag,Ökostrom Umstellung,Neutral,Chat,Mittel,2024-03-31,48
9949,19225,2023-08-17,Allgemein,Service,Lob,Positiv,Chat,Niedrig,2023-08-22,77
9950,4012,2024-10-04,Solar,Technisch,Solaranlage produziert nicht,Negativ,Email,Kritisch,2024-10-08,169
9951,1180,2025-01-29,Rechnung,Abrechnung,Rechnungsfrage,Negativ,Chat,Mittel,2025-01-29,91
9952,9140,2025-03-31,Smart Meter,Installation,Smart Meter defekt,Negativ,Email,Hoch,2025-04-04,103
9953,14122,2025-03-28,Tarif,Vertrag,Preisgarantie Frage,Neutral,Telefon,Mittel,2025-04-02,57
9954,19091,2023-04-13,Rechnung,Abrechnung,Abschlag anpassen,Neutral,Chat,Mittel,2023-04-14,60
9955,14312,2025-01-20,Wärmepumpe,Technisch,Wärmepumpe läuft nicht,Negativ,Telefon,Hoch,2025-01-20,53
9956,15724,2024-11-09,Allgemein,Service,Kontaktdaten ändern,Neutral,Email,Niedrig,2024-11-20,134
9957,12127,2024-09-03,Tarif,Vertrag,Tarifwechsel angefragt,Positiv,Chat,Kritisch,2024-09-09,61
9958,17287,2025-03-14,Rechnung,Abrechnung,Unstimmigkeit in Rechnung,Neutral,App,Mittel,2025-03-22,113
9959,147,2023-06-05,Allgemein,Service,Beschwerde,Negativ,Telefon,Hoch,2023-06-10,5
9960,1485,2024-05-06,Wallbox,E-Mobility,Wallbox Installation angefragt,Negativ,Chat,Niedrig,2024-05-14,97
9961,8765,2023-11-06,Tarif,Vertrag,Preisgarantie Frage,Negativ,Email,Mittel,2023-11-12,190
9962,13390,2023-09-09,Speicher,Technisch,Batteriespeicher Störung,Negativ,Chat,Hoch,2023-09-13,45
9963,10601,2023-09-01,Solar,Technisch,Solaranlage Ertrag niedrig,Negativ,Telefon,Mittel,2023-09-12,71
9964,6182,2024-12-19,Wallbox,E-Mobility,Ladekarte Probleme,Neutral,Chat,Mittel,2024-12-21,174
9965,10660,2023-10-08,Wallbox,E-Mobility,Ladekarte Probleme,Neutral,Chat,Mittel,2023-10-17,133
9966,13651,2024-01-07,Tarif,Vertrag,Kündigung,Positiv,App,Niedrig,2024-01-07,83
9967,13414,2023-06-10,Solar,Technisch,Solaranlage produziert nicht,Negativ,App,Kritisch,2023-06-17,200
9968,13022,2025-01-03,Smart Meter,Installation,Smart Meter App funktioniert nicht,Negativ,Chat,Mittel,2025-01-07,171
9969,18049,2023-04-21,Rechnung,Abrechnung,Gutschrift angefragt,Neutral,Chat,Mittel,2023-04-21,21
9970,8971,2023-02-12,Wärmepumpe,Technisch,Geräuschentwicklung zu hoch,Neutral,Email,Mittel,2023-02-16,86
9971,15567,2025-01-11,Tarif,Vertrag,Ökostrom Umstellung,Neutral,Chat,Mittel,2025-01-22,78
9972,11968,2023-03-29,Solar,Technisch,Einspeisevergütung Frage,Neutral,Email,Mittel,2023-04-01,182
9973,2966,2024-10-06,Allgemein,Service,Lob,Positiv,Chat,Niedrig,2024-10-15,66
9974,10312,2023-06-12,Allgemein,Service,Lob,Positiv,App,Niedrig,2023-06-16,15
9975,3832,2023-03-06,Tarif,Vertrag,Ökostrom Umstellung,Neutral,Email,Niedrig,2023-03-11,70
9976,2158,2025-01-04,Allgemein,Service,Lob,Positiv,App,Niedrig,2025-01-06,67
9977,3003,2024-09-04,Smart Meter,Installation,Smart Meter zeigt keine Daten,Neutral,Chat,Mittel,2024-09-14,131
9978,384,2025-01-04,Tarif,Vertrag,Ökostrom Umstellung,Neutral,Telefon,Niedrig,2025-01-13,94
9979,14510,2023-01-20,Wärmepumpe,Technisch,Wärmepumpe Störung,Negativ,Email,Hoch,2023-01-20,143
9980,18311,2023-12-09,Tarif,Vertrag,Tarifwechsel angefragt,Negativ,Chat,Niedrig,2023-12-15,67
9981,2399,2024-12-07,Tarif,Vertrag,Kündigung,Positiv,Telefon,Hoch,2024-12-08,83
9982,17909,2023-11-05,Rechnung,Abrechnung,Abschlag anpassen,Negativ,Chat,Mittel,2023-11-17,147
9983,8025,2023-05-14,Speicher,Technisch,Speicher lädt nicht,Negativ,Chat,Kritisch,2023-05-16,115
9984,16900,2023-02-19,Solar,Technisch,Einspeisevergütung Frage,Neutral,Chat,Mittel,2023-02-28,185
9985,17088,2025-05-04,Wärmepumpe,Technisch,Wärmepumpe läuft nicht,Negativ,Telefon,Mittel,2025-05-18,57
9986,16725,2024-05-29,Tarif,Vertrag,Umzug melden,Neutral,App,Mittel,2024-06-12,74
9987,9294,2024-10-28,Solar,Technisch,Solaranlage produziert nicht,Negativ,Telefon,Hoch,2024-11-04,28
9988,1464,2024-02-06,Wärmepumpe,Technisch,Geräuschentwicklung zu hoch,Positiv,Telefon,Mittel,2024-02-18,14
9989,16336,2023-03-05,Rechnung,Abrechnung,Gutschrift angefragt,Neutral,Chat,Mittel,2023-03-06,118
9990,8066,2023-05-31,Allgemein,Service,Informationsanfrage,Negativ,Telefon,Mittel,2023-06-06,193
9991,14056,2024-11-23,Allgemein,Service,Kontaktdaten ändern,Neutral,Email,Niedrig,2024-11-27,153
9992,1238,2023-10-12,Wärmepumpe,Technisch,Wärmepumpe läuft nicht,Negativ,Email,Hoch,2023-10-19,198
9993,4264,2024-11-27,Wärmepumpe,Technisch,Fehlercode E01 angezeigt,Negativ,Chat,Mittel,2024-12-02,196
9994,13738,2024-02-25,Speicher,Technisch,Batteriespeicher Störung,Negativ,App,Mittel,2024-03-06,118
9995,5477,2023-04-15,Tarif,Vertrag,Preisgarantie Frage,Neutral,App,Mittel,2023-04-22,20
9996,19842,2024-01-16,Wärmepumpe,Technisch,Effizienz zu niedrig,Neutral,Email,Niedrig,2024-01-19,102
9997,1160,2024-11-28,Speicher,Technisch,Kapazität gesunken,Neutral,Telefon,Niedrig,2024-12-01,160
9998,9487,2024-10-21,Wallbox,E-Mobility,Wallbox defekt,Negativ,Telefon,Kritisch,2024-10-23,89
9999,15975,2024-09-22,Smart Meter,Installation,Smart Meter defekt,Negativ,Chat,Hoch,2024-09-27,152
10000,16208,2025-06-24,Speicher,Technisch,Batteriespeicher Störung,Negativ,Telefon,Hoch,2025-06-24,11
